preprocessing,k1,b,category,rank,query,cran_id,AP@all_vector,AP@all_bm25,dAP@all,P@10_vector,P@10_bm25,n_relevant,n_terms,text
raw,0.5,0,bm25_better,1,167,253,0.1125,0.5833,+0.4708,0.10,0.20,2,21,"exact solution methods for calculating the ablative mass loss of a material ablating at high temperatures in a hypersonic flight environment"
raw,0.5,0,bm25_better,2,95,143,0.2121,0.6429,+0.4307,0.10,0.20,2,10,"what is the theoretical heat transfer distribution around a hemisphere"
raw,0.5,0,bm25_better,3,143,213,0.1268,0.5455,+0.4186,0.10,0.10,2,13,"what general solutions for the stresses in pressurized shells of revolution are available"
raw,0.5,0,bm25_better,4,150,223,0.5833,1.0000,+0.4167,0.20,0.20,2,13,"what is the magnitude of second-order wing-body interference at high supersonic mach number"
raw,0.5,0,bm25_better,5,173,264,0.6111,1.0000,+0.3889,0.20,0.20,2,14,"references on lyapunovs method on the stability of linear differential equations with periodic coefficients"
raw,0.5,0,bm25_better,6,81,126,0.1603,0.5357,+0.3755,0.10,0.10,2,13,"what are wind-tunnel corrections for a two-dimensional aerofoil mounted off-centre in a tunnel"
raw,0.5,0,bm25_better,7,223,356,0.3241,0.6667,+0.3425,0.10,0.40,4,10,"papers on shear buckling of unstiffened rectangular plates under shear"
raw,0.5,0,bm25_better,8,164,250,0.3265,0.5790,+0.2525,0.30,0.50,8,8,"what determines the onset of shock-induced boundary-layer separation"
raw,0.5,0,bm25_better,9,61,102,0.2054,0.4534,+0.2480,0.20,0.20,5,15,"does there exist a closed-form expression for the local heat transfer around a yawed cylinder"
raw,0.5,0,bm25_better,10,200,304,0.2340,0.4704,+0.2363,0.10,0.20,3,21,"are asymptotic methods sufficiently accurate in the determination of pre-buckling stresses in torispherical shells or must we resort to numerical methods"
raw,0.5,0,vector_better,1,52,87,0.8611,0.1252,-0.7359,0.40,0.10,4,19,"what is the available information pertaining to the effect of slight rarefaction on boundary layer flows the slip effect"
raw,0.5,0,vector_better,2,67,108,0.6481,0.1304,-0.5177,0.80,0.10,14,17,"can series expansions be found for the boundary layer on a flat plate in a shear flow"
raw,0.5,0,vector_better,3,17,32,0.5118,0.0405,-0.4712,0.10,0.00,2,20,"can the three-dimensional problem of a transverse potential flow about a body of revolution be reduced to a two-dimensional problem"
raw,0.5,0,vector_better,4,144,214,0.7519,0.3001,-0.4518,0.50,0.40,6,33,"can studies of pure membrane cylinders having no wall bending stiffness but maintaining their shape by virtue of internal pressure provide any insight into the behaviour of pressurized cylinders with finite wall stiffness"
raw,0.5,0,vector_better,5,77,120,0.7338,0.3204,-0.4134,0.50,0.30,6,20,"how close is the comparison of the shock layer theory with existing experiments in the low reynolds number merged-layer regime"
raw,0.5,0,vector_better,6,146,216,0.7500,0.3750,-0.3750,0.20,0.20,2,18,"does a membrane theory exist by which the behaviour of pressurized membrane cylinders in bending can be predicted"
raw,0.5,0,vector_better,7,197,300,0.7917,0.4365,-0.3552,0.30,0.20,3,10,"how is fatigue damage estimated using the normal long-hand method"
raw,0.5,0,vector_better,8,64,105,0.3750,0.0233,-0.3517,0.20,0.00,2,27,"cant the static deflection shapes be used in predicting flutter in place of vibrational shapes if so can we provide a justification by means of an example"
raw,0.5,0,vector_better,9,177,268,0.5761,0.2272,-0.3489,0.30,0.30,5,14,"what mode of stalling can be expected for each stage of an axial compressor"
raw,0.5,0,vector_better,10,155,230,0.4656,0.1206,-0.3450,0.30,0.10,6,8,"technical report on measurement of ablation during flight"
raw,0.5,0,both_poor,1,31,56,0.0007,0.0007,+0.0000,0.00,0.00,1,23,"what size of end plate can be safely used to simulate two-dimensional flow conditions over a bluff cylindrical body of finite aspect ratio"
raw,0.5,0,both_poor,2,142,212,0.0013,0.0013,-0.0000,0.00,0.00,1,14,"what dome contours minimize discontinuity stresses when used as closures on cylindrical pressure vessels"
raw,0.5,0,both_poor,3,28,53,0.0018,0.0015,-0.0003,0.00,0.00,2,10,"what application has the linear theory design of curved wings"
raw,0.5,0,both_poor,4,22,40,0.0018,0.0016,-0.0003,0.00,0.00,1,24,"did anyone else discover that the turbulent skin friction is not over sensitive to the nature of the variation of the viscosity with temperature"
raw,0.5,0,both_poor,5,44,79,0.0024,0.0021,-0.0003,0.00,0.00,3,13,"what are the details of the rigorous kinetic theory of gases chapman-enskog theory"
raw,0.5,0,both_poor,6,216,340,0.0025,0.0024,-0.0001,0.00,0.00,1,19,"what investigations have been made of the wave system created by a static pressure distribution over a liquid surface"
raw,0.5,0,both_poor,7,13,26,0.0034,0.0029,-0.0005,0.00,0.00,4,10,"what is the basic mechanism of the transonic aileron buzz"
raw,0.5,0,both_poor,8,124,182,0.0039,0.0034,-0.0005,0.00,0.00,4,38,"in what areas other than low density wind tunnel flows is viscous compressible flow in slender channels a problem what analytical investigations have been made of the stability of conical shells how do the results compare with experiment"
raw,0.5,0,both_poor,9,63,104,0.0049,0.0052,+0.0003,0.00,0.00,3,11,"where can i find pressure data on surfaces of swept cylinders"
raw,0.5,0,both_poor,10,139,209,0.0058,0.0052,-0.0006,0.00,0.00,4,23,"has the effect of the change of initial pressure due to deformation on the frequencies of vibration of circular cylindrical shells been investigated"
raw,0.5,0.75,bm25_better,1,95,143,0.2121,0.6429,+0.4307,0.10,0.20,2,10,"what is the theoretical heat transfer distribution around a hemisphere"
raw,0.5,0.75,bm25_better,2,143,213,0.1268,0.5526,+0.4258,0.10,0.10,2,13,"what general solutions for the stresses in pressurized shells of revolution are available"
raw,0.5,0.75,bm25_better,3,81,126,0.1603,0.5769,+0.4167,0.10,0.10,2,13,"what are wind-tunnel corrections for a two-dimensional aerofoil mounted off-centre in a tunnel"
raw,0.5,0.75,bm25_better,4,173,264,0.6111,1.0000,+0.3889,0.20,0.20,2,14,"references on lyapunovs method on the stability of linear differential equations with periodic coefficients"
raw,0.5,0.75,bm25_better,5,167,253,0.1125,0.4500,+0.3375,0.10,0.20,2,21,"exact solution methods for calculating the ablative mass loss of a material ablating at high temperatures in a hypersonic flight environment"
raw,0.5,0.75,bm25_better,6,136,205,0.2105,0.4833,+0.2728,0.10,0.20,3,14,"what are the results for the creep buckling of round tubes under external pressure"
raw,0.5,0.75,bm25_better,7,200,304,0.2340,0.4710,+0.2369,0.10,0.20,3,21,"are asymptotic methods sufficiently accurate in the determination of pre-buckling stresses in torispherical shells or must we resort to numerical methods"
raw,0.5,0.75,bm25_better,8,164,250,0.3265,0.5276,+0.2011,0.30,0.40,8,8,"what determines the onset of shock-induced boundary-layer separation"
raw,0.5,0.75,bm25_better,9,91,139,0.1735,0.3623,+0.1889,0.20,0.40,9,8,"what interference effects are likely at transonic speeds"
raw,0.5,0.75,bm25_better,10,84,131,0.1205,0.2966,+0.1762,0.20,0.30,11,20,"references on the methods available for accurately estimating aerodynamic heat transfer to conical bodies for both laminar and turbulent flow"
raw,0.5,0.75,vector_better,1,52,87,0.8611,0.2895,-0.5716,0.40,0.20,4,19,"what is the available information pertaining to the effect of slight rarefaction on boundary layer flows the slip effect"
raw,0.5,0.75,vector_better,2,17,32,0.5118,0.1383,-0.3734,0.10,0.10,2,20,"can the three-dimensional problem of a transverse potential flow about a body of revolution be reduced to a two-dimensional problem"
raw,0.5,0.75,vector_better,3,155,230,0.4656,0.1261,-0.3395,0.30,0.10,6,8,"technical report on measurement of ablation during flight"
raw,0.5,0.75,vector_better,4,77,120,0.7338,0.3969,-0.3369,0.50,0.40,6,20,"how close is the comparison of the shock layer theory with existing experiments in the low reynolds number merged-layer regime"
raw,0.5,0.75,vector_better,5,197,300,0.7917,0.4603,-0.3313,0.30,0.20,3,10,"how is fatigue damage estimated using the normal long-hand method"
raw,0.5,0.75,vector_better,6,67,108,0.6481,0.3209,-0.3272,0.80,0.40,14,17,"can series expansions be found for the boundary layer on a flat plate in a shear flow"
raw,0.5,0.75,vector_better,7,64,105,0.3750,0.0537,-0.3213,0.20,0.00,2,27,"cant the static deflection shapes be used in predicting flutter in place of vibrational shapes if so can we provide a justification by means of an example"
raw,0.5,0.75,vector_better,8,183,277,0.4999,0.1956,-0.3043,0.60,0.40,13,14,"what factors have been shown to have a primary influence on sonic boom strength"
raw,0.5,0.75,vector_better,9,144,214,0.7519,0.4616,-0.2903,0.50,0.50,6,33,"can studies of pure membrane cylinders having no wall bending stiffness but maintaining their shape by virtue of internal pressure provide any insight into the behaviour of pressurized cylinders with finite wall stiffness"
raw,0.5,0.75,vector_better,10,178,269,0.5095,0.2327,-0.2768,0.30,0.20,4,12,"has a criterion been established for determining the axial compressor choking line"
raw,0.5,0.75,both_poor,1,31,56,0.0007,0.0007,+0.0000,0.00,0.00,1,23,"what size of end plate can be safely used to simulate two-dimensional flow conditions over a bluff cylindrical body of finite aspect ratio"
raw,0.5,0.75,both_poor,2,142,212,0.0013,0.0014,+0.0001,0.00,0.00,1,14,"what dome contours minimize discontinuity stresses when used as closures on cylindrical pressure vessels"
raw,0.5,0.75,both_poor,3,28,53,0.0018,0.0016,-0.0002,0.00,0.00,2,10,"what application has the linear theory design of curved wings"
raw,0.5,0.75,both_poor,4,22,40,0.0018,0.0016,-0.0002,0.00,0.00,1,24,"did anyone else discover that the turbulent skin friction is not over sensitive to the nature of the variation of the viscosity with temperature"
raw,0.5,0.75,both_poor,5,216,340,0.0025,0.0021,-0.0005,0.00,0.00,1,19,"what investigations have been made of the wave system created by a static pressure distribution over a liquid surface"
raw,0.5,0.75,both_poor,6,44,79,0.0024,0.0026,+0.0001,0.00,0.00,3,13,"what are the details of the rigorous kinetic theory of gases chapman-enskog theory"
raw,0.5,0.75,both_poor,7,13,26,0.0034,0.0030,-0.0004,0.00,0.00,4,10,"what is the basic mechanism of the transonic aileron buzz"
raw,0.5,0.75,both_poor,8,124,182,0.0039,0.0036,-0.0003,0.00,0.00,4,38,"in what areas other than low density wind tunnel flows is viscous compressible flow in slender channels a problem what analytical investigations have been made of the stability of conical shells how do the results compare with experiment"
raw,0.5,0.75,both_poor,9,63,104,0.0049,0.0051,+0.0002,0.00,0.00,3,11,"where can i find pressure data on surfaces of swept cylinders"
raw,0.5,0.75,both_poor,10,139,209,0.0058,0.0051,-0.0007,0.00,0.00,4,23,"has the effect of the change of initial pressure due to deformation on the frequencies of vibration of circular cylindrical shells been investigated"
raw,0.5,1,bm25_better,1,81,126,0.1603,0.6429,+0.4826,0.10,0.20,2,13,"what are wind-tunnel corrections for a two-dimensional aerofoil mounted off-centre in a tunnel"
raw,0.5,1,bm25_better,2,95,143,0.2121,0.6667,+0.4545,0.10,0.20,2,10,"what is the theoretical heat transfer distribution around a hemisphere"
raw,0.5,1,bm25_better,3,143,213,0.1268,0.5476,+0.4208,0.10,0.10,2,13,"what general solutions for the stresses in pressurized shells of revolution are available"
raw,0.5,1,bm25_better,4,173,264,0.6111,1.0000,+0.3889,0.20,0.20,2,14,"references on lyapunovs method on the stability of linear differential equations with periodic coefficients"
raw,0.5,1,bm25_better,5,200,304,0.2340,0.4712,+0.2372,0.10,0.20,3,21,"are asymptotic methods sufficiently accurate in the determination of pre-buckling stresses in torispherical shells or must we resort to numerical methods"
raw,0.5,1,bm25_better,6,136,205,0.2105,0.4474,+0.2370,0.10,0.20,3,14,"what are the results for the creep buckling of round tubes under external pressure"
raw,0.5,1,bm25_better,7,167,253,0.1125,0.3333,+0.2208,0.10,0.20,2,21,"exact solution methods for calculating the ablative mass loss of a material ablating at high temperatures in a hypersonic flight environment"
raw,0.5,1,bm25_better,8,84,131,0.1205,0.3265,+0.2060,0.20,0.30,11,20,"references on the methods available for accurately estimating aerodynamic heat transfer to conical bodies for both laminar and turbulent flow"
raw,0.5,1,bm25_better,9,164,250,0.3265,0.5227,+0.1961,0.30,0.40,8,8,"what determines the onset of shock-induced boundary-layer separation"
raw,0.5,1,bm25_better,10,91,139,0.1735,0.3478,+0.1743,0.20,0.40,9,8,"what interference effects are likely at transonic speeds"
raw,0.5,1,vector_better,1,52,87,0.8611,0.3907,-0.4704,0.40,0.20,4,19,"what is the available information pertaining to the effect of slight rarefaction on boundary layer flows the slip effect"
raw,0.5,1,vector_better,2,155,230,0.4656,0.1266,-0.3390,0.30,0.10,6,8,"technical report on measurement of ablation during flight"
raw,0.5,1,vector_better,3,183,277,0.4999,0.1609,-0.3389,0.60,0.40,13,14,"what factors have been shown to have a primary influence on sonic boom strength"
raw,0.5,1,vector_better,4,17,32,0.5118,0.1804,-0.3314,0.10,0.10,2,20,"can the three-dimensional problem of a transverse potential flow about a body of revolution be reduced to a two-dimensional problem"
raw,0.5,1,vector_better,5,197,300,0.7917,0.4658,-0.3259,0.30,0.20,3,10,"how is fatigue damage estimated using the normal long-hand method"
raw,0.5,1,vector_better,6,64,105,0.3750,0.0713,-0.3037,0.20,0.10,2,27,"cant the static deflection shapes be used in predicting flutter in place of vibrational shapes if so can we provide a justification by means of an example"
raw,0.5,1,vector_better,7,144,214,0.7519,0.4773,-0.2746,0.50,0.50,6,33,"can studies of pure membrane cylinders having no wall bending stiffness but maintaining their shape by virtue of internal pressure provide any insight into the behaviour of pressurized cylinders with finite wall stiffness"
raw,0.5,1,vector_better,8,178,269,0.5095,0.2477,-0.2618,0.30,0.20,4,12,"has a criterion been established for determining the axial compressor choking line"
raw,0.5,1,vector_better,9,148,218,0.4343,0.1896,-0.2447,0.30,0.20,6,10,"papers on small deflection theory for buckling of sandwich cylinders"
raw,0.5,1,vector_better,10,77,120,0.7338,0.5032,-0.2306,0.50,0.40,6,20,"how close is the comparison of the shock layer theory with existing experiments in the low reynolds number merged-layer regime"
raw,0.5,1,both_poor,1,31,56,0.0007,0.0007,+0.0000,0.00,0.00,1,23,"what size of end plate can be safely used to simulate two-dimensional flow conditions over a bluff cylindrical body of finite aspect ratio"
raw,0.5,1,both_poor,2,142,212,0.0013,0.0014,+0.0001,0.00,0.00,1,14,"what dome contours minimize discontinuity stresses when used as closures on cylindrical pressure vessels"
raw,0.5,1,both_poor,3,28,53,0.0018,0.0017,-0.0001,0.00,0.00,2,10,"what application has the linear theory design of curved wings"
raw,0.5,1,both_poor,4,22,40,0.0018,0.0017,-0.0001,0.00,0.00,1,24,"did anyone else discover that the turbulent skin friction is not over sensitive to the nature of the variation of the viscosity with temperature"
raw,0.5,1,both_poor,5,216,340,0.0025,0.0020,-0.0006,0.00,0.00,1,19,"what investigations have been made of the wave system created by a static pressure distribution over a liquid surface"
raw,0.5,1,both_poor,6,44,79,0.0024,0.0027,+0.0003,0.00,0.00,3,13,"what are the details of the rigorous kinetic theory of gases chapman-enskog theory"
raw,0.5,1,both_poor,7,13,26,0.0034,0.0032,-0.0002,0.00,0.00,4,10,"what is the basic mechanism of the transonic aileron buzz"
raw,0.5,1,both_poor,8,124,182,0.0039,0.0036,-0.0003,0.00,0.00,4,38,"in what areas other than low density wind tunnel flows is viscous compressible flow in slender channels a problem what analytical investigations have been made of the stability of conical shells how do the results compare with experiment"
raw,0.5,1,both_poor,9,63,104,0.0049,0.0050,+0.0001,0.00,0.00,3,11,"where can i find pressure data on surfaces of swept cylinders"
raw,0.5,1,both_poor,10,139,209,0.0058,0.0052,-0.0007,0.00,0.00,4,23,"has the effect of the change of initial pressure due to deformation on the frequencies of vibration of circular cylindrical shells been investigated"
raw,1.2,0,bm25_better,1,143,213,0.1268,0.5588,+0.4320,0.10,0.10,2,13,"what general solutions for the stresses in pressurized shells of revolution are available"
raw,1.2,0,bm25_better,2,150,223,0.5833,1.0000,+0.4167,0.20,0.20,2,13,"what is the magnitude of second-order wing-body interference at high supersonic mach number"
raw,1.2,0,bm25_better,3,95,143,0.2121,0.5833,+0.3712,0.10,0.10,2,10,"what is the theoretical heat transfer distribution around a hemisphere"
raw,1.2,0,bm25_better,4,81,126,0.1603,0.5294,+0.3692,0.10,0.10,2,13,"what are wind-tunnel corrections for a two-dimensional aerofoil mounted off-centre in a tunnel"
raw,1.2,0,bm25_better,5,223,356,0.3241,0.6667,+0.3425,0.10,0.30,4,10,"papers on shear buckling of unstiffened rectangular plates under shear"
raw,1.2,0,bm25_better,6,167,253,0.1125,0.4500,+0.3375,0.10,0.20,2,21,"exact solution methods for calculating the ablative mass loss of a material ablating at high temperatures in a hypersonic flight environment"
raw,1.2,0,bm25_better,7,169,255,0.1868,0.5018,+0.3151,0.20,0.20,4,29,"what approximate solutions are known to the indirect problem of transonic flow in the throat of a nozzle ie finding a nozzle which has a given axial velocity distribution"
raw,1.2,0,bm25_better,8,200,304,0.2340,0.5046,+0.2706,0.10,0.20,3,21,"are asymptotic methods sufficiently accurate in the determination of pre-buckling stresses in torispherical shells or must we resort to numerical methods"
raw,1.2,0,bm25_better,9,61,102,0.2054,0.4504,+0.2450,0.20,0.20,5,15,"does there exist a closed-form expression for the local heat transfer around a yawed cylinder"
raw,1.2,0,bm25_better,10,164,250,0.3265,0.5505,+0.2239,0.30,0.50,8,8,"what determines the onset of shock-induced boundary-layer separation"
raw,1.2,0,vector_better,1,52,87,0.8611,0.1615,-0.6996,0.40,0.10,4,19,"what is the available information pertaining to the effect of slight rarefaction on boundary layer flows the slip effect"
raw,1.2,0,vector_better,2,67,108,0.6481,0.1439,-0.5042,0.80,0.10,14,17,"can series expansions be found for the boundary layer on a flat plate in a shear flow"
raw,1.2,0,vector_better,3,146,216,0.7500,0.2500,-0.5000,0.20,0.20,2,18,"does a membrane theory exist by which the behaviour of pressurized membrane cylinders in bending can be predicted"
raw,1.2,0,vector_better,4,17,32,0.5118,0.0390,-0.4728,0.10,0.00,2,20,"can the three-dimensional problem of a transverse potential flow about a body of revolution be reduced to a two-dimensional problem"
raw,1.2,0,vector_better,5,77,120,0.7338,0.3423,-0.3915,0.50,0.30,6,20,"how close is the comparison of the shock layer theory with existing experiments in the low reynolds number merged-layer regime"
raw,1.2,0,vector_better,6,64,105,0.3750,0.0240,-0.3510,0.20,0.00,2,27,"cant the static deflection shapes be used in predicting flutter in place of vibrational shapes if so can we provide a justification by means of an example"
raw,1.2,0,vector_better,7,197,300,0.7917,0.4556,-0.3361,0.30,0.20,3,10,"how is fatigue damage estimated using the normal long-hand method"
raw,1.2,0,vector_better,8,144,214,0.7519,0.4253,-0.3266,0.50,0.30,6,33,"can studies of pure membrane cylinders having no wall bending stiffness but maintaining their shape by virtue of internal pressure provide any insight into the behaviour of pressurized cylinders with finite wall stiffness"
raw,1.2,0,vector_better,9,155,230,0.4656,0.1434,-0.3222,0.30,0.10,6,8,"technical report on measurement of ablation during flight"
raw,1.2,0,vector_better,10,177,268,0.5761,0.2555,-0.3205,0.30,0.30,5,14,"what mode of stalling can be expected for each stage of an axial compressor"
raw,1.2,0,both_poor,1,31,56,0.0007,0.0007,-0.0000,0.00,0.00,1,23,"what size of end plate can be safely used to simulate two-dimensional flow conditions over a bluff cylindrical body of finite aspect ratio"
raw,1.2,0,both_poor,2,142,212,0.0013,0.0012,-0.0001,0.00,0.00,1,14,"what dome contours minimize discontinuity stresses when used as closures on cylindrical pressure vessels"
raw,1.2,0,both_poor,3,28,53,0.0018,0.0015,-0.0003,0.00,0.00,2,10,"what application has the linear theory design of curved wings"
raw,1.2,0,both_poor,4,22,40,0.0018,0.0016,-0.0002,0.00,0.00,1,24,"did anyone else discover that the turbulent skin friction is not over sensitive to the nature of the variation of the viscosity with temperature"
raw,1.2,0,both_poor,5,44,79,0.0024,0.0021,-0.0003,0.00,0.00,3,13,"what are the details of the rigorous kinetic theory of gases chapman-enskog theory"
raw,1.2,0,both_poor,6,216,340,0.0025,0.0027,+0.0002,0.00,0.00,1,19,"what investigations have been made of the wave system created by a static pressure distribution over a liquid surface"
raw,1.2,0,both_poor,7,13,26,0.0034,0.0029,-0.0005,0.00,0.00,4,10,"what is the basic mechanism of the transonic aileron buzz"
raw,1.2,0,both_poor,8,124,182,0.0039,0.0034,-0.0005,0.00,0.00,4,38,"in what areas other than low density wind tunnel flows is viscous compressible flow in slender channels a problem what analytical investigations have been made of the stability of conical shells how do the results compare with experiment"
raw,1.2,0,both_poor,9,63,104,0.0049,0.0052,+0.0003,0.00,0.00,3,11,"where can i find pressure data on surfaces of swept cylinders"
raw,1.2,0,both_poor,10,139,209,0.0058,0.0047,-0.0011,0.00,0.00,4,23,"has the effect of the change of initial pressure due to deformation on the frequencies of vibration of circular cylindrical shells been investigated"
raw,1.2,0.75,bm25_better,1,81,126,0.1603,0.6111,+0.4509,0.10,0.20,2,13,"what are wind-tunnel corrections for a two-dimensional aerofoil mounted off-centre in a tunnel"
raw,1.2,0.75,bm25_better,2,143,213,0.1268,0.5667,+0.4399,0.10,0.10,2,13,"what general solutions for the stresses in pressurized shells of revolution are available"
raw,1.2,0.75,bm25_better,3,173,264,0.6111,1.0000,+0.3889,0.20,0.20,2,14,"references on lyapunovs method on the stability of linear differential equations with periodic coefficients"
raw,1.2,0.75,bm25_better,4,95,143,0.2121,0.5909,+0.3788,0.10,0.10,2,10,"what is the theoretical heat transfer distribution around a hemisphere"
raw,1.2,0.75,bm25_better,5,84,131,0.1205,0.3733,+0.2528,0.20,0.40,11,20,"references on the methods available for accurately estimating aerodynamic heat transfer to conical bodies for both laminar and turbulent flow"
raw,1.2,0.75,bm25_better,6,200,304,0.2340,0.4733,+0.2393,0.10,0.20,3,21,"are asymptotic methods sufficiently accurate in the determination of pre-buckling stresses in torispherical shells or must we resort to numerical methods"
raw,1.2,0.75,bm25_better,7,154,227,0.3929,0.6250,+0.2321,0.20,0.20,2,13,"which iterative method for solving linear elliptic difference equations is most rapidly convergent"
raw,1.2,0.75,bm25_better,8,167,253,0.1125,0.3333,+0.2208,0.10,0.20,2,21,"exact solution methods for calculating the ablative mass loss of a material ablating at high temperatures in a hypersonic flight environment"
raw,1.2,0.75,bm25_better,9,136,205,0.2105,0.4185,+0.2080,0.10,0.20,3,14,"what are the results for the creep buckling of round tubes under external pressure"
raw,1.2,0.75,bm25_better,10,206,321,0.1960,0.3913,+0.1952,0.20,0.20,3,23,"how do subsonic and transonic flutter data measured in the new langley transonic dynamics tunnel compare with similar data obtained in other facilities"
raw,1.2,0.75,vector_better,1,52,87,0.8611,0.4223,-0.4388,0.40,0.20,4,19,"what is the available information pertaining to the effect of slight rarefaction on boundary layer flows the slip effect"
raw,1.2,0.75,vector_better,2,17,32,0.5118,0.1823,-0.3295,0.10,0.10,2,20,"can the three-dimensional problem of a transverse potential flow about a body of revolution be reduced to a two-dimensional problem"
raw,1.2,0.75,vector_better,3,197,300,0.7917,0.4889,-0.3028,0.30,0.30,3,10,"how is fatigue damage estimated using the normal long-hand method"
raw,1.2,0.75,vector_better,4,64,105,0.3750,0.0861,-0.2889,0.20,0.10,2,27,"cant the static deflection shapes be used in predicting flutter in place of vibrational shapes if so can we provide a justification by means of an example"
raw,1.2,0.75,vector_better,5,183,277,0.4999,0.2550,-0.2449,0.60,0.40,13,14,"what factors have been shown to have a primary influence on sonic boom strength"
raw,1.2,0.75,vector_better,6,148,218,0.4343,0.1970,-0.2373,0.30,0.20,6,10,"papers on small deflection theory for buckling of sandwich cylinders"
raw,1.2,0.75,vector_better,7,24,49,0.5023,0.2808,-0.2214,0.20,0.20,3,14,"what are the factors which influence the time required to invert large structural matrices"
raw,1.2,0.75,vector_better,8,155,230,0.4656,0.2459,-0.2196,0.30,0.20,6,8,"technical report on measurement of ablation during flight"
raw,1.2,0.75,vector_better,9,177,268,0.5761,0.3705,-0.2056,0.30,0.30,5,14,"what mode of stalling can be expected for each stage of an axial compressor"
raw,1.2,0.75,vector_better,10,190,293,0.5582,0.3664,-0.1917,0.30,0.20,5,29,"will an analysis of panel flutter based on arbitrarily assumed modes of deformation prove satisfactory and if so what is the minimum number of modes that need be considered"
raw,1.2,0.75,both_poor,1,31,56,0.0007,0.0007,+0.0000,0.00,0.00,1,23,"what size of end plate can be safely used to simulate two-dimensional flow conditions over a bluff cylindrical body of finite aspect ratio"
raw,1.2,0.75,both_poor,2,142,212,0.0013,0.0014,+0.0001,0.00,0.00,1,14,"what dome contours minimize discontinuity stresses when used as closures on cylindrical pressure vessels"
raw,1.2,0.75,both_poor,3,28,53,0.0018,0.0016,-0.0001,0.00,0.00,2,10,"what application has the linear theory design of curved wings"
raw,1.2,0.75,both_poor,4,22,40,0.0018,0.0018,-0.0001,0.00,0.00,1,24,"did anyone else discover that the turbulent skin friction is not over sensitive to the nature of the variation of the viscosity with temperature"
raw,1.2,0.75,both_poor,5,216,340,0.0025,0.0021,-0.0004,0.00,0.00,1,19,"what investigations have been made of the wave system created by a static pressure distribution over a liquid surface"
raw,1.2,0.75,both_poor,6,44,79,0.0024,0.0026,+0.0001,0.00,0.00,3,13,"what are the details of the rigorous kinetic theory of gases chapman-enskog theory"
raw,1.2,0.75,both_poor,7,13,26,0.0034,0.0030,-0.0004,0.00,0.00,4,10,"what is the basic mechanism of the transonic aileron buzz"
raw,1.2,0.75,both_poor,8,124,182,0.0039,0.0038,-0.0001,0.00,0.00,4,38,"in what areas other than low density wind tunnel flows is viscous compressible flow in slender channels a problem what analytical investigations have been made of the stability of conical shells how do the results compare with experiment"
raw,1.2,0.75,both_poor,9,63,104,0.0049,0.0049,-0.0000,0.00,0.00,3,11,"where can i find pressure data on surfaces of swept cylinders"
raw,1.2,0.75,both_poor,10,139,209,0.0058,0.0048,-0.0010,0.00,0.00,4,23,"has the effect of the change of initial pressure due to deformation on the frequencies of vibration of circular cylindrical shells been investigated"
raw,1.2,1,bm25_better,1,143,213,0.1268,0.5588,+0.4320,0.10,0.10,2,13,"what general solutions for the stresses in pressurized shells of revolution are available"
raw,1.2,1,bm25_better,2,95,143,0.2121,0.5909,+0.3788,0.10,0.10,2,10,"what is the theoretical heat transfer distribution around a hemisphere"
raw,1.2,1,bm25_better,3,81,126,0.1603,0.4167,+0.2564,0.10,0.20,2,13,"what are wind-tunnel corrections for a two-dimensional aerofoil mounted off-centre in a tunnel"
raw,1.2,1,bm25_better,4,181,274,0.1287,0.3610,+0.2323,0.10,0.20,5,7,"jet interference with supersonic flows theoretical papers"
raw,1.2,1,bm25_better,5,154,227,0.3929,0.6250,+0.2321,0.20,0.20,2,13,"which iterative method for solving linear elliptic difference equations is most rapidly convergent"
raw,1.2,1,bm25_better,6,173,264,0.6111,0.8333,+0.2222,0.20,0.20,2,14,"references on lyapunovs method on the stability of linear differential equations with periodic coefficients"
raw,1.2,1,bm25_better,7,84,131,0.1205,0.3411,+0.2206,0.20,0.40,11,20,"references on the methods available for accurately estimating aerodynamic heat transfer to conical bodies for both laminar and turbulent flow"
raw,1.2,1,bm25_better,8,43,74,0.4517,0.6537,+0.2021,0.40,0.40,6,17,"can the transonic flow around an arbitrary smooth thin airfoil be analysed in a simple approximate way"
raw,1.2,1,bm25_better,9,206,321,0.1960,0.3915,+0.1954,0.20,0.20,3,23,"how do subsonic and transonic flutter data measured in the new langley transonic dynamics tunnel compare with similar data obtained in other facilities"
raw,1.2,1,bm25_better,10,136,205,0.2105,0.4014,+0.1909,0.10,0.10,3,14,"what are the results for the creep buckling of round tubes under external pressure"
raw,1.2,1,vector_better,1,197,300,0.7917,0.4889,-0.3028,0.30,0.30,3,10,"how is fatigue damage estimated using the normal long-hand method"
raw,1.2,1,vector_better,2,52,87,0.8611,0.5667,-0.2944,0.40,0.30,4,19,"what is the available information pertaining to the effect of slight rarefaction on boundary layer flows the slip effect"
raw,1.2,1,vector_better,3,183,277,0.4999,0.2166,-0.2833,0.60,0.40,13,14,"what factors have been shown to have a primary influence on sonic boom strength"
raw,1.2,1,vector_better,4,82,128,0.5810,0.2988,-0.2822,0.30,0.30,5,23,"how do kuchemanns and multhopps methods for calculating lift distributions on swept wings in subsonic flow compare with each other and with experiment"
raw,1.2,1,vector_better,5,64,105,0.3750,0.1006,-0.2744,0.20,0.10,2,27,"cant the static deflection shapes be used in predicting flutter in place of vibrational shapes if so can we provide a justification by means of an example"
raw,1.2,1,vector_better,6,17,32,0.5118,0.2656,-0.2461,0.10,0.10,2,20,"can the three-dimensional problem of a transverse potential flow about a body of revolution be reduced to a two-dimensional problem"
raw,1.2,1,vector_better,7,155,230,0.4656,0.2464,-0.2192,0.30,0.20,6,8,"technical report on measurement of ablation during flight"
raw,1.2,1,vector_better,8,148,218,0.4343,0.2227,-0.2117,0.30,0.20,6,10,"papers on small deflection theory for buckling of sandwich cylinders"
raw,1.2,1,vector_better,9,99,148,0.2507,0.0676,-0.1831,0.20,0.00,4,28,"given that an uncontrolled vehicle will tumble as it enters an atmosphere is it possible to predict when and how it will stop tumbling and its subsequent motion"
raw,1.2,1,vector_better,10,177,268,0.5761,0.4000,-0.1761,0.30,0.40,5,14,"what mode of stalling can be expected for each stage of an axial compressor"
raw,1.2,1,both_poor,1,31,56,0.0007,0.0007,+0.0000,0.00,0.00,1,23,"what size of end plate can be safely used to simulate two-dimensional flow conditions over a bluff cylindrical body of finite aspect ratio"
raw,1.2,1,both_poor,2,142,212,0.0013,0.0015,+0.0002,0.00,0.00,1,14,"what dome contours minimize discontinuity stresses when used as closures on cylindrical pressure vessels"
raw,1.2,1,both_poor,3,28,53,0.0018,0.0017,-0.0001,0.00,0.00,2,10,"what application has the linear theory design of curved wings"
raw,1.2,1,both_poor,4,22,40,0.0018,0.0019,+0.0000,0.00,0.00,1,24,"did anyone else discover that the turbulent skin friction is not over sensitive to the nature of the variation of the viscosity with temperature"
raw,1.2,1,both_poor,5,216,340,0.0025,0.0020,-0.0005,0.00,0.00,1,19,"what investigations have been made of the wave system created by a static pressure distribution over a liquid surface"
raw,1.2,1,both_poor,6,44,79,0.0024,0.0027,+0.0003,0.00,0.00,3,13,"what are the details of the rigorous kinetic theory of gases chapman-enskog theory"
raw,1.2,1,both_poor,7,13,26,0.0034,0.0032,-0.0002,0.00,0.00,4,10,"what is the basic mechanism of the transonic aileron buzz"
raw,1.2,1,both_poor,8,124,182,0.0039,0.0039,-0.0000,0.00,0.00,4,38,"in what areas other than low density wind tunnel flows is viscous compressible flow in slender channels a problem what analytical investigations have been made of the stability of conical shells how do the results compare with experiment"
raw,1.2,1,both_poor,9,63,104,0.0049,0.0047,-0.0002,0.00,0.00,3,11,"where can i find pressure data on surfaces of swept cylinders"
raw,1.2,1,both_poor,10,139,209,0.0058,0.0050,-0.0008,0.00,0.00,4,23,"has the effect of the change of initial pressure due to deformation on the frequencies of vibration of circular cylindrical shells been investigated"
raw,2,0,bm25_better,1,143,213,0.1268,0.5667,+0.4399,0.10,0.10,2,13,"what general solutions for the stresses in pressurized shells of revolution are available"
raw,2,0,bm25_better,2,150,223,0.5833,1.0000,+0.4167,0.20,0.20,2,13,"what is the magnitude of second-order wing-body interference at high supersonic mach number"
raw,2,0,bm25_better,3,81,126,0.1603,0.5213,+0.3610,0.10,0.10,2,13,"what are wind-tunnel corrections for a two-dimensional aerofoil mounted off-centre in a tunnel"
raw,2,0,bm25_better,4,95,143,0.2121,0.5556,+0.3434,0.10,0.10,2,10,"what is the theoretical heat transfer distribution around a hemisphere"
raw,2,0,bm25_better,5,223,356,0.3241,0.6603,+0.3361,0.10,0.30,4,10,"papers on shear buckling of unstiffened rectangular plates under shear"
raw,2,0,bm25_better,6,200,304,0.2340,0.5603,+0.3263,0.10,0.20,3,21,"are asymptotic methods sufficiently accurate in the determination of pre-buckling stresses in torispherical shells or must we resort to numerical methods"
raw,2,0,bm25_better,7,169,255,0.1868,0.5019,+0.3152,0.20,0.20,4,29,"what approximate solutions are known to the indirect problem of transonic flow in the throat of a nozzle ie finding a nozzle which has a given axial velocity distribution"
raw,2,0,bm25_better,8,224,360,0.1217,0.4094,+0.2877,0.10,0.30,8,25,"in practice how close to reality are the assumptions that the flow in a hypersonic shock tube using nitrogen is non-viscous and in thermodynamic equilibrium"
raw,2,0,bm25_better,9,154,227,0.3929,0.6667,+0.2738,0.20,0.20,2,13,"which iterative method for solving linear elliptic difference equations is most rapidly convergent"
raw,2,0,bm25_better,10,61,102,0.2054,0.4444,+0.2390,0.20,0.20,5,15,"does there exist a closed-form expression for the local heat transfer around a yawed cylinder"
raw,2,0,vector_better,1,52,87,0.8611,0.1526,-0.7085,0.40,0.10,4,19,"what is the available information pertaining to the effect of slight rarefaction on boundary layer flows the slip effect"
raw,2,0,vector_better,2,67,108,0.6481,0.1428,-0.5053,0.80,0.10,14,17,"can series expansions be found for the boundary layer on a flat plate in a shear flow"
raw,2,0,vector_better,3,146,216,0.7500,0.2500,-0.5000,0.20,0.20,2,18,"does a membrane theory exist by which the behaviour of pressurized membrane cylinders in bending can be predicted"
raw,2,0,vector_better,4,17,32,0.5118,0.0409,-0.4708,0.10,0.00,2,20,"can the three-dimensional problem of a transverse potential flow about a body of revolution be reduced to a two-dimensional problem"
raw,2,0,vector_better,5,190,293,0.5582,0.1399,-0.4182,0.30,0.20,5,29,"will an analysis of panel flutter based on arbitrarily assumed modes of deformation prove satisfactory and if so what is the minimum number of modes that need be considered"
raw,2,0,vector_better,6,64,105,0.3750,0.0247,-0.3503,0.20,0.00,2,27,"cant the static deflection shapes be used in predicting flutter in place of vibrational shapes if so can we provide a justification by means of an example"
raw,2,0,vector_better,7,144,214,0.7519,0.4020,-0.3500,0.50,0.30,6,33,"can studies of pure membrane cylinders having no wall bending stiffness but maintaining their shape by virtue of internal pressure provide any insight into the behaviour of pressurized cylinders with finite wall stiffness"
raw,2,0,vector_better,8,24,49,0.5023,0.1884,-0.3139,0.20,0.20,3,14,"what are the factors which influence the time required to invert large structural matrices"
raw,2,0,vector_better,9,77,120,0.7338,0.4237,-0.3101,0.50,0.30,6,20,"how close is the comparison of the shock layer theory with existing experiments in the low reynolds number merged-layer regime"
raw,2,0,vector_better,10,155,230,0.4656,0.1562,-0.3094,0.30,0.10,6,8,"technical report on measurement of ablation during flight"
raw,2,0,both_poor,1,31,56,0.0007,0.0007,-0.0000,0.00,0.00,1,23,"what size of end plate can be safely used to simulate two-dimensional flow conditions over a bluff cylindrical body of finite aspect ratio"
raw,2,0,both_poor,2,142,212,0.0013,0.0012,-0.0001,0.00,0.00,1,14,"what dome contours minimize discontinuity stresses when used as closures on cylindrical pressure vessels"
raw,2,0,both_poor,3,28,53,0.0018,0.0015,-0.0003,0.00,0.00,2,10,"what application has the linear theory design of curved wings"
raw,2,0,both_poor,4,22,40,0.0018,0.0016,-0.0002,0.00,0.00,1,24,"did anyone else discover that the turbulent skin friction is not over sensitive to the nature of the variation of the viscosity with temperature"
raw,2,0,both_poor,5,44,79,0.0024,0.0021,-0.0003,0.00,0.00,3,13,"what are the details of the rigorous kinetic theory of gases chapman-enskog theory"
raw,2,0,both_poor,6,216,340,0.0025,0.0029,+0.0004,0.00,0.00,1,19,"what investigations have been made of the wave system created by a static pressure distribution over a liquid surface"
raw,2,0,both_poor,7,13,26,0.0034,0.0029,-0.0005,0.00,0.00,4,10,"what is the basic mechanism of the transonic aileron buzz"
raw,2,0,both_poor,8,124,182,0.0039,0.0034,-0.0004,0.00,0.00,4,38,"in what areas other than low density wind tunnel flows is viscous compressible flow in slender channels a problem what analytical investigations have been made of the stability of conical shells how do the results compare with experiment"
raw,2,0,both_poor,9,63,104,0.0049,0.0052,+0.0003,0.00,0.00,3,11,"where can i find pressure data on surfaces of swept cylinders"
raw,2,0,both_poor,10,139,209,0.0058,0.0045,-0.0014,0.00,0.00,4,23,"has the effect of the change of initial pressure due to deformation on the frequencies of vibration of circular cylindrical shells been investigated"
raw,2,0.75,bm25_better,1,143,213,0.1268,0.5769,+0.4501,0.10,0.10,2,13,"what general solutions for the stresses in pressurized shells of revolution are available"
raw,2,0.75,bm25_better,2,95,143,0.2121,0.5667,+0.3545,0.10,0.10,2,10,"what is the theoretical heat transfer distribution around a hemisphere"
raw,2,0.75,bm25_better,3,89,137,0.3021,0.5827,+0.2807,0.20,0.30,6,20,"how is the flow at transonic speeds about a delta wing different from that on a closely-related tapered sweptback wing"
raw,2,0.75,bm25_better,4,84,131,0.1205,0.3797,+0.2592,0.20,0.40,11,20,"references on the methods available for accurately estimating aerodynamic heat transfer to conical bodies for both laminar and turbulent flow"
raw,2,0.75,bm25_better,5,200,304,0.2340,0.4754,+0.2414,0.10,0.20,3,21,"are asymptotic methods sufficiently accurate in the determination of pre-buckling stresses in torispherical shells or must we resort to numerical methods"
raw,2,0.75,bm25_better,6,154,227,0.3929,0.6250,+0.2321,0.20,0.20,2,13,"which iterative method for solving linear elliptic difference equations is most rapidly convergent"
raw,2,0.75,bm25_better,7,173,264,0.6111,0.8333,+0.2222,0.20,0.20,2,14,"references on lyapunovs method on the stability of linear differential equations with periodic coefficients"
raw,2,0.75,bm25_better,8,76,119,0.1823,0.3930,+0.2107,0.20,0.30,7,23,"how far can one trust the linear viscosity-temperature solution assumed in some of the analyses of hypersonic shock layer at low reynolds number"
raw,2,0.75,bm25_better,9,181,274,0.1287,0.3305,+0.2018,0.10,0.20,5,7,"jet interference with supersonic flows theoretical papers"
raw,2,0.75,bm25_better,10,81,126,0.1603,0.3500,+0.1897,0.10,0.20,2,13,"what are wind-tunnel corrections for a two-dimensional aerofoil mounted off-centre in a tunnel"
raw,2,0.75,vector_better,1,52,87,0.8611,0.4623,-0.3988,0.40,0.30,4,19,"what is the available information pertaining to the effect of slight rarefaction on boundary layer flows the slip effect"
raw,2,0.75,vector_better,2,146,216,0.7500,0.4500,-0.3000,0.20,0.20,2,18,"does a membrane theory exist by which the behaviour of pressurized membrane cylinders in bending can be predicted"
raw,2,0.75,vector_better,3,82,128,0.5810,0.3006,-0.2804,0.30,0.30,5,23,"how do kuchemanns and multhopps methods for calculating lift distributions on swept wings in subsonic flow compare with each other and with experiment"
raw,2,0.75,vector_better,4,64,105,0.3750,0.1071,-0.2679,0.20,0.10,2,27,"cant the static deflection shapes be used in predicting flutter in place of vibrational shapes if so can we provide a justification by means of an example"
raw,2,0.75,vector_better,5,17,32,0.5118,0.2669,-0.2448,0.10,0.10,2,20,"can the three-dimensional problem of a transverse potential flow about a body of revolution be reduced to a two-dimensional problem"
raw,2,0.75,vector_better,6,24,49,0.5023,0.2808,-0.2215,0.20,0.20,3,14,"what are the factors which influence the time required to invert large structural matrices"
raw,2,0.75,vector_better,7,148,218,0.4343,0.2281,-0.2063,0.30,0.20,6,10,"papers on small deflection theory for buckling of sandwich cylinders"
raw,2,0.75,vector_better,8,183,277,0.4999,0.3037,-0.1962,0.60,0.40,13,14,"what factors have been shown to have a primary influence on sonic boom strength"
raw,2,0.75,vector_better,9,155,230,0.4656,0.2714,-0.1942,0.30,0.20,6,8,"technical report on measurement of ablation during flight"
raw,2,0.75,vector_better,10,177,268,0.5761,0.3933,-0.1827,0.30,0.30,5,14,"what mode of stalling can be expected for each stage of an axial compressor"
raw,2,0.75,both_poor,1,31,56,0.0007,0.0007,-0.0000,0.00,0.00,1,23,"what size of end plate can be safely used to simulate two-dimensional flow conditions over a bluff cylindrical body of finite aspect ratio"
raw,2,0.75,both_poor,2,142,212,0.0013,0.0014,+0.0001,0.00,0.00,1,14,"what dome contours minimize discontinuity stresses when used as closures on cylindrical pressure vessels"
raw,2,0.75,both_poor,3,28,53,0.0018,0.0017,-0.0001,0.00,0.00,2,10,"what application has the linear theory design of curved wings"
raw,2,0.75,both_poor,4,22,40,0.0018,0.0019,+0.0000,0.00,0.00,1,24,"did anyone else discover that the turbulent skin friction is not over sensitive to the nature of the variation of the viscosity with temperature"
raw,2,0.75,both_poor,5,216,340,0.0025,0.0022,-0.0003,0.00,0.00,1,19,"what investigations have been made of the wave system created by a static pressure distribution over a liquid surface"
raw,2,0.75,both_poor,6,44,79,0.0024,0.0026,+0.0001,0.00,0.00,3,13,"what are the details of the rigorous kinetic theory of gases chapman-enskog theory"
raw,2,0.75,both_poor,7,13,26,0.0034,0.0030,-0.0004,0.00,0.00,4,10,"what is the basic mechanism of the transonic aileron buzz"
raw,2,0.75,both_poor,8,124,182,0.0039,0.0040,+0.0002,0.00,0.00,4,38,"in what areas other than low density wind tunnel flows is viscous compressible flow in slender channels a problem what analytical investigations have been made of the stability of conical shells how do the results compare with experiment"
raw,2,0.75,both_poor,9,63,104,0.0049,0.0049,-0.0000,0.00,0.00,3,11,"where can i find pressure data on surfaces of swept cylinders"
raw,2,0.75,both_poor,10,139,209,0.0058,0.0047,-0.0012,0.00,0.00,4,23,"has the effect of the change of initial pressure due to deformation on the frequencies of vibration of circular cylindrical shells been investigated"
raw,2,1,bm25_better,1,143,213,0.1268,0.5667,+0.4399,0.10,0.10,2,13,"what general solutions for the stresses in pressurized shells of revolution are available"
raw,2,1,bm25_better,2,165,251,0.2576,0.6429,+0.3853,0.10,0.20,2,15,"are the stable profiles of a compressible boundary layer induced by a moving wave known"
raw,2,1,bm25_better,3,95,143,0.2121,0.5625,+0.3504,0.10,0.10,2,10,"what is the theoretical heat transfer distribution around a hemisphere"
raw,2,1,bm25_better,4,181,274,0.1287,0.3626,+0.2339,0.10,0.20,5,7,"jet interference with supersonic flows theoretical papers"
raw,2,1,bm25_better,5,154,227,0.3929,0.6250,+0.2321,0.20,0.20,2,13,"which iterative method for solving linear elliptic difference equations is most rapidly convergent"
raw,2,1,bm25_better,6,43,74,0.4517,0.6742,+0.2225,0.40,0.40,6,17,"can the transonic flow around an arbitrary smooth thin airfoil be analysed in a simple approximate way"
raw,2,1,bm25_better,7,173,264,0.6111,0.8333,+0.2222,0.20,0.20,2,14,"references on lyapunovs method on the stability of linear differential equations with periodic coefficients"
raw,2,1,bm25_better,8,84,131,0.1205,0.2950,+0.1745,0.20,0.40,11,20,"references on the methods available for accurately estimating aerodynamic heat transfer to conical bodies for both laminar and turbulent flow"
raw,2,1,bm25_better,9,136,205,0.2105,0.3840,+0.1736,0.10,0.10,3,14,"what are the results for the creep buckling of round tubes under external pressure"
raw,2,1,bm25_better,10,81,126,0.1603,0.3333,+0.1731,0.10,0.20,2,13,"what are wind-tunnel corrections for a two-dimensional aerofoil mounted off-centre in a tunnel"
raw,2,1,vector_better,1,82,128,0.5810,0.3111,-0.2700,0.30,0.30,5,23,"how do kuchemanns and multhopps methods for calculating lift distributions on swept wings in subsonic flow compare with each other and with experiment"
raw,2,1,vector_better,2,64,105,0.3750,0.1218,-0.2532,0.20,0.10,2,27,"cant the static deflection shapes be used in predicting flutter in place of vibrational shapes if so can we provide a justification by means of an example"
raw,2,1,vector_better,3,183,277,0.4999,0.2480,-0.2519,0.60,0.30,13,14,"what factors have been shown to have a primary influence on sonic boom strength"
raw,2,1,vector_better,4,52,87,0.8611,0.6381,-0.2230,0.40,0.30,4,19,"what is the available information pertaining to the effect of slight rarefaction on boundary layer flows the slip effect"
raw,2,1,vector_better,5,148,218,0.4343,0.2257,-0.2086,0.30,0.20,6,10,"papers on small deflection theory for buckling of sandwich cylinders"
raw,2,1,vector_better,6,99,148,0.2507,0.0657,-0.1851,0.20,0.00,4,28,"given that an uncontrolled vehicle will tumble as it enters an atmosphere is it possible to predict when and how it will stop tumbling and its subsequent motion"
raw,2,1,vector_better,7,155,230,0.4656,0.2829,-0.1827,0.30,0.20,6,8,"technical report on measurement of ablation during flight"
raw,2,1,vector_better,8,177,268,0.5761,0.4143,-0.1617,0.30,0.40,5,14,"what mode of stalling can be expected for each stage of an axial compressor"
raw,2,1,vector_better,9,197,300,0.7917,0.6667,-0.1250,0.30,0.30,3,10,"how is fatigue damage estimated using the normal long-hand method"
raw,2,1,vector_better,10,92,140,0.5573,0.4391,-0.1182,0.60,0.40,13,35,"given complete freedom in the design of an airplane what procedure would be used in order to minimize sonic boom intensity and is there a limit to the degree of minimizing that can be accomplished"
raw,2,1,both_poor,1,31,56,0.0007,0.0007,+0.0000,0.00,0.00,1,23,"what size of end plate can be safely used to simulate two-dimensional flow conditions over a bluff cylindrical body of finite aspect ratio"
raw,2,1,both_poor,2,142,212,0.0013,0.0016,+0.0003,0.00,0.00,1,14,"what dome contours minimize discontinuity stresses when used as closures on cylindrical pressure vessels"
raw,2,1,both_poor,3,28,53,0.0018,0.0018,-0.0000,0.00,0.00,2,10,"what application has the linear theory design of curved wings"
raw,2,1,both_poor,4,22,40,0.0018,0.0020,+0.0001,0.00,0.00,1,24,"did anyone else discover that the turbulent skin friction is not over sensitive to the nature of the variation of the viscosity with temperature"
raw,2,1,both_poor,5,216,340,0.0025,0.0020,-0.0005,0.00,0.00,1,19,"what investigations have been made of the wave system created by a static pressure distribution over a liquid surface"
raw,2,1,both_poor,6,44,79,0.0024,0.0027,+0.0003,0.00,0.00,3,13,"what are the details of the rigorous kinetic theory of gases chapman-enskog theory"
raw,2,1,both_poor,7,13,26,0.0034,0.0032,-0.0002,0.00,0.00,4,10,"what is the basic mechanism of the transonic aileron buzz"
raw,2,1,both_poor,8,124,182,0.0039,0.0041,+0.0002,0.00,0.00,4,38,"in what areas other than low density wind tunnel flows is viscous compressible flow in slender channels a problem what analytical investigations have been made of the stability of conical shells how do the results compare with experiment"
raw,2,1,both_poor,9,63,104,0.0049,0.0047,-0.0002,0.00,0.00,3,11,"where can i find pressure data on surfaces of swept cylinders"
raw,2,1,both_poor,10,139,209,0.0058,0.0049,-0.0009,0.00,0.00,4,23,"has the effect of the change of initial pressure due to deformation on the frequencies of vibration of circular cylindrical shells been investigated"
stopwords,0.5,0,bm25_better,1,173,264,0.3611,0.8333,+0.4722,0.20,0.20,2,14,"references on lyapunovs method on the stability of linear differential equations with periodic coefficients"
stopwords,0.5,0,bm25_better,2,150,223,0.5833,1.0000,+0.4167,0.20,0.20,2,13,"what is the magnitude of second-order wing-body interference at high supersonic mach number"
stopwords,0.5,0,bm25_better,3,143,213,0.1268,0.5400,+0.4132,0.10,0.10,2,13,"what general solutions for the stresses in pressurized shells of revolution are available"
stopwords,0.5,0,bm25_better,4,95,143,0.2121,0.6250,+0.4129,0.10,0.20,2,10,"what is the theoretical heat transfer distribution around a hemisphere"
stopwords,0.5,0,bm25_better,5,167,253,0.1101,0.5000,+0.3899,0.10,0.20,2,21,"exact solution methods for calculating the ablative mass loss of a material ablating at high temperatures in a hypersonic flight environment"
stopwords,0.5,0,bm25_better,6,81,126,0.1603,0.5357,+0.3755,0.10,0.10,2,13,"what are wind-tunnel corrections for a two-dimensional aerofoil mounted off-centre in a tunnel"
stopwords,0.5,0,bm25_better,7,223,356,0.3255,0.6528,+0.3272,0.10,0.40,4,10,"papers on shear buckling of unstiffened rectangular plates under shear"
stopwords,0.5,0,bm25_better,8,61,102,0.2092,0.4628,+0.2537,0.20,0.20,5,15,"does there exist a closed-form expression for the local heat transfer around a yawed cylinder"
stopwords,0.5,0,bm25_better,9,164,250,0.3272,0.5771,+0.2499,0.30,0.50,8,8,"what determines the onset of shock-induced boundary-layer separation"
stopwords,0.5,0,bm25_better,10,169,255,0.1867,0.4185,+0.2318,0.20,0.20,4,29,"what approximate solutions are known to the indirect problem of transonic flow in the throat of a nozzle ie finding a nozzle which has a given axial velocity distribution"
stopwords,0.5,0,vector_better,1,52,87,0.8611,0.1433,-0.7178,0.40,0.10,4,19,"what is the available information pertaining to the effect of slight rarefaction on boundary layer flows the slip effect"
stopwords,0.5,0,vector_better,2,67,108,0.6480,0.1839,-0.4640,0.80,0.10,14,17,"can series expansions be found for the boundary layer on a flat plate in a shear flow"
stopwords,0.5,0,vector_better,3,17,32,0.5115,0.0520,-0.4595,0.10,0.00,2,20,"can the three-dimensional problem of a transverse potential flow about a body of revolution be reduced to a two-dimensional problem"
stopwords,0.5,0,vector_better,4,77,120,0.7338,0.3502,-0.3836,0.50,0.30,6,20,"how close is the comparison of the shock layer theory with existing experiments in the low reynolds number merged-layer regime"
stopwords,0.5,0,vector_better,5,146,216,0.7500,0.3750,-0.3750,0.20,0.20,2,18,"does a membrane theory exist by which the behaviour of pressurized membrane cylinders in bending can be predicted"
stopwords,0.5,0,vector_better,6,197,300,0.7917,0.4365,-0.3552,0.30,0.20,3,10,"how is fatigue damage estimated using the normal long-hand method"
stopwords,0.5,0,vector_better,7,64,105,0.3929,0.0437,-0.3491,0.20,0.00,2,27,"cant the static deflection shapes be used in predicting flutter in place of vibrational shapes if so can we provide a justification by means of an example"
stopwords,0.5,0,vector_better,8,155,230,0.4611,0.1187,-0.3424,0.30,0.10,6,8,"technical report on measurement of ablation during flight"
stopwords,0.5,0,vector_better,9,144,214,0.7583,0.4245,-0.3339,0.50,0.40,6,33,"can studies of pure membrane cylinders having no wall bending stiffness but maintaining their shape by virtue of internal pressure provide any insight into the behaviour of pressurized cylinders with finite wall stiffness"
stopwords,0.5,0,vector_better,10,183,277,0.4992,0.1678,-0.3314,0.60,0.20,13,14,"what factors have been shown to have a primary influence on sonic boom strength"
stopwords,0.5,0,both_poor,1,13,26,0.0000,0.0000,+0.0000,0.00,0.00,4,10,"what is the basic mechanism of the transonic aileron buzz"
stopwords,0.5,0,both_poor,2,44,79,0.0000,0.0000,+0.0000,0.00,0.00,3,13,"what are the details of the rigorous kinetic theory of gases chapman-enskog theory"
stopwords,0.5,0,both_poor,3,22,40,0.0000,0.0000,+0.0000,0.00,0.00,1,24,"did anyone else discover that the turbulent skin friction is not over sensitive to the nature of the variation of the viscosity with temperature"
stopwords,0.5,0,both_poor,4,31,56,0.0000,0.0000,+0.0000,0.00,0.00,1,23,"what size of end plate can be safely used to simulate two-dimensional flow conditions over a bluff cylindrical body of finite aspect ratio"
stopwords,0.5,0,both_poor,5,28,53,0.0008,0.0007,-0.0002,0.00,0.00,2,10,"what application has the linear theory design of curved wings"
stopwords,0.5,0,both_poor,6,142,212,0.0014,0.0013,-0.0001,0.00,0.00,1,14,"what dome contours minimize discontinuity stresses when used as closures on cylindrical pressure vessels"
stopwords,0.5,0,both_poor,7,216,340,0.0026,0.0022,-0.0003,0.00,0.00,1,19,"what investigations have been made of the wave system created by a static pressure distribution over a liquid surface"
stopwords,0.5,0,both_poor,8,124,182,0.0039,0.0034,-0.0005,0.00,0.00,4,38,"in what areas other than low density wind tunnel flows is viscous compressible flow in slender channels a problem what analytical investigations have been made of the stability of conical shells how do the results compare with experiment"
stopwords,0.5,0,both_poor,9,63,104,0.0049,0.0049,+0.0001,0.00,0.00,3,11,"where can i find pressure data on surfaces of swept cylinders"
stopwords,0.5,0,both_poor,10,207,323,0.0053,0.0050,-0.0003,0.00,0.00,5,12,"how do large changes in new mass ratio quantitatively affect wing-flutter boundaries"
stopwords,0.5,0.75,bm25_better,1,173,264,0.3611,0.8333,+0.4722,0.20,0.20,2,14,"references on lyapunovs method on the stability of linear differential equations with periodic coefficients"
stopwords,0.5,0.75,bm25_better,2,95,143,0.2121,0.6429,+0.4307,0.10,0.20,2,10,"what is the theoretical heat transfer distribution around a hemisphere"
stopwords,0.5,0.75,bm25_better,3,143,213,0.1268,0.5476,+0.4208,0.10,0.10,2,13,"what general solutions for the stresses in pressurized shells of revolution are available"
stopwords,0.5,0.75,bm25_better,4,81,126,0.1603,0.5667,+0.4064,0.10,0.10,2,13,"what are wind-tunnel corrections for a two-dimensional aerofoil mounted off-centre in a tunnel"
stopwords,0.5,0.75,bm25_better,5,167,253,0.1101,0.3667,+0.2565,0.10,0.20,2,21,"exact solution methods for calculating the ablative mass loss of a material ablating at high temperatures in a hypersonic flight environment"
stopwords,0.5,0.75,bm25_better,6,136,205,0.2105,0.4644,+0.2540,0.10,0.20,3,14,"what are the results for the creep buckling of round tubes under external pressure"
stopwords,0.5,0.75,bm25_better,7,164,250,0.3272,0.5275,+0.2003,0.30,0.40,8,8,"what determines the onset of shock-induced boundary-layer separation"
stopwords,0.5,0.75,bm25_better,8,91,139,0.1678,0.3525,+0.1847,0.20,0.40,9,8,"what interference effects are likely at transonic speeds"
stopwords,0.5,0.75,bm25_better,9,154,227,0.3929,0.5714,+0.1786,0.20,0.10,2,13,"which iterative method for solving linear elliptic difference equations is most rapidly convergent"
stopwords,0.5,0.75,bm25_better,10,15,29,0.8333,1.0000,+0.1667,0.20,0.20,2,5,"material properties of photoelastic materials"
stopwords,0.5,0.75,vector_better,1,52,87,0.8611,0.2829,-0.5782,0.40,0.20,4,19,"what is the available information pertaining to the effect of slight rarefaction on boundary layer flows the slip effect"
stopwords,0.5,0.75,vector_better,2,155,230,0.4611,0.1219,-0.3392,0.30,0.10,6,8,"technical report on measurement of ablation during flight"
stopwords,0.5,0.75,vector_better,3,17,32,0.5115,0.1779,-0.3336,0.10,0.10,2,20,"can the three-dimensional problem of a transverse potential flow about a body of revolution be reduced to a two-dimensional problem"
stopwords,0.5,0.75,vector_better,4,197,300,0.7917,0.4603,-0.3313,0.30,0.20,3,10,"how is fatigue damage estimated using the normal long-hand method"
stopwords,0.5,0.75,vector_better,5,183,277,0.4992,0.1710,-0.3282,0.60,0.40,13,14,"what factors have been shown to have a primary influence on sonic boom strength"
stopwords,0.5,0.75,vector_better,6,64,105,0.3929,0.1123,-0.2805,0.20,0.10,2,27,"cant the static deflection shapes be used in predicting flutter in place of vibrational shapes if so can we provide a justification by means of an example"
stopwords,0.5,0.75,vector_better,7,178,269,0.5095,0.2399,-0.2696,0.30,0.20,4,12,"has a criterion been established for determining the axial compressor choking line"
stopwords,0.5,0.75,vector_better,8,60,101,0.5395,0.2868,-0.2527,0.30,0.30,5,22,"is there any simple but practical method for numerical integration of the mixing problem ie the blasius problem with three-point boundary conditions"
stopwords,0.5,0.75,vector_better,9,77,120,0.7338,0.4824,-0.2514,0.50,0.40,6,20,"how close is the comparison of the shock layer theory with existing experiments in the low reynolds number merged-layer regime"
stopwords,0.5,0.75,vector_better,10,145,215,0.5072,0.2651,-0.2422,0.40,0.30,7,18,"what are the best experimental data and classical small deflection theory analyses available for pressurized cylinders in bending"
stopwords,0.5,0.75,both_poor,1,13,26,0.0000,0.0000,+0.0000,0.00,0.00,4,10,"what is the basic mechanism of the transonic aileron buzz"
stopwords,0.5,0.75,both_poor,2,44,79,0.0000,0.0000,+0.0000,0.00,0.00,3,13,"what are the details of the rigorous kinetic theory of gases chapman-enskog theory"
stopwords,0.5,0.75,both_poor,3,22,40,0.0000,0.0000,+0.0000,0.00,0.00,1,24,"did anyone else discover that the turbulent skin friction is not over sensitive to the nature of the variation of the viscosity with temperature"
stopwords,0.5,0.75,both_poor,4,31,56,0.0000,0.0000,+0.0000,0.00,0.00,1,23,"what size of end plate can be safely used to simulate two-dimensional flow conditions over a bluff cylindrical body of finite aspect ratio"
stopwords,0.5,0.75,both_poor,5,28,53,0.0008,0.0008,-0.0001,0.00,0.00,2,10,"what application has the linear theory design of curved wings"
stopwords,0.5,0.75,both_poor,6,142,212,0.0014,0.0014,+0.0000,0.00,0.00,1,14,"what dome contours minimize discontinuity stresses when used as closures on cylindrical pressure vessels"
stopwords,0.5,0.75,both_poor,7,216,340,0.0026,0.0021,-0.0005,0.00,0.00,1,19,"what investigations have been made of the wave system created by a static pressure distribution over a liquid surface"
stopwords,0.5,0.75,both_poor,8,124,182,0.0039,0.0036,-0.0003,0.00,0.00,4,38,"in what areas other than low density wind tunnel flows is viscous compressible flow in slender channels a problem what analytical investigations have been made of the stability of conical shells how do the results compare with experiment"
stopwords,0.5,0.75,both_poor,9,63,104,0.0049,0.0047,-0.0002,0.00,0.00,3,11,"where can i find pressure data on surfaces of swept cylinders"
stopwords,0.5,0.75,both_poor,10,207,323,0.0053,0.0053,-0.0000,0.00,0.00,5,12,"how do large changes in new mass ratio quantitatively affect wing-flutter boundaries"
stopwords,0.5,1,bm25_better,1,173,264,0.3611,0.8333,+0.4722,0.20,0.20,2,14,"references on lyapunovs method on the stability of linear differential equations with periodic coefficients"
stopwords,0.5,1,bm25_better,2,95,143,0.2121,0.6667,+0.4545,0.10,0.20,2,10,"what is the theoretical heat transfer distribution around a hemisphere"
stopwords,0.5,1,bm25_better,3,143,213,0.1268,0.5435,+0.4167,0.10,0.10,2,13,"what general solutions for the stresses in pressurized shells of revolution are available"
stopwords,0.5,1,bm25_better,4,136,205,0.2105,0.4494,+0.2389,0.10,0.20,3,14,"what are the results for the creep buckling of round tubes under external pressure"
stopwords,0.5,1,bm25_better,5,167,253,0.1101,0.3333,+0.2232,0.10,0.20,2,21,"exact solution methods for calculating the ablative mass loss of a material ablating at high temperatures in a hypersonic flight environment"
stopwords,0.5,1,bm25_better,6,84,131,0.1175,0.3290,+0.2114,0.20,0.30,11,20,"references on the methods available for accurately estimating aerodynamic heat transfer to conical bodies for both laminar and turbulent flow"
stopwords,0.5,1,bm25_better,7,81,126,0.1603,0.3611,+0.2009,0.10,0.20,2,13,"what are wind-tunnel corrections for a two-dimensional aerofoil mounted off-centre in a tunnel"
stopwords,0.5,1,bm25_better,8,164,250,0.3272,0.5226,+0.1955,0.30,0.40,8,8,"what determines the onset of shock-induced boundary-layer separation"
stopwords,0.5,1,bm25_better,9,206,321,0.1960,0.3914,+0.1954,0.20,0.20,3,23,"how do subsonic and transonic flutter data measured in the new langley transonic dynamics tunnel compare with similar data obtained in other facilities"
stopwords,0.5,1,bm25_better,10,154,227,0.3929,0.5714,+0.1786,0.20,0.10,2,13,"which iterative method for solving linear elliptic difference equations is most rapidly convergent"
stopwords,0.5,1,vector_better,1,52,87,0.8611,0.3837,-0.4774,0.40,0.20,4,19,"what is the available information pertaining to the effect of slight rarefaction on boundary layer flows the slip effect"
stopwords,0.5,1,vector_better,2,155,230,0.4611,0.1235,-0.3376,0.30,0.10,6,8,"technical report on measurement of ablation during flight"
stopwords,0.5,1,vector_better,3,183,277,0.4992,0.1714,-0.3278,0.60,0.40,13,14,"what factors have been shown to have a primary influence on sonic boom strength"
stopwords,0.5,1,vector_better,4,197,300,0.7917,0.4658,-0.3259,0.30,0.20,3,10,"how is fatigue damage estimated using the normal long-hand method"
stopwords,0.5,1,vector_better,5,64,105,0.3929,0.0968,-0.2960,0.20,0.10,2,27,"cant the static deflection shapes be used in predicting flutter in place of vibrational shapes if so can we provide a justification by means of an example"
stopwords,0.5,1,vector_better,6,60,101,0.5395,0.2506,-0.2889,0.30,0.30,5,22,"is there any simple but practical method for numerical integration of the mixing problem ie the blasius problem with three-point boundary conditions"
stopwords,0.5,1,vector_better,7,17,32,0.5115,0.2611,-0.2504,0.10,0.10,2,20,"can the three-dimensional problem of a transverse potential flow about a body of revolution be reduced to a two-dimensional problem"
stopwords,0.5,1,vector_better,8,148,218,0.4294,0.1896,-0.2399,0.30,0.20,6,10,"papers on small deflection theory for buckling of sandwich cylinders"
stopwords,0.5,1,vector_better,9,178,269,0.5095,0.2726,-0.2369,0.30,0.30,4,12,"has a criterion been established for determining the axial compressor choking line"
stopwords,0.5,1,vector_better,10,77,120,0.7338,0.5071,-0.2267,0.50,0.40,6,20,"how close is the comparison of the shock layer theory with existing experiments in the low reynolds number merged-layer regime"
stopwords,0.5,1,both_poor,1,13,26,0.0000,0.0000,+0.0000,0.00,0.00,4,10,"what is the basic mechanism of the transonic aileron buzz"
stopwords,0.5,1,both_poor,2,44,79,0.0000,0.0000,+0.0000,0.00,0.00,3,13,"what are the details of the rigorous kinetic theory of gases chapman-enskog theory"
stopwords,0.5,1,both_poor,3,22,40,0.0000,0.0000,+0.0000,0.00,0.00,1,24,"did anyone else discover that the turbulent skin friction is not over sensitive to the nature of the variation of the viscosity with temperature"
stopwords,0.5,1,both_poor,4,31,56,0.0000,0.0000,+0.0000,0.00,0.00,1,23,"what size of end plate can be safely used to simulate two-dimensional flow conditions over a bluff cylindrical body of finite aspect ratio"
stopwords,0.5,1,both_poor,5,28,53,0.0008,0.0008,+0.0000,0.00,0.00,2,10,"what application has the linear theory design of curved wings"
stopwords,0.5,1,both_poor,6,142,212,0.0014,0.0015,+0.0001,0.00,0.00,1,14,"what dome contours minimize discontinuity stresses when used as closures on cylindrical pressure vessels"
stopwords,0.5,1,both_poor,7,216,340,0.0026,0.0020,-0.0005,0.00,0.00,1,19,"what investigations have been made of the wave system created by a static pressure distribution over a liquid surface"
stopwords,0.5,1,both_poor,8,124,182,0.0039,0.0036,-0.0003,0.00,0.00,4,38,"in what areas other than low density wind tunnel flows is viscous compressible flow in slender channels a problem what analytical investigations have been made of the stability of conical shells how do the results compare with experiment"
stopwords,0.5,1,both_poor,9,63,104,0.0049,0.0047,-0.0002,0.00,0.00,3,11,"where can i find pressure data on surfaces of swept cylinders"
stopwords,0.5,1,both_poor,10,207,323,0.0053,0.0053,+0.0000,0.00,0.00,5,12,"how do large changes in new mass ratio quantitatively affect wing-flutter boundaries"
stopwords,1.2,0,bm25_better,1,173,264,0.3611,0.8333,+0.4722,0.20,0.20,2,14,"references on lyapunovs method on the stability of linear differential equations with periodic coefficients"
stopwords,1.2,0,bm25_better,2,143,213,0.1268,0.5588,+0.4320,0.10,0.10,2,13,"what general solutions for the stresses in pressurized shells of revolution are available"
stopwords,1.2,0,bm25_better,3,150,223,0.5833,1.0000,+0.4167,0.20,0.20,2,13,"what is the magnitude of second-order wing-body interference at high supersonic mach number"
stopwords,1.2,0,bm25_better,4,95,143,0.2121,0.5833,+0.3712,0.10,0.10,2,10,"what is the theoretical heat transfer distribution around a hemisphere"
stopwords,1.2,0,bm25_better,5,81,126,0.1603,0.5312,+0.3710,0.10,0.10,2,13,"what are wind-tunnel corrections for a two-dimensional aerofoil mounted off-centre in a tunnel"
stopwords,1.2,0,bm25_better,6,223,356,0.3255,0.6667,+0.3411,0.10,0.30,4,10,"papers on shear buckling of unstiffened rectangular plates under shear"
stopwords,1.2,0,bm25_better,7,169,255,0.1867,0.5020,+0.3152,0.20,0.20,4,29,"what approximate solutions are known to the indirect problem of transonic flow in the throat of a nozzle ie finding a nozzle which has a given axial velocity distribution"
stopwords,1.2,0,bm25_better,8,167,253,0.1101,0.4167,+0.3065,0.10,0.20,2,21,"exact solution methods for calculating the ablative mass loss of a material ablating at high temperatures in a hypersonic flight environment"
stopwords,1.2,0,bm25_better,9,61,102,0.2092,0.4573,+0.2481,0.20,0.20,5,15,"does there exist a closed-form expression for the local heat transfer around a yawed cylinder"
stopwords,1.2,0,bm25_better,10,164,250,0.3272,0.5483,+0.2211,0.30,0.50,8,8,"what determines the onset of shock-induced boundary-layer separation"
stopwords,1.2,0,vector_better,1,52,87,0.8611,0.1772,-0.6840,0.40,0.10,4,19,"what is the available information pertaining to the effect of slight rarefaction on boundary layer flows the slip effect"
stopwords,1.2,0,vector_better,2,17,32,0.5115,0.0473,-0.4642,0.10,0.00,2,20,"can the three-dimensional problem of a transverse potential flow about a body of revolution be reduced to a two-dimensional problem"
stopwords,1.2,0,vector_better,3,67,108,0.6480,0.1928,-0.4552,0.80,0.20,14,17,"can series expansions be found for the boundary layer on a flat plate in a shear flow"
stopwords,1.2,0,vector_better,4,146,216,0.7500,0.3095,-0.4405,0.20,0.20,2,18,"does a membrane theory exist by which the behaviour of pressurized membrane cylinders in bending can be predicted"
stopwords,1.2,0,vector_better,5,77,120,0.7338,0.3444,-0.3895,0.50,0.30,6,20,"how close is the comparison of the shock layer theory with existing experiments in the low reynolds number merged-layer regime"
stopwords,1.2,0,vector_better,6,64,105,0.3929,0.0490,-0.3439,0.20,0.00,2,27,"cant the static deflection shapes be used in predicting flutter in place of vibrational shapes if so can we provide a justification by means of an example"
stopwords,1.2,0,vector_better,7,197,300,0.7917,0.4603,-0.3313,0.30,0.20,3,10,"how is fatigue damage estimated using the normal long-hand method"
stopwords,1.2,0,vector_better,8,144,214,0.7583,0.4277,-0.3306,0.50,0.40,6,33,"can studies of pure membrane cylinders having no wall bending stiffness but maintaining their shape by virtue of internal pressure provide any insight into the behaviour of pressurized cylinders with finite wall stiffness"
stopwords,1.2,0,vector_better,9,155,230,0.4611,0.1417,-0.3194,0.30,0.10,6,8,"technical report on measurement of ablation during flight"
stopwords,1.2,0,vector_better,10,24,49,0.5022,0.1979,-0.3043,0.20,0.20,3,14,"what are the factors which influence the time required to invert large structural matrices"
stopwords,1.2,0,both_poor,1,13,26,0.0000,0.0000,+0.0000,0.00,0.00,4,10,"what is the basic mechanism of the transonic aileron buzz"
stopwords,1.2,0,both_poor,2,44,79,0.0000,0.0000,+0.0000,0.00,0.00,3,13,"what are the details of the rigorous kinetic theory of gases chapman-enskog theory"
stopwords,1.2,0,both_poor,3,22,40,0.0000,0.0000,+0.0000,0.00,0.00,1,24,"did anyone else discover that the turbulent skin friction is not over sensitive to the nature of the variation of the viscosity with temperature"
stopwords,1.2,0,both_poor,4,31,56,0.0000,0.0000,+0.0000,0.00,0.00,1,23,"what size of end plate can be safely used to simulate two-dimensional flow conditions over a bluff cylindrical body of finite aspect ratio"
stopwords,1.2,0,both_poor,5,28,53,0.0008,0.0007,-0.0002,0.00,0.00,2,10,"what application has the linear theory design of curved wings"
stopwords,1.2,0,both_poor,6,142,212,0.0014,0.0013,-0.0001,0.00,0.00,1,14,"what dome contours minimize discontinuity stresses when used as closures on cylindrical pressure vessels"
stopwords,1.2,0,both_poor,7,216,340,0.0026,0.0026,+0.0000,0.00,0.00,1,19,"what investigations have been made of the wave system created by a static pressure distribution over a liquid surface"
stopwords,1.2,0,both_poor,8,124,182,0.0039,0.0035,-0.0004,0.00,0.00,4,38,"in what areas other than low density wind tunnel flows is viscous compressible flow in slender channels a problem what analytical investigations have been made of the stability of conical shells how do the results compare with experiment"
stopwords,1.2,0,both_poor,9,63,104,0.0049,0.0050,+0.0001,0.00,0.00,3,11,"where can i find pressure data on surfaces of swept cylinders"
stopwords,1.2,0,both_poor,10,207,323,0.0053,0.0057,+0.0004,0.00,0.00,5,12,"how do large changes in new mass ratio quantitatively affect wing-flutter boundaries"
stopwords,1.2,0.75,bm25_better,1,173,264,0.3611,0.8333,+0.4722,0.20,0.20,2,14,"references on lyapunovs method on the stability of linear differential equations with periodic coefficients"
stopwords,1.2,0.75,bm25_better,2,143,213,0.1268,0.5625,+0.4357,0.10,0.10,2,13,"what general solutions for the stresses in pressurized shells of revolution are available"
stopwords,1.2,0.75,bm25_better,3,95,143,0.2121,0.5909,+0.3788,0.10,0.10,2,10,"what is the theoretical heat transfer distribution around a hemisphere"
stopwords,1.2,0.75,bm25_better,4,76,119,0.1793,0.4494,+0.2701,0.20,0.30,7,23,"how far can one trust the linear viscosity-temperature solution assumed in some of the analyses of hypersonic shock layer at low reynolds number"
stopwords,1.2,0.75,bm25_better,5,84,131,0.1175,0.3770,+0.2594,0.20,0.40,11,20,"references on the methods available for accurately estimating aerodynamic heat transfer to conical bodies for both laminar and turbulent flow"
stopwords,1.2,0.75,bm25_better,6,181,274,0.1293,0.3644,+0.2350,0.10,0.20,5,7,"jet interference with supersonic flows theoretical papers"
stopwords,1.2,0.75,bm25_better,7,154,227,0.3929,0.6250,+0.2321,0.20,0.20,2,13,"which iterative method for solving linear elliptic difference equations is most rapidly convergent"
stopwords,1.2,0.75,bm25_better,8,167,253,0.1101,0.3333,+0.2232,0.10,0.20,2,21,"exact solution methods for calculating the ablative mass loss of a material ablating at high temperatures in a hypersonic flight environment"
stopwords,1.2,0.75,bm25_better,9,200,304,0.2341,0.4527,+0.2186,0.10,0.20,3,21,"are asymptotic methods sufficiently accurate in the determination of pre-buckling stresses in torispherical shells or must we resort to numerical methods"
stopwords,1.2,0.75,bm25_better,10,206,321,0.1960,0.3914,+0.1954,0.20,0.20,3,23,"how do subsonic and transonic flutter data measured in the new langley transonic dynamics tunnel compare with similar data obtained in other facilities"
stopwords,1.2,0.75,vector_better,1,52,87,0.8611,0.4222,-0.4389,0.40,0.30,4,19,"what is the available information pertaining to the effect of slight rarefaction on boundary layer flows the slip effect"
stopwords,1.2,0.75,vector_better,2,197,300,0.7917,0.4889,-0.3028,0.30,0.30,3,10,"how is fatigue damage estimated using the normal long-hand method"
stopwords,1.2,0.75,vector_better,3,64,105,0.3929,0.1294,-0.2634,0.20,0.10,2,27,"cant the static deflection shapes be used in predicting flutter in place of vibrational shapes if so can we provide a justification by means of an example"
stopwords,1.2,0.75,vector_better,4,17,32,0.5115,0.2628,-0.2487,0.10,0.10,2,20,"can the three-dimensional problem of a transverse potential flow about a body of revolution be reduced to a two-dimensional problem"
stopwords,1.2,0.75,vector_better,5,183,277,0.4992,0.2559,-0.2433,0.60,0.40,13,14,"what factors have been shown to have a primary influence on sonic boom strength"
stopwords,1.2,0.75,vector_better,6,148,218,0.4294,0.1972,-0.2323,0.30,0.20,6,10,"papers on small deflection theory for buckling of sandwich cylinders"
stopwords,1.2,0.75,vector_better,7,155,230,0.4611,0.2443,-0.2168,0.30,0.20,6,8,"technical report on measurement of ablation during flight"
stopwords,1.2,0.75,vector_better,8,177,268,0.5761,0.3850,-0.1910,0.30,0.30,5,14,"what mode of stalling can be expected for each stage of an axial compressor"
stopwords,1.2,0.75,vector_better,9,144,214,0.7583,0.5797,-0.1787,0.50,0.50,6,33,"can studies of pure membrane cylinders having no wall bending stiffness but maintaining their shape by virtue of internal pressure provide any insight into the behaviour of pressurized cylinders with finite wall stiffness"
stopwords,1.2,0.75,vector_better,10,77,120,0.7338,0.5758,-0.1581,0.50,0.40,6,20,"how close is the comparison of the shock layer theory with existing experiments in the low reynolds number merged-layer regime"
stopwords,1.2,0.75,both_poor,1,13,26,0.0000,0.0000,+0.0000,0.00,0.00,4,10,"what is the basic mechanism of the transonic aileron buzz"
stopwords,1.2,0.75,both_poor,2,44,79,0.0000,0.0000,+0.0000,0.00,0.00,3,13,"what are the details of the rigorous kinetic theory of gases chapman-enskog theory"
stopwords,1.2,0.75,both_poor,3,22,40,0.0000,0.0000,+0.0000,0.00,0.00,1,24,"did anyone else discover that the turbulent skin friction is not over sensitive to the nature of the variation of the viscosity with temperature"
stopwords,1.2,0.75,both_poor,4,31,56,0.0000,0.0000,+0.0000,0.00,0.00,1,23,"what size of end plate can be safely used to simulate two-dimensional flow conditions over a bluff cylindrical body of finite aspect ratio"
stopwords,1.2,0.75,both_poor,5,28,53,0.0008,0.0008,-0.0000,0.00,0.00,2,10,"what application has the linear theory design of curved wings"
stopwords,1.2,0.75,both_poor,6,142,212,0.0014,0.0014,+0.0001,0.00,0.00,1,14,"what dome contours minimize discontinuity stresses when used as closures on cylindrical pressure vessels"
stopwords,1.2,0.75,both_poor,7,216,340,0.0026,0.0022,-0.0003,0.00,0.00,1,19,"what investigations have been made of the wave system created by a static pressure distribution over a liquid surface"
stopwords,1.2,0.75,both_poor,8,124,182,0.0039,0.0038,-0.0001,0.00,0.00,4,38,"in what areas other than low density wind tunnel flows is viscous compressible flow in slender channels a problem what analytical investigations have been made of the stability of conical shells how do the results compare with experiment"
stopwords,1.2,0.75,both_poor,9,63,104,0.0049,0.0046,-0.0002,0.00,0.00,3,11,"where can i find pressure data on surfaces of swept cylinders"
stopwords,1.2,0.75,both_poor,10,139,209,0.0058,0.0047,-0.0011,0.00,0.00,4,23,"has the effect of the change of initial pressure due to deformation on the frequencies of vibration of circular cylindrical shells been investigated"
stopwords,1.2,1,bm25_better,1,173,264,0.3611,0.8333,+0.4722,0.20,0.20,2,14,"references on lyapunovs method on the stability of linear differential equations with periodic coefficients"
stopwords,1.2,1,bm25_better,2,143,213,0.1268,0.5667,+0.4399,0.10,0.10,2,13,"what general solutions for the stresses in pressurized shells of revolution are available"
stopwords,1.2,1,bm25_better,3,95,143,0.2121,0.5909,+0.3788,0.10,0.10,2,10,"what is the theoretical heat transfer distribution around a hemisphere"
stopwords,1.2,1,bm25_better,4,181,274,0.1293,0.3647,+0.2354,0.10,0.20,5,7,"jet interference with supersonic flows theoretical papers"
stopwords,1.2,1,bm25_better,5,154,227,0.3929,0.6250,+0.2321,0.20,0.20,2,13,"which iterative method for solving linear elliptic difference equations is most rapidly convergent"
stopwords,1.2,1,bm25_better,6,84,131,0.1175,0.3455,+0.2280,0.20,0.40,11,20,"references on the methods available for accurately estimating aerodynamic heat transfer to conical bodies for both laminar and turbulent flow"
stopwords,1.2,1,bm25_better,7,206,321,0.1960,0.3916,+0.1955,0.20,0.20,3,23,"how do subsonic and transonic flutter data measured in the new langley transonic dynamics tunnel compare with similar data obtained in other facilities"
stopwords,1.2,1,bm25_better,8,76,119,0.1793,0.3720,+0.1927,0.20,0.30,7,23,"how far can one trust the linear viscosity-temperature solution assumed in some of the analyses of hypersonic shock layer at low reynolds number"
stopwords,1.2,1,bm25_better,9,136,205,0.2105,0.4032,+0.1927,0.10,0.10,3,14,"what are the results for the creep buckling of round tubes under external pressure"
stopwords,1.2,1,bm25_better,10,167,253,0.1101,0.2917,+0.1815,0.10,0.20,2,21,"exact solution methods for calculating the ablative mass loss of a material ablating at high temperatures in a hypersonic flight environment"
stopwords,1.2,1,vector_better,1,52,87,0.8611,0.4292,-0.4319,0.40,0.30,4,19,"what is the available information pertaining to the effect of slight rarefaction on boundary layer flows the slip effect"
stopwords,1.2,1,vector_better,2,197,300,0.7917,0.5000,-0.2917,0.30,0.30,3,10,"how is fatigue damage estimated using the normal long-hand method"
stopwords,1.2,1,vector_better,3,183,277,0.4992,0.2328,-0.2664,0.60,0.40,13,14,"what factors have been shown to have a primary influence on sonic boom strength"
stopwords,1.2,1,vector_better,4,64,105,0.3929,0.1294,-0.2634,0.20,0.10,2,27,"cant the static deflection shapes be used in predicting flutter in place of vibrational shapes if so can we provide a justification by means of an example"
stopwords,1.2,1,vector_better,5,17,32,0.5115,0.2618,-0.2497,0.10,0.10,2,20,"can the three-dimensional problem of a transverse potential flow about a body of revolution be reduced to a two-dimensional problem"
stopwords,1.2,1,vector_better,6,60,101,0.5395,0.3090,-0.2305,0.30,0.30,5,22,"is there any simple but practical method for numerical integration of the mixing problem ie the blasius problem with three-point boundary conditions"
stopwords,1.2,1,vector_better,7,155,230,0.4611,0.2443,-0.2168,0.30,0.20,6,8,"technical report on measurement of ablation during flight"
stopwords,1.2,1,vector_better,8,148,218,0.4294,0.2246,-0.2049,0.30,0.20,6,10,"papers on small deflection theory for buckling of sandwich cylinders"
stopwords,1.2,1,vector_better,9,177,268,0.5761,0.4055,-0.1706,0.30,0.40,5,14,"what mode of stalling can be expected for each stage of an axial compressor"
stopwords,1.2,1,vector_better,10,144,214,0.7583,0.5989,-0.1595,0.50,0.50,6,33,"can studies of pure membrane cylinders having no wall bending stiffness but maintaining their shape by virtue of internal pressure provide any insight into the behaviour of pressurized cylinders with finite wall stiffness"
stopwords,1.2,1,both_poor,1,13,26,0.0000,0.0000,+0.0000,0.00,0.00,4,10,"what is the basic mechanism of the transonic aileron buzz"
stopwords,1.2,1,both_poor,2,44,79,0.0000,0.0000,+0.0000,0.00,0.00,3,13,"what are the details of the rigorous kinetic theory of gases chapman-enskog theory"
stopwords,1.2,1,both_poor,3,22,40,0.0000,0.0000,+0.0000,0.00,0.00,1,24,"did anyone else discover that the turbulent skin friction is not over sensitive to the nature of the variation of the viscosity with temperature"
stopwords,1.2,1,both_poor,4,31,56,0.0000,0.0000,+0.0000,0.00,0.00,1,23,"what size of end plate can be safely used to simulate two-dimensional flow conditions over a bluff cylindrical body of finite aspect ratio"
stopwords,1.2,1,both_poor,5,28,53,0.0008,0.0009,+0.0000,0.00,0.00,2,10,"what application has the linear theory design of curved wings"
stopwords,1.2,1,both_poor,6,142,212,0.0014,0.0015,+0.0001,0.00,0.00,1,14,"what dome contours minimize discontinuity stresses when used as closures on cylindrical pressure vessels"
stopwords,1.2,1,both_poor,7,216,340,0.0026,0.0022,-0.0004,0.00,0.00,1,19,"what investigations have been made of the wave system created by a static pressure distribution over a liquid surface"
stopwords,1.2,1,both_poor,8,124,182,0.0039,0.0039,-0.0000,0.00,0.00,4,38,"in what areas other than low density wind tunnel flows is viscous compressible flow in slender channels a problem what analytical investigations have been made of the stability of conical shells how do the results compare with experiment"
stopwords,1.2,1,both_poor,9,63,104,0.0049,0.0045,-0.0003,0.00,0.00,3,11,"where can i find pressure data on surfaces of swept cylinders"
stopwords,1.2,1,both_poor,10,139,209,0.0058,0.0050,-0.0009,0.00,0.00,4,23,"has the effect of the change of initial pressure due to deformation on the frequencies of vibration of circular cylindrical shells been investigated"
stopwords,2,0,bm25_better,1,143,213,0.1268,0.5625,+0.4357,0.10,0.10,2,13,"what general solutions for the stresses in pressurized shells of revolution are available"
stopwords,2,0,bm25_better,2,150,223,0.5833,1.0000,+0.4167,0.20,0.20,2,13,"what is the magnitude of second-order wing-body interference at high supersonic mach number"
stopwords,2,0,bm25_better,3,173,264,0.3611,0.7500,+0.3889,0.20,0.20,2,14,"references on lyapunovs method on the stability of linear differential equations with periodic coefficients"
stopwords,2,0,bm25_better,4,81,126,0.1603,0.5263,+0.3661,0.10,0.10,2,13,"what are wind-tunnel corrections for a two-dimensional aerofoil mounted off-centre in a tunnel"
stopwords,2,0,bm25_better,5,95,143,0.2121,0.5588,+0.3467,0.10,0.10,2,10,"what is the theoretical heat transfer distribution around a hemisphere"
stopwords,2,0,bm25_better,6,223,356,0.3255,0.6548,+0.3292,0.10,0.30,4,10,"papers on shear buckling of unstiffened rectangular plates under shear"
stopwords,2,0,bm25_better,7,169,255,0.1867,0.5021,+0.3153,0.20,0.20,4,29,"what approximate solutions are known to the indirect problem of transonic flow in the throat of a nozzle ie finding a nozzle which has a given axial velocity distribution"
stopwords,2,0,bm25_better,8,154,227,0.3929,0.6667,+0.2738,0.20,0.20,2,13,"which iterative method for solving linear elliptic difference equations is most rapidly convergent"
stopwords,2,0,bm25_better,9,200,304,0.2341,0.4731,+0.2389,0.10,0.20,3,21,"are asymptotic methods sufficiently accurate in the determination of pre-buckling stresses in torispherical shells or must we resort to numerical methods"
stopwords,2,0,bm25_better,10,61,102,0.2092,0.4457,+0.2365,0.20,0.20,5,15,"does there exist a closed-form expression for the local heat transfer around a yawed cylinder"
stopwords,2,0,vector_better,1,52,87,0.8611,0.1706,-0.6906,0.40,0.10,4,19,"what is the available information pertaining to the effect of slight rarefaction on boundary layer flows the slip effect"
stopwords,2,0,vector_better,2,146,216,0.7500,0.2500,-0.5000,0.20,0.20,2,18,"does a membrane theory exist by which the behaviour of pressurized membrane cylinders in bending can be predicted"
stopwords,2,0,vector_better,3,17,32,0.5115,0.0429,-0.4686,0.10,0.00,2,20,"can the three-dimensional problem of a transverse potential flow about a body of revolution be reduced to a two-dimensional problem"
stopwords,2,0,vector_better,4,67,108,0.6480,0.1857,-0.4623,0.80,0.20,14,17,"can series expansions be found for the boundary layer on a flat plate in a shear flow"
stopwords,2,0,vector_better,5,64,105,0.3929,0.0537,-0.3391,0.20,0.00,2,27,"cant the static deflection shapes be used in predicting flutter in place of vibrational shapes if so can we provide a justification by means of an example"
stopwords,2,0,vector_better,6,190,293,0.5732,0.2376,-0.3356,0.30,0.20,5,29,"will an analysis of panel flutter based on arbitrarily assumed modes of deformation prove satisfactory and if so what is the minimum number of modes that need be considered"
stopwords,2,0,vector_better,7,155,230,0.4611,0.1524,-0.3087,0.30,0.10,6,8,"technical report on measurement of ablation during flight"
stopwords,2,0,vector_better,8,77,120,0.7338,0.4260,-0.3078,0.50,0.30,6,20,"how close is the comparison of the shock layer theory with existing experiments in the low reynolds number merged-layer regime"
stopwords,2,0,vector_better,9,65,106,0.3965,0.1012,-0.2954,0.50,0.00,15,16,"does the boundary layer on a flat plate in a shear flow induce a pressure gradient"
stopwords,2,0,vector_better,10,9,15,0.4237,0.1426,-0.2811,0.20,0.20,3,8,"papers on internal slip flow heat transfer studies"
stopwords,2,0,both_poor,1,13,26,0.0000,0.0000,+0.0000,0.00,0.00,4,10,"what is the basic mechanism of the transonic aileron buzz"
stopwords,2,0,both_poor,2,44,79,0.0000,0.0000,+0.0000,0.00,0.00,3,13,"what are the details of the rigorous kinetic theory of gases chapman-enskog theory"
stopwords,2,0,both_poor,3,22,40,0.0000,0.0000,+0.0000,0.00,0.00,1,24,"did anyone else discover that the turbulent skin friction is not over sensitive to the nature of the variation of the viscosity with temperature"
stopwords,2,0,both_poor,4,31,56,0.0000,0.0000,+0.0000,0.00,0.00,1,23,"what size of end plate can be safely used to simulate two-dimensional flow conditions over a bluff cylindrical body of finite aspect ratio"
stopwords,2,0,both_poor,5,28,53,0.0008,0.0007,-0.0002,0.00,0.00,2,10,"what application has the linear theory design of curved wings"
stopwords,2,0,both_poor,6,142,212,0.0014,0.0013,-0.0001,0.00,0.00,1,14,"what dome contours minimize discontinuity stresses when used as closures on cylindrical pressure vessels"
stopwords,2,0,both_poor,7,216,340,0.0026,0.0029,+0.0003,0.00,0.00,1,19,"what investigations have been made of the wave system created by a static pressure distribution over a liquid surface"
stopwords,2,0,both_poor,8,124,182,0.0039,0.0035,-0.0004,0.00,0.00,4,38,"in what areas other than low density wind tunnel flows is viscous compressible flow in slender channels a problem what analytical investigations have been made of the stability of conical shells how do the results compare with experiment"
stopwords,2,0,both_poor,9,63,104,0.0049,0.0050,+0.0002,0.00,0.00,3,11,"where can i find pressure data on surfaces of swept cylinders"
stopwords,2,0,both_poor,10,139,209,0.0058,0.0043,-0.0015,0.00,0.00,4,23,"has the effect of the change of initial pressure due to deformation on the frequencies of vibration of circular cylindrical shells been investigated"
stopwords,2,0.75,bm25_better,1,173,264,0.3611,0.8333,+0.4722,0.20,0.20,2,14,"references on lyapunovs method on the stability of linear differential equations with periodic coefficients"
stopwords,2,0.75,bm25_better,2,143,213,0.1268,0.5714,+0.4446,0.10,0.10,2,13,"what general solutions for the stresses in pressurized shells of revolution are available"
stopwords,2,0.75,bm25_better,3,95,143,0.2121,0.5667,+0.3545,0.10,0.10,2,10,"what is the theoretical heat transfer distribution around a hemisphere"
stopwords,2,0.75,bm25_better,4,84,131,0.1175,0.3864,+0.2689,0.20,0.40,11,20,"references on the methods available for accurately estimating aerodynamic heat transfer to conical bodies for both laminar and turbulent flow"
stopwords,2,0.75,bm25_better,5,76,119,0.1793,0.4350,+0.2557,0.20,0.30,7,23,"how far can one trust the linear viscosity-temperature solution assumed in some of the analyses of hypersonic shock layer at low reynolds number"
stopwords,2,0.75,bm25_better,6,154,227,0.3929,0.6250,+0.2321,0.20,0.20,2,13,"which iterative method for solving linear elliptic difference equations is most rapidly convergent"
stopwords,2,0.75,bm25_better,7,181,274,0.1293,0.3345,+0.2051,0.10,0.20,5,7,"jet interference with supersonic flows theoretical papers"
stopwords,2,0.75,bm25_better,8,200,304,0.2341,0.4387,+0.2045,0.10,0.20,3,21,"are asymptotic methods sufficiently accurate in the determination of pre-buckling stresses in torispherical shells or must we resort to numerical methods"
stopwords,2,0.75,bm25_better,9,89,137,0.2199,0.4175,+0.1976,0.20,0.30,6,20,"how is the flow at transonic speeds about a delta wing different from that on a closely-related tapered sweptback wing"
stopwords,2,0.75,bm25_better,10,81,126,0.1603,0.3409,+0.1807,0.10,0.10,2,13,"what are wind-tunnel corrections for a two-dimensional aerofoil mounted off-centre in a tunnel"
stopwords,2,0.75,vector_better,1,52,87,0.8611,0.4568,-0.4043,0.40,0.30,4,19,"what is the available information pertaining to the effect of slight rarefaction on boundary layer flows the slip effect"
stopwords,2,0.75,vector_better,2,197,300,0.7917,0.5000,-0.2917,0.30,0.30,3,10,"how is fatigue damage estimated using the normal long-hand method"
stopwords,2,0.75,vector_better,3,183,277,0.4992,0.2449,-0.2543,0.60,0.40,13,14,"what factors have been shown to have a primary influence on sonic boom strength"
stopwords,2,0.75,vector_better,4,17,32,0.5115,0.2633,-0.2482,0.10,0.10,2,20,"can the three-dimensional problem of a transverse potential flow about a body of revolution be reduced to a two-dimensional problem"
stopwords,2,0.75,vector_better,5,64,105,0.3929,0.1750,-0.2179,0.20,0.10,2,27,"cant the static deflection shapes be used in predicting flutter in place of vibrational shapes if so can we provide a justification by means of an example"
stopwords,2,0.75,vector_better,6,82,128,0.5810,0.3731,-0.2079,0.30,0.30,5,23,"how do kuchemanns and multhopps methods for calculating lift distributions on swept wings in subsonic flow compare with each other and with experiment"
stopwords,2,0.75,vector_better,7,148,218,0.4294,0.2292,-0.2003,0.30,0.20,6,10,"papers on small deflection theory for buckling of sandwich cylinders"
stopwords,2,0.75,vector_better,8,177,268,0.5761,0.3892,-0.1869,0.30,0.30,5,14,"what mode of stalling can be expected for each stage of an axial compressor"
stopwords,2,0.75,vector_better,9,155,230,0.4611,0.2777,-0.1834,0.30,0.20,6,8,"technical report on measurement of ablation during flight"
stopwords,2,0.75,vector_better,10,146,216,0.7500,0.5833,-0.1667,0.20,0.20,2,18,"does a membrane theory exist by which the behaviour of pressurized membrane cylinders in bending can be predicted"
stopwords,2,0.75,both_poor,1,13,26,0.0000,0.0000,+0.0000,0.00,0.00,4,10,"what is the basic mechanism of the transonic aileron buzz"
stopwords,2,0.75,both_poor,2,44,79,0.0000,0.0000,+0.0000,0.00,0.00,3,13,"what are the details of the rigorous kinetic theory of gases chapman-enskog theory"
stopwords,2,0.75,both_poor,3,22,40,0.0000,0.0000,+0.0000,0.00,0.00,1,24,"did anyone else discover that the turbulent skin friction is not over sensitive to the nature of the variation of the viscosity with temperature"
stopwords,2,0.75,both_poor,4,31,56,0.0000,0.0000,+0.0000,0.00,0.00,1,23,"what size of end plate can be safely used to simulate two-dimensional flow conditions over a bluff cylindrical body of finite aspect ratio"
stopwords,2,0.75,both_poor,5,28,53,0.0008,0.0008,+0.0000,0.00,0.00,2,10,"what application has the linear theory design of curved wings"
stopwords,2,0.75,both_poor,6,142,212,0.0014,0.0015,+0.0001,0.00,0.00,1,14,"what dome contours minimize discontinuity stresses when used as closures on cylindrical pressure vessels"
stopwords,2,0.75,both_poor,7,216,340,0.0026,0.0023,-0.0002,0.00,0.00,1,19,"what investigations have been made of the wave system created by a static pressure distribution over a liquid surface"
stopwords,2,0.75,both_poor,8,124,182,0.0039,0.0040,+0.0002,0.00,0.00,4,38,"in what areas other than low density wind tunnel flows is viscous compressible flow in slender channels a problem what analytical investigations have been made of the stability of conical shells how do the results compare with experiment"
stopwords,2,0.75,both_poor,9,63,104,0.0049,0.0047,-0.0002,0.00,0.00,3,11,"where can i find pressure data on surfaces of swept cylinders"
stopwords,2,0.75,both_poor,10,139,209,0.0058,0.0046,-0.0012,0.00,0.00,4,23,"has the effect of the change of initial pressure due to deformation on the frequencies of vibration of circular cylindrical shells been investigated"
stopwords,2,1,bm25_better,1,173,264,0.3611,0.8333,+0.4722,0.20,0.20,2,14,"references on lyapunovs method on the stability of linear differential equations with periodic coefficients"
stopwords,2,1,bm25_better,2,143,213,0.1268,0.5833,+0.4565,0.10,0.10,2,13,"what general solutions for the stresses in pressurized shells of revolution are available"
stopwords,2,1,bm25_better,3,95,143,0.2121,0.5556,+0.3434,0.10,0.10,2,10,"what is the theoretical heat transfer distribution around a hemisphere"
stopwords,2,1,bm25_better,4,76,119,0.1793,0.4199,+0.2406,0.20,0.40,7,23,"how far can one trust the linear viscosity-temperature solution assumed in some of the analyses of hypersonic shock layer at low reynolds number"
stopwords,2,1,bm25_better,5,181,274,0.1293,0.3644,+0.2351,0.10,0.20,5,7,"jet interference with supersonic flows theoretical papers"
stopwords,2,1,bm25_better,6,154,227,0.3929,0.6250,+0.2321,0.20,0.20,2,13,"which iterative method for solving linear elliptic difference equations is most rapidly convergent"
stopwords,2,1,bm25_better,7,136,205,0.2105,0.3827,+0.1722,0.10,0.10,3,14,"what are the results for the creep buckling of round tubes under external pressure"
stopwords,2,1,bm25_better,8,15,29,0.8333,1.0000,+0.1667,0.20,0.20,2,5,"material properties of photoelastic materials"
stopwords,2,1,bm25_better,9,43,74,0.4518,0.6105,+0.1586,0.40,0.40,6,17,"can the transonic flow around an arbitrary smooth thin airfoil be analysed in a simple approximate way"
stopwords,2,1,bm25_better,10,89,137,0.2199,0.3766,+0.1567,0.20,0.30,6,20,"how is the flow at transonic speeds about a delta wing different from that on a closely-related tapered sweptback wing"
stopwords,2,1,vector_better,1,52,87,0.8611,0.4702,-0.3909,0.40,0.30,4,19,"what is the available information pertaining to the effect of slight rarefaction on boundary layer flows the slip effect"
stopwords,2,1,vector_better,2,183,277,0.4992,0.2163,-0.2829,0.60,0.40,13,14,"what factors have been shown to have a primary influence on sonic boom strength"
stopwords,2,1,vector_better,3,64,105,0.3929,0.1625,-0.2304,0.20,0.10,2,27,"cant the static deflection shapes be used in predicting flutter in place of vibrational shapes if so can we provide a justification by means of an example"
stopwords,2,1,vector_better,4,155,230,0.4611,0.2911,-0.1700,0.30,0.20,6,8,"technical report on measurement of ablation during flight"
stopwords,2,1,vector_better,5,177,268,0.5761,0.4083,-0.1678,0.30,0.30,5,14,"what mode of stalling can be expected for each stage of an axial compressor"
stopwords,2,1,vector_better,6,92,140,0.5764,0.4102,-0.1663,0.60,0.40,13,35,"given complete freedom in the design of an airplane what procedure would be used in order to minimize sonic boom intensity and is there a limit to the degree of minimizing that can be accomplished"
stopwords,2,1,vector_better,7,182,275,0.4500,0.3167,-0.1333,0.20,0.10,2,19,"effects of leading-edge bluntness on the flutter characteristics of some square-planform double-wedge airfoils at mach numbers less than 154"
stopwords,2,1,vector_better,8,197,300,0.7917,0.6667,-0.1250,0.30,0.30,3,10,"how is fatigue damage estimated using the normal long-hand method"
stopwords,2,1,vector_better,9,82,128,0.5810,0.4564,-0.1246,0.30,0.30,5,23,"how do kuchemanns and multhopps methods for calculating lift distributions on swept wings in subsonic flow compare with each other and with experiment"
stopwords,2,1,vector_better,10,190,293,0.5732,0.4571,-0.1161,0.30,0.20,5,29,"will an analysis of panel flutter based on arbitrarily assumed modes of deformation prove satisfactory and if so what is the minimum number of modes that need be considered"
stopwords,2,1,both_poor,1,13,26,0.0000,0.0000,+0.0000,0.00,0.00,4,10,"what is the basic mechanism of the transonic aileron buzz"
stopwords,2,1,both_poor,2,44,79,0.0000,0.0000,+0.0000,0.00,0.00,3,13,"what are the details of the rigorous kinetic theory of gases chapman-enskog theory"
stopwords,2,1,both_poor,3,22,40,0.0000,0.0000,+0.0000,0.00,0.00,1,24,"did anyone else discover that the turbulent skin friction is not over sensitive to the nature of the variation of the viscosity with temperature"
stopwords,2,1,both_poor,4,31,56,0.0000,0.0000,+0.0000,0.00,0.00,1,23,"what size of end plate can be safely used to simulate two-dimensional flow conditions over a bluff cylindrical body of finite aspect ratio"
stopwords,2,1,both_poor,5,28,53,0.0008,0.0009,+0.0001,0.00,0.00,2,10,"what application has the linear theory design of curved wings"
stopwords,2,1,both_poor,6,142,212,0.0014,0.0016,+0.0002,0.00,0.00,1,14,"what dome contours minimize discontinuity stresses when used as closures on cylindrical pressure vessels"
stopwords,2,1,both_poor,7,216,340,0.0026,0.0022,-0.0004,0.00,0.00,1,19,"what investigations have been made of the wave system created by a static pressure distribution over a liquid surface"
stopwords,2,1,both_poor,8,124,182,0.0039,0.0041,+0.0002,0.00,0.00,4,38,"in what areas other than low density wind tunnel flows is viscous compressible flow in slender channels a problem what analytical investigations have been made of the stability of conical shells how do the results compare with experiment"
stopwords,2,1,both_poor,9,63,104,0.0049,0.0045,-0.0003,0.00,0.00,3,11,"where can i find pressure data on surfaces of swept cylinders"
stopwords,2,1,both_poor,10,139,209,0.0058,0.0049,-0.0010,0.00,0.00,4,23,"has the effect of the change of initial pressure due to deformation on the frequencies of vibration of circular cylindrical shells been investigated"
stemming,0.5,0,bm25_better,1,167,253,0.1484,1.0000,+0.8516,0.10,0.20,2,21,"exact solution methods for calculating the ablative mass loss of a material ablating at high temperatures in a hypersonic flight environment"
stemming,0.5,0,bm25_better,2,150,223,0.5833,1.0000,+0.4167,0.20,0.20,2,13,"what is the magnitude of second-order wing-body interference at high supersonic mach number"
stemming,0.5,0,bm25_better,3,173,264,0.5833,1.0000,+0.4167,0.20,0.20,2,14,"references on lyapunovs method on the stability of linear differential equations with periodic coefficients"
stemming,0.5,0,bm25_better,4,95,143,0.1970,0.6000,+0.4030,0.10,0.20,2,10,"what is the theoretical heat transfer distribution around a hemisphere"
stemming,0.5,0,bm25_better,5,134,203,0.1458,0.5123,+0.3665,0.10,0.10,2,22,"is it possible to correlate the results on the creep buckling of widely different structures within the framework of a single theory"
stemming,0.5,0,bm25_better,6,143,213,0.2436,0.5769,+0.3333,0.10,0.10,2,13,"what general solutions for the stresses in pressurized shells of revolution are available"
stemming,0.5,0,bm25_better,7,205,317,0.3611,0.6429,+0.2817,0.20,0.20,2,13,"has anyone investigated theoretically whether surface flexibility can stabilize a laminar boundary layer"
stemming,0.5,0,bm25_better,8,18,33,0.0995,0.3595,+0.2599,0.10,0.10,3,13,"are experimental pressure distributions on bodies of revolution at angle of attack available"
stemming,0.5,0,bm25_better,9,223,356,0.4404,0.6917,+0.2513,0.20,0.40,4,10,"papers on shear buckling of unstiffened rectangular plates under shear"
stemming,0.5,0,bm25_better,10,164,250,0.3421,0.5679,+0.2257,0.30,0.50,8,8,"what determines the onset of shock-induced boundary-layer separation"
stemming,0.5,0,vector_better,1,52,87,0.8542,0.1458,-0.7083,0.40,0.10,4,19,"what is the available information pertaining to the effect of slight rarefaction on boundary layer flows the slip effect"
stemming,0.5,0,vector_better,2,146,216,0.8333,0.2667,-0.5667,0.20,0.20,2,18,"does a membrane theory exist by which the behaviour of pressurized membrane cylinders in bending can be predicted"
stemming,0.5,0,vector_better,3,144,214,0.6446,0.1053,-0.5393,0.50,0.10,6,33,"can studies of pure membrane cylinders having no wall bending stiffness but maintaining their shape by virtue of internal pressure provide any insight into the behaviour of pressurized cylinders with finite wall stiffness"
stemming,0.5,0,vector_better,4,67,108,0.6220,0.1049,-0.5171,0.70,0.10,14,17,"can series expansions be found for the boundary layer on a flat plate in a shear flow"
stemming,0.5,0,vector_better,5,64,105,0.6250,0.1300,-0.4950,0.20,0.10,2,27,"cant the static deflection shapes be used in predicting flutter in place of vibrational shapes if so can we provide a justification by means of an example"
stemming,0.5,0,vector_better,6,17,32,0.5085,0.0313,-0.4772,0.10,0.00,2,20,"can the three-dimensional problem of a transverse potential flow about a body of revolution be reduced to a two-dimensional problem"
stemming,0.5,0,vector_better,7,183,277,0.6555,0.2243,-0.4311,0.80,0.30,13,14,"what factors have been shown to have a primary influence on sonic boom strength"
stemming,0.5,0,vector_better,8,102,152,0.4423,0.0643,-0.3780,0.20,0.10,4,9,"basic dynamic characteristics of structures continuous over many spans"
stemming,0.5,0,vector_better,9,190,293,0.6367,0.2655,-0.3711,0.40,0.20,5,29,"will an analysis of panel flutter based on arbitrarily assumed modes of deformation prove satisfactory and if so what is the minimum number of modes that need be considered"
stemming,0.5,0,vector_better,10,145,215,0.4327,0.0629,-0.3698,0.40,0.00,7,18,"what are the best experimental data and classical small deflection theory analyses available for pressurized cylinders in bending"
stemming,0.5,0,both_poor,1,31,56,0.0007,0.0007,+0.0000,0.00,0.00,1,23,"what size of end plate can be safely used to simulate two-dimensional flow conditions over a bluff cylindrical body of finite aspect ratio"
stemming,0.5,0,both_poor,2,22,40,0.0018,0.0015,-0.0003,0.00,0.00,1,24,"did anyone else discover that the turbulent skin friction is not over sensitive to the nature of the variation of the viscosity with temperature"
stemming,0.5,0,both_poor,3,216,340,0.0018,0.0018,-0.0000,0.00,0.00,1,19,"what investigations have been made of the wave system created by a static pressure distribution over a liquid surface"
stemming,0.5,0,both_poor,4,44,79,0.0023,0.0021,-0.0002,0.00,0.00,3,13,"what are the details of the rigorous kinetic theory of gases chapman-enskog theory"
stemming,0.5,0,both_poor,5,124,182,0.0033,0.0030,-0.0003,0.00,0.00,4,38,"in what areas other than low density wind tunnel flows is viscous compressible flow in slender channels a problem what analytical investigations have been made of the stability of conical shells how do the results compare with experiment"
stemming,0.5,0,both_poor,6,13,26,0.0034,0.0029,-0.0005,0.00,0.00,4,10,"what is the basic mechanism of the transonic aileron buzz"
stemming,0.5,0,both_poor,7,28,53,0.0050,0.0032,-0.0018,0.00,0.00,2,10,"what application has the linear theory design of curved wings"
stemming,0.5,0,both_poor,8,207,323,0.0055,0.0058,+0.0003,0.00,0.00,5,12,"how do large changes in new mass ratio quantitatively affect wing-flutter boundaries"
stemming,0.5,0,both_poor,9,152,225,0.0080,0.0072,-0.0008,0.00,0.00,6,17,"how can the effect of the boundary-layer on wing pressure be calculated and what is its magnitude"
stemming,0.5,0,both_poor,10,139,209,0.0097,0.0097,-0.0001,0.00,0.00,4,23,"has the effect of the change of initial pressure due to deformation on the frequencies of vibration of circular cylindrical shells been investigated"
stemming,0.5,0.75,bm25_better,1,167,253,0.1484,0.8333,+0.6850,0.10,0.20,2,21,"exact solution methods for calculating the ablative mass loss of a material ablating at high temperatures in a hypersonic flight environment"
stemming,0.5,0.75,bm25_better,2,173,264,0.5833,1.0000,+0.4167,0.20,0.20,2,14,"references on lyapunovs method on the stability of linear differential equations with periodic coefficients"
stemming,0.5,0.75,bm25_better,3,134,203,0.1458,0.5185,+0.3727,0.10,0.10,2,22,"is it possible to correlate the results on the creep buckling of widely different structures within the framework of a single theory"
stemming,0.5,0.75,bm25_better,4,143,213,0.2436,0.6111,+0.3675,0.10,0.20,2,13,"what general solutions for the stresses in pressurized shells of revolution are available"
stemming,0.5,0.75,bm25_better,5,205,317,0.3611,0.6667,+0.3056,0.20,0.20,2,13,"has anyone investigated theoretically whether surface flexibility can stabilize a laminar boundary layer"
stemming,0.5,0.75,bm25_better,6,15,29,0.7000,1.0000,+0.3000,0.20,0.20,2,5,"material properties of photoelastic materials"
stemming,0.5,0.75,bm25_better,7,136,205,0.2097,0.4833,+0.2737,0.10,0.20,3,14,"what are the results for the creep buckling of round tubes under external pressure"
stemming,0.5,0.75,bm25_better,8,18,33,0.0995,0.3585,+0.2589,0.10,0.10,3,13,"are experimental pressure distributions on bodies of revolution at angle of attack available"
stemming,0.5,0.75,bm25_better,9,150,223,0.5833,0.8333,+0.2500,0.20,0.20,2,13,"what is the magnitude of second-order wing-body interference at high supersonic mach number"
stemming,0.5,0.75,bm25_better,10,5,9,0.2083,0.4498,+0.2415,0.20,0.30,4,10,"what chemical kinetic system is applicable to hypersonic aerodynamic problems"
stemming,0.5,0.75,vector_better,1,144,214,0.6446,0.2282,-0.4165,0.50,0.30,6,33,"can studies of pure membrane cylinders having no wall bending stiffness but maintaining their shape by virtue of internal pressure provide any insight into the behaviour of pressurized cylinders with finite wall stiffness"
stemming,0.5,0.75,vector_better,2,183,277,0.6555,0.2517,-0.4037,0.80,0.40,13,14,"what factors have been shown to have a primary influence on sonic boom strength"
stemming,0.5,0.75,vector_better,3,67,108,0.6220,0.2224,-0.3996,0.70,0.30,14,17,"can series expansions be found for the boundary layer on a flat plate in a shear flow"
stemming,0.5,0.75,vector_better,4,17,32,0.5085,0.1100,-0.3985,0.10,0.10,2,20,"can the three-dimensional problem of a transverse potential flow about a body of revolution be reduced to a two-dimensional problem"
stemming,0.5,0.75,vector_better,5,197,300,0.7917,0.4444,-0.3472,0.30,0.20,3,10,"how is fatigue damage estimated using the normal long-hand method"
stemming,0.5,0.75,vector_better,6,145,215,0.4327,0.0898,-0.3429,0.40,0.10,7,18,"what are the best experimental data and classical small deflection theory analyses available for pressurized cylinders in bending"
stemming,0.5,0.75,vector_better,7,52,87,0.8542,0.5298,-0.3244,0.40,0.30,4,19,"what is the available information pertaining to the effect of slight rarefaction on boundary layer flows the slip effect"
stemming,0.5,0.75,vector_better,8,155,230,0.4081,0.0901,-0.3180,0.30,0.10,6,8,"technical report on measurement of ablation during flight"
stemming,0.5,0.75,vector_better,9,191,294,0.5637,0.2547,-0.3091,0.60,0.30,13,18,"what is the criterion for true panel flutter as opposed to small amplitude vibration arising from acoustic disturbances"
stemming,0.5,0.75,vector_better,10,190,293,0.6367,0.3368,-0.2999,0.40,0.20,5,29,"will an analysis of panel flutter based on arbitrarily assumed modes of deformation prove satisfactory and if so what is the minimum number of modes that need be considered"
stemming,0.5,0.75,both_poor,1,31,56,0.0007,0.0007,+0.0000,0.00,0.00,1,23,"what size of end plate can be safely used to simulate two-dimensional flow conditions over a bluff cylindrical body of finite aspect ratio"
stemming,0.5,0.75,both_poor,2,22,40,0.0018,0.0015,-0.0002,0.00,0.00,1,24,"did anyone else discover that the turbulent skin friction is not over sensitive to the nature of the variation of the viscosity with temperature"
stemming,0.5,0.75,both_poor,3,216,340,0.0018,0.0016,-0.0002,0.00,0.00,1,19,"what investigations have been made of the wave system created by a static pressure distribution over a liquid surface"
stemming,0.5,0.75,both_poor,4,44,79,0.0023,0.0024,+0.0001,0.00,0.00,3,13,"what are the details of the rigorous kinetic theory of gases chapman-enskog theory"
stemming,0.5,0.75,both_poor,5,124,182,0.0033,0.0031,-0.0002,0.00,0.00,4,38,"in what areas other than low density wind tunnel flows is viscous compressible flow in slender channels a problem what analytical investigations have been made of the stability of conical shells how do the results compare with experiment"
stemming,0.5,0.75,both_poor,6,13,26,0.0034,0.0030,-0.0004,0.00,0.00,4,10,"what is the basic mechanism of the transonic aileron buzz"
stemming,0.5,0.75,both_poor,7,28,53,0.0050,0.0035,-0.0015,0.00,0.00,2,10,"what application has the linear theory design of curved wings"
stemming,0.5,0.75,both_poor,8,207,323,0.0055,0.0063,+0.0008,0.00,0.00,5,12,"how do large changes in new mass ratio quantitatively affect wing-flutter boundaries"
stemming,0.5,0.75,both_poor,9,152,225,0.0080,0.0071,-0.0009,0.00,0.00,6,17,"how can the effect of the boundary-layer on wing pressure be calculated and what is its magnitude"
stemming,0.5,0.75,both_poor,10,139,209,0.0097,0.0090,-0.0007,0.00,0.00,4,23,"has the effect of the change of initial pressure due to deformation on the frequencies of vibration of circular cylindrical shells been investigated"
stemming,0.5,1,bm25_better,1,167,253,0.1484,0.8333,+0.6850,0.10,0.20,2,21,"exact solution methods for calculating the ablative mass loss of a material ablating at high temperatures in a hypersonic flight environment"
stemming,0.5,1,bm25_better,2,173,264,0.5833,1.0000,+0.4167,0.20,0.20,2,14,"references on lyapunovs method on the stability of linear differential equations with periodic coefficients"
stemming,0.5,1,bm25_better,3,143,213,0.2436,0.6111,+0.3675,0.10,0.20,2,13,"what general solutions for the stresses in pressurized shells of revolution are available"
stemming,0.5,1,bm25_better,4,81,126,0.6667,1.0000,+0.3333,0.20,0.20,2,13,"what are wind-tunnel corrections for a two-dimensional aerofoil mounted off-centre in a tunnel"
stemming,0.5,1,bm25_better,5,205,317,0.3611,0.6667,+0.3056,0.20,0.20,2,13,"has anyone investigated theoretically whether surface flexibility can stabilize a laminar boundary layer"
stemming,0.5,1,bm25_better,6,136,205,0.2097,0.4852,+0.2755,0.10,0.20,3,14,"what are the results for the creep buckling of round tubes under external pressure"
stemming,0.5,1,bm25_better,7,18,33,0.0995,0.3576,+0.2581,0.10,0.10,3,13,"are experimental pressure distributions on bodies of revolution at angle of attack available"
stemming,0.5,1,bm25_better,8,150,223,0.5833,0.8333,+0.2500,0.20,0.20,2,13,"what is the magnitude of second-order wing-body interference at high supersonic mach number"
stemming,0.5,1,bm25_better,9,133,202,0.1915,0.4249,+0.2334,0.10,0.30,7,5,"experimental studies of creep buckling"
stemming,0.5,1,bm25_better,10,85,132,0.0652,0.2607,+0.1954,0.10,0.10,4,19,"what parameters can seriously influence natural transition from laminar to turbulent flow on a model in a wind tunnel"
stemming,0.5,1,vector_better,1,183,277,0.6555,0.2580,-0.3975,0.80,0.30,13,14,"what factors have been shown to have a primary influence on sonic boom strength"
stemming,0.5,1,vector_better,2,144,214,0.6446,0.2564,-0.3882,0.50,0.30,6,33,"can studies of pure membrane cylinders having no wall bending stiffness but maintaining their shape by virtue of internal pressure provide any insight into the behaviour of pressurized cylinders with finite wall stiffness"
stemming,0.5,1,vector_better,3,17,32,0.5085,0.1349,-0.3736,0.10,0.10,2,20,"can the three-dimensional problem of a transverse potential flow about a body of revolution be reduced to a two-dimensional problem"
stemming,0.5,1,vector_better,4,197,300,0.7917,0.4477,-0.3440,0.30,0.20,3,10,"how is fatigue damage estimated using the normal long-hand method"
stemming,0.5,1,vector_better,5,145,215,0.4327,0.1012,-0.3315,0.40,0.10,7,18,"what are the best experimental data and classical small deflection theory analyses available for pressurized cylinders in bending"
stemming,0.5,1,vector_better,6,191,294,0.5637,0.2641,-0.2996,0.60,0.30,13,18,"what is the criterion for true panel flutter as opposed to small amplitude vibration arising from acoustic disturbances"
stemming,0.5,1,vector_better,7,155,230,0.4081,0.1194,-0.2887,0.30,0.10,6,8,"technical report on measurement of ablation during flight"
stemming,0.5,1,vector_better,8,148,218,0.4621,0.1828,-0.2794,0.30,0.20,6,10,"papers on small deflection theory for buckling of sandwich cylinders"
stemming,0.5,1,vector_better,9,67,108,0.6220,0.3607,-0.2613,0.70,0.40,14,17,"can series expansions be found for the boundary layer on a flat plate in a shear flow"
stemming,0.5,1,vector_better,10,190,293,0.6367,0.3767,-0.2600,0.40,0.20,5,29,"will an analysis of panel flutter based on arbitrarily assumed modes of deformation prove satisfactory and if so what is the minimum number of modes that need be considered"
stemming,0.5,1,both_poor,1,31,56,0.0007,0.0007,+0.0000,0.00,0.00,1,23,"what size of end plate can be safely used to simulate two-dimensional flow conditions over a bluff cylindrical body of finite aspect ratio"
stemming,0.5,1,both_poor,2,22,40,0.0018,0.0016,-0.0002,0.00,0.00,1,24,"did anyone else discover that the turbulent skin friction is not over sensitive to the nature of the variation of the viscosity with temperature"
stemming,0.5,1,both_poor,3,216,340,0.0018,0.0015,-0.0003,0.00,0.00,1,19,"what investigations have been made of the wave system created by a static pressure distribution over a liquid surface"
stemming,0.5,1,both_poor,4,44,79,0.0023,0.0026,+0.0003,0.00,0.00,3,13,"what are the details of the rigorous kinetic theory of gases chapman-enskog theory"
stemming,0.5,1,both_poor,5,124,182,0.0033,0.0031,-0.0002,0.00,0.00,4,38,"in what areas other than low density wind tunnel flows is viscous compressible flow in slender channels a problem what analytical investigations have been made of the stability of conical shells how do the results compare with experiment"
stemming,0.5,1,both_poor,6,13,26,0.0034,0.0031,-0.0003,0.00,0.00,4,10,"what is the basic mechanism of the transonic aileron buzz"
stemming,0.5,1,both_poor,7,28,53,0.0050,0.0038,-0.0012,0.00,0.00,2,10,"what application has the linear theory design of curved wings"
stemming,0.5,1,both_poor,8,207,323,0.0055,0.0065,+0.0011,0.00,0.00,5,12,"how do large changes in new mass ratio quantitatively affect wing-flutter boundaries"
stemming,0.5,1,both_poor,9,152,225,0.0080,0.0073,-0.0007,0.00,0.00,6,17,"how can the effect of the boundary-layer on wing pressure be calculated and what is its magnitude"
stemming,0.5,1,both_poor,10,139,209,0.0097,0.0093,-0.0005,0.00,0.00,4,23,"has the effect of the change of initial pressure due to deformation on the frequencies of vibration of circular cylindrical shells been investigated"
stemming,1.2,0,bm25_better,1,167,253,0.1484,1.0000,+0.8516,0.10,0.20,2,21,"exact solution methods for calculating the ablative mass loss of a material ablating at high temperatures in a hypersonic flight environment"
stemming,1.2,0,bm25_better,2,150,223,0.5833,1.0000,+0.4167,0.20,0.20,2,13,"what is the magnitude of second-order wing-body interference at high supersonic mach number"
stemming,1.2,0,bm25_better,3,134,203,0.1458,0.5135,+0.3677,0.10,0.10,2,22,"is it possible to correlate the results on the creep buckling of widely different structures within the framework of a single theory"
stemming,1.2,0,bm25_better,4,95,143,0.1970,0.5588,+0.3619,0.10,0.10,2,10,"what is the theoretical heat transfer distribution around a hemisphere"
stemming,1.2,0,bm25_better,5,143,213,0.2436,0.5667,+0.3231,0.10,0.10,2,13,"what general solutions for the stresses in pressurized shells of revolution are available"
stemming,1.2,0,bm25_better,6,205,317,0.3611,0.6667,+0.3056,0.20,0.20,2,13,"has anyone investigated theoretically whether surface flexibility can stabilize a laminar boundary layer"
stemming,1.2,0,bm25_better,7,18,33,0.0995,0.3563,+0.2568,0.10,0.10,3,13,"are experimental pressure distributions on bodies of revolution at angle of attack available"
stemming,1.2,0,bm25_better,8,173,264,0.5833,0.8333,+0.2500,0.20,0.20,2,14,"references on lyapunovs method on the stability of linear differential equations with periodic coefficients"
stemming,1.2,0,bm25_better,9,5,9,0.2083,0.4540,+0.2457,0.20,0.30,4,10,"what chemical kinetic system is applicable to hypersonic aerodynamic problems"
stemming,1.2,0,bm25_better,10,164,250,0.3421,0.5762,+0.2341,0.30,0.50,8,8,"what determines the onset of shock-induced boundary-layer separation"
stemming,1.2,0,vector_better,1,52,87,0.8542,0.1931,-0.6611,0.40,0.10,4,19,"what is the available information pertaining to the effect of slight rarefaction on boundary layer flows the slip effect"
stemming,1.2,0,vector_better,2,146,216,0.8333,0.2500,-0.5833,0.20,0.20,2,18,"does a membrane theory exist by which the behaviour of pressurized membrane cylinders in bending can be predicted"
stemming,1.2,0,vector_better,3,64,105,0.6250,0.0692,-0.5558,0.20,0.10,2,27,"cant the static deflection shapes be used in predicting flutter in place of vibrational shapes if so can we provide a justification by means of an example"
stemming,1.2,0,vector_better,4,67,108,0.6220,0.1084,-0.5136,0.70,0.10,14,17,"can series expansions be found for the boundary layer on a flat plate in a shear flow"
stemming,1.2,0,vector_better,5,144,214,0.6446,0.1405,-0.5041,0.50,0.10,6,33,"can studies of pure membrane cylinders having no wall bending stiffness but maintaining their shape by virtue of internal pressure provide any insight into the behaviour of pressurized cylinders with finite wall stiffness"
stemming,1.2,0,vector_better,6,17,32,0.5085,0.0316,-0.4768,0.10,0.00,2,20,"can the three-dimensional problem of a transverse potential flow about a body of revolution be reduced to a two-dimensional problem"
stemming,1.2,0,vector_better,7,190,293,0.6367,0.1773,-0.4593,0.40,0.20,5,29,"will an analysis of panel flutter based on arbitrarily assumed modes of deformation prove satisfactory and if so what is the minimum number of modes that need be considered"
stemming,1.2,0,vector_better,8,183,277,0.6555,0.2668,-0.3886,0.80,0.40,13,14,"what factors have been shown to have a primary influence on sonic boom strength"
stemming,1.2,0,vector_better,9,102,152,0.4423,0.0702,-0.3722,0.20,0.10,4,9,"basic dynamic characteristics of structures continuous over many spans"
stemming,1.2,0,vector_better,10,145,215,0.4327,0.0713,-0.3614,0.40,0.00,7,18,"what are the best experimental data and classical small deflection theory analyses available for pressurized cylinders in bending"
stemming,1.2,0,both_poor,1,31,56,0.0007,0.0007,-0.0000,0.00,0.00,1,23,"what size of end plate can be safely used to simulate two-dimensional flow conditions over a bluff cylindrical body of finite aspect ratio"
stemming,1.2,0,both_poor,2,22,40,0.0018,0.0015,-0.0003,0.00,0.00,1,24,"did anyone else discover that the turbulent skin friction is not over sensitive to the nature of the variation of the viscosity with temperature"
stemming,1.2,0,both_poor,3,216,340,0.0018,0.0020,+0.0002,0.00,0.00,1,19,"what investigations have been made of the wave system created by a static pressure distribution over a liquid surface"
stemming,1.2,0,both_poor,4,44,79,0.0023,0.0021,-0.0002,0.00,0.00,3,13,"what are the details of the rigorous kinetic theory of gases chapman-enskog theory"
stemming,1.2,0,both_poor,5,124,182,0.0033,0.0031,-0.0002,0.00,0.00,4,38,"in what areas other than low density wind tunnel flows is viscous compressible flow in slender channels a problem what analytical investigations have been made of the stability of conical shells how do the results compare with experiment"
stemming,1.2,0,both_poor,6,13,26,0.0034,0.0029,-0.0005,0.00,0.00,4,10,"what is the basic mechanism of the transonic aileron buzz"
stemming,1.2,0,both_poor,7,28,53,0.0050,0.0034,-0.0016,0.00,0.00,2,10,"what application has the linear theory design of curved wings"
stemming,1.2,0,both_poor,8,207,323,0.0055,0.0060,+0.0005,0.00,0.00,5,12,"how do large changes in new mass ratio quantitatively affect wing-flutter boundaries"
stemming,1.2,0,both_poor,9,152,225,0.0080,0.0069,-0.0011,0.00,0.00,6,17,"how can the effect of the boundary-layer on wing pressure be calculated and what is its magnitude"
stemming,1.2,0,both_poor,10,139,209,0.0097,0.0090,-0.0008,0.00,0.00,4,23,"has the effect of the change of initial pressure due to deformation on the frequencies of vibration of circular cylindrical shells been investigated"
stemming,1.2,0.75,bm25_better,1,173,264,0.5833,1.0000,+0.4167,0.20,0.20,2,14,"references on lyapunovs method on the stability of linear differential equations with periodic coefficients"
stemming,1.2,0.75,bm25_better,2,143,213,0.2436,0.6111,+0.3675,0.10,0.20,2,13,"what general solutions for the stresses in pressurized shells of revolution are available"
stemming,1.2,0.75,bm25_better,3,167,253,0.1484,0.5000,+0.3516,0.10,0.20,2,21,"exact solution methods for calculating the ablative mass loss of a material ablating at high temperatures in a hypersonic flight environment"
stemming,1.2,0.75,bm25_better,4,205,317,0.3611,0.7000,+0.3389,0.20,0.20,2,13,"has anyone investigated theoretically whether surface flexibility can stabilize a laminar boundary layer"
stemming,1.2,0.75,bm25_better,5,15,29,0.7000,1.0000,+0.3000,0.20,0.20,2,5,"material properties of photoelastic materials"
stemming,1.2,0.75,bm25_better,6,18,33,0.0995,0.3613,+0.2617,0.10,0.10,3,13,"are experimental pressure distributions on bodies of revolution at angle of attack available"
stemming,1.2,0.75,bm25_better,7,154,227,0.5833,0.8333,+0.2500,0.20,0.20,2,13,"which iterative method for solving linear elliptic difference equations is most rapidly convergent"
stemming,1.2,0.75,bm25_better,8,61,102,0.3002,0.5447,+0.2444,0.30,0.30,5,15,"does there exist a closed-form expression for the local heat transfer around a yawed cylinder"
stemming,1.2,0.75,bm25_better,9,136,205,0.2097,0.4179,+0.2082,0.10,0.20,3,14,"what are the results for the creep buckling of round tubes under external pressure"
stemming,1.2,0.75,bm25_better,10,43,74,0.4326,0.6332,+0.2006,0.30,0.40,6,17,"can the transonic flow around an arbitrary smooth thin airfoil be analysed in a simple approximate way"
stemming,1.2,0.75,vector_better,1,183,277,0.6555,0.2726,-0.3829,0.80,0.40,13,14,"what factors have been shown to have a primary influence on sonic boom strength"
stemming,1.2,0.75,vector_better,2,144,214,0.6446,0.3473,-0.2973,0.50,0.40,6,33,"can studies of pure membrane cylinders having no wall bending stiffness but maintaining their shape by virtue of internal pressure provide any insight into the behaviour of pressurized cylinders with finite wall stiffness"
stemming,1.2,0.75,vector_better,3,190,293,0.6367,0.3570,-0.2797,0.40,0.20,5,29,"will an analysis of panel flutter based on arbitrarily assumed modes of deformation prove satisfactory and if so what is the minimum number of modes that need be considered"
stemming,1.2,0.75,vector_better,4,148,218,0.4621,0.1869,-0.2753,0.30,0.20,6,10,"papers on small deflection theory for buckling of sandwich cylinders"
stemming,1.2,0.75,vector_better,5,145,215,0.4327,0.1647,-0.2681,0.40,0.20,7,18,"what are the best experimental data and classical small deflection theory analyses available for pressurized cylinders in bending"
stemming,1.2,0.75,vector_better,6,146,216,0.8333,0.5833,-0.2500,0.20,0.20,2,18,"does a membrane theory exist by which the behaviour of pressurized membrane cylinders in bending can be predicted"
stemming,1.2,0.75,vector_better,7,17,32,0.5085,0.2615,-0.2470,0.10,0.10,2,20,"can the three-dimensional problem of a transverse potential flow about a body of revolution be reduced to a two-dimensional problem"
stemming,1.2,0.75,vector_better,8,191,294,0.5637,0.3316,-0.2321,0.60,0.20,13,18,"what is the criterion for true panel flutter as opposed to small amplitude vibration arising from acoustic disturbances"
stemming,1.2,0.75,vector_better,9,82,128,0.5251,0.3065,-0.2187,0.30,0.30,5,23,"how do kuchemanns and multhopps methods for calculating lift distributions on swept wings in subsonic flow compare with each other and with experiment"
stemming,1.2,0.75,vector_better,10,155,230,0.4081,0.2167,-0.1914,0.30,0.10,6,8,"technical report on measurement of ablation during flight"
stemming,1.2,0.75,both_poor,1,31,56,0.0007,0.0007,+0.0000,0.00,0.00,1,23,"what size of end plate can be safely used to simulate two-dimensional flow conditions over a bluff cylindrical body of finite aspect ratio"
stemming,1.2,0.75,both_poor,2,22,40,0.0018,0.0016,-0.0001,0.00,0.00,1,24,"did anyone else discover that the turbulent skin friction is not over sensitive to the nature of the variation of the viscosity with temperature"
stemming,1.2,0.75,both_poor,3,216,340,0.0018,0.0016,-0.0002,0.00,0.00,1,19,"what investigations have been made of the wave system created by a static pressure distribution over a liquid surface"
stemming,1.2,0.75,both_poor,4,44,79,0.0023,0.0024,+0.0001,0.00,0.00,3,13,"what are the details of the rigorous kinetic theory of gases chapman-enskog theory"
stemming,1.2,0.75,both_poor,5,124,182,0.0033,0.0032,-0.0001,0.00,0.00,4,38,"in what areas other than low density wind tunnel flows is viscous compressible flow in slender channels a problem what analytical investigations have been made of the stability of conical shells how do the results compare with experiment"
stemming,1.2,0.75,both_poor,6,13,26,0.0034,0.0030,-0.0004,0.00,0.00,4,10,"what is the basic mechanism of the transonic aileron buzz"
stemming,1.2,0.75,both_poor,7,28,53,0.0050,0.0042,-0.0008,0.00,0.00,2,10,"what application has the linear theory design of curved wings"
stemming,1.2,0.75,both_poor,8,207,323,0.0055,0.0066,+0.0012,0.00,0.00,5,12,"how do large changes in new mass ratio quantitatively affect wing-flutter boundaries"
stemming,1.2,0.75,both_poor,9,152,225,0.0080,0.0073,-0.0006,0.00,0.00,6,17,"how can the effect of the boundary-layer on wing pressure be calculated and what is its magnitude"
stemming,1.2,0.75,both_poor,10,139,209,0.0097,0.0080,-0.0017,0.00,0.00,4,23,"has the effect of the change of initial pressure due to deformation on the frequencies of vibration of circular cylindrical shells been investigated"
stemming,1.2,1,bm25_better,1,173,264,0.5833,1.0000,+0.4167,0.20,0.20,2,14,"references on lyapunovs method on the stability of linear differential equations with periodic coefficients"
stemming,1.2,1,bm25_better,2,143,213,0.2436,0.6250,+0.3814,0.10,0.20,2,13,"what general solutions for the stresses in pressurized shells of revolution are available"
stemming,1.2,1,bm25_better,3,167,253,0.1484,0.5000,+0.3516,0.10,0.20,2,21,"exact solution methods for calculating the ablative mass loss of a material ablating at high temperatures in a hypersonic flight environment"
stemming,1.2,1,bm25_better,4,81,126,0.6667,1.0000,+0.3333,0.20,0.20,2,13,"what are wind-tunnel corrections for a two-dimensional aerofoil mounted off-centre in a tunnel"
stemming,1.2,1,bm25_better,5,205,317,0.3611,0.6667,+0.3056,0.20,0.20,2,13,"has anyone investigated theoretically whether surface flexibility can stabilize a laminar boundary layer"
stemming,1.2,1,bm25_better,6,136,205,0.2097,0.4038,+0.1942,0.10,0.10,3,14,"what are the results for the creep buckling of round tubes under external pressure"
stemming,1.2,1,bm25_better,7,43,74,0.4326,0.6249,+0.1922,0.30,0.40,6,17,"can the transonic flow around an arbitrary smooth thin airfoil be analysed in a simple approximate way"
stemming,1.2,1,bm25_better,8,61,102,0.3002,0.4622,+0.1620,0.30,0.30,5,15,"does there exist a closed-form expression for the local heat transfer around a yawed cylinder"
stemming,1.2,1,bm25_better,9,118,171,0.1942,0.3561,+0.1619,0.20,0.20,3,17,"what are the aerodynamic interference effects on the fin lift and body lift of a fin-body combination"
stemming,1.2,1,bm25_better,10,185,284,0.6687,0.8292,+0.1605,0.60,0.70,9,5,"experimental studies on panel flutter"
stemming,1.2,1,vector_better,1,183,277,0.6555,0.2609,-0.3945,0.80,0.40,13,14,"what factors have been shown to have a primary influence on sonic boom strength"
stemming,1.2,1,vector_better,2,144,214,0.6446,0.3774,-0.2672,0.50,0.40,6,33,"can studies of pure membrane cylinders having no wall bending stiffness but maintaining their shape by virtue of internal pressure provide any insight into the behaviour of pressurized cylinders with finite wall stiffness"
stemming,1.2,1,vector_better,3,148,218,0.4621,0.2150,-0.2471,0.30,0.20,6,10,"papers on small deflection theory for buckling of sandwich cylinders"
stemming,1.2,1,vector_better,4,17,32,0.5085,0.2619,-0.2466,0.10,0.10,2,20,"can the three-dimensional problem of a transverse potential flow about a body of revolution be reduced to a two-dimensional problem"
stemming,1.2,1,vector_better,5,145,215,0.4327,0.2049,-0.2278,0.40,0.20,7,18,"what are the best experimental data and classical small deflection theory analyses available for pressurized cylinders in bending"
stemming,1.2,1,vector_better,6,191,294,0.5637,0.3363,-0.2274,0.60,0.20,13,18,"what is the criterion for true panel flutter as opposed to small amplitude vibration arising from acoustic disturbances"
stemming,1.2,1,vector_better,7,190,293,0.6367,0.4141,-0.2226,0.40,0.20,5,29,"will an analysis of panel flutter based on arbitrarily assumed modes of deformation prove satisfactory and if so what is the minimum number of modes that need be considered"
stemming,1.2,1,vector_better,8,82,128,0.5251,0.3187,-0.2065,0.30,0.30,5,23,"how do kuchemanns and multhopps methods for calculating lift distributions on swept wings in subsonic flow compare with each other and with experiment"
stemming,1.2,1,vector_better,9,77,120,0.5313,0.3388,-0.1925,0.40,0.40,6,20,"how close is the comparison of the shock layer theory with existing experiments in the low reynolds number merged-layer regime"
stemming,1.2,1,vector_better,10,155,230,0.4081,0.2193,-0.1888,0.30,0.10,6,8,"technical report on measurement of ablation during flight"
stemming,1.2,1,both_poor,1,31,56,0.0007,0.0007,+0.0000,0.00,0.00,1,23,"what size of end plate can be safely used to simulate two-dimensional flow conditions over a bluff cylindrical body of finite aspect ratio"
stemming,1.2,1,both_poor,2,22,40,0.0018,0.0017,-0.0001,0.00,0.00,1,24,"did anyone else discover that the turbulent skin friction is not over sensitive to the nature of the variation of the viscosity with temperature"
stemming,1.2,1,both_poor,3,216,340,0.0018,0.0015,-0.0003,0.00,0.00,1,19,"what investigations have been made of the wave system created by a static pressure distribution over a liquid surface"
stemming,1.2,1,both_poor,4,44,79,0.0023,0.0026,+0.0003,0.00,0.00,3,13,"what are the details of the rigorous kinetic theory of gases chapman-enskog theory"
stemming,1.2,1,both_poor,5,124,182,0.0033,0.0032,-0.0000,0.00,0.00,4,38,"in what areas other than low density wind tunnel flows is viscous compressible flow in slender channels a problem what analytical investigations have been made of the stability of conical shells how do the results compare with experiment"
stemming,1.2,1,both_poor,6,13,26,0.0034,0.0031,-0.0003,0.00,0.00,4,10,"what is the basic mechanism of the transonic aileron buzz"
stemming,1.2,1,both_poor,7,28,53,0.0050,0.0045,-0.0005,0.00,0.00,2,10,"what application has the linear theory design of curved wings"
stemming,1.2,1,both_poor,8,207,323,0.0055,0.0066,+0.0011,0.00,0.00,5,12,"how do large changes in new mass ratio quantitatively affect wing-flutter boundaries"
stemming,1.2,1,both_poor,9,152,225,0.0080,0.0075,-0.0005,0.00,0.00,6,17,"how can the effect of the boundary-layer on wing pressure be calculated and what is its magnitude"
stemming,1.2,1,both_poor,10,139,209,0.0097,0.0085,-0.0012,0.00,0.00,4,23,"has the effect of the change of initial pressure due to deformation on the frequencies of vibration of circular cylindrical shells been investigated"
stemming,2,0,bm25_better,1,167,253,0.1484,0.5833,+0.4350,0.10,0.20,2,21,"exact solution methods for calculating the ablative mass loss of a material ablating at high temperatures in a hypersonic flight environment"
stemming,2,0,bm25_better,2,150,223,0.5833,1.0000,+0.4167,0.20,0.20,2,13,"what is the magnitude of second-order wing-body interference at high supersonic mach number"
stemming,2,0,bm25_better,3,134,203,0.1458,0.5141,+0.3683,0.10,0.10,2,22,"is it possible to correlate the results on the creep buckling of widely different structures within the framework of a single theory"
stemming,2,0,bm25_better,4,143,213,0.2436,0.6111,+0.3675,0.10,0.20,2,13,"what general solutions for the stresses in pressurized shells of revolution are available"
stemming,2,0,bm25_better,5,95,143,0.1970,0.5435,+0.3465,0.10,0.10,2,10,"what is the theoretical heat transfer distribution around a hemisphere"
stemming,2,0,bm25_better,6,223,356,0.4404,0.7409,+0.3005,0.20,0.30,4,10,"papers on shear buckling of unstiffened rectangular plates under shear"
stemming,2,0,bm25_better,7,205,317,0.3611,0.6429,+0.2817,0.20,0.20,2,13,"has anyone investigated theoretically whether surface flexibility can stabilize a laminar boundary layer"
stemming,2,0,bm25_better,8,200,304,0.3056,0.5682,+0.2627,0.20,0.20,3,21,"are asymptotic methods sufficiently accurate in the determination of pre-buckling stresses in torispherical shells or must we resort to numerical methods"
stemming,2,0,bm25_better,9,18,33,0.0995,0.3551,+0.2555,0.10,0.10,3,13,"are experimental pressure distributions on bodies of revolution at angle of attack available"
stemming,2,0,bm25_better,10,173,264,0.5833,0.8333,+0.2500,0.20,0.20,2,14,"references on lyapunovs method on the stability of linear differential equations with periodic coefficients"
stemming,2,0,vector_better,1,52,87,0.8542,0.1901,-0.6641,0.40,0.20,4,19,"what is the available information pertaining to the effect of slight rarefaction on boundary layer flows the slip effect"
stemming,2,0,vector_better,2,146,216,0.8333,0.2500,-0.5833,0.20,0.20,2,18,"does a membrane theory exist by which the behaviour of pressurized membrane cylinders in bending can be predicted"
stemming,2,0,vector_better,3,64,105,0.6250,0.0634,-0.5616,0.20,0.10,2,27,"cant the static deflection shapes be used in predicting flutter in place of vibrational shapes if so can we provide a justification by means of an example"
stemming,2,0,vector_better,4,67,108,0.6220,0.1075,-0.5145,0.70,0.10,14,17,"can series expansions be found for the boundary layer on a flat plate in a shear flow"
stemming,2,0,vector_better,5,190,293,0.6367,0.1452,-0.4914,0.40,0.20,5,29,"will an analysis of panel flutter based on arbitrarily assumed modes of deformation prove satisfactory and if so what is the minimum number of modes that need be considered"
stemming,2,0,vector_better,6,17,32,0.5085,0.0295,-0.4789,0.10,0.00,2,20,"can the three-dimensional problem of a transverse potential flow about a body of revolution be reduced to a two-dimensional problem"
stemming,2,0,vector_better,7,144,214,0.6446,0.1885,-0.4561,0.50,0.20,6,33,"can studies of pure membrane cylinders having no wall bending stiffness but maintaining their shape by virtue of internal pressure provide any insight into the behaviour of pressurized cylinders with finite wall stiffness"
stemming,2,0,vector_better,8,102,152,0.4423,0.0648,-0.3775,0.20,0.10,4,9,"basic dynamic characteristics of structures continuous over many spans"
stemming,2,0,vector_better,9,121,176,0.6885,0.3200,-0.3684,0.50,0.30,7,16,"what papers are there dealing with circumferential buckling either thermal buckling or due to mechanical loading"
stemming,2,0,vector_better,10,183,277,0.6555,0.3026,-0.3529,0.80,0.40,13,14,"what factors have been shown to have a primary influence on sonic boom strength"
stemming,2,0,both_poor,1,31,56,0.0007,0.0007,-0.0000,0.00,0.00,1,23,"what size of end plate can be safely used to simulate two-dimensional flow conditions over a bluff cylindrical body of finite aspect ratio"
stemming,2,0,both_poor,2,22,40,0.0018,0.0015,-0.0002,0.00,0.00,1,24,"did anyone else discover that the turbulent skin friction is not over sensitive to the nature of the variation of the viscosity with temperature"
stemming,2,0,both_poor,3,216,340,0.0018,0.0022,+0.0003,0.00,0.00,1,19,"what investigations have been made of the wave system created by a static pressure distribution over a liquid surface"
stemming,2,0,both_poor,4,44,79,0.0023,0.0021,-0.0002,0.00,0.00,3,13,"what are the details of the rigorous kinetic theory of gases chapman-enskog theory"
stemming,2,0,both_poor,5,124,182,0.0033,0.0031,-0.0002,0.00,0.00,4,38,"in what areas other than low density wind tunnel flows is viscous compressible flow in slender channels a problem what analytical investigations have been made of the stability of conical shells how do the results compare with experiment"
stemming,2,0,both_poor,6,13,26,0.0034,0.0029,-0.0005,0.00,0.00,4,10,"what is the basic mechanism of the transonic aileron buzz"
stemming,2,0,both_poor,7,28,53,0.0050,0.0034,-0.0016,0.00,0.00,2,10,"what application has the linear theory design of curved wings"
stemming,2,0,both_poor,8,207,323,0.0055,0.0063,+0.0008,0.00,0.00,5,12,"how do large changes in new mass ratio quantitatively affect wing-flutter boundaries"
stemming,2,0,both_poor,9,152,225,0.0080,0.0067,-0.0012,0.00,0.00,6,17,"how can the effect of the boundary-layer on wing pressure be calculated and what is its magnitude"
stemming,2,0,both_poor,10,139,209,0.0097,0.0082,-0.0015,0.00,0.00,4,23,"has the effect of the change of initial pressure due to deformation on the frequencies of vibration of circular cylindrical shells been investigated"
stemming,2,0.75,bm25_better,1,173,264,0.5833,1.0000,+0.4167,0.20,0.20,2,14,"references on lyapunovs method on the stability of linear differential equations with periodic coefficients"
stemming,2,0.75,bm25_better,2,143,213,0.2436,0.6111,+0.3675,0.10,0.20,2,13,"what general solutions for the stresses in pressurized shells of revolution are available"
stemming,2,0.75,bm25_better,3,95,143,0.1970,0.5455,+0.3485,0.10,0.10,2,10,"what is the theoretical heat transfer distribution around a hemisphere"
stemming,2,0.75,bm25_better,4,205,317,0.3611,0.6667,+0.3056,0.20,0.20,2,13,"has anyone investigated theoretically whether surface flexibility can stabilize a laminar boundary layer"
stemming,2,0.75,bm25_better,5,167,253,0.1484,0.4500,+0.3016,0.10,0.20,2,21,"exact solution methods for calculating the ablative mass loss of a material ablating at high temperatures in a hypersonic flight environment"
stemming,2,0.75,bm25_better,6,15,29,0.7000,1.0000,+0.3000,0.20,0.20,2,5,"material properties of photoelastic materials"
stemming,2,0.75,bm25_better,7,18,33,0.0995,0.3623,+0.2628,0.10,0.10,3,13,"are experimental pressure distributions on bodies of revolution at angle of attack available"
stemming,2,0.75,bm25_better,8,154,227,0.5833,0.8333,+0.2500,0.20,0.20,2,13,"which iterative method for solving linear elliptic difference equations is most rapidly convergent"
stemming,2,0.75,bm25_better,9,61,102,0.3002,0.5389,+0.2386,0.30,0.30,5,15,"does there exist a closed-form expression for the local heat transfer around a yawed cylinder"
stemming,2,0.75,bm25_better,10,43,74,0.4326,0.6445,+0.2119,0.30,0.40,6,17,"can the transonic flow around an arbitrary smooth thin airfoil be analysed in a simple approximate way"
stemming,2,0.75,vector_better,1,183,277,0.6555,0.3093,-0.3462,0.80,0.40,13,14,"what factors have been shown to have a primary influence on sonic boom strength"
stemming,2,0.75,vector_better,2,190,293,0.6367,0.3649,-0.2718,0.40,0.30,5,29,"will an analysis of panel flutter based on arbitrarily assumed modes of deformation prove satisfactory and if so what is the minimum number of modes that need be considered"
stemming,2,0.75,vector_better,3,146,216,0.8333,0.5833,-0.2500,0.20,0.20,2,18,"does a membrane theory exist by which the behaviour of pressurized membrane cylinders in bending can be predicted"
stemming,2,0.75,vector_better,4,17,32,0.5085,0.2622,-0.2463,0.10,0.10,2,20,"can the three-dimensional problem of a transverse potential flow about a body of revolution be reduced to a two-dimensional problem"
stemming,2,0.75,vector_better,5,148,218,0.4621,0.2194,-0.2427,0.30,0.20,6,10,"papers on small deflection theory for buckling of sandwich cylinders"
stemming,2,0.75,vector_better,6,145,215,0.4327,0.2143,-0.2184,0.40,0.20,7,18,"what are the best experimental data and classical small deflection theory analyses available for pressurized cylinders in bending"
stemming,2,0.75,vector_better,7,82,128,0.5251,0.3076,-0.2175,0.30,0.30,5,23,"how do kuchemanns and multhopps methods for calculating lift distributions on swept wings in subsonic flow compare with each other and with experiment"
stemming,2,0.75,vector_better,8,144,214,0.6446,0.4452,-0.1994,0.50,0.50,6,33,"can studies of pure membrane cylinders having no wall bending stiffness but maintaining their shape by virtue of internal pressure provide any insight into the behaviour of pressurized cylinders with finite wall stiffness"
stemming,2,0.75,vector_better,9,88,136,0.8556,0.6746,-0.1810,0.60,0.60,6,23,"how does a satellite orbit contract under the action of air drag in an atmosphere in which the scale height varies with altitude"
stemming,2,0.75,vector_better,10,121,176,0.6885,0.5124,-0.1761,0.50,0.40,7,16,"what papers are there dealing with circumferential buckling either thermal buckling or due to mechanical loading"
stemming,2,0.75,both_poor,1,31,56,0.0007,0.0007,-0.0000,0.00,0.00,1,23,"what size of end plate can be safely used to simulate two-dimensional flow conditions over a bluff cylindrical body of finite aspect ratio"
stemming,2,0.75,both_poor,2,22,40,0.0018,0.0017,-0.0001,0.00,0.00,1,24,"did anyone else discover that the turbulent skin friction is not over sensitive to the nature of the variation of the viscosity with temperature"
stemming,2,0.75,both_poor,3,216,340,0.0018,0.0016,-0.0002,0.00,0.00,1,19,"what investigations have been made of the wave system created by a static pressure distribution over a liquid surface"
stemming,2,0.75,both_poor,4,44,79,0.0023,0.0024,+0.0001,0.00,0.00,3,13,"what are the details of the rigorous kinetic theory of gases chapman-enskog theory"
stemming,2,0.75,both_poor,5,124,182,0.0033,0.0033,+0.0000,0.00,0.00,4,38,"in what areas other than low density wind tunnel flows is viscous compressible flow in slender channels a problem what analytical investigations have been made of the stability of conical shells how do the results compare with experiment"
stemming,2,0.75,both_poor,6,13,26,0.0034,0.0030,-0.0004,0.00,0.00,4,10,"what is the basic mechanism of the transonic aileron buzz"
stemming,2,0.75,both_poor,7,28,53,0.0050,0.0047,-0.0003,0.00,0.00,2,10,"what application has the linear theory design of curved wings"
stemming,2,0.75,both_poor,8,207,323,0.0055,0.0070,+0.0015,0.00,0.00,5,12,"how do large changes in new mass ratio quantitatively affect wing-flutter boundaries"
stemming,2,0.75,both_poor,9,152,225,0.0080,0.0073,-0.0007,0.00,0.00,6,17,"how can the effect of the boundary-layer on wing pressure be calculated and what is its magnitude"
stemming,2,0.75,both_poor,10,139,209,0.0097,0.0075,-0.0022,0.00,0.00,4,23,"has the effect of the change of initial pressure due to deformation on the frequencies of vibration of circular cylindrical shells been investigated"
stemming,2,1,bm25_better,1,173,264,0.5833,1.0000,+0.4167,0.20,0.20,2,14,"references on lyapunovs method on the stability of linear differential equations with periodic coefficients"
stemming,2,1,bm25_better,2,143,213,0.2436,0.6429,+0.3993,0.10,0.20,2,13,"what general solutions for the stresses in pressurized shells of revolution are available"
stemming,2,1,bm25_better,3,81,126,0.6667,1.0000,+0.3333,0.20,0.20,2,13,"what are wind-tunnel corrections for a two-dimensional aerofoil mounted off-centre in a tunnel"
stemming,2,1,bm25_better,4,205,317,0.3611,0.6429,+0.2817,0.20,0.20,2,13,"has anyone investigated theoretically whether surface flexibility can stabilize a laminar boundary layer"
stemming,2,1,bm25_better,5,165,251,0.3929,0.6667,+0.2738,0.20,0.20,2,15,"are the stable profiles of a compressible boundary layer induced by a moving wave known"
stemming,2,1,bm25_better,6,154,227,0.5833,0.8333,+0.2500,0.20,0.20,2,13,"which iterative method for solving linear elliptic difference equations is most rapidly convergent"
stemming,2,1,bm25_better,7,43,74,0.4326,0.6575,+0.2248,0.30,0.40,6,17,"can the transonic flow around an arbitrary smooth thin airfoil be analysed in a simple approximate way"
stemming,2,1,bm25_better,8,118,171,0.1942,0.4127,+0.2185,0.20,0.20,3,17,"what are the aerodynamic interference effects on the fin lift and body lift of a fin-body combination"
stemming,2,1,bm25_better,9,136,205,0.2097,0.3803,+0.1707,0.10,0.10,3,14,"what are the results for the creep buckling of round tubes under external pressure"
stemming,2,1,bm25_better,10,200,304,0.3056,0.4762,+0.1706,0.20,0.30,3,21,"are asymptotic methods sufficiently accurate in the determination of pre-buckling stresses in torispherical shells or must we resort to numerical methods"
stemming,2,1,vector_better,1,183,277,0.6555,0.2607,-0.3948,0.80,0.40,13,14,"what factors have been shown to have a primary influence on sonic boom strength"
stemming,2,1,vector_better,2,17,32,0.5085,0.2620,-0.2464,0.10,0.10,2,20,"can the three-dimensional problem of a transverse potential flow about a body of revolution be reduced to a two-dimensional problem"
stemming,2,1,vector_better,3,190,293,0.6367,0.3942,-0.2425,0.40,0.30,5,29,"will an analysis of panel flutter based on arbitrarily assumed modes of deformation prove satisfactory and if so what is the minimum number of modes that need be considered"
stemming,2,1,vector_better,4,155,230,0.4081,0.2469,-0.1612,0.30,0.20,6,8,"technical report on measurement of ablation during flight"
stemming,2,1,vector_better,5,88,136,0.8556,0.6968,-0.1587,0.60,0.60,6,23,"how does a satellite orbit contract under the action of air drag in an atmosphere in which the scale height varies with altitude"
stemming,2,1,vector_better,6,191,294,0.5637,0.4062,-0.1575,0.60,0.40,13,18,"what is the criterion for true panel flutter as opposed to small amplitude vibration arising from acoustic disturbances"
stemming,2,1,vector_better,7,148,218,0.4621,0.3069,-0.1553,0.30,0.20,6,10,"papers on small deflection theory for buckling of sandwich cylinders"
stemming,2,1,vector_better,8,121,176,0.6885,0.5336,-0.1549,0.50,0.40,7,16,"what papers are there dealing with circumferential buckling either thermal buckling or due to mechanical loading"
stemming,2,1,vector_better,9,197,300,0.7917,0.6465,-0.1452,0.30,0.20,3,10,"how is fatigue damage estimated using the normal long-hand method"
stemming,2,1,vector_better,10,77,120,0.5313,0.3875,-0.1438,0.40,0.40,6,20,"how close is the comparison of the shock layer theory with existing experiments in the low reynolds number merged-layer regime"
stemming,2,1,both_poor,1,31,56,0.0007,0.0007,+0.0000,0.00,0.00,1,23,"what size of end plate can be safely used to simulate two-dimensional flow conditions over a bluff cylindrical body of finite aspect ratio"
stemming,2,1,both_poor,2,22,40,0.0018,0.0018,+0.0000,0.00,0.00,1,24,"did anyone else discover that the turbulent skin friction is not over sensitive to the nature of the variation of the viscosity with temperature"
stemming,2,1,both_poor,3,216,340,0.0018,0.0015,-0.0003,0.00,0.00,1,19,"what investigations have been made of the wave system created by a static pressure distribution over a liquid surface"
stemming,2,1,both_poor,4,44,79,0.0023,0.0026,+0.0003,0.00,0.00,3,13,"what are the details of the rigorous kinetic theory of gases chapman-enskog theory"
stemming,2,1,both_poor,5,124,182,0.0033,0.0034,+0.0001,0.00,0.00,4,38,"in what areas other than low density wind tunnel flows is viscous compressible flow in slender channels a problem what analytical investigations have been made of the stability of conical shells how do the results compare with experiment"
stemming,2,1,both_poor,6,13,26,0.0034,0.0031,-0.0003,0.00,0.00,4,10,"what is the basic mechanism of the transonic aileron buzz"
stemming,2,1,both_poor,7,28,53,0.0050,0.0052,+0.0002,0.00,0.00,2,10,"what application has the linear theory design of curved wings"
stemming,2,1,both_poor,8,207,323,0.0055,0.0070,+0.0015,0.00,0.00,5,12,"how do large changes in new mass ratio quantitatively affect wing-flutter boundaries"
stemming,2,1,both_poor,9,152,225,0.0080,0.0077,-0.0003,0.00,0.00,6,17,"how can the effect of the boundary-layer on wing pressure be calculated and what is its magnitude"
stemming,2,1,both_poor,10,139,209,0.0097,0.0081,-0.0017,0.00,0.00,4,23,"has the effect of the change of initial pressure due to deformation on the frequencies of vibration of circular cylindrical shells been investigated"
stopwords+stemming,0.5,0,bm25_better,1,167,253,0.1484,1.0000,+0.8516,0.10,0.20,2,21,"exact solution methods for calculating the ablative mass loss of a material ablating at high temperatures in a hypersonic flight environment"
stopwords+stemming,0.5,0,bm25_better,2,150,223,0.5833,1.0000,+0.4167,0.20,0.20,2,13,"what is the magnitude of second-order wing-body interference at high supersonic mach number"
stopwords+stemming,0.5,0,bm25_better,3,173,264,0.5833,1.0000,+0.4167,0.20,0.20,2,14,"references on lyapunovs method on the stability of linear differential equations with periodic coefficients"
stopwords+stemming,0.5,0,bm25_better,4,95,143,0.1961,0.5909,+0.3948,0.10,0.10,2,10,"what is the theoretical heat transfer distribution around a hemisphere"
stopwords+stemming,0.5,0,bm25_better,5,134,203,0.1270,0.5103,+0.3833,0.10,0.10,2,22,"is it possible to correlate the results on the creep buckling of widely different structures within the framework of a single theory"
stopwords+stemming,0.5,0,bm25_better,6,143,213,0.2436,0.5769,+0.3333,0.10,0.10,2,13,"what general solutions for the stresses in pressurized shells of revolution are available"
stopwords+stemming,0.5,0,bm25_better,7,205,317,0.3611,0.6429,+0.2817,0.20,0.20,2,13,"has anyone investigated theoretically whether surface flexibility can stabilize a laminar boundary layer"
stopwords+stemming,0.5,0,bm25_better,8,18,33,0.0992,0.3530,+0.2538,0.10,0.10,3,13,"are experimental pressure distributions on bodies of revolution at angle of attack available"
stopwords+stemming,0.5,0,bm25_better,9,164,250,0.3401,0.5664,+0.2263,0.30,0.50,8,8,"what determines the onset of shock-induced boundary-layer separation"
stopwords+stemming,0.5,0,bm25_better,10,5,9,0.2083,0.4245,+0.2162,0.20,0.30,4,10,"what chemical kinetic system is applicable to hypersonic aerodynamic problems"
stopwords+stemming,0.5,0,vector_better,1,52,87,0.8542,0.1622,-0.6920,0.40,0.20,4,19,"what is the available information pertaining to the effect of slight rarefaction on boundary layer flows the slip effect"
stopwords+stemming,0.5,0,vector_better,2,146,216,0.8333,0.2667,-0.5667,0.20,0.20,2,18,"does a membrane theory exist by which the behaviour of pressurized membrane cylinders in bending can be predicted"
stopwords+stemming,0.5,0,vector_better,3,144,214,0.6354,0.1628,-0.4726,0.50,0.10,6,33,"can studies of pure membrane cylinders having no wall bending stiffness but maintaining their shape by virtue of internal pressure provide any insight into the behaviour of pressurized cylinders with finite wall stiffness"
stopwords+stemming,0.5,0,vector_better,4,17,32,0.5083,0.0377,-0.4706,0.10,0.00,2,20,"can the three-dimensional problem of a transverse potential flow about a body of revolution be reduced to a two-dimensional problem"
stopwords+stemming,0.5,0,vector_better,5,67,108,0.6102,0.1504,-0.4597,0.70,0.10,14,17,"can series expansions be found for the boundary layer on a flat plate in a shear flow"
stopwords+stemming,0.5,0,vector_better,6,183,277,0.6471,0.2336,-0.4135,0.80,0.40,13,14,"what factors have been shown to have a primary influence on sonic boom strength"
stopwords+stemming,0.5,0,vector_better,7,102,152,0.4418,0.0643,-0.3775,0.20,0.10,4,9,"basic dynamic characteristics of structures continuous over many spans"
stopwords+stemming,0.5,0,vector_better,8,145,215,0.4309,0.0678,-0.3632,0.40,0.00,7,18,"what are the best experimental data and classical small deflection theory analyses available for pressurized cylinders in bending"
stopwords+stemming,0.5,0,vector_better,9,197,300,0.7917,0.4289,-0.3628,0.30,0.20,3,10,"how is fatigue damage estimated using the normal long-hand method"
stopwords+stemming,0.5,0,vector_better,10,3,4,0.6348,0.2885,-0.3463,0.70,0.40,8,13,"what problems of heat conduction in composite slabs have been solved so far"
stopwords+stemming,0.5,0,both_poor,1,13,26,0.0000,0.0000,+0.0000,0.00,0.00,4,10,"what is the basic mechanism of the transonic aileron buzz"
stopwords+stemming,0.5,0,both_poor,2,44,79,0.0000,0.0000,+0.0000,0.00,0.00,3,13,"what are the details of the rigorous kinetic theory of gases chapman-enskog theory"
stopwords+stemming,0.5,0,both_poor,3,22,40,0.0000,0.0000,+0.0000,0.00,0.00,1,24,"did anyone else discover that the turbulent skin friction is not over sensitive to the nature of the variation of the viscosity with temperature"
stopwords+stemming,0.5,0,both_poor,4,31,56,0.0000,0.0000,+0.0000,0.00,0.00,1,23,"what size of end plate can be safely used to simulate two-dimensional flow conditions over a bluff cylindrical body of finite aspect ratio"
stopwords+stemming,0.5,0,both_poor,5,216,340,0.0018,0.0017,-0.0001,0.00,0.00,1,19,"what investigations have been made of the wave system created by a static pressure distribution over a liquid surface"
stopwords+stemming,0.5,0,both_poor,6,124,182,0.0033,0.0030,-0.0002,0.00,0.00,4,38,"in what areas other than low density wind tunnel flows is viscous compressible flow in slender channels a problem what analytical investigations have been made of the stability of conical shells how do the results compare with experiment"
stopwords+stemming,0.5,0,both_poor,7,207,323,0.0046,0.0050,+0.0004,0.00,0.00,5,12,"how do large changes in new mass ratio quantitatively affect wing-flutter boundaries"
stopwords+stemming,0.5,0,both_poor,8,28,53,0.0050,0.0032,-0.0017,0.00,0.00,2,10,"what application has the linear theory design of curved wings"
stopwords+stemming,0.5,0,both_poor,9,152,225,0.0096,0.0076,-0.0020,0.00,0.00,6,17,"how can the effect of the boundary-layer on wing pressure be calculated and what is its magnitude"
stopwords+stemming,0.5,0,both_poor,10,139,209,0.0098,0.0094,-0.0005,0.00,0.00,4,23,"has the effect of the change of initial pressure due to deformation on the frequencies of vibration of circular cylindrical shells been investigated"
stopwords+stemming,0.5,0.75,bm25_better,1,167,253,0.1484,0.8333,+0.6850,0.10,0.20,2,21,"exact solution methods for calculating the ablative mass loss of a material ablating at high temperatures in a hypersonic flight environment"
stopwords+stemming,0.5,0.75,bm25_better,2,173,264,0.5833,1.0000,+0.4167,0.20,0.20,2,14,"references on lyapunovs method on the stability of linear differential equations with periodic coefficients"
stopwords+stemming,0.5,0.75,bm25_better,3,143,213,0.2436,0.6111,+0.3675,0.10,0.20,2,13,"what general solutions for the stresses in pressurized shells of revolution are available"
stopwords+stemming,0.5,0.75,bm25_better,4,205,317,0.3611,0.6667,+0.3056,0.20,0.20,2,13,"has anyone investigated theoretically whether surface flexibility can stabilize a laminar boundary layer"
stopwords+stemming,0.5,0.75,bm25_better,5,15,29,0.7000,1.0000,+0.3000,0.20,0.20,2,5,"material properties of photoelastic materials"
stopwords+stemming,0.5,0.75,bm25_better,6,136,205,0.2097,0.4855,+0.2759,0.10,0.20,3,14,"what are the results for the creep buckling of round tubes under external pressure"
stopwords+stemming,0.5,0.75,bm25_better,7,18,33,0.0992,0.3552,+0.2560,0.10,0.10,3,13,"are experimental pressure distributions on bodies of revolution at angle of attack available"
stopwords+stemming,0.5,0.75,bm25_better,8,150,223,0.5833,0.8333,+0.2500,0.20,0.20,2,13,"what is the magnitude of second-order wing-body interference at high supersonic mach number"
stopwords+stemming,0.5,0.75,bm25_better,9,5,9,0.2083,0.4379,+0.2297,0.20,0.30,4,10,"what chemical kinetic system is applicable to hypersonic aerodynamic problems"
stopwords+stemming,0.5,0.75,bm25_better,10,61,102,0.3031,0.5206,+0.2175,0.30,0.20,5,15,"does there exist a closed-form expression for the local heat transfer around a yawed cylinder"
stopwords+stemming,0.5,0.75,vector_better,1,144,214,0.6354,0.2463,-0.3890,0.50,0.30,6,33,"can studies of pure membrane cylinders having no wall bending stiffness but maintaining their shape by virtue of internal pressure provide any insight into the behaviour of pressurized cylinders with finite wall stiffness"
stopwords+stemming,0.5,0.75,vector_better,2,183,277,0.6471,0.2643,-0.3828,0.80,0.40,13,14,"what factors have been shown to have a primary influence on sonic boom strength"
stopwords+stemming,0.5,0.75,vector_better,3,17,32,0.5083,0.1338,-0.3744,0.10,0.10,2,20,"can the three-dimensional problem of a transverse potential flow about a body of revolution be reduced to a two-dimensional problem"
stopwords+stemming,0.5,0.75,vector_better,4,197,300,0.7917,0.4444,-0.3472,0.30,0.20,3,10,"how is fatigue damage estimated using the normal long-hand method"
stopwords+stemming,0.5,0.75,vector_better,5,67,108,0.6102,0.2721,-0.3381,0.70,0.40,14,17,"can series expansions be found for the boundary layer on a flat plate in a shear flow"
stopwords+stemming,0.5,0.75,vector_better,6,145,215,0.4309,0.0976,-0.3333,0.40,0.10,7,18,"what are the best experimental data and classical small deflection theory analyses available for pressurized cylinders in bending"
stopwords+stemming,0.5,0.75,vector_better,7,155,230,0.4049,0.0912,-0.3137,0.30,0.10,6,8,"technical report on measurement of ablation during flight"
stopwords+stemming,0.5,0.75,vector_better,8,191,294,0.5660,0.2810,-0.2850,0.60,0.30,13,18,"what is the criterion for true panel flutter as opposed to small amplitude vibration arising from acoustic disturbances"
stopwords+stemming,0.5,0.75,vector_better,9,52,87,0.8542,0.5726,-0.2815,0.40,0.30,4,19,"what is the available information pertaining to the effect of slight rarefaction on boundary layer flows the slip effect"
stopwords+stemming,0.5,0.75,vector_better,10,148,218,0.4615,0.1844,-0.2772,0.30,0.20,6,10,"papers on small deflection theory for buckling of sandwich cylinders"
stopwords+stemming,0.5,0.75,both_poor,1,13,26,0.0000,0.0000,+0.0000,0.00,0.00,4,10,"what is the basic mechanism of the transonic aileron buzz"
stopwords+stemming,0.5,0.75,both_poor,2,44,79,0.0000,0.0000,+0.0000,0.00,0.00,3,13,"what are the details of the rigorous kinetic theory of gases chapman-enskog theory"
stopwords+stemming,0.5,0.75,both_poor,3,22,40,0.0000,0.0000,+0.0000,0.00,0.00,1,24,"did anyone else discover that the turbulent skin friction is not over sensitive to the nature of the variation of the viscosity with temperature"
stopwords+stemming,0.5,0.75,both_poor,4,31,56,0.0000,0.0000,+0.0000,0.00,0.00,1,23,"what size of end plate can be safely used to simulate two-dimensional flow conditions over a bluff cylindrical body of finite aspect ratio"
stopwords+stemming,0.5,0.75,both_poor,5,216,340,0.0018,0.0016,-0.0002,0.00,0.00,1,19,"what investigations have been made of the wave system created by a static pressure distribution over a liquid surface"
stopwords+stemming,0.5,0.75,both_poor,6,124,182,0.0033,0.0031,-0.0002,0.00,0.00,4,38,"in what areas other than low density wind tunnel flows is viscous compressible flow in slender channels a problem what analytical investigations have been made of the stability of conical shells how do the results compare with experiment"
stopwords+stemming,0.5,0.75,both_poor,7,28,53,0.0050,0.0036,-0.0014,0.00,0.00,2,10,"what application has the linear theory design of curved wings"
stopwords+stemming,0.5,0.75,both_poor,8,207,323,0.0046,0.0052,+0.0006,0.00,0.00,5,12,"how do large changes in new mass ratio quantitatively affect wing-flutter boundaries"
stopwords+stemming,0.5,0.75,both_poor,9,152,225,0.0096,0.0081,-0.0015,0.00,0.00,6,17,"how can the effect of the boundary-layer on wing pressure be calculated and what is its magnitude"
stopwords+stemming,0.5,0.75,both_poor,10,139,209,0.0098,0.0091,-0.0007,0.00,0.00,4,23,"has the effect of the change of initial pressure due to deformation on the frequencies of vibration of circular cylindrical shells been investigated"
stopwords+stemming,0.5,1,bm25_better,1,167,253,0.1484,0.7500,+0.6016,0.10,0.20,2,21,"exact solution methods for calculating the ablative mass loss of a material ablating at high temperatures in a hypersonic flight environment"
stopwords+stemming,0.5,1,bm25_better,2,173,264,0.5833,1.0000,+0.4167,0.20,0.20,2,14,"references on lyapunovs method on the stability of linear differential equations with periodic coefficients"
stopwords+stemming,0.5,1,bm25_better,3,143,213,0.2436,0.6111,+0.3675,0.10,0.20,2,13,"what general solutions for the stresses in pressurized shells of revolution are available"
stopwords+stemming,0.5,1,bm25_better,4,205,317,0.3611,0.6667,+0.3056,0.20,0.20,2,13,"has anyone investigated theoretically whether surface flexibility can stabilize a laminar boundary layer"
stopwords+stemming,0.5,1,bm25_better,5,18,33,0.0992,0.3546,+0.2554,0.10,0.10,3,13,"are experimental pressure distributions on bodies of revolution at angle of attack available"
stopwords+stemming,0.5,1,bm25_better,6,136,205,0.2097,0.4641,+0.2544,0.10,0.20,3,14,"what are the results for the creep buckling of round tubes under external pressure"
stopwords+stemming,0.5,1,bm25_better,7,150,223,0.5833,0.8333,+0.2500,0.20,0.20,2,13,"what is the magnitude of second-order wing-body interference at high supersonic mach number"
stopwords+stemming,0.5,1,bm25_better,8,133,202,0.1915,0.4240,+0.2324,0.10,0.30,7,5,"experimental studies of creep buckling"
stopwords+stemming,0.5,1,bm25_better,9,164,250,0.3401,0.5386,+0.1985,0.30,0.40,8,8,"what determines the onset of shock-induced boundary-layer separation"
stopwords+stemming,0.5,1,bm25_better,10,165,251,0.3929,0.5833,+0.1905,0.20,0.20,2,15,"are the stable profiles of a compressible boundary layer induced by a moving wave known"
stopwords+stemming,0.5,1,vector_better,1,183,277,0.6471,0.2252,-0.4220,0.80,0.30,13,14,"what factors have been shown to have a primary influence on sonic boom strength"
stopwords+stemming,0.5,1,vector_better,2,197,300,0.7917,0.4477,-0.3440,0.30,0.20,3,10,"how is fatigue damage estimated using the normal long-hand method"
stopwords+stemming,0.5,1,vector_better,3,144,214,0.6354,0.2957,-0.3397,0.50,0.30,6,33,"can studies of pure membrane cylinders having no wall bending stiffness but maintaining their shape by virtue of internal pressure provide any insight into the behaviour of pressurized cylinders with finite wall stiffness"
stopwords+stemming,0.5,1,vector_better,4,17,32,0.5083,0.1754,-0.3329,0.10,0.10,2,20,"can the three-dimensional problem of a transverse potential flow about a body of revolution be reduced to a two-dimensional problem"
stopwords+stemming,0.5,1,vector_better,5,145,215,0.4309,0.1044,-0.3266,0.40,0.10,7,18,"what are the best experimental data and classical small deflection theory analyses available for pressurized cylinders in bending"
stopwords+stemming,0.5,1,vector_better,6,155,230,0.4049,0.1188,-0.2861,0.30,0.10,6,8,"technical report on measurement of ablation during flight"
stopwords+stemming,0.5,1,vector_better,7,191,294,0.5660,0.2886,-0.2774,0.60,0.30,13,18,"what is the criterion for true panel flutter as opposed to small amplitude vibration arising from acoustic disturbances"
stopwords+stemming,0.5,1,vector_better,8,148,218,0.4615,0.1855,-0.2761,0.30,0.20,6,10,"papers on small deflection theory for buckling of sandwich cylinders"
stopwords+stemming,0.5,1,vector_better,9,77,120,0.5452,0.3291,-0.2161,0.40,0.30,6,20,"how close is the comparison of the shock layer theory with existing experiments in the low reynolds number merged-layer regime"
stopwords+stemming,0.5,1,vector_better,10,67,108,0.6102,0.3979,-0.2123,0.70,0.50,14,17,"can series expansions be found for the boundary layer on a flat plate in a shear flow"
stopwords+stemming,0.5,1,both_poor,1,13,26,0.0000,0.0000,+0.0000,0.00,0.00,4,10,"what is the basic mechanism of the transonic aileron buzz"
stopwords+stemming,0.5,1,both_poor,2,44,79,0.0000,0.0000,+0.0000,0.00,0.00,3,13,"what are the details of the rigorous kinetic theory of gases chapman-enskog theory"
stopwords+stemming,0.5,1,both_poor,3,22,40,0.0000,0.0000,+0.0000,0.00,0.00,1,24,"did anyone else discover that the turbulent skin friction is not over sensitive to the nature of the variation of the viscosity with temperature"
stopwords+stemming,0.5,1,both_poor,4,31,56,0.0000,0.0000,+0.0000,0.00,0.00,1,23,"what size of end plate can be safely used to simulate two-dimensional flow conditions over a bluff cylindrical body of finite aspect ratio"
stopwords+stemming,0.5,1,both_poor,5,216,340,0.0018,0.0016,-0.0003,0.00,0.00,1,19,"what investigations have been made of the wave system created by a static pressure distribution over a liquid surface"
stopwords+stemming,0.5,1,both_poor,6,124,182,0.0033,0.0032,-0.0001,0.00,0.00,4,38,"in what areas other than low density wind tunnel flows is viscous compressible flow in slender channels a problem what analytical investigations have been made of the stability of conical shells how do the results compare with experiment"
stopwords+stemming,0.5,1,both_poor,7,28,53,0.0050,0.0038,-0.0012,0.00,0.00,2,10,"what application has the linear theory design of curved wings"
stopwords+stemming,0.5,1,both_poor,8,207,323,0.0046,0.0052,+0.0006,0.00,0.00,5,12,"how do large changes in new mass ratio quantitatively affect wing-flutter boundaries"
stopwords+stemming,0.5,1,both_poor,9,152,225,0.0096,0.0084,-0.0011,0.00,0.00,6,17,"how can the effect of the boundary-layer on wing pressure be calculated and what is its magnitude"
stopwords+stemming,0.5,1,both_poor,10,139,209,0.0098,0.0091,-0.0007,0.00,0.00,4,23,"has the effect of the change of initial pressure due to deformation on the frequencies of vibration of circular cylindrical shells been investigated"
stopwords+stemming,1.2,0,bm25_better,1,167,253,0.1484,1.0000,+0.8516,0.10,0.20,2,21,"exact solution methods for calculating the ablative mass loss of a material ablating at high temperatures in a hypersonic flight environment"
stopwords+stemming,1.2,0,bm25_better,2,150,223,0.5833,1.0000,+0.4167,0.20,0.20,2,13,"what is the magnitude of second-order wing-body interference at high supersonic mach number"
stopwords+stemming,1.2,0,bm25_better,3,173,264,0.5833,1.0000,+0.4167,0.20,0.20,2,14,"references on lyapunovs method on the stability of linear differential equations with periodic coefficients"
stopwords+stemming,1.2,0,bm25_better,4,134,203,0.1270,0.5123,+0.3854,0.10,0.10,2,22,"is it possible to correlate the results on the creep buckling of widely different structures within the framework of a single theory"
stopwords+stemming,1.2,0,bm25_better,5,95,143,0.1961,0.5588,+0.3627,0.10,0.10,2,10,"what is the theoretical heat transfer distribution around a hemisphere"
stopwords+stemming,1.2,0,bm25_better,6,143,213,0.2436,0.5714,+0.3278,0.10,0.10,2,13,"what general solutions for the stresses in pressurized shells of revolution are available"
stopwords+stemming,1.2,0,bm25_better,7,205,317,0.3611,0.6667,+0.3056,0.20,0.20,2,13,"has anyone investigated theoretically whether surface flexibility can stabilize a laminar boundary layer"
stopwords+stemming,1.2,0,bm25_better,8,223,356,0.4407,0.6951,+0.2543,0.20,0.30,4,10,"papers on shear buckling of unstiffened rectangular plates under shear"
stopwords+stemming,1.2,0,bm25_better,9,18,33,0.0992,0.3530,+0.2538,0.10,0.10,3,13,"are experimental pressure distributions on bodies of revolution at angle of attack available"
stopwords+stemming,1.2,0,bm25_better,10,5,9,0.2083,0.4542,+0.2459,0.20,0.30,4,10,"what chemical kinetic system is applicable to hypersonic aerodynamic problems"
stopwords+stemming,1.2,0,vector_better,1,52,87,0.8542,0.2073,-0.6468,0.40,0.20,4,19,"what is the available information pertaining to the effect of slight rarefaction on boundary layer flows the slip effect"
stopwords+stemming,1.2,0,vector_better,2,146,216,0.8333,0.2679,-0.5655,0.20,0.20,2,18,"does a membrane theory exist by which the behaviour of pressurized membrane cylinders in bending can be predicted"
stopwords+stemming,1.2,0,vector_better,3,17,32,0.5083,0.0349,-0.4733,0.10,0.00,2,20,"can the three-dimensional problem of a transverse potential flow about a body of revolution be reduced to a two-dimensional problem"
stopwords+stemming,1.2,0,vector_better,4,67,108,0.6102,0.1414,-0.4688,0.70,0.10,14,17,"can series expansions be found for the boundary layer on a flat plate in a shear flow"
stopwords+stemming,1.2,0,vector_better,5,102,152,0.4418,0.0702,-0.3716,0.20,0.10,4,9,"basic dynamic characteristics of structures continuous over many spans"
stopwords+stemming,1.2,0,vector_better,6,183,277,0.6471,0.2768,-0.3704,0.80,0.40,13,14,"what factors have been shown to have a primary influence on sonic boom strength"
stopwords+stemming,1.2,0,vector_better,7,64,105,0.6250,0.2614,-0.3636,0.20,0.10,2,27,"cant the static deflection shapes be used in predicting flutter in place of vibrational shapes if so can we provide a justification by means of an example"
stopwords+stemming,1.2,0,vector_better,8,145,215,0.4309,0.0800,-0.3509,0.40,0.00,7,18,"what are the best experimental data and classical small deflection theory analyses available for pressurized cylinders in bending"
stopwords+stemming,1.2,0,vector_better,9,197,300,0.7917,0.4514,-0.3403,0.30,0.20,3,10,"how is fatigue damage estimated using the normal long-hand method"
stopwords+stemming,1.2,0,vector_better,10,144,214,0.6354,0.2970,-0.3384,0.50,0.10,6,33,"can studies of pure membrane cylinders having no wall bending stiffness but maintaining their shape by virtue of internal pressure provide any insight into the behaviour of pressurized cylinders with finite wall stiffness"
stopwords+stemming,1.2,0,both_poor,1,13,26,0.0000,0.0000,+0.0000,0.00,0.00,4,10,"what is the basic mechanism of the transonic aileron buzz"
stopwords+stemming,1.2,0,both_poor,2,44,79,0.0000,0.0000,+0.0000,0.00,0.00,3,13,"what are the details of the rigorous kinetic theory of gases chapman-enskog theory"
stopwords+stemming,1.2,0,both_poor,3,22,40,0.0000,0.0000,+0.0000,0.00,0.00,1,24,"did anyone else discover that the turbulent skin friction is not over sensitive to the nature of the variation of the viscosity with temperature"
stopwords+stemming,1.2,0,both_poor,4,31,56,0.0000,0.0000,+0.0000,0.00,0.00,1,23,"what size of end plate can be safely used to simulate two-dimensional flow conditions over a bluff cylindrical body of finite aspect ratio"
stopwords+stemming,1.2,0,both_poor,5,216,340,0.0018,0.0020,+0.0001,0.00,0.00,1,19,"what investigations have been made of the wave system created by a static pressure distribution over a liquid surface"
stopwords+stemming,1.2,0,both_poor,6,124,182,0.0033,0.0031,-0.0002,0.00,0.00,4,38,"in what areas other than low density wind tunnel flows is viscous compressible flow in slender channels a problem what analytical investigations have been made of the stability of conical shells how do the results compare with experiment"
stopwords+stemming,1.2,0,both_poor,7,28,53,0.0050,0.0034,-0.0016,0.00,0.00,2,10,"what application has the linear theory design of curved wings"
stopwords+stemming,1.2,0,both_poor,8,207,323,0.0046,0.0052,+0.0006,0.00,0.00,5,12,"how do large changes in new mass ratio quantitatively affect wing-flutter boundaries"
stopwords+stemming,1.2,0,both_poor,9,152,225,0.0096,0.0074,-0.0022,0.00,0.00,6,17,"how can the effect of the boundary-layer on wing pressure be calculated and what is its magnitude"
stopwords+stemming,1.2,0,both_poor,10,139,209,0.0098,0.0083,-0.0015,0.00,0.00,4,23,"has the effect of the change of initial pressure due to deformation on the frequencies of vibration of circular cylindrical shells been investigated"
stopwords+stemming,1.2,0.75,bm25_better,1,173,264,0.5833,1.0000,+0.4167,0.20,0.20,2,14,"references on lyapunovs method on the stability of linear differential equations with periodic coefficients"
stopwords+stemming,1.2,0.75,bm25_better,2,143,213,0.2436,0.6250,+0.3814,0.10,0.20,2,13,"what general solutions for the stresses in pressurized shells of revolution are available"
stopwords+stemming,1.2,0.75,bm25_better,3,167,253,0.1484,0.5000,+0.3516,0.10,0.20,2,21,"exact solution methods for calculating the ablative mass loss of a material ablating at high temperatures in a hypersonic flight environment"
stopwords+stemming,1.2,0.75,bm25_better,4,205,317,0.3611,0.7000,+0.3389,0.20,0.20,2,13,"has anyone investigated theoretically whether surface flexibility can stabilize a laminar boundary layer"
stopwords+stemming,1.2,0.75,bm25_better,5,15,29,0.7000,1.0000,+0.3000,0.20,0.20,2,5,"material properties of photoelastic materials"
stopwords+stemming,1.2,0.75,bm25_better,6,18,33,0.0992,0.3559,+0.2567,0.10,0.10,3,13,"are experimental pressure distributions on bodies of revolution at angle of attack available"
stopwords+stemming,1.2,0.75,bm25_better,7,150,223,0.5833,0.8333,+0.2500,0.20,0.20,2,13,"what is the magnitude of second-order wing-body interference at high supersonic mach number"
stopwords+stemming,1.2,0.75,bm25_better,8,61,102,0.3031,0.5449,+0.2418,0.30,0.30,5,15,"does there exist a closed-form expression for the local heat transfer around a yawed cylinder"
stopwords+stemming,1.2,0.75,bm25_better,9,136,205,0.2097,0.4196,+0.2100,0.10,0.20,3,14,"what are the results for the creep buckling of round tubes under external pressure"
stopwords+stemming,1.2,0.75,bm25_better,10,164,250,0.3401,0.5163,+0.1762,0.30,0.40,8,8,"what determines the onset of shock-induced boundary-layer separation"
stopwords+stemming,1.2,0.75,vector_better,1,183,277,0.6471,0.2918,-0.3554,0.80,0.40,13,14,"what factors have been shown to have a primary influence on sonic boom strength"
stopwords+stemming,1.2,0.75,vector_better,2,148,218,0.4615,0.1888,-0.2727,0.30,0.20,6,10,"papers on small deflection theory for buckling of sandwich cylinders"
stopwords+stemming,1.2,0.75,vector_better,3,145,215,0.4309,0.1667,-0.2642,0.40,0.20,7,18,"what are the best experimental data and classical small deflection theory analyses available for pressurized cylinders in bending"
stopwords+stemming,1.2,0.75,vector_better,4,144,214,0.6354,0.3853,-0.2501,0.50,0.50,6,33,"can studies of pure membrane cylinders having no wall bending stiffness but maintaining their shape by virtue of internal pressure provide any insight into the behaviour of pressurized cylinders with finite wall stiffness"
stopwords+stemming,1.2,0.75,vector_better,5,146,216,0.8333,0.5833,-0.2500,0.20,0.20,2,18,"does a membrane theory exist by which the behaviour of pressurized membrane cylinders in bending can be predicted"
stopwords+stemming,1.2,0.75,vector_better,6,17,32,0.5083,0.2598,-0.2485,0.10,0.10,2,20,"can the three-dimensional problem of a transverse potential flow about a body of revolution be reduced to a two-dimensional problem"
stopwords+stemming,1.2,0.75,vector_better,7,191,294,0.5660,0.3650,-0.2010,0.60,0.20,13,18,"what is the criterion for true panel flutter as opposed to small amplitude vibration arising from acoustic disturbances"
stopwords+stemming,1.2,0.75,vector_better,8,77,120,0.5452,0.3483,-0.1969,0.40,0.30,6,20,"how close is the comparison of the shock layer theory with existing experiments in the low reynolds number merged-layer regime"
stopwords+stemming,1.2,0.75,vector_better,9,155,230,0.4049,0.2185,-0.1864,0.30,0.10,6,8,"technical report on measurement of ablation during flight"
stopwords+stemming,1.2,0.75,vector_better,10,88,136,0.8556,0.6746,-0.1810,0.60,0.60,6,23,"how does a satellite orbit contract under the action of air drag in an atmosphere in which the scale height varies with altitude"
stopwords+stemming,1.2,0.75,both_poor,1,13,26,0.0000,0.0000,+0.0000,0.00,0.00,4,10,"what is the basic mechanism of the transonic aileron buzz"
stopwords+stemming,1.2,0.75,both_poor,2,44,79,0.0000,0.0000,+0.0000,0.00,0.00,3,13,"what are the details of the rigorous kinetic theory of gases chapman-enskog theory"
stopwords+stemming,1.2,0.75,both_poor,3,22,40,0.0000,0.0000,+0.0000,0.00,0.00,1,24,"did anyone else discover that the turbulent skin friction is not over sensitive to the nature of the variation of the viscosity with temperature"
stopwords+stemming,1.2,0.75,both_poor,4,31,56,0.0000,0.0000,+0.0000,0.00,0.00,1,23,"what size of end plate can be safely used to simulate two-dimensional flow conditions over a bluff cylindrical body of finite aspect ratio"
stopwords+stemming,1.2,0.75,both_poor,5,216,340,0.0018,0.0017,-0.0002,0.00,0.00,1,19,"what investigations have been made of the wave system created by a static pressure distribution over a liquid surface"
stopwords+stemming,1.2,0.75,both_poor,6,124,182,0.0033,0.0033,-0.0000,0.00,0.00,4,38,"in what areas other than low density wind tunnel flows is viscous compressible flow in slender channels a problem what analytical investigations have been made of the stability of conical shells how do the results compare with experiment"
stopwords+stemming,1.2,0.75,both_poor,7,28,53,0.0050,0.0042,-0.0007,0.00,0.00,2,10,"what application has the linear theory design of curved wings"
stopwords+stemming,1.2,0.75,both_poor,8,207,323,0.0046,0.0055,+0.0010,0.00,0.00,5,12,"how do large changes in new mass ratio quantitatively affect wing-flutter boundaries"
stopwords+stemming,1.2,0.75,both_poor,9,152,225,0.0096,0.0080,-0.0015,0.00,0.00,6,17,"how can the effect of the boundary-layer on wing pressure be calculated and what is its magnitude"
stopwords+stemming,1.2,0.75,both_poor,10,139,209,0.0098,0.0085,-0.0014,0.00,0.00,4,23,"has the effect of the change of initial pressure due to deformation on the frequencies of vibration of circular cylindrical shells been investigated"
stopwords+stemming,1.2,1,bm25_better,1,173,264,0.5833,1.0000,+0.4167,0.20,0.20,2,14,"references on lyapunovs method on the stability of linear differential equations with periodic coefficients"
stopwords+stemming,1.2,1,bm25_better,2,143,213,0.2436,0.6250,+0.3814,0.10,0.20,2,13,"what general solutions for the stresses in pressurized shells of revolution are available"
stopwords+stemming,1.2,1,bm25_better,3,167,253,0.1484,0.5000,+0.3516,0.10,0.20,2,21,"exact solution methods for calculating the ablative mass loss of a material ablating at high temperatures in a hypersonic flight environment"
stopwords+stemming,1.2,1,bm25_better,4,118,171,0.1932,0.5185,+0.3254,0.20,0.20,3,17,"what are the aerodynamic interference effects on the fin lift and body lift of a fin-body combination"
stopwords+stemming,1.2,1,bm25_better,5,205,317,0.3611,0.6667,+0.3056,0.20,0.20,2,13,"has anyone investigated theoretically whether surface flexibility can stabilize a laminar boundary layer"
stopwords+stemming,1.2,1,bm25_better,6,136,205,0.2097,0.4059,+0.1962,0.10,0.10,3,14,"what are the results for the creep buckling of round tubes under external pressure"
stopwords+stemming,1.2,1,bm25_better,7,61,102,0.3031,0.4778,+0.1747,0.30,0.30,5,15,"does there exist a closed-form expression for the local heat transfer around a yawed cylinder"
stopwords+stemming,1.2,1,bm25_better,8,81,126,0.6667,0.8333,+0.1667,0.20,0.20,2,13,"what are wind-tunnel corrections for a two-dimensional aerofoil mounted off-centre in a tunnel"
stopwords+stemming,1.2,1,bm25_better,9,43,74,0.4301,0.5924,+0.1624,0.30,0.40,6,17,"can the transonic flow around an arbitrary smooth thin airfoil be analysed in a simple approximate way"
stopwords+stemming,1.2,1,bm25_better,10,164,250,0.3401,0.4955,+0.1554,0.30,0.40,8,8,"what determines the onset of shock-induced boundary-layer separation"
stopwords+stemming,1.2,1,vector_better,1,183,277,0.6471,0.2766,-0.3706,0.80,0.40,13,14,"what factors have been shown to have a primary influence on sonic boom strength"
stopwords+stemming,1.2,1,vector_better,2,17,32,0.5083,0.2595,-0.2487,0.10,0.10,2,20,"can the three-dimensional problem of a transverse potential flow about a body of revolution be reduced to a two-dimensional problem"
stopwords+stemming,1.2,1,vector_better,3,148,218,0.4615,0.2171,-0.2445,0.30,0.20,6,10,"papers on small deflection theory for buckling of sandwich cylinders"
stopwords+stemming,1.2,1,vector_better,4,145,215,0.4309,0.1987,-0.2323,0.40,0.20,7,18,"what are the best experimental data and classical small deflection theory analyses available for pressurized cylinders in bending"
stopwords+stemming,1.2,1,vector_better,5,191,294,0.5660,0.3566,-0.2094,0.60,0.20,13,18,"what is the criterion for true panel flutter as opposed to small amplitude vibration arising from acoustic disturbances"
stopwords+stemming,1.2,1,vector_better,6,144,214,0.6354,0.4305,-0.2049,0.50,0.50,6,33,"can studies of pure membrane cylinders having no wall bending stiffness but maintaining their shape by virtue of internal pressure provide any insight into the behaviour of pressurized cylinders with finite wall stiffness"
stopwords+stemming,1.2,1,vector_better,7,77,120,0.5452,0.3520,-0.1932,0.40,0.40,6,20,"how close is the comparison of the shock layer theory with existing experiments in the low reynolds number merged-layer regime"
stopwords+stemming,1.2,1,vector_better,8,155,230,0.4049,0.2203,-0.1846,0.30,0.10,6,8,"technical report on measurement of ablation during flight"
stopwords+stemming,1.2,1,vector_better,9,197,300,0.7917,0.6325,-0.1592,0.30,0.20,3,10,"how is fatigue damage estimated using the normal long-hand method"
stopwords+stemming,1.2,1,vector_better,10,92,140,0.6162,0.4728,-0.1435,0.70,0.40,13,35,"given complete freedom in the design of an airplane what procedure would be used in order to minimize sonic boom intensity and is there a limit to the degree of minimizing that can be accomplished"
stopwords+stemming,1.2,1,both_poor,1,13,26,0.0000,0.0000,+0.0000,0.00,0.00,4,10,"what is the basic mechanism of the transonic aileron buzz"
stopwords+stemming,1.2,1,both_poor,2,44,79,0.0000,0.0000,+0.0000,0.00,0.00,3,13,"what are the details of the rigorous kinetic theory of gases chapman-enskog theory"
stopwords+stemming,1.2,1,both_poor,3,22,40,0.0000,0.0000,+0.0000,0.00,0.00,1,24,"did anyone else discover that the turbulent skin friction is not over sensitive to the nature of the variation of the viscosity with temperature"
stopwords+stemming,1.2,1,both_poor,4,31,56,0.0000,0.0000,+0.0000,0.00,0.00,1,23,"what size of end plate can be safely used to simulate two-dimensional flow conditions over a bluff cylindrical body of finite aspect ratio"
stopwords+stemming,1.2,1,both_poor,5,216,340,0.0018,0.0016,-0.0002,0.00,0.00,1,19,"what investigations have been made of the wave system created by a static pressure distribution over a liquid surface"
stopwords+stemming,1.2,1,both_poor,6,124,182,0.0033,0.0033,+0.0000,0.00,0.00,4,38,"in what areas other than low density wind tunnel flows is viscous compressible flow in slender channels a problem what analytical investigations have been made of the stability of conical shells how do the results compare with experiment"
stopwords+stemming,1.2,1,both_poor,7,28,53,0.0050,0.0047,-0.0003,0.00,0.00,2,10,"what application has the linear theory design of curved wings"
stopwords+stemming,1.2,1,both_poor,8,207,323,0.0046,0.0054,+0.0009,0.00,0.00,5,12,"how do large changes in new mass ratio quantitatively affect wing-flutter boundaries"
stopwords+stemming,1.2,1,both_poor,9,152,225,0.0096,0.0087,-0.0009,0.00,0.00,6,17,"how can the effect of the boundary-layer on wing pressure be calculated and what is its magnitude"
stopwords+stemming,1.2,1,both_poor,10,139,209,0.0098,0.0087,-0.0011,0.00,0.00,4,23,"has the effect of the change of initial pressure due to deformation on the frequencies of vibration of circular cylindrical shells been investigated"
stopwords+stemming,2,0,bm25_better,1,167,253,0.1484,0.5833,+0.4350,0.10,0.20,2,21,"exact solution methods for calculating the ablative mass loss of a material ablating at high temperatures in a hypersonic flight environment"
stopwords+stemming,2,0,bm25_better,2,150,223,0.5833,1.0000,+0.4167,0.20,0.20,2,13,"what is the magnitude of second-order wing-body interference at high supersonic mach number"
stopwords+stemming,2,0,bm25_better,3,134,203,0.1270,0.5133,+0.3863,0.10,0.10,2,22,"is it possible to correlate the results on the creep buckling of widely different structures within the framework of a single theory"
stopwords+stemming,2,0,bm25_better,4,143,213,0.2436,0.6111,+0.3675,0.10,0.20,2,13,"what general solutions for the stresses in pressurized shells of revolution are available"
stopwords+stemming,2,0,bm25_better,5,95,143,0.1961,0.5435,+0.3474,0.10,0.10,2,10,"what is the theoretical heat transfer distribution around a hemisphere"
stopwords+stemming,2,0,bm25_better,6,223,356,0.4407,0.7589,+0.3182,0.20,0.30,4,10,"papers on shear buckling of unstiffened rectangular plates under shear"
stopwords+stemming,2,0,bm25_better,7,205,317,0.3611,0.6429,+0.2817,0.20,0.20,2,13,"has anyone investigated theoretically whether surface flexibility can stabilize a laminar boundary layer"
stopwords+stemming,2,0,bm25_better,8,18,33,0.0992,0.3527,+0.2535,0.10,0.10,3,13,"are experimental pressure distributions on bodies of revolution at angle of attack available"
stopwords+stemming,2,0,bm25_better,9,173,264,0.5833,0.8333,+0.2500,0.20,0.20,2,14,"references on lyapunovs method on the stability of linear differential equations with periodic coefficients"
stopwords+stemming,2,0,bm25_better,10,5,9,0.2083,0.4518,+0.2436,0.20,0.30,4,10,"what chemical kinetic system is applicable to hypersonic aerodynamic problems"
stopwords+stemming,2,0,vector_better,1,52,87,0.8542,0.2051,-0.6490,0.40,0.20,4,19,"what is the available information pertaining to the effect of slight rarefaction on boundary layer flows the slip effect"
stopwords+stemming,2,0,vector_better,2,146,216,0.8333,0.2500,-0.5833,0.20,0.20,2,18,"does a membrane theory exist by which the behaviour of pressurized membrane cylinders in bending can be predicted"
stopwords+stemming,2,0,vector_better,3,64,105,0.6250,0.1391,-0.4859,0.20,0.10,2,27,"cant the static deflection shapes be used in predicting flutter in place of vibrational shapes if so can we provide a justification by means of an example"
stopwords+stemming,2,0,vector_better,4,17,32,0.5083,0.0370,-0.4713,0.10,0.00,2,20,"can the three-dimensional problem of a transverse potential flow about a body of revolution be reduced to a two-dimensional problem"
stopwords+stemming,2,0,vector_better,5,67,108,0.6102,0.1437,-0.4665,0.70,0.10,14,17,"can series expansions be found for the boundary layer on a flat plate in a shear flow"
stopwords+stemming,2,0,vector_better,6,102,152,0.4418,0.0648,-0.3770,0.20,0.10,4,9,"basic dynamic characteristics of structures continuous over many spans"
stopwords+stemming,2,0,vector_better,7,145,215,0.4309,0.0973,-0.3336,0.40,0.10,7,18,"what are the best experimental data and classical small deflection theory analyses available for pressurized cylinders in bending"
stopwords+stemming,2,0,vector_better,8,183,277,0.6471,0.3189,-0.3282,0.80,0.40,13,14,"what factors have been shown to have a primary influence on sonic boom strength"
stopwords+stemming,2,0,vector_better,9,144,214,0.6354,0.3103,-0.3250,0.50,0.20,6,33,"can studies of pure membrane cylinders having no wall bending stiffness but maintaining their shape by virtue of internal pressure provide any insight into the behaviour of pressurized cylinders with finite wall stiffness"
stopwords+stemming,2,0,vector_better,10,148,218,0.4615,0.1366,-0.3250,0.30,0.20,6,10,"papers on small deflection theory for buckling of sandwich cylinders"
stopwords+stemming,2,0,both_poor,1,13,26,0.0000,0.0000,+0.0000,0.00,0.00,4,10,"what is the basic mechanism of the transonic aileron buzz"
stopwords+stemming,2,0,both_poor,2,44,79,0.0000,0.0000,+0.0000,0.00,0.00,3,13,"what are the details of the rigorous kinetic theory of gases chapman-enskog theory"
stopwords+stemming,2,0,both_poor,3,22,40,0.0000,0.0000,+0.0000,0.00,0.00,1,24,"did anyone else discover that the turbulent skin friction is not over sensitive to the nature of the variation of the viscosity with temperature"
stopwords+stemming,2,0,both_poor,4,31,56,0.0000,0.0000,+0.0000,0.00,0.00,1,23,"what size of end plate can be safely used to simulate two-dimensional flow conditions over a bluff cylindrical body of finite aspect ratio"
stopwords+stemming,2,0,both_poor,5,216,340,0.0018,0.0021,+0.0003,0.00,0.00,1,19,"what investigations have been made of the wave system created by a static pressure distribution over a liquid surface"
stopwords+stemming,2,0,both_poor,6,124,182,0.0033,0.0031,-0.0001,0.00,0.00,4,38,"in what areas other than low density wind tunnel flows is viscous compressible flow in slender channels a problem what analytical investigations have been made of the stability of conical shells how do the results compare with experiment"
stopwords+stemming,2,0,both_poor,7,28,53,0.0050,0.0034,-0.0015,0.00,0.00,2,10,"what application has the linear theory design of curved wings"
stopwords+stemming,2,0,both_poor,8,207,323,0.0046,0.0055,+0.0010,0.00,0.00,5,12,"how do large changes in new mass ratio quantitatively affect wing-flutter boundaries"
stopwords+stemming,2,0,both_poor,9,152,225,0.0096,0.0072,-0.0023,0.00,0.00,6,17,"how can the effect of the boundary-layer on wing pressure be calculated and what is its magnitude"
stopwords+stemming,2,0,both_poor,10,139,209,0.0098,0.0078,-0.0021,0.00,0.00,4,23,"has the effect of the change of initial pressure due to deformation on the frequencies of vibration of circular cylindrical shells been investigated"
stopwords+stemming,2,0.75,bm25_better,1,173,264,0.5833,1.0000,+0.4167,0.20,0.20,2,14,"references on lyapunovs method on the stability of linear differential equations with periodic coefficients"
stopwords+stemming,2,0.75,bm25_better,2,143,213,0.2436,0.6429,+0.3993,0.10,0.20,2,13,"what general solutions for the stresses in pressurized shells of revolution are available"
stopwords+stemming,2,0.75,bm25_better,3,95,143,0.1961,0.5417,+0.3456,0.10,0.10,2,10,"what is the theoretical heat transfer distribution around a hemisphere"
stopwords+stemming,2,0.75,bm25_better,4,15,29,0.7000,1.0000,+0.3000,0.20,0.20,2,5,"material properties of photoelastic materials"
stopwords+stemming,2,0.75,bm25_better,5,205,317,0.3611,0.6429,+0.2817,0.20,0.20,2,13,"has anyone investigated theoretically whether surface flexibility can stabilize a laminar boundary layer"
stopwords+stemming,2,0.75,bm25_better,6,18,33,0.0992,0.3546,+0.2554,0.10,0.10,3,13,"are experimental pressure distributions on bodies of revolution at angle of attack available"
stopwords+stemming,2,0.75,bm25_better,7,154,227,0.5833,0.8333,+0.2500,0.20,0.20,2,13,"which iterative method for solving linear elliptic difference equations is most rapidly convergent"
stopwords+stemming,2,0.75,bm25_better,8,61,102,0.3031,0.5388,+0.2358,0.30,0.30,5,15,"does there exist a closed-form expression for the local heat transfer around a yawed cylinder"
stopwords+stemming,2,0.75,bm25_better,9,43,74,0.4301,0.6487,+0.2186,0.30,0.40,6,17,"can the transonic flow around an arbitrary smooth thin airfoil be analysed in a simple approximate way"
stopwords+stemming,2,0.75,bm25_better,10,113,165,0.1472,0.3588,+0.2116,0.20,0.20,4,14,"what data exists on oscillatory aerodynamic forces on control surfaces at transonic mach numbers"
stopwords+stemming,2,0.75,vector_better,1,183,277,0.6471,0.3349,-0.3122,0.80,0.40,13,14,"what factors have been shown to have a primary influence on sonic boom strength"
stopwords+stemming,2,0.75,vector_better,2,146,216,0.8333,0.5833,-0.2500,0.20,0.20,2,18,"does a membrane theory exist by which the behaviour of pressurized membrane cylinders in bending can be predicted"
stopwords+stemming,2,0.75,vector_better,3,17,32,0.5083,0.2601,-0.2482,0.10,0.10,2,20,"can the three-dimensional problem of a transverse potential flow about a body of revolution be reduced to a two-dimensional problem"
stopwords+stemming,2,0.75,vector_better,4,148,218,0.4615,0.2195,-0.2420,0.30,0.20,6,10,"papers on small deflection theory for buckling of sandwich cylinders"
stopwords+stemming,2,0.75,vector_better,5,145,215,0.4309,0.2326,-0.1983,0.40,0.20,7,18,"what are the best experimental data and classical small deflection theory analyses available for pressurized cylinders in bending"
stopwords+stemming,2,0.75,vector_better,6,88,136,0.8556,0.6746,-0.1810,0.60,0.60,6,23,"how does a satellite orbit contract under the action of air drag in an atmosphere in which the scale height varies with altitude"
stopwords+stemming,2,0.75,vector_better,7,190,293,0.6367,0.4693,-0.1674,0.40,0.30,5,29,"will an analysis of panel flutter based on arbitrarily assumed modes of deformation prove satisfactory and if so what is the minimum number of modes that need be considered"
stopwords+stemming,2,0.75,vector_better,8,77,120,0.5452,0.3802,-0.1651,0.40,0.40,6,20,"how close is the comparison of the shock layer theory with existing experiments in the low reynolds number merged-layer regime"
stopwords+stemming,2,0.75,vector_better,9,155,230,0.4049,0.2433,-0.1616,0.30,0.20,6,8,"technical report on measurement of ablation during flight"
stopwords+stemming,2,0.75,vector_better,10,9,15,0.4765,0.3222,-0.1542,0.20,0.20,3,8,"papers on internal slip flow heat transfer studies"
stopwords+stemming,2,0.75,both_poor,1,13,26,0.0000,0.0000,+0.0000,0.00,0.00,4,10,"what is the basic mechanism of the transonic aileron buzz"
stopwords+stemming,2,0.75,both_poor,2,44,79,0.0000,0.0000,+0.0000,0.00,0.00,3,13,"what are the details of the rigorous kinetic theory of gases chapman-enskog theory"
stopwords+stemming,2,0.75,both_poor,3,22,40,0.0000,0.0000,+0.0000,0.00,0.00,1,24,"did anyone else discover that the turbulent skin friction is not over sensitive to the nature of the variation of the viscosity with temperature"
stopwords+stemming,2,0.75,both_poor,4,31,56,0.0000,0.0000,+0.0000,0.00,0.00,1,23,"what size of end plate can be safely used to simulate two-dimensional flow conditions over a bluff cylindrical body of finite aspect ratio"
stopwords+stemming,2,0.75,both_poor,5,216,340,0.0018,0.0018,-0.0001,0.00,0.00,1,19,"what investigations have been made of the wave system created by a static pressure distribution over a liquid surface"
stopwords+stemming,2,0.75,both_poor,6,124,182,0.0033,0.0034,+0.0001,0.00,0.00,4,38,"in what areas other than low density wind tunnel flows is viscous compressible flow in slender channels a problem what analytical investigations have been made of the stability of conical shells how do the results compare with experiment"
stopwords+stemming,2,0.75,both_poor,7,28,53,0.0050,0.0047,-0.0003,0.00,0.00,2,10,"what application has the linear theory design of curved wings"
stopwords+stemming,2,0.75,both_poor,8,207,323,0.0046,0.0060,+0.0014,0.00,0.00,5,12,"how do large changes in new mass ratio quantitatively affect wing-flutter boundaries"
stopwords+stemming,2,0.75,both_poor,9,152,225,0.0096,0.0081,-0.0015,0.00,0.00,6,17,"how can the effect of the boundary-layer on wing pressure be calculated and what is its magnitude"
stopwords+stemming,2,0.75,both_poor,10,139,209,0.0098,0.0077,-0.0021,0.00,0.00,4,23,"has the effect of the change of initial pressure due to deformation on the frequencies of vibration of circular cylindrical shells been investigated"
stopwords+stemming,2,1,bm25_better,1,173,264,0.5833,1.0000,+0.4167,0.20,0.20,2,14,"references on lyapunovs method on the stability of linear differential equations with periodic coefficients"
stopwords+stemming,2,1,bm25_better,2,143,213,0.2436,0.6429,+0.3993,0.10,0.20,2,13,"what general solutions for the stresses in pressurized shells of revolution are available"
stopwords+stemming,2,1,bm25_better,3,113,165,0.1472,0.4453,+0.2981,0.20,0.20,4,14,"what data exists on oscillatory aerodynamic forces on control surfaces at transonic mach numbers"
stopwords+stemming,2,1,bm25_better,4,205,317,0.3611,0.6429,+0.2817,0.20,0.20,2,13,"has anyone investigated theoretically whether surface flexibility can stabilize a laminar boundary layer"
stopwords+stemming,2,1,bm25_better,5,154,227,0.5833,0.8333,+0.2500,0.20,0.20,2,13,"which iterative method for solving linear elliptic difference equations is most rapidly convergent"
stopwords+stemming,2,1,bm25_better,6,43,74,0.4301,0.6529,+0.2228,0.30,0.40,6,17,"can the transonic flow around an arbitrary smooth thin airfoil be analysed in a simple approximate way"
stopwords+stemming,2,1,bm25_better,7,101,150,0.5903,0.7875,+0.1972,0.50,0.50,6,20,"why does the incremental theory and the deformation theory of plastic stress-strain relationship differ greatly when applied to stability problems"
stopwords+stemming,2,1,bm25_better,8,136,205,0.2097,0.3803,+0.1706,0.10,0.10,3,14,"what are the results for the creep buckling of round tubes under external pressure"
stopwords+stemming,2,1,bm25_better,9,81,126,0.6667,0.8333,+0.1667,0.20,0.20,2,13,"what are wind-tunnel corrections for a two-dimensional aerofoil mounted off-centre in a tunnel"
stopwords+stemming,2,1,bm25_better,10,185,284,0.6687,0.8292,+0.1605,0.60,0.70,9,5,"experimental studies on panel flutter"
stopwords+stemming,2,1,vector_better,1,183,277,0.6471,0.2911,-0.3560,0.80,0.40,13,14,"what factors have been shown to have a primary influence on sonic boom strength"
stopwords+stemming,2,1,vector_better,2,77,120,0.5452,0.3782,-0.1670,0.40,0.40,6,20,"how close is the comparison of the shock layer theory with existing experiments in the low reynolds number merged-layer regime"
stopwords+stemming,2,1,vector_better,3,155,230,0.4049,0.2433,-0.1616,0.30,0.20,6,8,"technical report on measurement of ablation during flight"
stopwords+stemming,2,1,vector_better,4,197,300,0.7917,0.6389,-0.1528,0.30,0.20,3,10,"how is fatigue damage estimated using the normal long-hand method"
stopwords+stemming,2,1,vector_better,5,9,15,0.4765,0.3250,-0.1515,0.20,0.20,3,8,"papers on internal slip flow heat transfer studies"
stopwords+stemming,2,1,vector_better,6,88,136,0.8556,0.7167,-0.1389,0.60,0.60,6,23,"how does a satellite orbit contract under the action of air drag in an atmosphere in which the scale height varies with altitude"
stopwords+stemming,2,1,vector_better,7,144,214,0.6354,0.4994,-0.1359,0.50,0.50,6,33,"can studies of pure membrane cylinders having no wall bending stiffness but maintaining their shape by virtue of internal pressure provide any insight into the behaviour of pressurized cylinders with finite wall stiffness"
stopwords+stemming,2,1,vector_better,8,191,294,0.5660,0.4372,-0.1288,0.60,0.40,13,18,"what is the criterion for true panel flutter as opposed to small amplitude vibration arising from acoustic disturbances"
stopwords+stemming,2,1,vector_better,9,148,218,0.4615,0.3339,-0.1276,0.30,0.20,6,10,"papers on small deflection theory for buckling of sandwich cylinders"
stopwords+stemming,2,1,vector_better,10,92,140,0.6162,0.4988,-0.1175,0.70,0.40,13,35,"given complete freedom in the design of an airplane what procedure would be used in order to minimize sonic boom intensity and is there a limit to the degree of minimizing that can be accomplished"
stopwords+stemming,2,1,both_poor,1,13,26,0.0000,0.0000,+0.0000,0.00,0.00,4,10,"what is the basic mechanism of the transonic aileron buzz"
stopwords+stemming,2,1,both_poor,2,44,79,0.0000,0.0000,+0.0000,0.00,0.00,3,13,"what are the details of the rigorous kinetic theory of gases chapman-enskog theory"
stopwords+stemming,2,1,both_poor,3,22,40,0.0000,0.0000,+0.0000,0.00,0.00,1,24,"did anyone else discover that the turbulent skin friction is not over sensitive to the nature of the variation of the viscosity with temperature"
stopwords+stemming,2,1,both_poor,4,31,56,0.0000,0.0000,+0.0000,0.00,0.00,1,23,"what size of end plate can be safely used to simulate two-dimensional flow conditions over a bluff cylindrical body of finite aspect ratio"
stopwords+stemming,2,1,both_poor,5,216,340,0.0018,0.0016,-0.0002,0.00,0.00,1,19,"what investigations have been made of the wave system created by a static pressure distribution over a liquid surface"
stopwords+stemming,2,1,both_poor,6,124,182,0.0033,0.0035,+0.0002,0.00,0.00,4,38,"in what areas other than low density wind tunnel flows is viscous compressible flow in slender channels a problem what analytical investigations have been made of the stability of conical shells how do the results compare with experiment"
stopwords+stemming,2,1,both_poor,7,28,53,0.0050,0.0053,+0.0003,0.00,0.00,2,10,"what application has the linear theory design of curved wings"
stopwords+stemming,2,1,both_poor,8,207,323,0.0046,0.0057,+0.0011,0.00,0.00,5,12,"how do large changes in new mass ratio quantitatively affect wing-flutter boundaries"
stopwords+stemming,2,1,both_poor,9,152,225,0.0096,0.0090,-0.0006,0.00,0.00,6,17,"how can the effect of the boundary-layer on wing pressure be calculated and what is its magnitude"
stopwords+stemming,2,1,both_poor,10,139,209,0.0098,0.0083,-0.0015,0.00,0.00,4,23,"has the effect of the change of initial pressure due to deformation on the frequencies of vibration of circular cylindrical shells been investigated"
