category,model,preprocessing,query,cran_id,doc,rank,score,grade,n_relevant,text
false_positive,vector,stopwords+stemming,3,4,485,1,0.4599,,,"what problems of heat conduction in composite slabs have been solved so far"
false_positive,bm25(k1=1.2,b=0.75),stopwords+stemming,3,4,485,1,21.0781,,,"what problems of heat conduction in composite slabs have been solved so far"
false_positive,vector,stopwords+stemming,5,9,103,1,0.2068,,,"what chemical kinetic system is applicable to hypersonic aerodynamic problems"
false_positive,bm25(k1=1.2,b=0.75),stopwords+stemming,5,9,103,1,15.0193,,,"what chemical kinetic system is applicable to hypersonic aerodynamic problems"
false_positive,vector,stopwords+stemming,6,10,491,1,0.1677,,,"what theoretical and experimental guides do we have as to turbulent couette flow behaviour"
false_positive,bm25(k1=1.2,b=0.75),stopwords+stemming,6,10,491,1,14.2893,,,"what theoretical and experimental guides do we have as to turbulent couette flow behaviour"
false_positive,vector,stopwords+stemming,7,12,492,1,0.6382,,,"is it possible to relate the available pressure distributions for an ogive forebody at zero angle of attack to the lower surface pressures of an equivalent ogive forebody at angle of attack"
false_positive,bm25(k1=1.2,b=0.75),stopwords+stemming,7,12,492,1,61.4182,,,"is it possible to relate the available pressure distributions for an ogive forebody at zero angle of attack to the lower surface pressures of an equivalent ogive forebody at angle of attack"
false_positive,vector,stopwords+stemming,8,13,1083,1,0.2715,,,"what methods -dash exact or approximate -dash are presently available for predicting body pressures at angle of attack"
false_positive,bm25(k1=1.2,b=0.75),stopwords+stemming,9,15,45,1,16.5695,,,"papers on internal slip flow heat transfer studies"
false_positive,vector,stopwords+stemming,10,18,493,1,0.2704,,,"are real-gas transport properties for air available over a wide range of enthalpies and densities"
false_positive,vector,stopwords+stemming,11,22,495,1,0.4616,,,"is it possible to find an analytical similar solution of the strong blast wave problem in the newtonian approximation"
false_positive,bm25(k1=1.2,b=0.75),stopwords+stemming,11,22,495,1,28.4326,,,"is it possible to find an analytical similar solution of the strong blast wave problem in the newtonian approximation"
false_positive,vector,stopwords+stemming,12,23,941,1,0.2716,,,"how can the aerodynamic performance of channel flow ground effect machines be calculated"
false_positive,bm25(k1=1.2,b=0.75),stopwords+stemming,12,23,624,1,15.8106,,,"how can the aerodynamic performance of channel flow ground effect machines be calculated"
false_positive,vector,stopwords+stemming,13,26,496,1,0.5049,,,"what is the basic mechanism of the transonic aileron buzz"
false_positive,bm25(k1=1.2,b=0.75),stopwords+stemming,13,26,496,1,23.8106,,,"what is the basic mechanism of the transonic aileron buzz"
false_positive,vector,stopwords+stemming,14,27,335,1,0.2700,,,"papers on shock-sound wave interaction"
false_positive,bm25(k1=1.2,b=0.75),stopwords+stemming,14,27,170,1,9.2901,,,"papers on shock-sound wave interaction"
false_positive,vector,stopwords+stemming,16,31,498,1,0.3480,,,"can the transverse potential flow about a body of revolution be calculated efficiently by an electronic computer"
false_positive,bm25(k1=1.2,b=0.75),stopwords+stemming,16,31,498,1,26.8781,,,"can the transverse potential flow about a body of revolution be calculated efficiently by an electronic computer"
false_positive,bm25(k1=1.2,b=0.75),stopwords+stemming,17,32,1108,1,21.8388,,,"can the three-dimensional problem of a transverse potential flow about a body of revolution be reduced to a two-dimensional problem"
false_positive,vector,stopwords+stemming,18,33,248,1,0.3459,,,"are experimental pressure distributions on bodies of revolution at angle of attack available"
false_positive,vector,stopwords+stemming,19,34,706,1,0.1315,,,"does there exist a good basic treatment of the dynamics of re-entry combining consideration of realistic effects with relative simplicity of results"
false_positive,bm25(k1=1.2,b=0.75),stopwords+stemming,19,34,706,1,16.1483,,,"does there exist a good basic treatment of the dynamics of re-entry combining consideration of realistic effects with relative simplicity of results"
false_positive,vector,stopwords+stemming,20,35,500,1,0.4019,,,"has anyone formally determined the influence of joule heating produced by the induced current in magnetohydrodynamic free convection flows under general conditions"
false_positive,bm25(k1=1.2,b=0.75),stopwords+stemming,20,35,500,1,26.2973,,,"has anyone formally determined the influence of joule heating produced by the induced current in magnetohydrodynamic free convection flows under general conditions"
false_positive,vector,stopwords+stemming,21,39,502,1,0.2489,,,"why does the compressibility transformation fail to correlate the high speed data for helium and air"
false_positive,bm25(k1=1.2,b=0.75),stopwords+stemming,21,39,502,1,24.4945,,,"why does the compressibility transformation fail to correlate the high speed data for helium and air"
false_positive,vector,stopwords+stemming,22,40,254,1,0.1993,,,"did anyone else discover that the turbulent skin friction is not over sensitive to the nature of the variation of the viscosity with temperature"
false_positive,bm25(k1=1.2,b=0.75),stopwords+stemming,22,40,125,1,18.7835,,,"did anyone else discover that the turbulent skin friction is not over sensitive to the nature of the variation of the viscosity with temperature"
false_positive,vector,stopwords+stemming,23,41,892,1,0.2248,,,"what progress has been made in research on unsteady aerodynamics"
false_positive,bm25(k1=1.2,b=0.75),stopwords+stemming,23,41,892,1,14.8583,,,"what progress has been made in research on unsteady aerodynamics"
false_positive,vector,stopwords+stemming,24,49,756,1,0.2583,,,"what are the factors which influence the time required to invert large structural matrices"
false_positive,bm25(k1=1.2,b=0.75),stopwords+stemming,24,49,756,1,22.6926,,,"what are the factors which influence the time required to invert large structural matrices"
false_positive,vector,stopwords+stemming,26,51,382,1,0.3646,,,"what is a single approximate formula for the displacement thickness of a laminar boundary layer in compressible flow on a flat plate"
false_positive,bm25(k1=1.2,b=0.75),stopwords+stemming,26,51,307,1,22.9618,,,"what is a single approximate formula for the displacement thickness of a laminar boundary layer in compressible flow on a flat plate"
false_positive,vector,stopwords+stemming,27,52,1031,1,0.2950,,,"how is the design of ring or part ring wings by linear theory affected by thickness"
false_positive,bm25(k1=1.2,b=0.75),stopwords+stemming,27,52,1031,1,20.5631,,,"how is the design of ring or part ring wings by linear theory affected by thickness"
false_positive,vector,stopwords+stemming,28,53,251,1,0.2199,,,"what application has the linear theory design of curved wings"
false_positive,bm25(k1=1.2,b=0.75),stopwords+stemming,28,53,251,1,14.3567,,,"what application has the linear theory design of curved wings"
false_positive,vector,stopwords+stemming,30,55,602,1,0.2209,,,"papers on flow visualization on slender conical wings"
false_positive,bm25(k1=1.2,b=0.75),stopwords+stemming,30,55,683,1,12.2359,,,"papers on flow visualization on slender conical wings"
false_positive,vector,stopwords+stemming,31,56,751,1,0.2932,,,"what size of end plate can be safely used to simulate two-dimensional flow conditions over a bluff cylindrical body of finite aspect ratio"
false_positive,bm25(k1=1.2,b=0.75),stopwords+stemming,31,56,751,1,23.3147,,,"what size of end plate can be safely used to simulate two-dimensional flow conditions over a bluff cylindrical body of finite aspect ratio"
false_positive,vector,stopwords+stemming,32,57,752,1,0.5971,,,"to find an approximate correction for thickness in slender thin-wing theory"
false_positive,bm25(k1=1.2,b=0.75),stopwords+stemming,32,57,752,1,28.9377,,,"to find an approximate correction for thickness in slender thin-wing theory"
false_positive,vector,stopwords+stemming,33,58,516,1,0.2909,,,"how do interference-free longitudinal stability measurements made using free-flight models compare with similar measurements made in a low-blockage wind tunnel"
false_positive,bm25(k1=1.2,b=0.75),stopwords+stemming,33,58,516,1,33.9300,,,"how do interference-free longitudinal stability measurements made using free-flight models compare with similar measurements made in a low-blockage wind tunnel"
false_positive,vector,stopwords+stemming,34,59,1153,1,0.2435,,,"have wind tunnel interference effects been investigated on a systematic basis"
false_positive,bm25(k1=1.2,b=0.75),stopwords+stemming,34,59,516,1,18.1701,,,"have wind tunnel interference effects been investigated on a systematic basis"
false_positive,vector,stopwords+stemming,35,61,1208,1,0.1741,,,"are there any papers dealing with acoustic wave propagation in reacting gases"
false_positive,bm25(k1=1.2,b=0.75),stopwords+stemming,35,61,488,1,12.0987,,,"are there any papers dealing with acoustic wave propagation in reacting gases"
false_positive,vector,stopwords+stemming,36,62,281,1,0.1795,,,"has anyone investigated relaxation effects on gaseous heat transfer to a suddenly heated wall"
false_positive,vector,stopwords+stemming,37,66,1311,1,0.1821,,,"are there any theoretical methods for predicting base pressure"
false_positive,bm25(k1=1.2,b=0.75),stopwords+stemming,37,66,186,1,10.2283,,,"are there any theoretical methods for predicting base pressure"
false_positive,vector,stopwords+stemming,38,67,536,1,0.1665,,,"does transition in the hypersonic wake depend on body geometry and size"
false_positive,bm25(k1=1.2,b=0.75),stopwords+stemming,38,67,536,1,16.3323,,,"does transition in the hypersonic wake depend on body geometry and size"
false_positive,vector,stopwords+stemming,39,68,37,1,0.1829,,,"how can one detect transition phenomena in boundary layers"
false_positive,bm25(k1=1.2,b=0.75),stopwords+stemming,39,68,315,1,13.3460,,,"how can one detect transition phenomena in boundary layers"
false_positive,vector,stopwords+stemming,40,69,37,1,0.1969,,,"how can one detect transition phenomena in hypersonic wakes"
false_positive,bm25(k1=1.2,b=0.75),stopwords+stemming,40,69,536,1,17.7812,,,"how can one detect transition phenomena in hypersonic wakes"
false_positive,vector,stopwords+stemming,42,72,521,1,0.3233,,,"what is a criterion that the transonic flow around an airfoil with a round leading edge be validly analyzed by the linearized transonic flow theory"
false_positive,bm25(k1=1.2,b=0.75),stopwords+stemming,42,72,521,1,37.2404,,,"what is a criterion that the transonic flow around an airfoil with a round leading edge be validly analyzed by the linearized transonic flow theory"
false_positive,vector,stopwords+stemming,43,74,194,1,0.2326,,,"can the transonic flow around an arbitrary smooth thin airfoil be analysed in a simple approximate way"
false_positive,vector,stopwords+stemming,44,79,1190,1,0.1630,,,"what are the details of the rigorous kinetic theory of gases chapman-enskog theory"
false_positive,bm25(k1=1.2,b=0.75),stopwords+stemming,44,79,103,1,12.4894,,,"what are the details of the rigorous kinetic theory of gases chapman-enskog theory"
false_positive,vector,stopwords+stemming,46,81,525,1,0.2265,,,"what is the combined effect of surface heat and mass transfer on hypersonic flow"
false_positive,bm25(k1=1.2,b=0.75),stopwords+stemming,46,81,525,1,15.2989,,,"what is the combined effect of surface heat and mass transfer on hypersonic flow"
false_positive,vector,stopwords+stemming,47,82,568,1,0.3793,,,"what are the existing solutions for hypersonic viscous interactions over an insulated flat plate"
false_positive,bm25(k1=1.2,b=0.75),stopwords+stemming,47,82,568,1,23.0435,,,"what are the existing solutions for hypersonic viscous interactions over an insulated flat plate"
false_positive,vector,stopwords+stemming,48,83,526,1,0.3644,,,"what controls leading-edge attachment at transonic speeds"
false_positive,bm25(k1=1.2,b=0.75),stopwords+stemming,48,83,526,1,20.4375,,,"what controls leading-edge attachment at transonic speeds"
false_positive,vector,stopwords+stemming,49,84,527,1,0.5563,,,"can the three-point boundary-value problem for the blasius equation be integrated numerically using suitable transformations without iteration on the boundary conditions"
false_positive,bm25(k1=1.2,b=0.75),stopwords+stemming,49,84,527,1,34.6016,,,"can the three-point boundary-value problem for the blasius equation be integrated numerically using suitable transformations without iteration on the boundary conditions"
false_positive,vector,stopwords+stemming,50,85,192,1,0.1608,,,"what are the effects of small amounts of gas rarefaction on the characteristics of the boundary layers on slender bodies of revolution"
false_positive,bm25(k1=1.2,b=0.75),stopwords+stemming,50,85,192,1,17.3296,,,"what are the effects of small amounts of gas rarefaction on the characteristics of the boundary layers on slender bodies of revolution"
false_positive,vector,stopwords+stemming,54,94,123,1,0.3173,,,"how is the heat transfer downstream of the mass transfer region effected by mass transfer at the nose of a blunted cone"
false_positive,bm25(k1=1.2,b=0.75),stopwords+stemming,54,94,123,1,35.7926,,,"how is the heat transfer downstream of the mass transfer region effected by mass transfer at the nose of a blunted cone"
false_positive,vector,stopwords+stemming,55,95,251,1,0.2867,,,"to what extent can the available information for incompressible boundary layers be applied to problems involving compressible boundary layers"
false_positive,vector,stopwords+stemming,56,97,753,1,0.2519,,,"to what extent can readily available steady-state aerodynamic data be utilized to predict lifting-surface flutter characteristics"
false_positive,bm25(k1=1.2,b=0.75),stopwords+stemming,56,97,753,1,31.6050,,,"to what extent can readily available steady-state aerodynamic data be utilized to predict lifting-surface flutter characteristics"
false_positive,vector,stopwords+stemming,57,98,916,1,0.2362,,,"what are the significant steady and non-steady flow characteristics which affect the flutter mechanism"
false_positive,bm25(k1=1.2,b=0.75),stopwords+stemming,57,98,916,1,13.0553,,,"what are the significant steady and non-steady flow characteristics which affect the flutter mechanism"
false_positive,vector,stopwords+stemming,58,99,963,1,0.2689,,,"is it possible to determine rates of forced convective heat transfer from heated cylinders of non-circular cross-section the fluid flow being along the generators"
false_positive,bm25(k1=1.2,b=0.75),stopwords+stemming,58,99,754,1,25.3827,,,"is it possible to determine rates of forced convective heat transfer from heated cylinders of non-circular cross-section the fluid flow being along the generators"
false_positive,vector,stopwords+stemming,59,100,382,1,0.1692,,,"how much is known about boundary layer flows along non-circular cylinders"
false_positive,bm25(k1=1.2,b=0.75),stopwords+stemming,59,100,381,1,15.0410,,,"how much is known about boundary layer flows along non-circular cylinders"
false_positive,vector,stopwords+stemming,61,102,539,1,0.2594,,,"does there exist a closed-form expression for the local heat transfer around a yawed cylinder"
false_positive,vector,stopwords+stemming,62,103,483,1,0.2339,,,"how far around a cylinder and under what conditions of flow if any is the velocity just outside of the boundary layer a linear function of the distance around the cylinder"
false_positive,bm25(k1=1.2,b=0.75),stopwords+stemming,62,103,459,1,25.6893,,,"how far around a cylinder and under what conditions of flow if any is the velocity just outside of the boundary layer a linear function of the distance around the cylinder"
false_positive,vector,stopwords+stemming,63,104,1084,1,0.1994,,,"where can i find pressure data on surfaces of swept cylinders"
false_positive,bm25(k1=1.2,b=0.75),stopwords+stemming,63,104,91,1,12.9060,,,"where can i find pressure data on surfaces of swept cylinders"
false_positive,bm25(k1=1.2,b=0.75),stopwords+stemming,65,106,388,1,26.0393,,,"does the boundary layer on a flat plate in a shear flow induce a pressure gradient"
false_positive,vector,stopwords+stemming,66,107,128,1,0.3527,,,"can the procedure of matching inner and outer solutions for a viscous flow problem be applied when the main stream is a shear flow"
false_positive,bm25(k1=1.2,b=0.75),stopwords+stemming,66,107,128,1,29.8374,,,"can the procedure of matching inner and outer solutions for a viscous flow problem be applied when the main stream is a shear flow"
false_positive,vector,stopwords+stemming,68,109,628,1,0.3338,,,"what possible techniques are available for computing the injection distribution corresponding to an isothermal transpiration cooled hemisphere"
false_positive,bm25(k1=1.2,b=0.75),stopwords+stemming,68,109,628,1,29.3579,,,"what possible techniques are available for computing the injection distribution corresponding to an isothermal transpiration cooled hemisphere"
false_positive,vector,stopwords+stemming,69,110,264,1,0.1779,,,"what is known regarding asymptotic solutions to the exact boundary layer equations"
false_positive,bm25(k1=1.2,b=0.75),stopwords+stemming,69,110,128,1,14.8564,,,"what is known regarding asymptotic solutions to the exact boundary layer equations"
false_positive,vector,stopwords+stemming,70,111,180,1,0.2793,,,"previous solutions to the boundary layer similarity equations"
false_positive,bm25(k1=1.2,b=0.75),stopwords+stemming,70,111,540,1,13.5429,,,"previous solutions to the boundary layer similarity equations"
false_positive,vector,stopwords+stemming,71,112,540,1,0.3612,,,"experimental results on hypersonic viscous interaction"
false_positive,bm25(k1=1.2,b=0.75),stopwords+stemming,71,112,540,1,13.6510,,,"experimental results on hypersonic viscous interaction"
false_positive,vector,stopwords+stemming,72,113,540,1,0.1732,,,"what has been done about viscous interactions in relatively low reynolds number flows particularly at high mach numbers"
false_positive,bm25(k1=1.2,b=0.75),stopwords+stemming,72,113,315,1,19.1493,,,"what has been done about viscous interactions in relatively low reynolds number flows particularly at high mach numbers"
false_positive,vector,stopwords+stemming,74,116,26,1,0.2066,,,"how significant is the possible pressure of a dissociated free stream with respect to the realization of hypersonic simulation in high enthalpy wind tunnels"
false_positive,bm25(k1=1.2,b=0.75),stopwords+stemming,74,116,625,1,24.0421,,,"how significant is the possible pressure of a dissociated free stream with respect to the realization of hypersonic simulation in high enthalpy wind tunnels"
false_positive,vector,stopwords+stemming,75,118,1146,1,0.1625,,,"do the discrepancies among current analyses of the vorticity effect on stagnation-point heat transfer result primarily from the differences in the viscosity-temperature law assumed"
false_positive,bm25(k1=1.2,b=0.75),stopwords+stemming,75,118,565,1,16.3314,,,"do the discrepancies among current analyses of the vorticity effect on stagnation-point heat transfer result primarily from the differences in the viscosity-temperature law assumed"
false_positive,vector,stopwords+stemming,76,119,565,1,0.2113,,,"how far can one trust the linear viscosity-temperature solution assumed in some of the analyses of hypersonic shock layer at low reynolds number"
false_positive,bm25(k1=1.2,b=0.75),stopwords+stemming,76,119,630,1,20.8355,,,"how far can one trust the linear viscosity-temperature solution assumed in some of the analyses of hypersonic shock layer at low reynolds number"
false_positive,bm25(k1=1.2,b=0.75),stopwords+stemming,77,120,1264,1,21.7517,,,"how close is the comparison of the shock layer theory with existing experiments in the low reynolds number merged-layer regime"
false_positive,vector,stopwords+stemming,78,121,543,1,0.2600,,,"has anyone explained the kink in the surge line of a multi-stage axial compressor"
false_positive,vector,stopwords+stemming,79,122,544,1,0.2411,,,"have any aerodynamic derivatives been measured at hypersonic mach numbers and comparison been made with theoretical work"
false_positive,bm25(k1=1.2,b=0.75),stopwords+stemming,79,122,196,1,20.7060,,,"have any aerodynamic derivatives been measured at hypersonic mach numbers and comparison been made with theoretical work"
false_positive,vector,stopwords+stemming,80,123,544,1,0.2562,,,"are methods of measuring aerodynamic derivatives available which could be adopted for use in short running time facilities"
false_positive,bm25(k1=1.2,b=0.75),stopwords+stemming,80,123,544,1,24.6153,,,"are methods of measuring aerodynamic derivatives available which could be adopted for use in short running time facilities"
false_positive,bm25(k1=1.2,b=0.75),stopwords+stemming,82,128,1339,1,22.9301,,,"how do kuchemanns and multhopps methods for calculating lift distributions on swept wings in subsonic flow compare with each other and with experiment"
false_positive,vector,stopwords+stemming,85,132,1155,1,0.1836,,,"what parameters can seriously influence natural transition from laminar to turbulent flow on a model in a wind tunnel"
false_positive,bm25(k1=1.2,b=0.75),stopwords+stemming,85,132,184,1,18.7546,,,"what parameters can seriously influence natural transition from laminar to turbulent flow on a model in a wind tunnel"
false_positive,vector,stopwords+stemming,86,133,755,1,0.4442,,,"can a satisfactory experimental technique be developed for measuring oscillatory derivatives on slender sting-mounted models in supersonic wind tunnels"
false_positive,bm25(k1=1.2,b=0.75),stopwords+stemming,86,133,755,1,35.9717,,,"can a satisfactory experimental technique be developed for measuring oscillatory derivatives on slender sting-mounted models in supersonic wind tunnels"
false_positive,vector,stopwords+stemming,87,135,547,1,0.1963,,,"what effect has the boundary layer in modifying the basic inviscid flow behind the shock neglecting effects of leading edge and corner"
false_positive,bm25(k1=1.2,b=0.75),stopwords+stemming,87,135,547,1,25.4416,,,"what effect has the boundary layer in modifying the basic inviscid flow behind the shock neglecting effects of leading edge and corner"
false_positive,bm25(k1=1.2,b=0.75),stopwords+stemming,88,136,548,1,48.5294,,,"how does a satellite orbit contract under the action of air drag in an atmosphere in which the scale height varies with altitude"
false_positive,vector,stopwords+stemming,89,137,879,1,0.2439,,,"how is the flow at transonic speeds about a delta wing different from that on a closely-related tapered sweptback wing"
false_positive,bm25(k1=1.2,b=0.75),stopwords+stemming,89,137,1338,1,22.5846,,,"how is the flow at transonic speeds about a delta wing different from that on a closely-related tapered sweptback wing"
false_positive,vector,stopwords+stemming,90,138,265,1,0.3583,,,"recent data on shock-induced boundary-layer separation"
false_positive,bm25(k1=1.2,b=0.75),stopwords+stemming,90,138,265,1,14.5582,,,"recent data on shock-induced boundary-layer separation"
false_positive,vector,stopwords+stemming,91,139,1079,1,0.1935,,,"what interference effects are likely at transonic speeds"
false_positive,vector,stopwords+stemming,93,141,635,1,0.5635,,,"can methane-air combustion product be used as a hypersonic test medium and predict within experimental accuracies the results obtained in air"
false_positive,bm25(k1=1.2,b=0.75),stopwords+stemming,93,141,635,1,45.1185,,,"can methane-air combustion product be used as a hypersonic test medium and predict within experimental accuracies the results obtained in air"
false_positive,vector,stopwords+stemming,95,143,535,1,0.1996,,,"what is the theoretical heat transfer distribution around a hemisphere"
false_positive,bm25(k1=1.2,b=0.75),stopwords+stemming,95,143,553,1,14.7133,,,"what is the theoretical heat transfer distribution around a hemisphere"
false_positive,vector,stopwords+stemming,96,145,637,1,0.3600,,,"has anyone investigated the unsteady lift distributions on finite wings in subsonic flow"
false_positive,bm25(k1=1.2,b=0.75),stopwords+stemming,96,145,637,1,20.9803,,,"has anyone investigated the unsteady lift distributions on finite wings in subsonic flow"
false_positive,vector,stopwords+stemming,97,146,1331,1,0.3045,,,"what information is available for dynamic response of airplanes to gusts or blasts in the subsonic regime"
false_positive,bm25(k1=1.2,b=0.75),stopwords+stemming,97,146,1331,1,26.4677,,,"what information is available for dynamic response of airplanes to gusts or blasts in the subsonic regime"
false_positive,vector,stopwords+stemming,98,147,638,1,0.2283,,,"will forward or apex located controls be effective at low subsonic speeds and how do they compare with conventional trailing-edge flaps"
false_positive,bm25(k1=1.2,b=0.75),stopwords+stemming,98,147,638,1,28.4822,,,"will forward or apex located controls be effective at low subsonic speeds and how do they compare with conventional trailing-edge flaps"
false_positive,vector,stopwords+stemming,99,148,639,1,0.4601,,,"given that an uncontrolled vehicle will tumble as it enters an atmosphere is it possible to predict when and how it will stop tumbling and its subsequent motion"
false_positive,bm25(k1=1.2,b=0.75),stopwords+stemming,99,148,639,1,49.0173,,,"given that an uncontrolled vehicle will tumble as it enters an atmosphere is it possible to predict when and how it will stop tumbling and its subsequent motion"
false_positive,vector,stopwords+stemming,100,149,760,1,0.3411,,,"what are the effects of initial imperfections on the elastic buckling of cylindrical shells under axial compression"
false_positive,vector,stopwords+stemming,101,150,823,1,0.2887,,,"why does the incremental theory and the deformation theory of plastic stress-strain relationship differ greatly when applied to stability problems"
false_positive,vector,stopwords+stemming,103,153,761,1,0.4212,,,"is the information on the buckling of sandwich sphere available"
false_positive,bm25(k1=1.2,b=0.75),stopwords+stemming,103,153,761,1,18.2226,,,"is the information on the buckling of sandwich sphere available"
false_positive,vector,stopwords+stemming,104,154,762,1,0.2924,,,"can the load deformation characteristics of a beam be obtained with the material being inelastic and a non uniform temperature being present"
false_positive,bm25(k1=1.2,b=0.75),stopwords+stemming,104,154,762,1,27.0794,,,"can the load deformation characteristics of a beam be obtained with the material being inelastic and a non uniform temperature being present"
false_positive,bm25(k1=1.2,b=0.75),stopwords+stemming,105,155,764,1,34.4150,,,"what is the effect of an internal liquid column on the breathing vibrations of a cylindrical shell"
false_positive,vector,stopwords+stemming,107,157,640,1,0.2564,,,"in summarizing theoretical and experimental work on the behaviour of a typical aircraft structure in a noise environment is it possible to develop a design procedure"
false_positive,bm25(k1=1.2,b=0.75),stopwords+stemming,107,157,640,1,32.8389,,,"in summarizing theoretical and experimental work on the behaviour of a typical aircraft structure in a noise environment is it possible to develop a design procedure"
false_positive,vector,stopwords+stemming,109,160,31,1,0.3454,,,"panels subjected to aerodynamic heating"
false_positive,bm25(k1=1.2,b=0.75),stopwords+stemming,109,160,391,1,12.5809,,,"panels subjected to aerodynamic heating"
false_positive,bm25(k1=1.2,b=0.75),stopwords+stemming,110,161,1387,1,20.8554,,,"can increasing the edge loading of a plate beyond the critical value for buckling change the buckling mode"
false_positive,vector,stopwords+stemming,111,163,894,1,0.3761,,,"have the effects of an elastic edge restraint been considered in previous papers on panel flutter"
false_positive,bm25(k1=1.2,b=0.75),stopwords+stemming,111,163,894,1,26.0264,,,"have the effects of an elastic edge restraint been considered in previous papers on panel flutter"
false_positive,vector,stopwords+stemming,112,164,641,1,0.5027,,,"has the solution of the clamped plate problem in the classical theory of bending been reduced to two successive membrane boundary value problems"
false_positive,bm25(k1=1.2,b=0.75),stopwords+stemming,112,164,641,1,43.5711,,,"has the solution of the clamped plate problem in the classical theory of bending been reduced to two successive membrane boundary value problems"
false_positive,vector,stopwords+stemming,113,165,716,1,0.1909,,,"what data exists on oscillatory aerodynamic forces on control surfaces at transonic mach numbers"
false_positive,bm25(k1=1.2,b=0.75),stopwords+stemming,113,165,704,1,15.5807,,,"what data exists on oscillatory aerodynamic forces on control surfaces at transonic mach numbers"
false_positive,vector,stopwords+stemming,114,167,895,1,0.4460,,,"it is not likely that the airforces on a wing of general planform oscillating in transonic flow can be determined by purely analytical methods is it possible to determine the airforces on a single particular planform such as the rectangular one by such method"
false_positive,bm25(k1=1.2,b=0.75),stopwords+stemming,114,167,895,1,37.9344,,,"it is not likely that the airforces on a wing of general planform oscillating in transonic flow can be determined by purely analytical methods is it possible to determine the airforces on a single particular planform such as the rectangular one by such method"
false_positive,vector,stopwords+stemming,115,168,422,1,0.1763,,,"is the problem of similarity for representative investigations of aeroelastic effects in heated flow as intractable as previous investigations imply"
false_positive,bm25(k1=1.2,b=0.75),stopwords+stemming,115,168,486,1,14.4064,,,"is the problem of similarity for representative investigations of aeroelastic effects in heated flow as intractable as previous investigations imply"
false_positive,vector,stopwords+stemming,116,169,801,1,0.2292,,,"what is the magnitude and distribution of lift over the cone and the cylindrical portion of a cone-cylinder configuration"
false_positive,bm25(k1=1.2,b=0.75),stopwords+stemming,116,169,522,1,14.9067,,,"what is the magnitude and distribution of lift over the cone and the cylindrical portion of a cone-cylinder configuration"
false_positive,vector,stopwords+stemming,117,170,242,1,0.1916,,,"is there any information on how the addition of a boat-tail affects the normal force on the body of various angles of incidence"
false_positive,bm25(k1=1.2,b=0.75),stopwords+stemming,117,170,196,1,17.4701,,,"is there any information on how the addition of a boat-tail affects the normal force on the body of various angles of incidence"
false_positive,vector,stopwords+stemming,118,171,246,1,0.3181,,,"what are the aerodynamic interference effects on the fin lift and body lift of a fin-body combination"
false_positive,bm25(k1=1.2,b=0.75),stopwords+stemming,118,171,520,1,19.4254,,,"what are the aerodynamic interference effects on the fin lift and body lift of a fin-body combination"
false_positive,vector,stopwords+stemming,119,173,1068,1,0.1939,,,"what is the effect of initial axisymmetric deviations from circularity on the non linear large-deflection load-deflection response of cylinders under hydrostatic pressure"
false_positive,bm25(k1=1.2,b=0.75),stopwords+stemming,119,173,1068,1,23.0024,,,"what is the effect of initial axisymmetric deviations from circularity on the non linear large-deflection load-deflection response of cylinders under hydrostatic pressure"
false_positive,vector,stopwords+stemming,120,175,769,1,0.3853,,,"are previous analyses of circumferential thermal buckling of circular cylindrical shells unnecessarily involved or even inaccurate due to the assumed forms of buckling mode"
false_positive,bm25(k1=1.2,b=0.75),stopwords+stemming,120,175,769,1,43.6954,,,"are previous analyses of circumferential thermal buckling of circular cylindrical shells unnecessarily involved or even inaccurate due to the assumed forms of buckling mode"
false_positive,bm25(k1=1.2,b=0.75),stopwords+stemming,121,176,769,1,23.3286,,,"what papers are there dealing with circumferential buckling either thermal buckling or due to mechanical loading"
false_positive,vector,stopwords+stemming,122,177,898,1,0.2507,,,"what analytical investigations have been made of the stability of conical shells how do the results compare with experiment"
false_positive,bm25(k1=1.2,b=0.75),stopwords+stemming,122,177,898,1,20.4060,,,"what analytical investigations have been made of the stability of conical shells how do the results compare with experiment"
false_positive,vector,stopwords+stemming,123,181,941,1,0.3366,,,"has any work been done on determining the nature of compressible viscous flow in a straight channel"
false_positive,bm25(k1=1.2,b=0.75),stopwords+stemming,123,181,1360,1,19.8178,,,"has any work been done on determining the nature of compressible viscous flow in a straight channel"
false_positive,vector,stopwords+stemming,124,182,941,1,0.3010,,,"in what areas other than low density wind tunnel flows is viscous compressible flow in slender channels a problem what analytical investigations have been made of the stability of conical shells how do the results compare with experiment"
false_positive,bm25(k1=1.2,b=0.75),stopwords+stemming,124,182,941,1,28.7848,,,"in what areas other than low density wind tunnel flows is viscous compressible flow in slender channels a problem what analytical investigations have been made of the stability of conical shells how do the results compare with experiment"
false_positive,vector,stopwords+stemming,125,183,1083,1,0.2887,,,"jet interference with supersonic flow -dash experimental papers"
false_positive,vector,stopwords+stemming,126,184,1288,1,0.3027,,,"thrust vector control by fluid injection -dash papers"
false_positive,vector,stopwords+stemming,127,187,5,1,0.2823,,,"is it possible to obtain a reasonably simple analytical solution to the heat equation for an exponential in time heat input"
false_positive,bm25(k1=1.2,b=0.75),stopwords+stemming,127,187,6,1,22.6904,,,"is it possible to obtain a reasonably simple analytical solution to the heat equation for an exponential in time heat input"
false_positive,vector,stopwords+stemming,128,189,945,1,0.4582,,,"has anyone programmed a pump design method for a high-speed digital computer"
false_positive,bm25(k1=1.2,b=0.75),stopwords+stemming,128,189,945,1,25.0747,,,"has anyone programmed a pump design method for a high-speed digital computer"
false_positive,vector,stopwords+stemming,129,190,945,1,0.4152,,,"has anyone derived simplified pump design equation from the fundamental three-dimensional equations for incompressible nonviscous flow"
false_positive,bm25(k1=1.2,b=0.75),stopwords+stemming,129,190,945,1,30.6373,,,"has anyone derived simplified pump design equation from the fundamental three-dimensional equations for incompressible nonviscous flow"
false_positive,vector,stopwords+stemming,130,196,948,1,0.3473,,,"what are the flutter characteristics of the exposed skin panels of the x-15 vertical stabilizer when subjected to aerodynamic heating"
false_positive,bm25(k1=1.2,b=0.75),stopwords+stemming,130,196,948,1,31.9288,,,"what are the flutter characteristics of the exposed skin panels of the x-15 vertical stabilizer when subjected to aerodynamic heating"
false_positive,vector,stopwords+stemming,131,200,1021,1,0.4682,,,"what agreement is found between theoretically predicted instability times and experimentally measured collapse times for compressed columns in creep"
false_positive,bm25(k1=1.2,b=0.75),stopwords+stemming,131,200,950,1,39.3314,,,"what agreement is found between theoretically predicted instability times and experimentally measured collapse times for compressed columns in creep"
false_positive,vector,stopwords+stemming,133,202,1026,1,0.4461,,,"experimental studies of creep buckling"
false_positive,bm25(k1=1.2,b=0.75),stopwords+stemming,133,202,951,1,12.0178,,,"experimental studies of creep buckling"
false_positive,vector,stopwords+stemming,134,203,951,1,0.2772,,,"is it possible to correlate the results on the creep buckling of widely different structures within the framework of a single theory"
false_positive,bm25(k1=1.2,b=0.75),stopwords+stemming,134,203,951,1,21.5617,,,"is it possible to correlate the results on the creep buckling of widely different structures within the framework of a single theory"
false_positive,vector,stopwords+stemming,136,205,951,1,0.2811,,,"what are the results for the creep buckling of round tubes under external pressure"
false_positive,vector,stopwords+stemming,137,206,952,1,0.4673,,,"have any analytical studies been conducted on the time-to-failure mechanism associated with creep collapse for a long circular cylindrical shell which exhibits both primary and secondary creep as well as elastic deformations under various distributed force systems"
false_positive,bm25(k1=1.2,b=0.75),stopwords+stemming,137,206,952,1,59.7772,,,"have any analytical studies been conducted on the time-to-failure mechanism associated with creep collapse for a long circular cylindrical shell which exhibits both primary and secondary creep as well as elastic deformations under various distributed force systems"
false_positive,vector,stopwords+stemming,138,208,953,1,0.4039,,,"has the effect of initial stresses on the frequencies of vibration of circular cylindrical shells been investigated"
false_positive,bm25(k1=1.2,b=0.75),stopwords+stemming,138,208,953,1,24.9929,,,"has the effect of initial stresses on the frequencies of vibration of circular cylindrical shells been investigated"
false_positive,vector,stopwords+stemming,139,209,847,1,0.3527,,,"has the effect of the change of initial pressure due to deformation on the frequencies of vibration of circular cylindrical shells been investigated"
false_positive,bm25(k1=1.2,b=0.75),stopwords+stemming,139,209,897,1,25.9229,,,"has the effect of the change of initial pressure due to deformation on the frequencies of vibration of circular cylindrical shells been investigated"
false_positive,vector,stopwords+stemming,140,210,954,1,0.3636,,,"what are the discontinuity stresses at junctions in pressurized structures"
false_positive,bm25(k1=1.2,b=0.75),stopwords+stemming,140,210,954,1,19.5867,,,"what are the discontinuity stresses at junctions in pressurized structures"
false_positive,vector,stopwords+stemming,142,212,954,1,0.2855,,,"what dome contours minimize discontinuity stresses when used as closures on cylindrical pressure vessels"
false_positive,bm25(k1=1.2,b=0.75),stopwords+stemming,142,212,954,1,26.2611,,,"what dome contours minimize discontinuity stresses when used as closures on cylindrical pressure vessels"
false_positive,vector,stopwords+stemming,143,213,1068,1,0.2162,,,"what general solutions for the stresses in pressurized shells of revolution are available"
false_positive,bm25(k1=1.2,b=0.75),stopwords+stemming,144,214,955,1,29.1065,,,"can studies of pure membrane cylinders having no wall bending stiffness but maintaining their shape by virtue of internal pressure provide any insight into the behaviour of pressurized cylinders with finite wall stiffness"
false_positive,bm25(k1=1.2,b=0.75),stopwords+stemming,145,215,1126,1,19.6244,,,"what are the best experimental data and classical small deflection theory analyses available for pressurized cylinders in bending"
false_positive,bm25(k1=1.2,b=0.75),stopwords+stemming,146,216,955,1,28.1390,,,"does a membrane theory exist by which the behaviour of pressurized membrane cylinders in bending can be predicted"
false_positive,vector,stopwords+stemming,147,217,956,1,0.5190,,,"what are the equations which define the stability of simply supported corrugated core sandwich cylinders"
false_positive,bm25(k1=1.2,b=0.75),stopwords+stemming,147,217,956,1,40.6979,,,"what are the equations which define the stability of simply supported corrugated core sandwich cylinders"
false_positive,bm25(k1=1.2,b=0.75),stopwords+stemming,148,218,956,1,22.4831,,,"papers on small deflection theory for buckling of sandwich cylinders"
false_positive,vector,stopwords+stemming,150,223,1062,1,0.4362,,,"what is the magnitude of second-order wing-body interference at high supersonic mach number"
false_positive,vector,stopwords+stemming,151,224,251,1,0.2415,,,"what is the best theoretical method for calculating pressure on the surface of a wing alone"
false_positive,bm25(k1=1.2,b=0.75),stopwords+stemming,151,224,251,1,15.6400,,,"what is the best theoretical method for calculating pressure on the surface of a wing alone"
false_positive,vector,stopwords+stemming,152,225,1079,1,0.1699,,,"how can the effect of the boundary-layer on wing pressure be calculated and what is its magnitude"
false_positive,bm25(k1=1.2,b=0.75),stopwords+stemming,152,225,1362,1,15.5050,,,"how can the effect of the boundary-layer on wing pressure be calculated and what is its magnitude"
false_positive,vector,stopwords+stemming,153,226,1063,1,0.4131,,,"how should the navier-stokes difference equations be solved"
false_positive,bm25(k1=1.2,b=0.75),stopwords+stemming,153,226,1063,1,20.8354,,,"how should the navier-stokes difference equations be solved"
false_positive,vector,stopwords+stemming,154,227,832,1,0.4692,,,"which iterative method for solving linear elliptic difference equations is most rapidly convergent"
false_positive,vector,stopwords+stemming,157,232,1006,1,0.1976,,,"have flow fields been calculated for blunt-nosed bodies and compared with experiment for a wide range of free stream conditions and body shapes"
false_positive,vector,stopwords+stemming,159,234,1066,1,0.2964,,,"what is the magnitude of aerodynamic damping in flexible vibration modes of a slender body of revolution characteristic of launch vehicles"
false_positive,bm25(k1=1.2,b=0.75),stopwords+stemming,159,234,1066,1,30.1791,,,"what is the magnitude of aerodynamic damping in flexible vibration modes of a slender body of revolution characteristic of launch vehicles"
false_positive,vector,stopwords+stemming,160,241,1071,1,0.5257,,,"compressive circumferential stresses in a torispherical shell reveal the possibility of buckling under internal pressure has anyone investigated for which ranges of shell parameters these stresses are sufficiently large to cause elastic buckling"
false_positive,bm25(k1=1.2,b=0.75),stopwords+stemming,160,241,1071,1,54.2908,,,"compressive circumferential stresses in a torispherical shell reveal the possibility of buckling under internal pressure has anyone investigated for which ranges of shell parameters these stresses are sufficiently large to cause elastic buckling"
false_positive,vector,stopwords+stemming,162,246,55,1,0.2733,,,"what accurate or exact solutions of the laminar separation point for various incompressible and compressible boundary layers with zero heat transfer are available"
false_positive,bm25(k1=1.2,b=0.75),stopwords+stemming,162,246,55,1,24.5682,,,"what accurate or exact solutions of the laminar separation point for various incompressible and compressible boundary layers with zero heat transfer are available"
false_positive,vector,stopwords+stemming,163,247,492,1,0.5643,,,"can the hypersonic similarity results be applied to the technique of predicting surface pressures of an ogive forebody at angle of attack"
false_positive,bm25(k1=1.2,b=0.75),stopwords+stemming,163,247,492,1,30.0755,,,"can the hypersonic similarity results be applied to the technique of predicting surface pressures of an ogive forebody at angle of attack"
false_positive,vector,stopwords+stemming,164,250,265,1,0.2331,,,"what determines the onset of shock-induced boundary-layer separation"
false_positive,vector,stopwords+stemming,165,251,504,1,0.2603,,,"are the stable profiles of a compressible boundary layer induced by a moving wave known"
false_positive,bm25(k1=1.2,b=0.75),stopwords+stemming,165,251,504,1,20.8410,,,"are the stable profiles of a compressible boundary layer induced by a moving wave known"
false_positive,vector,stopwords+stemming,166,252,504,1,0.3124,,,"are there experimental results on the stability of a compressible boundary layer induced by a moving wave"
false_positive,bm25(k1=1.2,b=0.75),stopwords+stemming,166,252,504,1,21.8540,,,"are there experimental results on the stability of a compressible boundary layer induced by a moving wave"
false_positive,vector,stopwords+stemming,167,253,1099,1,0.3584,,,"exact solution methods for calculating the ablative mass loss of a material ablating at high temperatures in a hypersonic flight environment"
false_positive,bm25(k1=1.2,b=0.75),stopwords+stemming,167,253,553,1,30.9221,,,"exact solution methods for calculating the ablative mass loss of a material ablating at high temperatures in a hypersonic flight environment"
false_positive,vector,stopwords+stemming,168,254,750,1,0.3718,,,"what approximate solutions are known to the direct problem of transonic flow in the throat of a nozzle ie finding the flow in a given nozzle"
false_positive,bm25(k1=1.2,b=0.75),stopwords+stemming,168,254,750,1,30.2388,,,"what approximate solutions are known to the direct problem of transonic flow in the throat of a nozzle ie finding the flow in a given nozzle"
false_positive,vector,stopwords+stemming,169,255,750,1,0.3461,,,"what approximate solutions are known to the indirect problem of transonic flow in the throat of a nozzle ie finding a nozzle which has a given axial velocity distribution"
false_positive,bm25(k1=1.2,b=0.75),stopwords+stemming,169,255,750,1,34.1920,,,"what approximate solutions are known to the indirect problem of transonic flow in the throat of a nozzle ie finding a nozzle which has a given axial velocity distribution"
false_positive,vector,stopwords+stemming,172,261,527,1,0.6913,,,"solution of the blasius problem with three-point boundary conditions"
false_positive,bm25(k1=1.2,b=0.75),stopwords+stemming,172,261,527,1,24.8565,,,"solution of the blasius problem with three-point boundary conditions"
false_positive,vector,stopwords+stemming,173,264,532,1,0.4322,,,"references on lyapunovs method on the stability of linear differential equations with periodic coefficients"
false_positive,vector,stopwords+stemming,174,265,483,1,0.4631,,,"obtain all papers and reports that contain shock detachment distance data"
false_positive,bm25(k1=1.2,b=0.75),stopwords+stemming,174,265,35,1,17.1849,,,"obtain all papers and reports that contain shock detachment distance data"
false_positive,vector,stopwords+stemming,175,266,941,1,0.4373,,,"work on flow in channels at low reynolds numbers"
false_positive,bm25(k1=1.2,b=0.75),stopwords+stemming,175,266,941,1,13.3191,,,"work on flow in channels at low reynolds numbers"
false_positive,vector,stopwords+stemming,176,267,963,1,0.4142,,,"some approximate analytical heat conduction solutions using methods other than biots principle"
false_positive,bm25(k1=1.2,b=0.75),stopwords+stemming,176,267,542,1,19.9934,,,"some approximate analytical heat conduction solutions using methods other than biots principle"
false_positive,vector,stopwords+stemming,179,272,633,1,0.2323,,,"has a theory of quasi-conical flows been developed in supersonic linearised theory for which the upwash distribution on the lifting surface apart from being a homogeneous function in the co-ordinate is permitted to have a quite general functional form"
false_positive,vector,stopwords+stemming,180,273,548,1,0.2958,,,"how does scale height vary with altitude in an atmosphere"
false_positive,bm25(k1=1.2,b=0.75),stopwords+stemming,180,273,548,1,26.2993,,,"how does scale height vary with altitude in an atmosphere"
false_positive,vector,stopwords+stemming,182,275,634,1,0.5362,,,"effects of leading-edge bluntness on the flutter characteristics of some square-planform double-wedge airfoils at mach numbers less than 154"
false_positive,bm25(k1=1.2,b=0.75),stopwords+stemming,182,275,634,1,49.3834,,,"effects of leading-edge bluntness on the flutter characteristics of some square-planform double-wedge airfoils at mach numbers less than 154"
false_positive,bm25(k1=1.2,b=0.75),stopwords+stemming,183,277,893,1,15.2941,,,"what factors have been shown to have a primary influence on sonic boom strength"
false_positive,vector,stopwords+stemming,184,283,554,1,0.2401,,,"work on small-oscillation re-entry motions"
false_positive,bm25(k1=1.2,b=0.75),stopwords+stemming,186,285,1243,1,18.2045,,,"how can wing-body flow field interference effects be approximated rationally"
false_positive,vector,stopwords+stemming,187,288,763,1,0.5164,,,"has anyone analytically or experimentally investigated the effects of internal pressure on the buckling of circular-cylindrical shells under bending"
false_positive,bm25(k1=1.2,b=0.75),stopwords+stemming,187,288,763,1,33.2842,,,"has anyone analytically or experimentally investigated the effects of internal pressure on the buckling of circular-cylindrical shells under bending"
false_positive,vector,stopwords+stemming,189,292,767,1,0.3408,,,"is there a design method for calculating thermal fatigue endurances of components of various types and sizes in a variety of circumstances"
false_positive,bm25(k1=1.2,b=0.75),stopwords+stemming,189,292,767,1,25.9952,,,"is there a design method for calculating thermal fatigue endurances of components of various types and sizes in a variety of circumstances"
false_positive,bm25(k1=1.2,b=0.75),stopwords+stemming,191,294,827,1,17.3354,,,"what is the criterion for true panel flutter as opposed to small amplitude vibration arising from acoustic disturbances"
false_positive,vector,stopwords+stemming,192,295,641,1,0.3331,,,"papers dealing with uniformly loaded sectors"
false_positive,vector,stopwords+stemming,194,297,642,1,0.3853,,,"how can the analytical solution of the buckling strength of a uniform circular cylinder loaded in axial compression be refined so as to lower the buckling load"
false_positive,bm25(k1=1.2,b=0.75),stopwords+stemming,194,297,642,1,38.4132,,,"how can the analytical solution of the buckling strength of a uniform circular cylinder loaded in axial compression be refined so as to lower the buckling load"
false_positive,vector,stopwords+stemming,195,298,642,1,0.3714,,,"in the problem of the buckling strength of uniform circular cylinders loaded in axial compression does the linear solution help with improving the non-linear one"
false_positive,bm25(k1=1.2,b=0.75),stopwords+stemming,195,298,642,1,34.8216,,,"in the problem of the buckling strength of uniform circular cylinders loaded in axial compression does the linear solution help with improving the non-linear one"
false_positive,vector,stopwords+stemming,199,303,930,1,0.2659,,,"have non-linear large deflection analyses been conducted for shell shapes other than conical"
false_positive,bm25(k1=1.2,b=0.75),stopwords+stemming,199,303,930,1,17.2406,,,"have non-linear large deflection analyses been conducted for shell shapes other than conical"
false_positive,vector,stopwords+stemming,200,304,1071,1,0.3198,,,"are asymptotic methods sufficiently accurate in the determination of pre-buckling stresses in torispherical shells or must we resort to numerical methods"
false_positive,bm25(k1=1.2,b=0.75),stopwords+stemming,200,304,1071,1,23.7648,,,"are asymptotic methods sufficiently accurate in the determination of pre-buckling stresses in torispherical shells or must we resort to numerical methods"
false_positive,vector,stopwords+stemming,202,314,1285,1,0.2863,,,"how accurate are existing analytical theories in estimating pressure distributions on cones at incidence at hypersonic speeds"
false_positive,bm25(k1=1.2,b=0.75),stopwords+stemming,202,314,1285,1,23.0992,,,"how accurate are existing analytical theories in estimating pressure distributions on cones at incidence at hypersonic speeds"
false_positive,vector,stopwords+stemming,203,315,38,1,0.2755,,,"are simple empirical methods of any use for estimating pressure distribution in cones"
false_positive,bm25(k1=1.2,b=0.75),stopwords+stemming,203,315,1285,1,13.0378,,,"are simple empirical methods of any use for estimating pressure distribution in cones"
false_positive,vector,stopwords+stemming,204,316,147,1,0.1542,,,"do viscous effects seriously modify pressure distributions"
false_positive,bm25(k1=1.2,b=0.75),stopwords+stemming,204,316,443,1,12.6137,,,"do viscous effects seriously modify pressure distributions"
false_positive,vector,stopwords+stemming,205,317,1287,1,0.2639,,,"has anyone investigated theoretically whether surface flexibility can stabilize a laminar boundary layer"
false_positive,vector,stopwords+stemming,206,321,1290,1,0.3678,,,"how do subsonic and transonic flutter data measured in the new langley transonic dynamics tunnel compare with similar data obtained in other facilities"
false_positive,bm25(k1=1.2,b=0.75),stopwords+stemming,206,321,1290,1,47.2396,,,"how do subsonic and transonic flutter data measured in the new langley transonic dynamics tunnel compare with similar data obtained in other facilities"
false_positive,vector,stopwords+stemming,207,323,862,1,0.1561,,,"how do large changes in new mass ratio quantitatively affect wing-flutter boundaries"
false_positive,bm25(k1=1.2,b=0.75),stopwords+stemming,207,323,365,1,14.1386,,,"how do large changes in new mass ratio quantitatively affect wing-flutter boundaries"
false_positive,vector,stopwords+stemming,208,327,1291,1,0.4197,,,"what is the effect of the shape of the drag polar of a lifting spacecraft on the amount of reduction in maximum deceleration obtainable by continuously varying the aerodynamic coefficients during re-entry"
false_positive,bm25(k1=1.2,b=0.75),stopwords+stemming,208,327,1291,1,51.0420,,,"what is the effect of the shape of the drag polar of a lifting spacecraft on the amount of reduction in maximum deceleration obtainable by continuously varying the aerodynamic coefficients during re-entry"
false_positive,vector,stopwords+stemming,209,331,959,1,0.1869,,,"what are the physical significance and characteristics of separated laminar and turbulent boundary layer flows"
false_positive,bm25(k1=1.2,b=0.75),stopwords+stemming,209,331,798,1,17.0504,,,"what are the physical significance and characteristics of separated laminar and turbulent boundary layer flows"
false_positive,vector,stopwords+stemming,213,336,1146,1,0.3616,,,"what is the effect on cylinder buckling of a circumferential stress system that varies in the axial direction"
false_positive,vector,stopwords+stemming,214,338,1294,1,0.4390,,,"can non-linear shallow shell analysis be reduced to an engineering technique by use of the matrix"
false_positive,bm25(k1=1.2,b=0.75),stopwords+stemming,214,338,1294,1,31.4975,,,"can non-linear shallow shell analysis be reduced to an engineering technique by use of the matrix"
false_positive,vector,stopwords+stemming,215,339,535,1,0.3976,,,"is it possible to predict the shape of a shroud which will allow simulation of the nose region flow field for a sphere in hypersonic flow"
false_positive,bm25(k1=1.2,b=0.75),stopwords+stemming,215,339,535,1,28.5721,,,"is it possible to predict the shape of a shroud which will allow simulation of the nose region flow field for a sphere in hypersonic flow"
false_positive,vector,stopwords+stemming,216,340,117,1,0.1863,,,"what investigations have been made of the wave system created by a static pressure distribution over a liquid surface"
false_positive,bm25(k1=1.2,b=0.75),stopwords+stemming,216,340,175,1,17.3675,,,"what investigations have been made of the wave system created by a static pressure distribution over a liquid surface"
false_positive,vector,stopwords+stemming,217,347,323,1,0.3047,,,"has anyone investigated the effect of shock generated vorticity on heat transfer to a blunt body"
false_positive,bm25(k1=1.2,b=0.75),stopwords+stemming,217,347,1161,1,15.8293,,,"has anyone investigated the effect of shock generated vorticity on heat transfer to a blunt body"
false_positive,vector,stopwords+stemming,218,348,323,1,0.2017,,,"what is the heat transfer to a blunt body in the absence of vorticity"
false_positive,bm25(k1=1.2,b=0.75),stopwords+stemming,218,348,36,1,13.7585,,,"what is the heat transfer to a blunt body in the absence of vorticity"
false_positive,vector,stopwords+stemming,219,349,117,1,0.1672,,,"what are the general effects on flow fields when the reynolds number is small"
false_positive,bm25(k1=1.2,b=0.75),stopwords+stemming,219,349,208,1,13.3851,,,"what are the general effects on flow fields when the reynolds number is small"
false_positive,vector,stopwords+stemming,220,352,382,1,0.2059,,,"find a calculation procedure applicable to all incompressible laminar boundary layer flow problems having good accuracy and reasonable computation time"
false_positive,vector,stopwords+stemming,221,353,3,1,0.2713,,,"papers applicable to this problem calculation procedures for laminar incompressible flow with arbitrary pressure gradient"
false_positive,bm25(k1=1.2,b=0.75),stopwords+stemming,223,356,1399,1,24.1849,,,"papers on shear buckling of unstiffened rectangular plates under shear"
false_positive,vector,stopwords+stemming,224,360,1312,1,0.2111,,,"in practice how close to reality are the assumptions that the flow in a hypersonic shock tube using nitrogen is non-viscous and in thermodynamic equilibrium"
false_positive,bm25(k1=1.2,b=0.75),stopwords+stemming,224,360,1312,1,20.2990,,,"in practice how close to reality are the assumptions that the flow in a hypersonic shock tube using nitrogen is non-viscous and in thermodynamic equilibrium"
false_positive,vector,stopwords+stemming,225,365,1188,1,0.2893,,,"what design factors can be used to control lift-drag ratios at mach numbers above 5"
false_positive,bm25(k1=1.2,b=0.75),stopwords+stemming,225,365,1188,1,27.4228,,,"what design factors can be used to control lift-drag ratios at mach numbers above 5"
false_positive,vector,stopwords+stemming,1,1,573,2,0.1838,,,"what similarity laws must be obeyed when constructing aeroelastic models of heated high speed aircraft"
false_positive,bm25(k1=1.2,b=0.75),stopwords+stemming,1,1,486,2,19.1522,,,"what similarity laws must be obeyed when constructing aeroelastic models of heated high speed aircraft"
false_positive,vector,stopwords+stemming,4,8,488,2,0.2183,,,"can a criterion be developed to show empirically the validity of flow solutions for chemically reacting gas mixtures based on the simplifying assumption of instantaneous local chemical equilibrium"
false_positive,bm25(k1=1.2,b=0.75),stopwords+stemming,4,8,488,2,26.8684,,,"can a criterion be developed to show empirically the validity of flow solutions for chemically reacting gas mixtures based on the simplifying assumption of instantaneous local chemical equilibrium"
false_positive,vector,stopwords+stemming,5,9,943,2,0.1944,,,"what chemical kinetic system is applicable to hypersonic aerodynamic problems"
false_positive,bm25(k1=1.2,b=0.75),stopwords+stemming,5,9,1032,2,13.5537,,,"what chemical kinetic system is applicable to hypersonic aerodynamic problems"
false_positive,vector,stopwords+stemming,6,10,386,2,0.1545,,,"what theoretical and experimental guides do we have as to turbulent couette flow behaviour"
false_positive,vector,stopwords+stemming,8,13,492,2,0.1995,,,"what methods -dash exact or approximate -dash are presently available for predicting body pressures at angle of attack"
false_positive,bm25(k1=1.2,b=0.75),stopwords+stemming,8,13,492,2,20.3378,,,"what methods -dash exact or approximate -dash are presently available for predicting body pressures at angle of attack"
false_positive,vector,stopwords+stemming,9,15,326,2,0.3142,,,"papers on internal slip flow heat transfer studies"
false_positive,bm25(k1=1.2,b=0.75),stopwords+stemming,10,18,493,2,21.1541,,,"are real-gas transport properties for air available over a wide range of enthalpies and densities"
false_positive,vector,stopwords+stemming,11,22,556,2,0.2650,,,"is it possible to find an analytical similar solution of the strong blast wave problem in the newtonian approximation"
false_positive,bm25(k1=1.2,b=0.75),stopwords+stemming,11,22,556,2,15.4890,,,"is it possible to find an analytical similar solution of the strong blast wave problem in the newtonian approximation"
false_positive,vector,stopwords+stemming,12,23,966,2,0.2082,,,"how can the aerodynamic performance of channel flow ground effect machines be calculated"
false_positive,bm25(k1=1.2,b=0.75),stopwords+stemming,12,23,966,2,15.5158,,,"how can the aerodynamic performance of channel flow ground effect machines be calculated"
false_positive,vector,stopwords+stemming,13,26,903,2,0.2012,,,"what is the basic mechanism of the transonic aileron buzz"
false_positive,bm25(k1=1.2,b=0.75),stopwords+stemming,13,26,903,2,14.1325,,,"what is the basic mechanism of the transonic aileron buzz"
false_positive,vector,stopwords+stemming,14,27,256,2,0.2641,,,"papers on shock-sound wave interaction"
false_positive,bm25(k1=1.2,b=0.75),stopwords+stemming,14,27,798,2,9.1332,,,"papers on shock-sound wave interaction"
false_positive,vector,stopwords+stemming,15,29,1099,2,0.1569,,,"material properties of photoelastic materials"
false_positive,bm25(k1=1.2,b=0.75),stopwords+stemming,16,31,1255,2,20.6098,,,"can the transverse potential flow about a body of revolution be calculated efficiently by an electronic computer"
false_positive,vector,stopwords+stemming,17,32,498,2,0.2484,,,"can the three-dimensional problem of a transverse potential flow about a body of revolution be reduced to a two-dimensional problem"
false_positive,vector,stopwords+stemming,18,33,492,2,0.3353,,,"are experimental pressure distributions on bodies of revolution at angle of attack available"
false_positive,bm25(k1=1.2,b=0.75),stopwords+stemming,18,33,248,2,17.5156,,,"are experimental pressure distributions on bodies of revolution at angle of attack available"
false_positive,vector,stopwords+stemming,19,34,303,2,0.1294,,,"does there exist a good basic treatment of the dynamics of re-entry combining consideration of realistic effects with relative simplicity of results"
false_positive,bm25(k1=1.2,b=0.75),stopwords+stemming,19,34,140,2,14.2682,,,"does there exist a good basic treatment of the dynamics of re-entry combining consideration of realistic effects with relative simplicity of results"
false_positive,vector,stopwords+stemming,20,35,450,2,0.1683,,,"has anyone formally determined the influence of joule heating produced by the induced current in magnetohydrodynamic free convection flows under general conditions"
false_positive,vector,stopwords+stemming,21,39,68,2,0.1779,,,"why does the compressibility transformation fail to correlate the high speed data for helium and air"
false_positive,bm25(k1=1.2,b=0.75),stopwords+stemming,21,39,68,2,15.8190,,,"why does the compressibility transformation fail to correlate the high speed data for helium and air"
false_positive,vector,stopwords+stemming,22,40,125,2,0.1941,,,"did anyone else discover that the turbulent skin friction is not over sensitive to the nature of the variation of the viscosity with temperature"
false_positive,bm25(k1=1.2,b=0.75),stopwords+stemming,22,40,560,2,17.2034,,,"did anyone else discover that the turbulent skin friction is not over sensitive to the nature of the variation of the viscosity with temperature"
false_positive,vector,stopwords+stemming,23,41,28,2,0.1703,,,"what progress has been made in research on unsteady aerodynamics"
false_positive,bm25(k1=1.2,b=0.75),stopwords+stemming,23,41,28,2,14.0939,,,"what progress has been made in research on unsteady aerodynamics"
false_positive,vector,stopwords+stemming,26,51,307,2,0.2532,,,"what is a single approximate formula for the displacement thickness of a laminar boundary layer in compressible flow on a flat plate"
false_positive,vector,stopwords+stemming,27,52,512,2,0.2340,,,"how is the design of ring or part ring wings by linear theory affected by thickness"
false_positive,bm25(k1=1.2,b=0.75),stopwords+stemming,27,52,1035,2,19.4927,,,"how is the design of ring or part ring wings by linear theory affected by thickness"
false_positive,vector,stopwords+stemming,28,53,36,2,0.1683,,,"what application has the linear theory design of curved wings"
false_positive,bm25(k1=1.2,b=0.75),stopwords+stemming,28,53,1051,2,12.0455,,,"what application has the linear theory design of curved wings"
false_positive,vector,stopwords+stemming,30,55,513,2,0.1681,,,"papers on flow visualization on slender conical wings"
false_positive,bm25(k1=1.2,b=0.75),stopwords+stemming,30,55,513,2,10.8931,,,"papers on flow visualization on slender conical wings"
false_positive,vector,stopwords+stemming,31,56,68,2,0.1312,,,"what size of end plate can be safely used to simulate two-dimensional flow conditions over a bluff cylindrical body of finite aspect ratio"
false_positive,bm25(k1=1.2,b=0.75),stopwords+stemming,31,56,1209,2,17.9528,,,"what size of end plate can be safely used to simulate two-dimensional flow conditions over a bluff cylindrical body of finite aspect ratio"
false_positive,vector,stopwords+stemming,32,57,382,2,0.1789,,,"to find an approximate correction for thickness in slender thin-wing theory"
false_positive,bm25(k1=1.2,b=0.75),stopwords+stemming,32,57,1259,2,13.7662,,,"to find an approximate correction for thickness in slender thin-wing theory"
false_positive,vector,stopwords+stemming,34,59,516,2,0.2335,,,"have wind tunnel interference effects been investigated on a systematic basis"
false_positive,bm25(k1=1.2,b=0.75),stopwords+stemming,34,59,1153,2,16.1576,,,"have wind tunnel interference effects been investigated on a systematic basis"
false_positive,vector,stopwords+stemming,35,61,1276,2,0.1519,,,"are there any papers dealing with acoustic wave propagation in reacting gases"
false_positive,bm25(k1=1.2,b=0.75),stopwords+stemming,35,61,1314,2,11.5207,,,"are there any papers dealing with acoustic wave propagation in reacting gases"
false_positive,bm25(k1=1.2,b=0.75),stopwords+stemming,36,62,123,2,16.4420,,,"has anyone investigated relaxation effects on gaseous heat transfer to a suddenly heated wall"
false_positive,vector,stopwords+stemming,37,66,186,2,0.1593,,,"are there any theoretical methods for predicting base pressure"
false_positive,bm25(k1=1.2,b=0.75),stopwords+stemming,37,66,283,2,9.1895,,,"are there any theoretical methods for predicting base pressure"
false_positive,vector,stopwords+stemming,38,67,1141,2,0.1643,,,"does transition in the hypersonic wake depend on body geometry and size"
false_positive,bm25(k1=1.2,b=0.75),stopwords+stemming,38,67,1238,2,11.7622,,,"does transition in the hypersonic wake depend on body geometry and size"
false_positive,bm25(k1=1.2,b=0.75),stopwords+stemming,39,68,1205,2,13.2186,,,"how can one detect transition phenomena in boundary layers"
false_positive,vector,stopwords+stemming,40,69,536,2,0.1885,,,"how can one detect transition phenomena in hypersonic wakes"
false_positive,bm25(k1=1.2,b=0.75),stopwords+stemming,40,69,37,2,12.5005,,,"how can one detect transition phenomena in hypersonic wakes"
false_positive,vector,stopwords+stemming,42,72,526,2,0.2954,,,"what is a criterion that the transonic flow around an airfoil with a round leading edge be validly analyzed by the linearized transonic flow theory"
false_positive,bm25(k1=1.2,b=0.75),stopwords+stemming,42,72,526,2,30.2284,,,"what is a criterion that the transonic flow around an airfoil with a round leading edge be validly analyzed by the linearized transonic flow theory"
false_positive,vector,stopwords+stemming,44,79,862,2,0.1252,,,"what are the details of the rigorous kinetic theory of gases chapman-enskog theory"
false_positive,bm25(k1=1.2,b=0.75),stopwords+stemming,44,79,108,2,11.4487,,,"what are the details of the rigorous kinetic theory of gases chapman-enskog theory"
false_positive,vector,stopwords+stemming,45,80,540,2,0.3612,,,"has anyone investigated the effect of surface mass transfer on hypersonic viscous interactions"
false_positive,bm25(k1=1.2,b=0.75),stopwords+stemming,45,80,540,2,19.4795,,,"has anyone investigated the effect of surface mass transfer on hypersonic viscous interactions"
false_positive,vector,stopwords+stemming,47,82,525,2,0.2980,,,"what are the existing solutions for hypersonic viscous interactions over an insulated flat plate"
false_positive,bm25(k1=1.2,b=0.75),stopwords+stemming,47,82,1200,2,22.7093,,,"what are the existing solutions for hypersonic viscous interactions over an insulated flat plate"
false_positive,vector,stopwords+stemming,48,83,1228,2,0.2191,,,"what controls leading-edge attachment at transonic speeds"
false_positive,bm25(k1=1.2,b=0.75),stopwords+stemming,49,84,321,2,33.3372,,,"can the three-point boundary-value problem for the blasius equation be integrated numerically using suitable transformations without iteration on the boundary conditions"
false_positive,vector,stopwords+stemming,53,93,1221,2,0.2600,,,"what investigations have been made of the flow field about a body moving through a rarefied partially ionized gas in the presence of a magnetic field"
false_positive,bm25(k1=1.2,b=0.75),stopwords+stemming,53,93,1221,2,27.6701,,,"what investigations have been made of the flow field about a body moving through a rarefied partially ionized gas in the presence of a magnetic field"
false_positive,bm25(k1=1.2,b=0.75),stopwords+stemming,55,95,17,2,21.1648,,,"to what extent can the available information for incompressible boundary layers be applied to problems involving compressible boundary layers"
false_positive,vector,stopwords+stemming,56,97,783,2,0.1757,,,"to what extent can readily available steady-state aerodynamic data be utilized to predict lifting-surface flutter characteristics"
false_positive,vector,stopwords+stemming,57,98,1099,2,0.1373,,,"what are the significant steady and non-steady flow characteristics which affect the flutter mechanism"
false_positive,bm25(k1=1.2,b=0.75),stopwords+stemming,57,98,1268,2,12.2966,,,"what are the significant steady and non-steady flow characteristics which affect the flutter mechanism"
false_positive,bm25(k1=1.2,b=0.75),stopwords+stemming,58,99,270,2,22.9409,,,"is it possible to determine rates of forced convective heat transfer from heated cylinders of non-circular cross-section the fluid flow being along the generators"
false_positive,vector,stopwords+stemming,59,100,610,2,0.1680,,,"how much is known about boundary layer flows along non-circular cylinders"
false_positive,bm25(k1=1.2,b=0.75),stopwords+stemming,59,100,292,2,13.7969,,,"how much is known about boundary layer flows along non-circular cylinders"
false_positive,bm25(k1=1.2,b=0.75),stopwords+stemming,60,101,321,2,31.4339,,,"is there any simple but practical method for numerical integration of the mixing problem ie the blasius problem with three-point boundary conditions"
false_positive,vector,stopwords+stemming,61,102,333,2,0.2575,,,"does there exist a closed-form expression for the local heat transfer around a yawed cylinder"
false_positive,vector,stopwords+stemming,62,103,1258,2,0.1770,,,"how far around a cylinder and under what conditions of flow if any is the velocity just outside of the boundary layer a linear function of the distance around the cylinder"
false_positive,bm25(k1=1.2,b=0.75),stopwords+stemming,62,103,452,2,25.2597,,,"how far around a cylinder and under what conditions of flow if any is the velocity just outside of the boundary layer a linear function of the distance around the cylinder"
false_positive,vector,stopwords+stemming,63,104,678,2,0.1852,,,"where can i find pressure data on surfaces of swept cylinders"
false_positive,bm25(k1=1.2,b=0.75),stopwords+stemming,63,104,1135,2,12.3446,,,"where can i find pressure data on surfaces of swept cylinders"
false_positive,vector,stopwords+stemming,64,105,290,2,0.1820,,,"cant the static deflection shapes be used in predicting flutter in place of vibrational shapes if so can we provide a justification by means of an example"
false_positive,bm25(k1=1.2,b=0.75),stopwords+stemming,64,105,914,2,20.3804,,,"cant the static deflection shapes be used in predicting flutter in place of vibrational shapes if so can we provide a justification by means of an example"
false_positive,vector,stopwords+stemming,66,107,191,2,0.2199,,,"can the procedure of matching inner and outer solutions for a viscous flow problem be applied when the main stream is a shear flow"
false_positive,bm25(k1=1.2,b=0.75),stopwords+stemming,66,107,191,2,20.6476,,,"can the procedure of matching inner and outer solutions for a viscous flow problem be applied when the main stream is a shear flow"
false_positive,vector,stopwords+stemming,68,109,343,2,0.2157,,,"what possible techniques are available for computing the injection distribution corresponding to an isothermal transpiration cooled hemisphere"
false_positive,bm25(k1=1.2,b=0.75),stopwords+stemming,68,109,344,2,17.3367,,,"what possible techniques are available for computing the injection distribution corresponding to an isothermal transpiration cooled hemisphere"
false_positive,vector,stopwords+stemming,69,110,664,2,0.1563,,,"what is known regarding asymptotic solutions to the exact boundary layer equations"
false_positive,bm25(k1=1.2,b=0.75),stopwords+stemming,69,110,540,2,13.0120,,,"what is known regarding asymptotic solutions to the exact boundary layer equations"
false_positive,vector,stopwords+stemming,70,111,540,2,0.2763,,,"previous solutions to the boundary layer similarity equations"
false_positive,vector,stopwords+stemming,71,112,305,2,0.3328,,,"experimental results on hypersonic viscous interaction"
false_positive,bm25(k1=1.2,b=0.75),stopwords+stemming,71,112,573,2,12.4271,,,"experimental results on hypersonic viscous interaction"
false_positive,vector,stopwords+stemming,72,113,666,2,0.1578,,,"what has been done about viscous interactions in relatively low reynolds number flows particularly at high mach numbers"
false_positive,bm25(k1=1.2,b=0.75),stopwords+stemming,73,114,541,2,28.1827,,,"what role does the effect of chemical reaction particularly when out of equilibrium play in the similitude laws governing hypersonic flows over slender aerodynamic bodies"
false_positive,vector,stopwords+stemming,74,116,1295,2,0.2007,,,"how significant is the possible pressure of a dissociated free stream with respect to the realization of hypersonic simulation in high enthalpy wind tunnels"
false_positive,bm25(k1=1.2,b=0.75),stopwords+stemming,74,116,1153,2,18.6694,,,"how significant is the possible pressure of a dissociated free stream with respect to the realization of hypersonic simulation in high enthalpy wind tunnels"
false_positive,vector,stopwords+stemming,75,118,565,2,0.1525,,,"do the discrepancies among current analyses of the vorticity effect on stagnation-point heat transfer result primarily from the differences in the viscosity-temperature law assumed"
false_positive,bm25(k1=1.2,b=0.75),stopwords+stemming,75,118,396,2,15.8264,,,"do the discrepancies among current analyses of the vorticity effect on stagnation-point heat transfer result primarily from the differences in the viscosity-temperature law assumed"
false_positive,vector,stopwords+stemming,77,120,1264,2,0.2121,,,"how close is the comparison of the shock layer theory with existing experiments in the low reynolds number merged-layer regime"
false_positive,bm25(k1=1.2,b=0.75),stopwords+stemming,78,121,543,2,18.9600,,,"has anyone explained the kink in the surge line of a multi-stage axial compressor"
false_positive,vector,stopwords+stemming,79,122,196,2,0.2107,,,"have any aerodynamic derivatives been measured at hypersonic mach numbers and comparison been made with theoretical work"
false_positive,bm25(k1=1.2,b=0.75),stopwords+stemming,79,122,199,2,20.3749,,,"have any aerodynamic derivatives been measured at hypersonic mach numbers and comparison been made with theoretical work"
false_positive,vector,stopwords+stemming,80,123,546,2,0.1766,,,"are methods of measuring aerodynamic derivatives available which could be adopted for use in short running time facilities"
false_positive,bm25(k1=1.2,b=0.75),stopwords+stemming,80,123,546,2,16.9416,,,"are methods of measuring aerodynamic derivatives available which could be adopted for use in short running time facilities"
false_positive,vector,stopwords+stemming,81,126,652,2,0.1903,,,"what are wind-tunnel corrections for a two-dimensional aerofoil mounted off-centre in a tunnel"
false_positive,bm25(k1=1.2,b=0.75),stopwords+stemming,81,126,714,2,13.1587,,,"what are wind-tunnel corrections for a two-dimensional aerofoil mounted off-centre in a tunnel"
false_positive,vector,stopwords+stemming,83,130,251,2,0.1024,,,"what is the present state of the theory of quasi-conical flows"
false_positive,bm25(k1=1.2,b=0.75),stopwords+stemming,83,130,251,2,7.8749,,,"what is the present state of the theory of quasi-conical flows"
false_positive,vector,stopwords+stemming,84,131,21,2,0.2203,,,"references on the methods available for accurately estimating aerodynamic heat transfer to conical bodies for both laminar and turbulent flow"
false_positive,vector,stopwords+stemming,85,132,418,2,0.1721,,,"what parameters can seriously influence natural transition from laminar to turbulent flow on a model in a wind tunnel"
false_positive,vector,stopwords+stemming,87,135,1267,2,0.1734,,,"what effect has the boundary layer in modifying the basic inviscid flow behind the shock neglecting effects of leading edge and corner"
false_positive,bm25(k1=1.2,b=0.75),stopwords+stemming,87,135,134,2,19.1816,,,"what effect has the boundary layer in modifying the basic inviscid flow behind the shock neglecting effects of leading edge and corner"
false_positive,vector,stopwords+stemming,89,137,632,2,0.2310,,,"how is the flow at transonic speeds about a delta wing different from that on a closely-related tapered sweptback wing"
false_positive,vector,stopwords+stemming,91,139,610,2,0.1706,,,"what interference effects are likely at transonic speeds"
false_positive,bm25(k1=1.2,b=0.75),stopwords+stemming,91,139,924,2,13.0042,,,"what interference effects are likely at transonic speeds"
false_positive,bm25(k1=1.2,b=0.75),stopwords+stemming,94,142,983,2,19.9329,,,"what is the theoretical heat transfer rate at the stagnation point of a blunt body"
false_positive,vector,stopwords+stemming,95,143,553,2,0.1952,,,"what is the theoretical heat transfer distribution around a hemisphere"
false_positive,vector,stopwords+stemming,97,146,882,2,0.2441,,,"what information is available for dynamic response of airplanes to gusts or blasts in the subsonic regime"
false_positive,vector,stopwords+stemming,98,147,673,2,0.2188,,,"will forward or apex located controls be effective at low subsonic speeds and how do they compare with conventional trailing-edge flaps"
false_positive,bm25(k1=1.2,b=0.75),stopwords+stemming,98,147,673,2,21.0595,,,"will forward or apex located controls be effective at low subsonic speeds and how do they compare with conventional trailing-edge flaps"
false_positive,bm25(k1=1.2,b=0.75),stopwords+stemming,99,148,715,2,33.2107,,,"given that an uncontrolled vehicle will tumble as it enters an atmosphere is it possible to predict when and how it will stop tumbling and its subsequent motion"
false_positive,vector,stopwords+stemming,100,149,1068,2,0.3243,,,"what are the effects of initial imperfections on the elastic buckling of cylindrical shells under axial compression"
false_positive,bm25(k1=1.2,b=0.75),stopwords+stemming,101,150,760,2,27.0309,,,"why does the incremental theory and the deformation theory of plastic stress-strain relationship differ greatly when applied to stability problems"
false_positive,vector,stopwords+stemming,102,152,287,2,0.1456,,,"basic dynamic characteristics of structures continuous over many spans"
false_positive,bm25(k1=1.2,b=0.75),stopwords+stemming,102,152,729,2,10.4722,,,"basic dynamic characteristics of structures continuous over many spans"
false_positive,vector,stopwords+stemming,103,153,1048,2,0.3047,,,"is the information on the buckling of sandwich sphere available"
false_positive,bm25(k1=1.2,b=0.75),stopwords+stemming,103,153,1214,2,14.5523,,,"is the information on the buckling of sandwich sphere available"
false_positive,vector,stopwords+stemming,104,154,1177,2,0.2170,,,"can the load deformation characteristics of a beam be obtained with the material being inelastic and a non uniform temperature being present"
false_positive,bm25(k1=1.2,b=0.75),stopwords+stemming,104,154,1024,2,17.5993,,,"can the load deformation characteristics of a beam be obtained with the material being inelastic and a non uniform temperature being present"
false_positive,vector,stopwords+stemming,105,155,764,2,0.3718,,,"what is the effect of an internal liquid column on the breathing vibrations of a cylindrical shell"
false_positive,vector,stopwords+stemming,106,156,848,2,0.2499,,,"experimental techniques in shell vibration"
false_positive,bm25(k1=1.2,b=0.75),stopwords+stemming,106,156,764,2,10.7630,,,"experimental techniques in shell vibration"
false_positive,vector,stopwords+stemming,109,160,1008,2,0.3425,,,"panels subjected to aerodynamic heating"
false_positive,bm25(k1=1.2,b=0.75),stopwords+stemming,109,160,859,2,11.6316,,,"panels subjected to aerodynamic heating"
false_positive,vector,stopwords+stemming,110,161,15,2,0.2224,,,"can increasing the edge loading of a plate beyond the critical value for buckling change the buckling mode"
false_positive,bm25(k1=1.2,b=0.75),stopwords+stemming,110,161,15,2,20.7677,,,"can increasing the edge loading of a plate beyond the critical value for buckling change the buckling mode"
false_positive,vector,stopwords+stemming,111,163,1131,2,0.3012,,,"have the effects of an elastic edge restraint been considered in previous papers on panel flutter"
false_positive,bm25(k1=1.2,b=0.75),stopwords+stemming,111,163,857,2,20.1574,,,"have the effects of an elastic edge restraint been considered in previous papers on panel flutter"
false_positive,vector,stopwords+stemming,112,164,1045,2,0.3738,,,"has the solution of the clamped plate problem in the classical theory of bending been reduced to two successive membrane boundary value problems"
false_positive,vector,stopwords+stemming,113,165,594,2,0.1891,,,"what data exists on oscillatory aerodynamic forces on control surfaces at transonic mach numbers"
false_positive,bm25(k1=1.2,b=0.75),stopwords+stemming,113,165,815,2,14.9826,,,"what data exists on oscillatory aerodynamic forces on control surfaces at transonic mach numbers"
false_positive,vector,stopwords+stemming,114,167,712,2,0.1638,,,"it is not likely that the airforces on a wing of general planform oscillating in transonic flow can be determined by purely analytical methods is it possible to determine the airforces on a single particular planform such as the rectangular one by such method"
false_positive,bm25(k1=1.2,b=0.75),stopwords+stemming,114,167,712,2,28.2169,,,"it is not likely that the airforces on a wing of general planform oscillating in transonic flow can be determined by purely analytical methods is it possible to determine the airforces on a single particular planform such as the rectangular one by such method"
false_positive,vector,stopwords+stemming,115,168,746,2,0.1390,,,"is the problem of similarity for representative investigations of aeroelastic effects in heated flow as intractable as previous investigations imply"
false_positive,bm25(k1=1.2,b=0.75),stopwords+stemming,115,168,540,2,12.9004,,,"is the problem of similarity for representative investigations of aeroelastic effects in heated flow as intractable as previous investigations imply"
false_positive,vector,stopwords+stemming,116,169,186,2,0.1782,,,"what is the magnitude and distribution of lift over the cone and the cylindrical portion of a cone-cylinder configuration"
false_positive,bm25(k1=1.2,b=0.75),stopwords+stemming,116,169,186,2,14.9002,,,"what is the magnitude and distribution of lift over the cone and the cylindrical portion of a cone-cylinder configuration"
false_positive,vector,stopwords+stemming,117,170,282,2,0.1776,,,"is there any information on how the addition of a boat-tail affects the normal force on the body of various angles of incidence"
false_positive,bm25(k1=1.2,b=0.75),stopwords+stemming,117,170,122,2,15.9378,,,"is there any information on how the addition of a boat-tail affects the normal force on the body of various angles of incidence"
false_positive,vector,stopwords+stemming,118,171,520,2,0.2424,,,"what are the aerodynamic interference effects on the fin lift and body lift of a fin-body combination"
false_positive,bm25(k1=1.2,b=0.75),stopwords+stemming,118,171,229,2,19.2396,,,"what are the aerodynamic interference effects on the fin lift and body lift of a fin-body combination"
false_positive,vector,stopwords+stemming,119,173,928,2,0.1763,,,"what is the effect of initial axisymmetric deviations from circularity on the non linear large-deflection load-deflection response of cylinders under hydrostatic pressure"
false_positive,bm25(k1=1.2,b=0.75),stopwords+stemming,119,173,897,2,21.6441,,,"what is the effect of initial axisymmetric deviations from circularity on the non linear large-deflection load-deflection response of cylinders under hydrostatic pressure"
false_positive,vector,stopwords+stemming,122,177,1070,2,0.2119,,,"what analytical investigations have been made of the stability of conical shells how do the results compare with experiment"
false_positive,bm25(k1=1.2,b=0.75),stopwords+stemming,122,177,1068,2,16.2866,,,"what analytical investigations have been made of the stability of conical shells how do the results compare with experiment"
false_positive,vector,stopwords+stemming,123,181,1221,2,0.2315,,,"has any work been done on determining the nature of compressible viscous flow in a straight channel"
false_positive,bm25(k1=1.2,b=0.75),stopwords+stemming,123,181,941,2,17.1086,,,"has any work been done on determining the nature of compressible viscous flow in a straight channel"
false_positive,vector,stopwords+stemming,124,182,898,2,0.1656,,,"in what areas other than low density wind tunnel flows is viscous compressible flow in slender channels a problem what analytical investigations have been made of the stability of conical shells how do the results compare with experiment"
false_positive,bm25(k1=1.2,b=0.75),stopwords+stemming,124,182,516,2,23.2132,,,"in what areas other than low density wind tunnel flows is viscous compressible flow in slender channels a problem what analytical investigations have been made of the stability of conical shells how do the results compare with experiment"
false_positive,bm25(k1=1.2,b=0.75),stopwords+stemming,125,183,993,2,12.7196,,,"jet interference with supersonic flow -dash experimental papers"
false_positive,bm25(k1=1.2,b=0.75),stopwords+stemming,126,184,1288,2,22.1125,,,"thrust vector control by fluid injection -dash papers"
false_positive,vector,stopwords+stemming,127,187,6,2,0.2521,,,"is it possible to obtain a reasonably simple analytical solution to the heat equation for an exponential in time heat input"
false_positive,bm25(k1=1.2,b=0.75),stopwords+stemming,127,187,869,2,22.3379,,,"is it possible to obtain a reasonably simple analytical solution to the heat equation for an exponential in time heat input"
false_positive,vector,stopwords+stemming,128,189,1063,2,0.2731,,,"has anyone programmed a pump design method for a high-speed digital computer"
false_positive,bm25(k1=1.2,b=0.75),stopwords+stemming,128,189,92,2,17.8249,,,"has anyone programmed a pump design method for a high-speed digital computer"
false_positive,vector,stopwords+stemming,131,200,1023,2,0.4357,,,"what agreement is found between theoretically predicted instability times and experimentally measured collapse times for compressed columns in creep"
false_positive,bm25(k1=1.2,b=0.75),stopwords+stemming,131,200,1021,2,34.0684,,,"what agreement is found between theoretically predicted instability times and experimentally measured collapse times for compressed columns in creep"
false_positive,bm25(k1=1.2,b=0.75),stopwords+stemming,132,201,1021,2,13.0072,,,"theoretical studies of creep buckling"
false_positive,vector,stopwords+stemming,133,202,1023,2,0.4039,,,"experimental studies of creep buckling"
false_positive,bm25(k1=1.2,b=0.75),stopwords+stemming,133,202,1013,2,11.3508,,,"experimental studies of creep buckling"
false_positive,vector,stopwords+stemming,134,203,1026,2,0.2246,,,"is it possible to correlate the results on the creep buckling of widely different structures within the framework of a single theory"
false_positive,bm25(k1=1.2,b=0.75),stopwords+stemming,136,205,951,2,17.5255,,,"what are the results for the creep buckling of round tubes under external pressure"
false_positive,vector,stopwords+stemming,137,206,1023,2,0.3508,,,"have any analytical studies been conducted on the time-to-failure mechanism associated with creep collapse for a long circular cylindrical shell which exhibits both primary and secondary creep as well as elastic deformations under various distributed force systems"
false_positive,vector,stopwords+stemming,138,208,847,2,0.3997,,,"has the effect of initial stresses on the frequencies of vibration of circular cylindrical shells been investigated"
false_positive,bm25(k1=1.2,b=0.75),stopwords+stemming,138,208,764,2,24.2524,,,"has the effect of initial stresses on the frequencies of vibration of circular cylindrical shells been investigated"
false_positive,vector,stopwords+stemming,139,209,897,2,0.3326,,,"has the effect of the change of initial pressure due to deformation on the frequencies of vibration of circular cylindrical shells been investigated"
false_positive,bm25(k1=1.2,b=0.75),stopwords+stemming,139,209,826,2,25.3255,,,"has the effect of the change of initial pressure due to deformation on the frequencies of vibration of circular cylindrical shells been investigated"
false_positive,vector,stopwords+stemming,141,211,1068,2,0.1368,,,"what analytical solutions are available for stresses in edge-loaded shells of revolution"
false_positive,vector,stopwords+stemming,142,212,827,2,0.2043,,,"what dome contours minimize discontinuity stresses when used as closures on cylindrical pressure vessels"
false_positive,bm25(k1=1.2,b=0.75),stopwords+stemming,142,212,1134,2,17.5635,,,"what dome contours minimize discontinuity stresses when used as closures on cylindrical pressure vessels"
false_positive,vector,stopwords+stemming,143,213,930,2,0.2140,,,"what general solutions for the stresses in pressurized shells of revolution are available"
false_positive,bm25(k1=1.2,b=0.75),stopwords+stemming,143,213,1068,2,14.8584,,,"what general solutions for the stresses in pressurized shells of revolution are available"
false_positive,vector,stopwords+stemming,144,214,955,2,0.2730,,,"can studies of pure membrane cylinders having no wall bending stiffness but maintaining their shape by virtue of internal pressure provide any insight into the behaviour of pressurized cylinders with finite wall stiffness"
false_positive,bm25(k1=1.2,b=0.75),stopwords+stemming,144,214,1126,2,26.6983,,,"can studies of pure membrane cylinders having no wall bending stiffness but maintaining their shape by virtue of internal pressure provide any insight into the behaviour of pressurized cylinders with finite wall stiffness"
false_positive,vector,stopwords+stemming,145,215,1126,2,0.1708,,,"what are the best experimental data and classical small deflection theory analyses available for pressurized cylinders in bending"
false_positive,bm25(k1=1.2,b=0.75),stopwords+stemming,145,215,1051,2,17.3585,,,"what are the best experimental data and classical small deflection theory analyses available for pressurized cylinders in bending"
false_positive,vector,stopwords+stemming,146,216,955,2,0.4360,,,"does a membrane theory exist by which the behaviour of pressurized membrane cylinders in bending can be predicted"
false_positive,bm25(k1=1.2,b=0.75),stopwords+stemming,148,218,1126,2,20.2992,,,"papers on small deflection theory for buckling of sandwich cylinders"
false_positive,vector,stopwords+stemming,149,219,1070,2,0.2447,,,"has anyone developed an analysis which accurately establishes the large deflection behaviour of conical shells"
false_positive,bm25(k1=1.2,b=0.75),stopwords+stemming,149,219,1070,2,16.0694,,,"has anyone developed an analysis which accurately establishes the large deflection behaviour of conical shells"
false_positive,bm25(k1=1.2,b=0.75),stopwords+stemming,150,223,1062,2,24.7768,,,"what is the magnitude of second-order wing-body interference at high supersonic mach number"
false_positive,vector,stopwords+stemming,151,224,1195,2,0.1248,,,"what is the best theoretical method for calculating pressure on the surface of a wing alone"
false_positive,bm25(k1=1.2,b=0.75),stopwords+stemming,151,224,433,2,12.3096,,,"what is the best theoretical method for calculating pressure on the surface of a wing alone"
false_positive,vector,stopwords+stemming,152,225,1362,2,0.1672,,,"how can the effect of the boundary-layer on wing pressure be calculated and what is its magnitude"
false_positive,bm25(k1=1.2,b=0.75),stopwords+stemming,152,225,42,2,13.9552,,,"how can the effect of the boundary-layer on wing pressure be calculated and what is its magnitude"
false_positive,vector,stopwords+stemming,153,226,281,2,0.2142,,,"how should the navier-stokes difference equations be solved"
false_positive,bm25(k1=1.2,b=0.75),stopwords+stemming,154,227,832,2,17.6553,,,"which iterative method for solving linear elliptic difference equations is most rapidly convergent"
false_positive,vector,stopwords+stemming,155,230,553,2,0.2345,,,"technical report on measurement of ablation during flight"
false_positive,bm25(k1=1.2,b=0.75),stopwords+stemming,155,230,805,2,12.6535,,,"technical report on measurement of ablation during flight"
false_positive,vector,stopwords+stemming,157,232,1393,2,0.1892,,,"have flow fields been calculated for blunt-nosed bodies and compared with experiment for a wide range of free stream conditions and body shapes"
false_positive,vector,stopwords+stemming,158,233,1269,2,0.1716,,,"what are the available properties of high-temperature air"
false_positive,bm25(k1=1.2,b=0.75),stopwords+stemming,158,233,1269,2,10.3868,,,"what are the available properties of high-temperature air"
false_positive,vector,stopwords+stemming,159,234,1197,2,0.1947,,,"what is the magnitude of aerodynamic damping in flexible vibration modes of a slender body of revolution characteristic of launch vehicles"
false_positive,bm25(k1=1.2,b=0.75),stopwords+stemming,159,234,42,2,20.0013,,,"what is the magnitude of aerodynamic damping in flexible vibration modes of a slender body of revolution characteristic of launch vehicles"
false_positive,vector,stopwords+stemming,160,241,885,2,0.2969,,,"compressive circumferential stresses in a torispherical shell reveal the possibility of buckling under internal pressure has anyone investigated for which ranges of shell parameters these stresses are sufficiently large to cause elastic buckling"
false_positive,vector,stopwords+stemming,162,246,559,2,0.2457,,,"what accurate or exact solutions of the laminar separation point for various incompressible and compressible boundary layers with zero heat transfer are available"
false_positive,bm25(k1=1.2,b=0.75),stopwords+stemming,163,247,232,2,25.1322,,,"can the hypersonic similarity results be applied to the technique of predicting surface pressures of an ogive forebody at angle of attack"
false_positive,vector,stopwords+stemming,166,252,1276,2,0.2505,,,"are there experimental results on the stability of a compressible boundary layer induced by a moving wave"
false_positive,bm25(k1=1.2,b=0.75),stopwords+stemming,166,252,209,2,15.1835,,,"are there experimental results on the stability of a compressible boundary layer induced by a moving wave"
false_positive,vector,stopwords+stemming,167,253,553,2,0.3571,,,"exact solution methods for calculating the ablative mass loss of a material ablating at high temperatures in a hypersonic flight environment"
false_positive,vector,stopwords+stemming,168,254,965,2,0.2786,,,"what approximate solutions are known to the direct problem of transonic flow in the throat of a nozzle ie finding the flow in a given nozzle"
false_positive,bm25(k1=1.2,b=0.75),stopwords+stemming,168,254,341,2,24.4684,,,"what approximate solutions are known to the direct problem of transonic flow in the throat of a nozzle ie finding the flow in a given nozzle"
false_positive,vector,stopwords+stemming,169,255,965,2,0.2481,,,"what approximate solutions are known to the indirect problem of transonic flow in the throat of a nozzle ie finding a nozzle which has a given axial velocity distribution"
false_positive,vector,stopwords+stemming,170,257,893,2,0.2511,,,"why do users of orthodox pitot-static tubes often find that the calibrations appear to be - a significantly different from those formerly specified b wildly variable at low reynolds numbers"
false_positive,bm25(k1=1.2,b=0.75),stopwords+stemming,170,257,893,2,22.6812,,,"why do users of orthodox pitot-static tubes often find that the calibrations appear to be - a significantly different from those formerly specified b wildly variable at low reynolds numbers"
false_positive,vector,stopwords+stemming,171,259,516,2,0.2951,,,"has a comparison been made between interference-free drag measurements using free-flight models and similar measurements made in a low-blockage wind tunnel"
false_positive,bm25(k1=1.2,b=0.75),stopwords+stemming,171,259,516,2,29.2951,,,"has a comparison been made between interference-free drag measurements using free-flight models and similar measurements made in a low-blockage wind tunnel"
false_positive,bm25(k1=1.2,b=0.75),stopwords+stemming,174,265,1319,2,15.6922,,,"obtain all papers and reports that contain shock detachment distance data"
false_positive,vector,stopwords+stemming,175,266,1221,2,0.3211,,,"work on flow in channels at low reynolds numbers"
false_positive,bm25(k1=1.2,b=0.75),stopwords+stemming,175,266,1221,2,12.8986,,,"work on flow in channels at low reynolds numbers"
false_positive,vector,stopwords+stemming,176,267,542,2,0.3178,,,"some approximate analytical heat conduction solutions using methods other than biots principle"
false_positive,bm25(k1=1.2,b=0.75),stopwords+stemming,176,267,963,2,17.8711,,,"some approximate analytical heat conduction solutions using methods other than biots principle"
false_positive,vector,stopwords+stemming,178,269,1155,2,0.2031,,,"has a criterion been established for determining the axial compressor choking line"
false_positive,bm25(k1=1.2,b=0.75),stopwords+stemming,178,269,138,2,13.8237,,,"has a criterion been established for determining the axial compressor choking line"
false_positive,bm25(k1=1.2,b=0.75),stopwords+stemming,179,272,633,2,27.5418,,,"has a theory of quasi-conical flows been developed in supersonic linearised theory for which the upwash distribution on the lifting surface apart from being a homogeneous function in the co-ordinate is permitted to have a quite general functional form"
false_positive,vector,stopwords+stemming,181,274,610,2,0.2810,,,"jet interference with supersonic flows theoretical papers"
false_positive,bm25(k1=1.2,b=0.75),stopwords+stemming,181,274,993,2,12.7196,,,"jet interference with supersonic flows theoretical papers"
false_positive,bm25(k1=1.2,b=0.75),stopwords+stemming,184,283,554,2,7.1598,,,"work on small-oscillation re-entry motions"
false_positive,vector,stopwords+stemming,185,284,864,2,0.4494,,,"experimental studies on panel flutter"
false_positive,vector,stopwords+stemming,186,285,1243,2,0.2826,,,"how can wing-body flow field interference effects be approximated rationally"
false_positive,vector,stopwords+stemming,187,288,1171,2,0.3095,,,"has anyone analytically or experimentally investigated the effects of internal pressure on the buckling of circular-cylindrical shells under bending"
false_positive,bm25(k1=1.2,b=0.75),stopwords+stemming,188,291,640,2,24.9071,,,"what theoretical and experimental work has been done on the excitation and response of typical structures in a noise environment"
false_positive,vector,stopwords+stemming,189,292,726,2,0.1449,,,"is there a design method for calculating thermal fatigue endurances of components of various types and sizes in a variety of circumstances"
false_positive,bm25(k1=1.2,b=0.75),stopwords+stemming,189,292,640,2,16.0509,,,"is there a design method for calculating thermal fatigue endurances of components of various types and sizes in a variety of circumstances"
false_positive,vector,stopwords+stemming,190,293,1008,2,0.2041,,,"will an analysis of panel flutter based on arbitrarily assumed modes of deformation prove satisfactory and if so what is the minimum number of modes that need be considered"
false_positive,vector,stopwords+stemming,191,294,31,2,0.1750,,,"what is the criterion for true panel flutter as opposed to small amplitude vibration arising from acoustic disturbances"
false_positive,bm25(k1=1.2,b=0.75),stopwords+stemming,191,294,894,2,15.9288,,,"what is the criterion for true panel flutter as opposed to small amplitude vibration arising from acoustic disturbances"
false_positive,bm25(k1=1.2,b=0.75),stopwords+stemming,192,295,641,2,15.0181,,,"papers dealing with uniformly loaded sectors"
false_positive,vector,stopwords+stemming,194,297,932,2,0.3476,,,"how can the analytical solution of the buckling strength of a uniform circular cylinder loaded in axial compression be refined so as to lower the buckling load"
false_positive,bm25(k1=1.2,b=0.75),stopwords+stemming,194,297,932,2,33.3375,,,"how can the analytical solution of the buckling strength of a uniform circular cylinder loaded in axial compression be refined so as to lower the buckling load"
false_positive,vector,stopwords+stemming,195,298,932,2,0.2875,,,"in the problem of the buckling strength of uniform circular cylinders loaded in axial compression does the linear solution help with improving the non-linear one"
false_positive,bm25(k1=1.2,b=0.75),stopwords+stemming,195,298,932,2,25.8294,,,"in the problem of the buckling strength of uniform circular cylinders loaded in axial compression does the linear solution help with improving the non-linear one"
false_positive,vector,stopwords+stemming,196,299,1237,2,0.1870,,,"the problem of similarity for representative investigation of aeroelastic effects in a flow with the absence of heating effects"
false_positive,bm25(k1=1.2,b=0.75),stopwords+stemming,196,299,486,2,13.2710,,,"the problem of similarity for representative investigation of aeroelastic effects in a flow with the absence of heating effects"
false_positive,bm25(k1=1.2,b=0.75),stopwords+stemming,197,300,723,2,23.0382,,,"how is fatigue damage estimated using the normal long-hand method"
false_positive,vector,stopwords+stemming,199,303,1070,2,0.2441,,,"have non-linear large deflection analyses been conducted for shell shapes other than conical"
false_positive,bm25(k1=1.2,b=0.75),stopwords+stemming,199,303,739,2,17.1443,,,"have non-linear large deflection analyses been conducted for shell shapes other than conical"
false_positive,vector,stopwords+stemming,202,314,1311,2,0.1733,,,"how accurate are existing analytical theories in estimating pressure distributions on cones at incidence at hypersonic speeds"
false_positive,vector,stopwords+stemming,203,315,1285,2,0.2350,,,"are simple empirical methods of any use for estimating pressure distribution in cones"
false_positive,vector,stopwords+stemming,204,316,443,2,0.1368,,,"do viscous effects seriously modify pressure distributions"
false_positive,bm25(k1=1.2,b=0.75),stopwords+stemming,204,316,147,2,12.0046,,,"do viscous effects seriously modify pressure distributions"
false_positive,bm25(k1=1.2,b=0.75),stopwords+stemming,205,317,1323,2,17.3936,,,"has anyone investigated theoretically whether surface flexibility can stabilize a laminar boundary layer"
false_positive,vector,stopwords+stemming,206,321,879,2,0.3258,,,"how do subsonic and transonic flutter data measured in the new langley transonic dynamics tunnel compare with similar data obtained in other facilities"
false_positive,vector,stopwords+stemming,207,323,365,2,0.1523,,,"how do large changes in new mass ratio quantitatively affect wing-flutter boundaries"
false_positive,bm25(k1=1.2,b=0.75),stopwords+stemming,207,323,315,2,11.5443,,,"how do large changes in new mass ratio quantitatively affect wing-flutter boundaries"
false_positive,vector,stopwords+stemming,209,331,339,2,0.1728,,,"what are the physical significance and characteristics of separated laminar and turbulent boundary layer flows"
false_positive,bm25(k1=1.2,b=0.75),stopwords+stemming,209,331,959,2,16.1915,,,"what are the physical significance and characteristics of separated laminar and turbulent boundary layer flows"
false_positive,bm25(k1=1.2,b=0.75),stopwords+stemming,210,332,1145,2,37.1563,,,"has anyone analytically investigated the stabilizing influence of soft elastic cores on the buckling strength of cylindrical shells subjected to non-uniform external pressure"
false_positive,vector,stopwords+stemming,211,333,897,2,0.2297,,,"what papers are available on the buckling of empty cylindrical shells under non-uniform pressure"
false_positive,bm25(k1=1.2,b=0.75),stopwords+stemming,211,333,1117,2,19.3240,,,"what papers are available on the buckling of empty cylindrical shells under non-uniform pressure"
false_positive,vector,stopwords+stemming,215,339,1234,2,0.2100,,,"is it possible to predict the shape of a shroud which will allow simulation of the nose region flow field for a sphere in hypersonic flow"
false_positive,bm25(k1=1.2,b=0.75),stopwords+stemming,215,339,1234,2,20.3330,,,"is it possible to predict the shape of a shroud which will allow simulation of the nose region flow field for a sphere in hypersonic flow"
false_positive,vector,stopwords+stemming,216,340,1225,2,0.1791,,,"what investigations have been made of the wave system created by a static pressure distribution over a liquid surface"
false_positive,bm25(k1=1.2,b=0.75),stopwords+stemming,216,340,893,2,16.9192,,,"what investigations have been made of the wave system created by a static pressure distribution over a liquid surface"
false_positive,bm25(k1=1.2,b=0.75),stopwords+stemming,217,347,323,2,15.4880,,,"has anyone investigated the effect of shock generated vorticity on heat transfer to a blunt body"
false_positive,vector,stopwords+stemming,219,349,251,2,0.1653,,,"what are the general effects on flow fields when the reynolds number is small"
false_positive,bm25(k1=1.2,b=0.75),stopwords+stemming,219,349,299,2,12.8681,,,"what are the general effects on flow fields when the reynolds number is small"
false_positive,vector,stopwords+stemming,220,352,461,2,0.1914,,,"find a calculation procedure applicable to all incompressible laminar boundary layer flow problems having good accuracy and reasonable computation time"
false_positive,vector,stopwords+stemming,223,356,1399,2,0.2753,,,"papers on shear buckling of unstiffened rectangular plates under shear"
false_positive,vector,stopwords+stemming,224,360,236,2,0.1730,,,"in practice how close to reality are the assumptions that the flow in a hypersonic shock tube using nitrogen is non-viscous and in thermodynamic equilibrium"
false_positive,bm25(k1=1.2,b=0.75),stopwords+stemming,224,360,236,2,17.9138,,,"in practice how close to reality are the assumptions that the flow in a hypersonic shock tube using nitrogen is non-viscous and in thermodynamic equilibrium"
false_positive,bm25(k1=1.2,b=0.75),stopwords+stemming,1,1,573,3,17.2414,,,"what similarity laws must be obeyed when constructing aeroelastic models of heated high speed aircraft"
false_positive,vector,stopwords+stemming,4,8,1275,3,0.2138,,,"can a criterion be developed to show empirically the validity of flow solutions for chemically reacting gas mixtures based on the simplifying assumption of instantaneous local chemical equilibrium"
false_positive,bm25(k1=1.2,b=0.75),stopwords+stemming,4,8,1061,3,25.9820,,,"can a criterion be developed to show empirically the validity of flow solutions for chemically reacting gas mixtures based on the simplifying assumption of instantaneous local chemical equilibrium"
false_positive,vector,stopwords+stemming,5,9,1032,3,0.1743,,,"what chemical kinetic system is applicable to hypersonic aerodynamic problems"
false_positive,vector,stopwords+stemming,6,10,775,3,0.1346,,,"what theoretical and experimental guides do we have as to turbulent couette flow behaviour"
false_positive,bm25(k1=1.2,b=0.75),stopwords+stemming,6,10,121,3,11.4160,,,"what theoretical and experimental guides do we have as to turbulent couette flow behaviour"
false_positive,vector,stopwords+stemming,8,13,443,3,0.1689,,,"what methods -dash exact or approximate -dash are presently available for predicting body pressures at angle of attack"
false_positive,bm25(k1=1.2,b=0.75),stopwords+stemming,8,13,443,3,20.1612,,,"what methods -dash exact or approximate -dash are presently available for predicting body pressures at angle of attack"
false_positive,vector,stopwords+stemming,9,15,306,3,0.3026,,,"papers on internal slip flow heat transfer studies"
false_positive,bm25(k1=1.2,b=0.75),stopwords+stemming,9,15,306,3,13.7356,,,"papers on internal slip flow heat transfer studies"
false_positive,vector,stopwords+stemming,10,18,949,3,0.2071,,,"are real-gas transport properties for air available over a wide range of enthalpies and densities"
false_positive,bm25(k1=1.2,b=0.75),stopwords+stemming,10,18,949,3,17.6418,,,"are real-gas transport properties for air available over a wide range of enthalpies and densities"
false_positive,bm25(k1=1.2,b=0.75),stopwords+stemming,11,22,472,3,15.2063,,,"is it possible to find an analytical similar solution of the strong blast wave problem in the newtonian approximation"
false_positive,vector,stopwords+stemming,12,23,1221,3,0.1945,,,"how can the aerodynamic performance of channel flow ground effect machines be calculated"
false_positive,bm25(k1=1.2,b=0.75),stopwords+stemming,12,23,543,3,13.8929,,,"how can the aerodynamic performance of channel flow ground effect machines be calculated"
false_positive,vector,stopwords+stemming,13,26,643,3,0.1549,,,"what is the basic mechanism of the transonic aileron buzz"
false_positive,bm25(k1=1.2,b=0.75),stopwords+stemming,13,26,520,3,12.3393,,,"what is the basic mechanism of the transonic aileron buzz"
false_positive,vector,stopwords+stemming,14,27,170,3,0.2587,,,"papers on shock-sound wave interaction"
false_positive,bm25(k1=1.2,b=0.75),stopwords+stemming,14,27,439,3,8.6105,,,"papers on shock-sound wave interaction"
false_positive,vector,stopwords+stemming,15,29,761,3,0.1483,,,"material properties of photoelastic materials"
false_positive,bm25(k1=1.2,b=0.75),stopwords+stemming,15,29,1025,3,13.3934,,,"material properties of photoelastic materials"
false_positive,vector,stopwords+stemming,16,31,1255,3,0.2255,,,"can the transverse potential flow about a body of revolution be calculated efficiently by an electronic computer"
false_positive,vector,stopwords+stemming,17,32,1108,3,0.2216,,,"can the three-dimensional problem of a transverse potential flow about a body of revolution be reduced to a two-dimensional problem"
false_positive,bm25(k1=1.2,b=0.75),stopwords+stemming,17,32,336,3,17.5051,,,"can the three-dimensional problem of a transverse potential flow about a body of revolution be reduced to a two-dimensional problem"
false_positive,vector,stopwords+stemming,18,33,498,3,0.2784,,,"are experimental pressure distributions on bodies of revolution at angle of attack available"
false_positive,bm25(k1=1.2,b=0.75),stopwords+stemming,18,33,498,3,17.1202,,,"are experimental pressure distributions on bodies of revolution at angle of attack available"
false_positive,vector,stopwords+stemming,19,34,82,3,0.1253,,,"does there exist a good basic treatment of the dynamics of re-entry combining consideration of realistic effects with relative simplicity of results"
false_positive,bm25(k1=1.2,b=0.75),stopwords+stemming,19,34,82,3,13.4493,,,"does there exist a good basic treatment of the dynamics of re-entry combining consideration of realistic effects with relative simplicity of results"
false_positive,vector,stopwords+stemming,21,39,460,3,0.1527,,,"why does the compressibility transformation fail to correlate the high speed data for helium and air"
false_positive,bm25(k1=1.2,b=0.75),stopwords+stemming,21,39,460,3,14.3979,,,"why does the compressibility transformation fail to correlate the high speed data for helium and air"
false_positive,vector,stopwords+stemming,22,40,207,3,0.1931,,,"did anyone else discover that the turbulent skin friction is not over sensitive to the nature of the variation of the viscosity with temperature"
false_positive,bm25(k1=1.2,b=0.75),stopwords+stemming,22,40,413,3,16.8167,,,"did anyone else discover that the turbulent skin friction is not over sensitive to the nature of the variation of the viscosity with temperature"
false_positive,vector,stopwords+stemming,24,49,612,3,0.2125,,,"what are the factors which influence the time required to invert large structural matrices"
false_positive,bm25(k1=1.2,b=0.75),stopwords+stemming,24,49,833,3,11.9347,,,"what are the factors which influence the time required to invert large structural matrices"
false_positive,bm25(k1=1.2,b=0.75),stopwords+stemming,25,50,121,3,18.2190,,,"does a practical flow follow the theoretical concepts for the interaction between adjacent blade rows of a supersonic cascade"
false_positive,bm25(k1=1.2,b=0.75),stopwords+stemming,26,51,382,3,21.3989,,,"what is a single approximate formula for the displacement thickness of a laminar boundary layer in compressible flow on a flat plate"
false_positive,vector,stopwords+stemming,27,52,1293,3,0.2217,,,"how is the design of ring or part ring wings by linear theory affected by thickness"
false_positive,bm25(k1=1.2,b=0.75),stopwords+stemming,27,52,512,3,18.3309,,,"how is the design of ring or part ring wings by linear theory affected by thickness"
false_positive,vector,stopwords+stemming,28,53,1068,3,0.1501,,,"what application has the linear theory design of curved wings"
false_positive,bm25(k1=1.2,b=0.75),stopwords+stemming,28,53,36,3,11.0402,,,"what application has the linear theory design of curved wings"
false_positive,vector,stopwords+stemming,29,54,900,3,0.2927,,,"what is the effect of cross sectional shape on the flow over simple delta wings with sharp leading edges"
false_positive,bm25(k1=1.2,b=0.75),stopwords+stemming,29,54,420,3,24.4514,,,"what is the effect of cross sectional shape on the flow over simple delta wings with sharp leading edges"
false_positive,vector,stopwords+stemming,30,55,222,3,0.1659,,,"papers on flow visualization on slender conical wings"
false_positive,bm25(k1=1.2,b=0.75),stopwords+stemming,30,55,601,3,10.7102,,,"papers on flow visualization on slender conical wings"
false_positive,vector,stopwords+stemming,31,56,1209,3,0.1287,,,"what size of end plate can be safely used to simulate two-dimensional flow conditions over a bluff cylindrical body of finite aspect ratio"
false_positive,bm25(k1=1.2,b=0.75),stopwords+stemming,31,56,1245,3,17.3350,,,"what size of end plate can be safely used to simulate two-dimensional flow conditions over a bluff cylindrical body of finite aspect ratio"
false_positive,vector,stopwords+stemming,32,57,1259,3,0.1396,,,"to find an approximate correction for thickness in slender thin-wing theory"
false_positive,bm25(k1=1.2,b=0.75),stopwords+stemming,32,57,802,3,11.1462,,,"to find an approximate correction for thickness in slender thin-wing theory"
false_positive,vector,stopwords+stemming,34,59,175,3,0.2131,,,"have wind tunnel interference effects been investigated on a systematic basis"
false_positive,bm25(k1=1.2,b=0.75),stopwords+stemming,34,59,280,3,15.1915,,,"have wind tunnel interference effects been investigated on a systematic basis"
false_positive,vector,stopwords+stemming,35,61,724,3,0.1474,,,"are there any papers dealing with acoustic wave propagation in reacting gases"
false_positive,bm25(k1=1.2,b=0.75),stopwords+stemming,35,61,1208,3,11.2307,,,"are there any papers dealing with acoustic wave propagation in reacting gases"
false_positive,vector,stopwords+stemming,36,62,123,3,0.1597,,,"has anyone investigated relaxation effects on gaseous heat transfer to a suddenly heated wall"
false_positive,bm25(k1=1.2,b=0.75),stopwords+stemming,36,62,623,3,14.9071,,,"has anyone investigated relaxation effects on gaseous heat transfer to a suddenly heated wall"
false_positive,vector,stopwords+stemming,37,66,196,3,0.1494,,,"are there any theoretical methods for predicting base pressure"
false_positive,bm25(k1=1.2,b=0.75),stopwords+stemming,37,66,1311,3,8.8737,,,"are there any theoretical methods for predicting base pressure"
false_positive,vector,stopwords+stemming,38,67,1264,3,0.1542,,,"does transition in the hypersonic wake depend on body geometry and size"
false_positive,bm25(k1=1.2,b=0.75),stopwords+stemming,38,67,1391,3,11.2975,,,"does transition in the hypersonic wake depend on body geometry and size"
false_positive,vector,stopwords+stemming,39,68,346,3,0.1738,,,"how can one detect transition phenomena in boundary layers"
false_positive,vector,stopwords+stemming,40,69,1141,3,0.1606,,,"how can one detect transition phenomena in hypersonic wakes"
false_positive,bm25(k1=1.2,b=0.75),stopwords+stemming,40,69,1205,3,12.0841,,,"how can one detect transition phenomena in hypersonic wakes"
false_positive,vector,stopwords+stemming,41,71,229,3,0.2698,,,"has anyone investigated and developed a simple model for the vortex wake behind a cruciform wing"
false_positive,bm25(k1=1.2,b=0.75),stopwords+stemming,41,71,229,3,18.2705,,,"has anyone investigated and developed a simple model for the vortex wake behind a cruciform wing"
false_positive,vector,stopwords+stemming,42,72,440,3,0.2552,,,"what is a criterion that the transonic flow around an airfoil with a round leading edge be validly analyzed by the linearized transonic flow theory"
false_positive,bm25(k1=1.2,b=0.75),stopwords+stemming,42,72,440,3,27.8240,,,"what is a criterion that the transonic flow around an airfoil with a round leading edge be validly analyzed by the linearized transonic flow theory"
false_positive,bm25(k1=1.2,b=0.75),stopwords+stemming,43,74,496,3,16.5506,,,"can the transonic flow around an arbitrary smooth thin airfoil be analysed in a simple approximate way"
false_positive,vector,stopwords+stemming,44,79,385,3,0.1162,,,"what are the details of the rigorous kinetic theory of gases chapman-enskog theory"
false_positive,bm25(k1=1.2,b=0.75),stopwords+stemming,44,79,1190,3,10.6398,,,"what are the details of the rigorous kinetic theory of gases chapman-enskog theory"
false_positive,vector,stopwords+stemming,45,80,525,3,0.3176,,,"has anyone investigated the effect of surface mass transfer on hypersonic viscous interactions"
false_positive,bm25(k1=1.2,b=0.75),stopwords+stemming,45,80,525,3,17.9671,,,"has anyone investigated the effect of surface mass transfer on hypersonic viscous interactions"
false_positive,vector,stopwords+stemming,46,81,655,3,0.1932,,,"what is the combined effect of surface heat and mass transfer on hypersonic flow"
false_positive,bm25(k1=1.2,b=0.75),stopwords+stemming,46,81,353,3,14.9100,,,"what is the combined effect of surface heat and mass transfer on hypersonic flow"
false_positive,bm25(k1=1.2,b=0.75),stopwords+stemming,47,82,525,3,22.4585,,,"what are the existing solutions for hypersonic viscous interactions over an insulated flat plate"
false_positive,vector,stopwords+stemming,49,84,321,3,0.3589,,,"can the three-point boundary-value problem for the blasius equation be integrated numerically using suitable transformations without iteration on the boundary conditions"
false_positive,bm25(k1=1.2,b=0.75),stopwords+stemming,49,84,349,3,29.3938,,,"can the three-point boundary-value problem for the blasius equation be integrated numerically using suitable transformations without iteration on the boundary conditions"
false_positive,vector,stopwords+stemming,50,85,1259,3,0.1482,,,"what are the effects of small amounts of gas rarefaction on the characteristics of the boundary layers on slender bodies of revolution"
false_positive,bm25(k1=1.2,b=0.75),stopwords+stemming,50,85,1259,3,15.2797,,,"what are the effects of small amounts of gas rarefaction on the characteristics of the boundary layers on slender bodies of revolution"
false_positive,vector,stopwords+stemming,51,86,251,3,0.1731,,,"what is the available information pertaining to boundary layers on very slender bodies of revolution in continuum flow the transverse curvature effect"
false_positive,bm25(k1=1.2,b=0.75),stopwords+stemming,51,86,528,3,21.6209,,,"what is the available information pertaining to boundary layers on very slender bodies of revolution in continuum flow the transverse curvature effect"
false_positive,vector,stopwords+stemming,52,87,251,3,0.1749,,,"what is the available information pertaining to the effect of slight rarefaction on boundary layer flows the slip effect"
false_positive,bm25(k1=1.2,b=0.75),stopwords+stemming,52,87,1215,3,14.4703,,,"what is the available information pertaining to the effect of slight rarefaction on boundary layer flows the slip effect"
false_positive,bm25(k1=1.2,b=0.75),stopwords+stemming,53,93,1253,3,24.6736,,,"what investigations have been made of the flow field about a body moving through a rarefied partially ionized gas in the presence of a magnetic field"
false_positive,vector,stopwords+stemming,54,94,666,3,0.2463,,,"how is the heat transfer downstream of the mass transfer region effected by mass transfer at the nose of a blunted cone"
false_positive,bm25(k1=1.2,b=0.75),stopwords+stemming,54,94,274,3,24.6962,,,"how is the heat transfer downstream of the mass transfer region effected by mass transfer at the nose of a blunted cone"
false_positive,bm25(k1=1.2,b=0.75),stopwords+stemming,55,95,1301,3,19.6704,,,"to what extent can the available information for incompressible boundary layers be applied to problems involving compressible boundary layers"
false_positive,vector,stopwords+stemming,56,97,1331,3,0.1742,,,"to what extent can readily available steady-state aerodynamic data be utilized to predict lifting-surface flutter characteristics"
false_positive,bm25(k1=1.2,b=0.75),stopwords+stemming,56,97,783,3,18.0778,,,"to what extent can readily available steady-state aerodynamic data be utilized to predict lifting-surface flutter characteristics"
false_positive,bm25(k1=1.2,b=0.75),stopwords+stemming,57,98,753,3,12.0980,,,"what are the significant steady and non-steady flow characteristics which affect the flutter mechanism"
false_positive,vector,stopwords+stemming,58,99,754,3,0.2355,,,"is it possible to determine rates of forced convective heat transfer from heated cylinders of non-circular cross-section the fluid flow being along the generators"
false_positive,vector,stopwords+stemming,59,100,207,3,0.1636,,,"how much is known about boundary layer flows along non-circular cylinders"
false_positive,bm25(k1=1.2,b=0.75),stopwords+stemming,59,100,610,3,13.5065,,,"how much is known about boundary layer flows along non-circular cylinders"
false_positive,vector,stopwords+stemming,60,101,322,3,0.3763,,,"is there any simple but practical method for numerical integration of the mixing problem ie the blasius problem with three-point boundary conditions"
false_positive,bm25(k1=1.2,b=0.75),stopwords+stemming,60,101,322,3,29.3802,,,"is there any simple but practical method for numerical integration of the mixing problem ie the blasius problem with three-point boundary conditions"
false_positive,bm25(k1=1.2,b=0.75),stopwords+stemming,61,102,539,3,18.5125,,,"does there exist a closed-form expression for the local heat transfer around a yawed cylinder"
false_positive,vector,stopwords+stemming,62,103,459,3,0.1623,,,"how far around a cylinder and under what conditions of flow if any is the velocity just outside of the boundary layer a linear function of the distance around the cylinder"
false_positive,bm25(k1=1.2,b=0.75),stopwords+stemming,62,103,1268,3,25.2008,,,"how far around a cylinder and under what conditions of flow if any is the velocity just outside of the boundary layer a linear function of the distance around the cylinder"
false_positive,vector,stopwords+stemming,63,104,1045,3,0.1777,,,"where can i find pressure data on surfaces of swept cylinders"
false_positive,bm25(k1=1.2,b=0.75),stopwords+stemming,63,104,1081,3,11.2986,,,"where can i find pressure data on surfaces of swept cylinders"
false_positive,vector,stopwords+stemming,64,105,914,3,0.1618,,,"cant the static deflection shapes be used in predicting flutter in place of vibrational shapes if so can we provide a justification by means of an example"
false_positive,bm25(k1=1.2,b=0.75),stopwords+stemming,64,105,719,3,20.1606,,,"cant the static deflection shapes be used in predicting flutter in place of vibrational shapes if so can we provide a justification by means of an example"
false_positive,vector,stopwords+stemming,65,106,388,3,0.3062,,,"does the boundary layer on a flat plate in a shear flow induce a pressure gradient"
false_positive,bm25(k1=1.2,b=0.75),stopwords+stemming,65,106,569,3,18.9182,,,"does the boundary layer on a flat plate in a shear flow induce a pressure gradient"
false_positive,bm25(k1=1.2,b=0.75),stopwords+stemming,66,107,1206,3,19.0070,,,"can the procedure of matching inner and outer solutions for a viscous flow problem be applied when the main stream is a shear flow"
false_positive,vector,stopwords+stemming,68,109,339,3,0.1762,,,"what possible techniques are available for computing the injection distribution corresponding to an isothermal transpiration cooled hemisphere"
false_positive,vector,stopwords+stemming,69,110,540,3,0.1431,,,"what is known regarding asymptotic solutions to the exact boundary layer equations"
false_positive,bm25(k1=1.2,b=0.75),stopwords+stemming,69,110,306,3,12.8159,,,"what is known regarding asymptotic solutions to the exact boundary layer equations"
false_positive,vector,stopwords+stemming,70,111,1149,3,0.2310,,,"previous solutions to the boundary layer similarity equations"
false_positive,bm25(k1=1.2,b=0.75),stopwords+stemming,70,111,180,3,12.0523,,,"previous solutions to the boundary layer similarity equations"
false_positive,vector,stopwords+stemming,71,112,570,3,0.3108,,,"experimental results on hypersonic viscous interaction"
false_positive,bm25(k1=1.2,b=0.75),stopwords+stemming,71,112,305,3,12.3652,,,"experimental results on hypersonic viscous interaction"
false_positive,vector,stopwords+stemming,72,113,1360,3,0.1556,,,"what has been done about viscous interactions in relatively low reynolds number flows particularly at high mach numbers"
false_positive,bm25(k1=1.2,b=0.75),stopwords+stemming,72,113,511,3,17.8104,,,"what has been done about viscous interactions in relatively low reynolds number flows particularly at high mach numbers"
false_positive,vector,stopwords+stemming,73,114,541,3,0.2237,,,"what role does the effect of chemical reaction particularly when out of equilibrium play in the similitude laws governing hypersonic flows over slender aerodynamic bodies"
false_positive,vector,stopwords+stemming,74,116,625,3,0.1994,,,"how significant is the possible pressure of a dissociated free stream with respect to the realization of hypersonic simulation in high enthalpy wind tunnels"
false_positive,bm25(k1=1.2,b=0.75),stopwords+stemming,74,116,1295,3,18.6290,,,"how significant is the possible pressure of a dissociated free stream with respect to the realization of hypersonic simulation in high enthalpy wind tunnels"
false_positive,vector,stopwords+stemming,75,118,306,3,0.1407,,,"do the discrepancies among current analyses of the vorticity effect on stagnation-point heat transfer result primarily from the differences in the viscosity-temperature law assumed"
false_positive,bm25(k1=1.2,b=0.75),stopwords+stemming,75,118,306,3,15.7670,,,"do the discrepancies among current analyses of the vorticity effect on stagnation-point heat transfer result primarily from the differences in the viscosity-temperature law assumed"
false_positive,vector,stopwords+stemming,76,119,630,3,0.1813,,,"how far can one trust the linear viscosity-temperature solution assumed in some of the analyses of hypersonic shock layer at low reynolds number"
false_positive,bm25(k1=1.2,b=0.75),stopwords+stemming,77,120,315,3,17.4620,,,"how close is the comparison of the shock layer theory with existing experiments in the low reynolds number merged-layer regime"
false_positive,vector,stopwords+stemming,78,121,591,3,0.1856,,,"has anyone explained the kink in the surge line of a multi-stage axial compressor"
false_positive,bm25(k1=1.2,b=0.75),stopwords+stemming,78,121,578,3,14.2751,,,"has anyone explained the kink in the surge line of a multi-stage axial compressor"
false_positive,vector,stopwords+stemming,79,122,19,3,0.1924,,,"have any aerodynamic derivatives been measured at hypersonic mach numbers and comparison been made with theoretical work"
false_positive,bm25(k1=1.2,b=0.75),stopwords+stemming,79,122,544,3,20.2027,,,"have any aerodynamic derivatives been measured at hypersonic mach numbers and comparison been made with theoretical work"
false_positive,vector,stopwords+stemming,80,123,604,3,0.1473,,,"are methods of measuring aerodynamic derivatives available which could be adopted for use in short running time facilities"
false_positive,bm25(k1=1.2,b=0.75),stopwords+stemming,80,123,1335,3,14.7409,,,"are methods of measuring aerodynamic derivatives available which could be adopted for use in short running time facilities"
false_positive,vector,stopwords+stemming,81,126,714,3,0.1840,,,"what are wind-tunnel corrections for a two-dimensional aerofoil mounted off-centre in a tunnel"
false_positive,vector,stopwords+stemming,82,128,1339,3,0.1699,,,"how do kuchemanns and multhopps methods for calculating lift distributions on swept wings in subsonic flow compare with each other and with experiment"
false_positive,vector,stopwords+stemming,83,130,1079,3,0.0863,,,"what is the present state of the theory of quasi-conical flows"
false_positive,bm25(k1=1.2,b=0.75),stopwords+stemming,83,130,42,3,7.6729,,,"what is the present state of the theory of quasi-conical flows"
false_positive,vector,stopwords+stemming,85,132,798,3,0.1698,,,"what parameters can seriously influence natural transition from laminar to turbulent flow on a model in a wind tunnel"
false_positive,bm25(k1=1.2,b=0.75),stopwords+stemming,85,132,798,3,18.1851,,,"what parameters can seriously influence natural transition from laminar to turbulent flow on a model in a wind tunnel"
false_positive,vector,stopwords+stemming,87,135,134,3,0.1679,,,"what effect has the boundary layer in modifying the basic inviscid flow behind the shock neglecting effects of leading edge and corner"
false_positive,bm25(k1=1.2,b=0.75),stopwords+stemming,87,135,439,3,18.3103,,,"what effect has the boundary layer in modifying the basic inviscid flow behind the shock neglecting effects of leading edge and corner"
false_positive,vector,stopwords+stemming,88,136,548,3,0.3687,,,"how does a satellite orbit contract under the action of air drag in an atmosphere in which the scale height varies with altitude"
false_positive,bm25(k1=1.2,b=0.75),stopwords+stemming,89,137,52,3,19.0686,,,"how is the flow at transonic speeds about a delta wing different from that on a closely-related tapered sweptback wing"
false_positive,bm25(k1=1.2,b=0.75),stopwords+stemming,91,139,431,3,11.6919,,,"what interference effects are likely at transonic speeds"
false_positive,vector,stopwords+stemming,93,141,1241,3,0.1631,,,"can methane-air combustion product be used as a hypersonic test medium and predict within experimental accuracies the results obtained in air"
false_positive,bm25(k1=1.2,b=0.75),stopwords+stemming,93,141,1241,3,16.9749,,,"can methane-air combustion product be used as a hypersonic test medium and predict within experimental accuracies the results obtained in air"
false_positive,vector,stopwords+stemming,94,142,983,3,0.2276,,,"what is the theoretical heat transfer rate at the stagnation point of a blunt body"
false_positive,bm25(k1=1.2,b=0.75),stopwords+stemming,95,143,1002,3,12.1054,,,"what is the theoretical heat transfer distribution around a hemisphere"
false_positive,vector,stopwords+stemming,96,145,803,3,0.2251,,,"has anyone investigated the unsteady lift distributions on finite wings in subsonic flow"
false_positive,vector,stopwords+stemming,98,147,1091,3,0.1602,,,"will forward or apex located controls be effective at low subsonic speeds and how do they compare with conventional trailing-edge flaps"
false_positive,bm25(k1=1.2,b=0.75),stopwords+stemming,98,147,315,3,15.9036,,,"will forward or apex located controls be effective at low subsonic speeds and how do they compare with conventional trailing-edge flaps"
false_positive,vector,stopwords+stemming,99,148,715,3,0.2351,,,"given that an uncontrolled vehicle will tumble as it enters an atmosphere is it possible to predict when and how it will stop tumbling and its subsequent motion"
false_positive,bm25(k1=1.2,b=0.75),stopwords+stemming,100,149,760,3,29.3747,,,"what are the effects of initial imperfections on the elastic buckling of cylindrical shells under axial compression"
false_positive,bm25(k1=1.2,b=0.75),stopwords+stemming,102,152,516,3,10.0325,,,"basic dynamic characteristics of structures continuous over many spans"
false_positive,vector,stopwords+stemming,103,153,1050,3,0.2861,,,"is the information on the buckling of sandwich sphere available"
false_positive,bm25(k1=1.2,b=0.75),stopwords+stemming,103,153,1050,3,11.4731,,,"is the information on the buckling of sandwich sphere available"
false_positive,vector,stopwords+stemming,104,154,910,3,0.1938,,,"can the load deformation characteristics of a beam be obtained with the material being inelastic and a non uniform temperature being present"
false_positive,bm25(k1=1.2,b=0.75),stopwords+stemming,104,154,462,3,16.9253,,,"can the load deformation characteristics of a beam be obtained with the material being inelastic and a non uniform temperature being present"
false_positive,vector,stopwords+stemming,106,156,953,3,0.2324,,,"experimental techniques in shell vibration"
false_positive,bm25(k1=1.2,b=0.75),stopwords+stemming,106,156,1036,3,9.8459,,,"experimental techniques in shell vibration"
false_positive,vector,stopwords+stemming,107,157,883,3,0.2065,,,"in summarizing theoretical and experimental work on the behaviour of a typical aircraft structure in a noise environment is it possible to develop a design procedure"
false_positive,bm25(k1=1.2,b=0.75),stopwords+stemming,107,157,883,3,21.9633,,,"in summarizing theoretical and experimental work on the behaviour of a typical aircraft structure in a noise environment is it possible to develop a design procedure"
false_positive,vector,stopwords+stemming,109,160,391,3,0.3363,,,"panels subjected to aerodynamic heating"
false_positive,bm25(k1=1.2,b=0.75),stopwords+stemming,109,160,1008,3,11.3185,,,"panels subjected to aerodynamic heating"
false_positive,vector,stopwords+stemming,110,161,1177,3,0.2222,,,"can increasing the edge loading of a plate beyond the critical value for buckling change the buckling mode"
false_positive,vector,stopwords+stemming,111,163,1008,3,0.3001,,,"have the effects of an elastic edge restraint been considered in previous papers on panel flutter"
false_positive,bm25(k1=1.2,b=0.75),stopwords+stemming,112,164,734,3,25.0802,,,"has the solution of the clamped plate problem in the classical theory of bending been reduced to two successive membrane boundary value problems"
false_positive,vector,stopwords+stemming,114,167,1266,3,0.1491,,,"it is not likely that the airforces on a wing of general planform oscillating in transonic flow can be determined by purely analytical methods is it possible to determine the airforces on a single particular planform such as the rectangular one by such method"
false_positive,bm25(k1=1.2,b=0.75),stopwords+stemming,114,167,1266,3,25.2016,,,"it is not likely that the airforces on a wing of general planform oscillating in transonic flow can be determined by purely analytical methods is it possible to determine the airforces on a single particular planform such as the rectangular one by such method"
false_positive,vector,stopwords+stemming,115,168,12,3,0.1023,,,"is the problem of similarity for representative investigations of aeroelastic effects in heated flow as intractable as previous investigations imply"
false_positive,bm25(k1=1.2,b=0.75),stopwords+stemming,115,168,746,3,12.7446,,,"is the problem of similarity for representative investigations of aeroelastic effects in heated flow as intractable as previous investigations imply"
false_positive,vector,stopwords+stemming,116,169,1062,3,0.1428,,,"what is the magnitude and distribution of lift over the cone and the cylindrical portion of a cone-cylinder configuration"
false_positive,bm25(k1=1.2,b=0.75),stopwords+stemming,116,169,801,3,12.9934,,,"what is the magnitude and distribution of lift over the cone and the cylindrical portion of a cone-cylinder configuration"
false_positive,vector,stopwords+stemming,117,170,196,3,0.1646,,,"is there any information on how the addition of a boat-tail affects the normal force on the body of various angles of incidence"
false_positive,bm25(k1=1.2,b=0.75),stopwords+stemming,117,170,1304,3,15.8569,,,"is there any information on how the addition of a boat-tail affects the normal force on the body of various angles of incidence"
false_positive,vector,stopwords+stemming,118,171,803,3,0.2137,,,"what are the aerodynamic interference effects on the fin lift and body lift of a fin-body combination"
false_positive,vector,stopwords+stemming,119,173,897,3,0.1646,,,"what is the effect of initial axisymmetric deviations from circularity on the non linear large-deflection load-deflection response of cylinders under hydrostatic pressure"
false_positive,bm25(k1=1.2,b=0.75),stopwords+stemming,119,173,928,3,20.4583,,,"what is the effect of initial axisymmetric deviations from circularity on the non linear large-deflection load-deflection response of cylinders under hydrostatic pressure"
false_positive,vector,stopwords+stemming,121,176,769,3,0.2557,,,"what papers are there dealing with circumferential buckling either thermal buckling or due to mechanical loading"
false_positive,bm25(k1=1.2,b=0.75),stopwords+stemming,122,177,251,3,16.1903,,,"what analytical investigations have been made of the stability of conical shells how do the results compare with experiment"
false_positive,vector,stopwords+stemming,123,181,1360,3,0.2293,,,"has any work been done on determining the nature of compressible viscous flow in a straight channel"
false_positive,bm25(k1=1.2,b=0.75),stopwords+stemming,123,181,740,3,14.7086,,,"has any work been done on determining the nature of compressible viscous flow in a straight channel"
false_positive,vector,stopwords+stemming,124,182,251,3,0.1529,,,"in what areas other than low density wind tunnel flows is viscous compressible flow in slender channels a problem what analytical investigations have been made of the stability of conical shells how do the results compare with experiment"
false_positive,bm25(k1=1.2,b=0.75),stopwords+stemming,124,182,1068,3,23.0137,,,"in what areas other than low density wind tunnel flows is viscous compressible flow in slender channels a problem what analytical investigations have been made of the stability of conical shells how do the results compare with experiment"
false_positive,bm25(k1=1.2,b=0.75),stopwords+stemming,125,183,1083,3,12.6240,,,"jet interference with supersonic flow -dash experimental papers"
false_positive,vector,stopwords+stemming,126,184,1083,3,0.2641,,,"thrust vector control by fluid injection -dash papers"
false_positive,vector,stopwords+stemming,127,187,869,3,0.1821,,,"is it possible to obtain a reasonably simple analytical solution to the heat equation for an exponential in time heat input"
false_positive,bm25(k1=1.2,b=0.75),stopwords+stemming,127,187,5,3,21.6191,,,"is it possible to obtain a reasonably simple analytical solution to the heat equation for an exponential in time heat input"
false_positive,vector,stopwords+stemming,128,189,988,3,0.2282,,,"has anyone programmed a pump design method for a high-speed digital computer"
false_positive,bm25(k1=1.2,b=0.75),stopwords+stemming,128,189,1063,3,17.1431,,,"has anyone programmed a pump design method for a high-speed digital computer"
false_positive,vector,stopwords+stemming,131,200,950,3,0.3334,,,"what agreement is found between theoretically predicted instability times and experimentally measured collapse times for compressed columns in creep"
false_positive,bm25(k1=1.2,b=0.75),stopwords+stemming,131,200,1023,3,29.1034,,,"what agreement is found between theoretically predicted instability times and experimentally measured collapse times for compressed columns in creep"
false_positive,vector,stopwords+stemming,132,201,1021,3,0.3943,,,"theoretical studies of creep buckling"
false_positive,vector,stopwords+stemming,133,202,1014,3,0.3675,,,"experimental studies of creep buckling"
false_positive,bm25(k1=1.2,b=0.75),stopwords+stemming,133,202,1026,3,11.2049,,,"experimental studies of creep buckling"
false_positive,vector,stopwords+stemming,134,203,1023,3,0.2100,,,"is it possible to correlate the results on the creep buckling of widely different structures within the framework of a single theory"
false_positive,bm25(k1=1.2,b=0.75),stopwords+stemming,134,203,1012,3,17.6753,,,"is it possible to correlate the results on the creep buckling of widely different structures within the framework of a single theory"
false_positive,vector,stopwords+stemming,135,204,1029,3,0.3938,,,"what are the experimental results for the creep buckling of columns"
false_positive,bm25(k1=1.2,b=0.75),stopwords+stemming,135,204,951,3,17.7771,,,"what are the experimental results for the creep buckling of columns"
false_positive,vector,stopwords+stemming,136,205,1026,3,0.2400,,,"what are the results for the creep buckling of round tubes under external pressure"
false_positive,bm25(k1=1.2,b=0.75),stopwords+stemming,136,205,891,3,15.5477,,,"what are the results for the creep buckling of round tubes under external pressure"
false_positive,vector,stopwords+stemming,137,206,1026,3,0.3329,,,"have any analytical studies been conducted on the time-to-failure mechanism associated with creep collapse for a long circular cylindrical shell which exhibits both primary and secondary creep as well as elastic deformations under various distributed force systems"
false_positive,bm25(k1=1.2,b=0.75),stopwords+stemming,137,206,1023,3,33.7821,,,"have any analytical studies been conducted on the time-to-failure mechanism associated with creep collapse for a long circular cylindrical shell which exhibits both primary and secondary creep as well as elastic deformations under various distributed force systems"
false_positive,vector,stopwords+stemming,138,208,848,3,0.3200,,,"has the effect of initial stresses on the frequencies of vibration of circular cylindrical shells been investigated"
false_positive,bm25(k1=1.2,b=0.75),stopwords+stemming,138,208,847,3,23.5972,,,"has the effect of initial stresses on the frequencies of vibration of circular cylindrical shells been investigated"
false_positive,vector,stopwords+stemming,139,209,953,3,0.2935,,,"has the effect of the change of initial pressure due to deformation on the frequencies of vibration of circular cylindrical shells been investigated"
false_positive,bm25(k1=1.2,b=0.75),stopwords+stemming,139,209,847,3,24.7590,,,"has the effect of the change of initial pressure due to deformation on the frequencies of vibration of circular cylindrical shells been investigated"
false_positive,vector,stopwords+stemming,140,210,887,3,0.1979,,,"what are the discontinuity stresses at junctions in pressurized structures"
false_positive,bm25(k1=1.2,b=0.75),stopwords+stemming,140,210,890,3,13.9667,,,"what are the discontinuity stresses at junctions in pressurized structures"
false_positive,vector,stopwords+stemming,141,211,930,3,0.1339,,,"what analytical solutions are available for stresses in edge-loaded shells of revolution"
false_positive,bm25(k1=1.2,b=0.75),stopwords+stemming,141,211,930,3,12.1302,,,"what analytical solutions are available for stresses in edge-loaded shells of revolution"
false_positive,vector,stopwords+stemming,142,212,887,3,0.1476,,,"what dome contours minimize discontinuity stresses when used as closures on cylindrical pressure vessels"
false_positive,bm25(k1=1.2,b=0.75),stopwords+stemming,142,212,1136,3,14.8815,,,"what dome contours minimize discontinuity stresses when used as closures on cylindrical pressure vessels"
false_positive,bm25(k1=1.2,b=0.75),stopwords+stemming,143,213,930,3,14.4443,,,"what general solutions for the stresses in pressurized shells of revolution are available"
false_positive,vector,stopwords+stemming,148,218,956,3,0.3783,,,"papers on small deflection theory for buckling of sandwich cylinders"
false_positive,vector,stopwords+stemming,151,224,433,3,0.1216,,,"what is the best theoretical method for calculating pressure on the surface of a wing alone"
false_positive,bm25(k1=1.2,b=0.75),stopwords+stemming,151,224,1246,3,10.7457,,,"what is the best theoretical method for calculating pressure on the surface of a wing alone"
false_positive,vector,stopwords+stemming,152,225,251,3,0.1635,,,"how can the effect of the boundary-layer on wing pressure be calculated and what is its magnitude"
false_positive,bm25(k1=1.2,b=0.75),stopwords+stemming,152,225,671,3,13.7094,,,"how can the effect of the boundary-layer on wing pressure be calculated and what is its magnitude"
false_positive,bm25(k1=1.2,b=0.75),stopwords+stemming,153,226,281,3,10.1151,,,"how should the navier-stokes difference equations be solved"
false_positive,bm25(k1=1.2,b=0.75),stopwords+stemming,154,227,584,3,16.7931,,,"which iterative method for solving linear elliptic difference equations is most rapidly convergent"
false_positive,bm25(k1=1.2,b=0.75),stopwords+stemming,155,230,804,3,11.8190,,,"technical report on measurement of ablation during flight"
false_positive,bm25(k1=1.2,b=0.75),stopwords+stemming,157,232,1006,3,19.8848,,,"have flow fields been calculated for blunt-nosed bodies and compared with experiment for a wide range of free stream conditions and body shapes"
false_positive,vector,stopwords+stemming,158,233,251,3,0.1509,,,"what are the available properties of high-temperature air"
false_positive,bm25(k1=1.2,b=0.75),stopwords+stemming,158,233,251,3,8.7076,,,"what are the available properties of high-temperature air"
false_positive,vector,stopwords+stemming,159,234,42,3,0.1807,,,"what is the magnitude of aerodynamic damping in flexible vibration modes of a slender body of revolution characteristic of launch vehicles"
false_positive,bm25(k1=1.2,b=0.75),stopwords+stemming,159,234,1197,3,17.5498,,,"what is the magnitude of aerodynamic damping in flexible vibration modes of a slender body of revolution characteristic of launch vehicles"
false_positive,vector,stopwords+stemming,160,241,887,3,0.2811,,,"compressive circumferential stresses in a torispherical shell reveal the possibility of buckling under internal pressure has anyone investigated for which ranges of shell parameters these stresses are sufficiently large to cause elastic buckling"
false_positive,bm25(k1=1.2,b=0.75),stopwords+stemming,160,241,741,3,39.3407,,,"compressive circumferential stresses in a torispherical shell reveal the possibility of buckling under internal pressure has anyone investigated for which ranges of shell parameters these stresses are sufficiently large to cause elastic buckling"
false_positive,vector,stopwords+stemming,165,251,1276,3,0.1958,,,"are the stable profiles of a compressible boundary layer induced by a moving wave known"
false_positive,bm25(k1=1.2,b=0.75),stopwords+stemming,165,251,209,3,14.3387,,,"are the stable profiles of a compressible boundary layer induced by a moving wave known"
false_positive,vector,stopwords+stemming,166,252,71,3,0.2108,,,"are there experimental results on the stability of a compressible boundary layer induced by a moving wave"
false_positive,bm25(k1=1.2,b=0.75),stopwords+stemming,166,252,71,3,14.1116,,,"are there experimental results on the stability of a compressible boundary layer induced by a moving wave"
false_positive,vector,stopwords+stemming,167,253,1100,3,0.2753,,,"exact solution methods for calculating the ablative mass loss of a material ablating at high temperatures in a hypersonic flight environment"
false_positive,bm25(k1=1.2,b=0.75),stopwords+stemming,167,253,1279,3,27.5423,,,"exact solution methods for calculating the ablative mass loss of a material ablating at high temperatures in a hypersonic flight environment"
false_positive,vector,stopwords+stemming,168,254,341,3,0.2285,,,"what approximate solutions are known to the direct problem of transonic flow in the throat of a nozzle ie finding the flow in a given nozzle"
false_positive,bm25(k1=1.2,b=0.75),stopwords+stemming,168,254,118,3,24.1232,,,"what approximate solutions are known to the direct problem of transonic flow in the throat of a nozzle ie finding the flow in a given nozzle"
false_positive,vector,stopwords+stemming,169,255,341,3,0.2158,,,"what approximate solutions are known to the indirect problem of transonic flow in the throat of a nozzle ie finding a nozzle which has a given axial velocity distribution"
false_positive,bm25(k1=1.2,b=0.75),stopwords+stemming,169,255,341,3,27.2256,,,"what approximate solutions are known to the indirect problem of transonic flow in the throat of a nozzle ie finding a nozzle which has a given axial velocity distribution"
false_positive,vector,stopwords+stemming,171,259,594,3,0.2594,,,"has a comparison been made between interference-free drag measurements using free-flight models and similar measurements made in a low-blockage wind tunnel"
false_positive,bm25(k1=1.2,b=0.75),stopwords+stemming,173,264,532,3,18.0695,,,"references on lyapunovs method on the stability of linear differential equations with periodic coefficients"
false_positive,vector,stopwords+stemming,174,265,35,3,0.2537,,,"obtain all papers and reports that contain shock detachment distance data"
false_positive,bm25(k1=1.2,b=0.75),stopwords+stemming,174,265,483,3,15.4511,,,"obtain all papers and reports that contain shock detachment distance data"
false_positive,vector,stopwords+stemming,175,266,270,3,0.2264,,,"work on flow in channels at low reynolds numbers"
false_positive,bm25(k1=1.2,b=0.75),stopwords+stemming,175,266,139,3,11.3574,,,"work on flow in channels at low reynolds numbers"
false_positive,vector,stopwords+stemming,176,267,869,3,0.1650,,,"some approximate analytical heat conduction solutions using methods other than biots principle"
false_positive,bm25(k1=1.2,b=0.75),stopwords+stemming,176,267,6,3,14.7699,,,"some approximate analytical heat conduction solutions using methods other than biots principle"
false_positive,vector,stopwords+stemming,177,268,543,3,0.2980,,,"what mode of stalling can be expected for each stage of an axial compressor"
false_positive,bm25(k1=1.2,b=0.75),stopwords+stemming,177,268,576,3,20.3468,,,"what mode of stalling can be expected for each stage of an axial compressor"
false_positive,vector,stopwords+stemming,178,269,592,3,0.1985,,,"has a criterion been established for determining the axial compressor choking line"
false_positive,bm25(k1=1.2,b=0.75),stopwords+stemming,178,269,511,3,13.7832,,,"has a criterion been established for determining the axial compressor choking line"
false_positive,vector,stopwords+stemming,181,274,176,3,0.2548,,,"jet interference with supersonic flows theoretical papers"
false_positive,bm25(k1=1.2,b=0.75),stopwords+stemming,181,274,131,3,11.6603,,,"jet interference with supersonic flows theoretical papers"
false_positive,bm25(k1=1.2,b=0.75),stopwords+stemming,183,277,1226,3,13.9376,,,"what factors have been shown to have a primary influence on sonic boom strength"
false_positive,vector,stopwords+stemming,184,283,509,3,0.1673,,,"work on small-oscillation re-entry motions"
false_positive,bm25(k1=1.2,b=0.75),stopwords+stemming,184,283,1217,3,6.2459,,,"work on small-oscillation re-entry motions"
false_positive,bm25(k1=1.2,b=0.75),stopwords+stemming,187,288,1126,3,20.7126,,,"has anyone analytically or experimentally investigated the effects of internal pressure on the buckling of circular-cylindrical shells under bending"
false_positive,vector,stopwords+stemming,189,292,909,3,0.1398,,,"is there a design method for calculating thermal fatigue endurances of components of various types and sizes in a variety of circumstances"
false_positive,bm25(k1=1.2,b=0.75),stopwords+stemming,189,292,883,3,14.0034,,,"is there a design method for calculating thermal fatigue endurances of components of various types and sizes in a variety of circumstances"
false_positive,vector,stopwords+stemming,190,293,856,3,0.1988,,,"will an analysis of panel flutter based on arbitrarily assumed modes of deformation prove satisfactory and if so what is the minimum number of modes that need be considered"
false_positive,bm25(k1=1.2,b=0.75),stopwords+stemming,190,293,1339,3,21.1112,,,"will an analysis of panel flutter based on arbitrarily assumed modes of deformation prove satisfactory and if so what is the minimum number of modes that need be considered"
false_positive,vector,stopwords+stemming,194,297,888,3,0.2962,,,"how can the analytical solution of the buckling strength of a uniform circular cylinder loaded in axial compression be refined so as to lower the buckling load"
false_positive,vector,stopwords+stemming,195,298,457,3,0.2459,,,"in the problem of the buckling strength of uniform circular cylinders loaded in axial compression does the linear solution help with improving the non-linear one"
false_positive,bm25(k1=1.2,b=0.75),stopwords+stemming,195,298,1173,3,25.5418,,,"in the problem of the buckling strength of uniform circular cylinders loaded in axial compression does the linear solution help with improving the non-linear one"
false_positive,bm25(k1=1.2,b=0.75),stopwords+stemming,196,299,1237,3,12.4295,,,"the problem of similarity for representative investigation of aeroelastic effects in a flow with the absence of heating effects"
false_positive,vector,stopwords+stemming,197,300,723,3,0.3141,,,"how is fatigue damage estimated using the normal long-hand method"
false_positive,vector,stopwords+stemming,198,301,886,3,0.2263,,,"is there any information available on the difference in the effects of various edge conditions on the buckling of cylindrical shells"
false_positive,bm25(k1=1.2,b=0.75),stopwords+stemming,198,301,743,3,16.8189,,,"is there any information available on the difference in the effects of various edge conditions on the buckling of cylindrical shells"
false_positive,bm25(k1=1.2,b=0.75),stopwords+stemming,199,303,1059,3,15.9687,,,"have non-linear large deflection analyses been conducted for shell shapes other than conical"
false_positive,vector,stopwords+stemming,200,304,775,3,0.1356,,,"are asymptotic methods sufficiently accurate in the determination of pre-buckling stresses in torispherical shells or must we resort to numerical methods"
false_positive,bm25(k1=1.2,b=0.75),stopwords+stemming,200,304,1053,3,18.6339,,,"are asymptotic methods sufficiently accurate in the determination of pre-buckling stresses in torispherical shells or must we resort to numerical methods"
false_positive,bm25(k1=1.2,b=0.75),stopwords+stemming,201,306,1297,3,15.1910,,,"what are the nonequilibrium chemical constituents in the viscous shock layer ahead of a blunt re-entry vehicle"
false_positive,vector,stopwords+stemming,204,316,798,3,0.1298,,,"do viscous effects seriously modify pressure distributions"
false_positive,bm25(k1=1.2,b=0.75),stopwords+stemming,204,316,1080,3,9.3424,,,"do viscous effects seriously modify pressure distributions"
false_positive,vector,stopwords+stemming,205,317,78,3,0.1777,,,"has anyone investigated theoretically whether surface flexibility can stabilize a laminar boundary layer"
false_positive,bm25(k1=1.2,b=0.75),stopwords+stemming,205,317,1287,3,17.0506,,,"has anyone investigated theoretically whether surface flexibility can stabilize a laminar boundary layer"
false_positive,vector,stopwords+stemming,206,321,878,3,0.1800,,,"how do subsonic and transonic flutter data measured in the new langley transonic dynamics tunnel compare with similar data obtained in other facilities"
false_positive,bm25(k1=1.2,b=0.75),stopwords+stemming,206,321,879,3,22.9261,,,"how do subsonic and transonic flutter data measured in the new langley transonic dynamics tunnel compare with similar data obtained in other facilities"
false_positive,vector,stopwords+stemming,207,323,39,3,0.1378,,,"how do large changes in new mass ratio quantitatively affect wing-flutter boundaries"
false_positive,bm25(k1=1.2,b=0.75),stopwords+stemming,207,323,39,3,10.3892,,,"how do large changes in new mass ratio quantitatively affect wing-flutter boundaries"
false_positive,vector,stopwords+stemming,209,331,1364,3,0.1690,,,"what are the physical significance and characteristics of separated laminar and turbulent boundary layer flows"
false_positive,bm25(k1=1.2,b=0.75),stopwords+stemming,209,331,240,3,15.4976,,,"what are the physical significance and characteristics of separated laminar and turbulent boundary layer flows"
false_positive,vector,stopwords+stemming,210,332,1145,3,0.3751,,,"has anyone analytically investigated the stabilizing influence of soft elastic cores on the buckling strength of cylindrical shells subjected to non-uniform external pressure"
false_positive,vector,stopwords+stemming,211,333,885,3,0.2173,,,"what papers are available on the buckling of empty cylindrical shells under non-uniform pressure"
false_positive,bm25(k1=1.2,b=0.75),stopwords+stemming,211,333,897,3,19.0441,,,"what papers are available on the buckling of empty cylindrical shells under non-uniform pressure"
false_positive,vector,stopwords+stemming,214,338,828,3,0.2228,,,"can non-linear shallow shell analysis be reduced to an engineering technique by use of the matrix"
false_positive,bm25(k1=1.2,b=0.75),stopwords+stemming,214,338,828,3,16.8150,,,"can non-linear shallow shell analysis be reduced to an engineering technique by use of the matrix"
false_positive,vector,stopwords+stemming,215,339,1253,3,0.2016,,,"is it possible to predict the shape of a shroud which will allow simulation of the nose region flow field for a sphere in hypersonic flow"
false_positive,bm25(k1=1.2,b=0.75),stopwords+stemming,215,339,1205,3,20.0633,,,"is it possible to predict the shape of a shroud which will allow simulation of the nose region flow field for a sphere in hypersonic flow"
false_positive,vector,stopwords+stemming,216,340,407,3,0.1729,,,"what investigations have been made of the wave system created by a static pressure distribution over a liquid surface"
false_positive,bm25(k1=1.2,b=0.75),stopwords+stemming,216,340,612,3,15.5107,,,"what investigations have been made of the wave system created by a static pressure distribution over a liquid surface"
false_positive,vector,stopwords+stemming,217,347,655,3,0.2395,,,"has anyone investigated the effect of shock generated vorticity on heat transfer to a blunt body"
false_positive,vector,stopwords+stemming,218,348,180,3,0.1703,,,"what is the heat transfer to a blunt body in the absence of vorticity"
false_positive,bm25(k1=1.2,b=0.75),stopwords+stemming,218,348,655,3,11.8926,,,"what is the heat transfer to a blunt body in the absence of vorticity"
false_positive,vector,stopwords+stemming,219,349,236,3,0.1517,,,"what are the general effects on flow fields when the reynolds number is small"
false_positive,bm25(k1=1.2,b=0.75),stopwords+stemming,219,349,1222,3,12.7223,,,"what are the general effects on flow fields when the reynolds number is small"
false_positive,vector,stopwords+stemming,220,352,242,3,0.1827,,,"find a calculation procedure applicable to all incompressible laminar boundary layer flow problems having good accuracy and reasonable computation time"
false_positive,bm25(k1=1.2,b=0.75),stopwords+stemming,220,352,461,3,19.1403,,,"find a calculation procedure applicable to all incompressible laminar boundary layer flow problems having good accuracy and reasonable computation time"
false_positive,vector,stopwords+stemming,221,353,194,3,0.1878,,,"papers applicable to this problem calculation procedures for laminar incompressible flow with arbitrary pressure gradient"
false_positive,bm25(k1=1.2,b=0.75),stopwords+stemming,221,353,435,3,14.2313,,,"papers applicable to this problem calculation procedures for laminar incompressible flow with arbitrary pressure gradient"
false_positive,vector,stopwords+stemming,223,356,1008,3,0.2574,,,"papers on shear buckling of unstiffened rectangular plates under shear"
false_positive,vector,stopwords+stemming,224,360,1298,3,0.1481,,,"in practice how close to reality are the assumptions that the flow in a hypersonic shock tube using nitrogen is non-viscous and in thermodynamic equilibrium"
false_positive,bm25(k1=1.2,b=0.75),stopwords+stemming,224,360,259,3,17.3303,,,"in practice how close to reality are the assumptions that the flow in a hypersonic shock tube using nitrogen is non-viscous and in thermodynamic equilibrium"
false_positive,vector,stopwords+stemming,225,365,638,3,0.1726,,,"what design factors can be used to control lift-drag ratios at mach numbers above 5"
false_positive,bm25(k1=1.2,b=0.75),stopwords+stemming,225,365,638,3,14.8083,,,"what design factors can be used to control lift-drag ratios at mach numbers above 5"
false_positive,vector,stopwords+stemming,1,1,878,4,0.1542,,,"what similarity laws must be obeyed when constructing aeroelastic models of heated high speed aircraft"
false_positive,bm25(k1=1.2,b=0.75),stopwords+stemming,1,1,878,4,17.1244,,,"what similarity laws must be obeyed when constructing aeroelastic models of heated high speed aircraft"
false_positive,vector,stopwords+stemming,2,2,251,4,0.1627,,,"what are the structural and aeroelastic problems associated with flight of high speed aircraft"
false_positive,bm25(k1=1.2,b=0.75),stopwords+stemming,2,2,792,4,13.6332,,,"what are the structural and aeroelastic problems associated with flight of high speed aircraft"
false_positive,vector,stopwords+stemming,4,8,1189,4,0.1886,,,"can a criterion be developed to show empirically the validity of flow solutions for chemically reacting gas mixtures based on the simplifying assumption of instantaneous local chemical equilibrium"
false_positive,bm25(k1=1.2,b=0.75),stopwords+stemming,4,8,167,4,24.7677,,,"can a criterion be developed to show empirically the validity of flow solutions for chemically reacting gas mixtures based on the simplifying assumption of instantaneous local chemical equilibrium"
false_positive,vector,stopwords+stemming,5,9,1072,4,0.1472,,,"what chemical kinetic system is applicable to hypersonic aerodynamic problems"
false_positive,bm25(k1=1.2,b=0.75),stopwords+stemming,5,9,943,4,11.9275,,,"what chemical kinetic system is applicable to hypersonic aerodynamic problems"
false_positive,vector,stopwords+stemming,6,10,385,4,0.1252,,,"what theoretical and experimental guides do we have as to turbulent couette flow behaviour"
false_positive,bm25(k1=1.2,b=0.75),stopwords+stemming,6,10,315,4,11.1086,,,"what theoretical and experimental guides do we have as to turbulent couette flow behaviour"
false_positive,vector,stopwords+stemming,7,12,434,4,0.2464,,,"is it possible to relate the available pressure distributions for an ogive forebody at zero angle of attack to the lower surface pressures of an equivalent ogive forebody at angle of attack"
false_positive,bm25(k1=1.2,b=0.75),stopwords+stemming,7,12,124,4,31.6888,,,"is it possible to relate the available pressure distributions for an ogive forebody at zero angle of attack to the lower surface pressures of an equivalent ogive forebody at angle of attack"
false_positive,vector,stopwords+stemming,8,13,711,4,0.1265,,,"what methods -dash exact or approximate -dash are presently available for predicting body pressures at angle of attack"
false_positive,bm25(k1=1.2,b=0.75),stopwords+stemming,8,13,1083,4,17.2636,,,"what methods -dash exact or approximate -dash are presently available for predicting body pressures at angle of attack"
false_positive,vector,stopwords+stemming,9,15,1215,4,0.2701,,,"papers on internal slip flow heat transfer studies"
false_positive,vector,stopwords+stemming,10,18,1009,4,0.1812,,,"are real-gas transport properties for air available over a wide range of enthalpies and densities"
false_positive,bm25(k1=1.2,b=0.75),stopwords+stemming,10,18,524,4,15.7903,,,"are real-gas transport properties for air available over a wide range of enthalpies and densities"
false_positive,vector,stopwords+stemming,11,22,1327,4,0.1756,,,"is it possible to find an analytical similar solution of the strong blast wave problem in the newtonian approximation"
false_positive,vector,stopwords+stemming,13,26,313,4,0.1390,,,"what is the basic mechanism of the transonic aileron buzz"
false_positive,bm25(k1=1.2,b=0.75),stopwords+stemming,13,26,313,4,9.8485,,,"what is the basic mechanism of the transonic aileron buzz"
false_positive,vector,stopwords+stemming,14,27,1364,4,0.2426,,,"papers on shock-sound wave interaction"
false_positive,bm25(k1=1.2,b=0.75),stopwords+stemming,14,27,256,4,8.0455,,,"papers on shock-sound wave interaction"
false_positive,vector,stopwords+stemming,15,29,1043,4,0.1294,,,"material properties of photoelastic materials"
false_positive,bm25(k1=1.2,b=0.75),stopwords+stemming,15,29,1099,4,13.1043,,,"material properties of photoelastic materials"
false_positive,vector,stopwords+stemming,16,31,231,4,0.1865,,,"can the transverse potential flow about a body of revolution be calculated efficiently by an electronic computer"
false_positive,bm25(k1=1.2,b=0.75),stopwords+stemming,16,31,231,4,17.1664,,,"can the transverse potential flow about a body of revolution be calculated efficiently by an electronic computer"
false_positive,vector,stopwords+stemming,17,32,336,4,0.2098,,,"can the three-dimensional problem of a transverse potential flow about a body of revolution be reduced to a two-dimensional problem"
false_positive,bm25(k1=1.2,b=0.75),stopwords+stemming,17,32,1301,4,17.2964,,,"can the three-dimensional problem of a transverse potential flow about a body of revolution be reduced to a two-dimensional problem"
false_positive,bm25(k1=1.2,b=0.75),stopwords+stemming,18,33,234,4,16.4563,,,"are experimental pressure distributions on bodies of revolution at angle of attack available"
false_positive,vector,stopwords+stemming,19,34,842,4,0.1189,,,"does there exist a good basic treatment of the dynamics of re-entry combining consideration of realistic effects with relative simplicity of results"
false_positive,bm25(k1=1.2,b=0.75),stopwords+stemming,19,34,453,4,11.1954,,,"does there exist a good basic treatment of the dynamics of re-entry combining consideration of realistic effects with relative simplicity of results"
false_positive,vector,stopwords+stemming,21,39,421,4,0.1431,,,"why does the compressibility transformation fail to correlate the high speed data for helium and air"
false_positive,bm25(k1=1.2,b=0.75),stopwords+stemming,21,39,686,4,14.0391,,,"why does the compressibility transformation fail to correlate the high speed data for helium and air"
false_positive,vector,stopwords+stemming,22,40,153,4,0.1913,,,"did anyone else discover that the turbulent skin friction is not over sensitive to the nature of the variation of the viscosity with temperature"
false_positive,bm25(k1=1.2,b=0.75),stopwords+stemming,22,40,307,4,16.6795,,,"did anyone else discover that the turbulent skin friction is not over sensitive to the nature of the variation of the viscosity with temperature"
false_positive,bm25(k1=1.2,b=0.75),stopwords+stemming,23,41,718,4,11.4982,,,"what progress has been made in research on unsteady aerodynamics"
false_positive,vector,stopwords+stemming,24,49,833,4,0.1425,,,"what are the factors which influence the time required to invert large structural matrices"
false_positive,vector,stopwords+stemming,25,50,772,4,0.2069,,,"does a practical flow follow the theoretical concepts for the interaction between adjacent blade rows of a supersonic cascade"
false_positive,vector,stopwords+stemming,26,51,568,4,0.2179,,,"what is a single approximate formula for the displacement thickness of a laminar boundary layer in compressible flow on a flat plate"
false_positive,vector,stopwords+stemming,27,52,1176,4,0.2145,,,"how is the design of ring or part ring wings by linear theory affected by thickness"
false_positive,bm25(k1=1.2,b=0.75),stopwords+stemming,27,52,1293,4,16.5585,,,"how is the design of ring or part ring wings by linear theory affected by thickness"
false_positive,vector,stopwords+stemming,28,53,893,4,0.1498,,,"what application has the linear theory design of curved wings"
false_positive,bm25(k1=1.2,b=0.75),stopwords+stemming,28,53,246,4,10.9430,,,"what application has the linear theory design of curved wings"
false_positive,bm25(k1=1.2,b=0.75),stopwords+stemming,29,54,513,4,23.8596,,,"what is the effect of cross sectional shape on the flow over simple delta wings with sharp leading edges"
false_positive,vector,stopwords+stemming,30,55,633,4,0.1629,,,"papers on flow visualization on slender conical wings"
false_positive,bm25(k1=1.2,b=0.75),stopwords+stemming,30,55,902,4,10.1450,,,"papers on flow visualization on slender conical wings"
false_positive,vector,stopwords+stemming,31,56,1153,4,0.1251,,,"what size of end plate can be safely used to simulate two-dimensional flow conditions over a bluff cylindrical body of finite aspect ratio"
false_positive,bm25(k1=1.2,b=0.75),stopwords+stemming,31,56,1153,4,16.5819,,,"what size of end plate can be safely used to simulate two-dimensional flow conditions over a bluff cylindrical body of finite aspect ratio"
false_positive,vector,stopwords+stemming,32,57,802,4,0.1267,,,"to find an approximate correction for thickness in slender thin-wing theory"
false_positive,bm25(k1=1.2,b=0.75),stopwords+stemming,32,57,1186,4,10.7018,,,"to find an approximate correction for thickness in slender thin-wing theory"
false_positive,vector,stopwords+stemming,33,58,594,4,0.2148,,,"how do interference-free longitudinal stability measurements made using free-flight models compare with similar measurements made in a low-blockage wind tunnel"
false_positive,bm25(k1=1.2,b=0.75),stopwords+stemming,33,58,808,4,22.4628,,,"how do interference-free longitudinal stability measurements made using free-flight models compare with similar measurements made in a low-blockage wind tunnel"
false_positive,vector,stopwords+stemming,34,59,610,4,0.2033,,,"have wind tunnel interference effects been investigated on a systematic basis"
false_positive,vector,stopwords+stemming,35,61,1203,4,0.1414,,,"are there any papers dealing with acoustic wave propagation in reacting gases"
false_positive,bm25(k1=1.2,b=0.75),stopwords+stemming,35,61,1327,4,11.0998,,,"are there any papers dealing with acoustic wave propagation in reacting gases"
false_positive,vector,stopwords+stemming,36,62,398,4,0.1449,,,"has anyone investigated relaxation effects on gaseous heat transfer to a suddenly heated wall"
false_positive,bm25(k1=1.2,b=0.75),stopwords+stemming,36,62,666,4,13.9875,,,"has anyone investigated relaxation effects on gaseous heat transfer to a suddenly heated wall"
false_positive,vector,stopwords+stemming,37,66,676,4,0.1483,,,"are there any theoretical methods for predicting base pressure"
false_positive,bm25(k1=1.2,b=0.75),stopwords+stemming,37,66,1352,4,8.8433,,,"are there any theoretical methods for predicting base pressure"
false_positive,vector,stopwords+stemming,38,67,295,4,0.1461,,,"does transition in the hypersonic wake depend on body geometry and size"
false_positive,bm25(k1=1.2,b=0.75),stopwords+stemming,38,67,976,4,11.2649,,,"does transition in the hypersonic wake depend on body geometry and size"
false_positive,vector,stopwords+stemming,39,68,1205,4,0.1580,,,"how can one detect transition phenomena in boundary layers"
false_positive,bm25(k1=1.2,b=0.75),stopwords+stemming,39,68,346,4,13.0975,,,"how can one detect transition phenomena in boundary layers"
false_positive,vector,stopwords+stemming,40,69,1205,4,0.1469,,,"how can one detect transition phenomena in hypersonic wakes"
false_positive,vector,stopwords+stemming,41,71,1152,4,0.2685,,,"has anyone investigated and developed a simple model for the vortex wake behind a cruciform wing"
false_positive,bm25(k1=1.2,b=0.75),stopwords+stemming,41,71,520,4,16.9504,,,"has anyone investigated and developed a simple model for the vortex wake behind a cruciform wing"
false_positive,vector,stopwords+stemming,42,72,503,4,0.2318,,,"what is a criterion that the transonic flow around an airfoil with a round leading edge be validly analyzed by the linearized transonic flow theory"
false_positive,bm25(k1=1.2,b=0.75),stopwords+stemming,42,72,496,4,25.2429,,,"what is a criterion that the transonic flow around an airfoil with a round leading edge be validly analyzed by the linearized transonic flow theory"
false_positive,vector,stopwords+stemming,44,79,1148,4,0.1135,,,"what are the details of the rigorous kinetic theory of gases chapman-enskog theory"
false_positive,bm25(k1=1.2,b=0.75),stopwords+stemming,44,79,1199,4,10.3201,,,"what are the details of the rigorous kinetic theory of gases chapman-enskog theory"
false_positive,bm25(k1=1.2,b=0.75),stopwords+stemming,45,80,625,4,15.4357,,,"has anyone investigated the effect of surface mass transfer on hypersonic viscous interactions"
false_positive,bm25(k1=1.2,b=0.75),stopwords+stemming,48,83,1228,4,10.8985,,,"what controls leading-edge attachment at transonic speeds"
false_positive,vector,stopwords+stemming,49,84,322,4,0.3403,,,"can the three-point boundary-value problem for the blasius equation be integrated numerically using suitable transformations without iteration on the boundary conditions"
false_positive,bm25(k1=1.2,b=0.75),stopwords+stemming,49,84,322,4,25.7466,,,"can the three-point boundary-value problem for the blasius equation be integrated numerically using suitable transformations without iteration on the boundary conditions"
false_positive,vector,stopwords+stemming,50,85,273,4,0.1468,,,"what are the effects of small amounts of gas rarefaction on the characteristics of the boundary layers on slender bodies of revolution"
false_positive,bm25(k1=1.2,b=0.75),stopwords+stemming,50,85,494,4,14.9963,,,"what are the effects of small amounts of gas rarefaction on the characteristics of the boundary layers on slender bodies of revolution"
false_positive,vector,stopwords+stemming,53,93,269,4,0.2229,,,"what investigations have been made of the flow field about a body moving through a rarefied partially ionized gas in the presence of a magnetic field"
false_positive,bm25(k1=1.2,b=0.75),stopwords+stemming,53,93,437,4,24.2644,,,"what investigations have been made of the flow field about a body moving through a rarefied partially ionized gas in the presence of a magnetic field"
false_positive,vector,stopwords+stemming,54,94,1185,4,0.2387,,,"how is the heat transfer downstream of the mass transfer region effected by mass transfer at the nose of a blunted cone"
false_positive,bm25(k1=1.2,b=0.75),stopwords+stemming,54,94,1307,4,24.2276,,,"how is the heat transfer downstream of the mass transfer region effected by mass transfer at the nose of a blunted cone"
false_positive,vector,stopwords+stemming,55,95,4,4,0.1687,,,"to what extent can the available information for incompressible boundary layers be applied to problems involving compressible boundary layers"
false_positive,bm25(k1=1.2,b=0.75),stopwords+stemming,55,95,798,4,19.4257,,,"to what extent can the available information for incompressible boundary layers be applied to problems involving compressible boundary layers"
false_positive,vector,stopwords+stemming,56,97,251,4,0.1578,,,"to what extent can readily available steady-state aerodynamic data be utilized to predict lifting-surface flutter characteristics"
false_positive,bm25(k1=1.2,b=0.75),stopwords+stemming,56,97,1331,4,18.0214,,,"to what extent can readily available steady-state aerodynamic data be utilized to predict lifting-surface flutter characteristics"
false_positive,vector,stopwords+stemming,57,98,507,4,0.1275,,,"what are the significant steady and non-steady flow characteristics which affect the flutter mechanism"
false_positive,bm25(k1=1.2,b=0.75),stopwords+stemming,57,98,1338,4,11.9525,,,"what are the significant steady and non-steady flow characteristics which affect the flutter mechanism"
false_positive,vector,stopwords+stemming,58,99,120,4,0.2253,,,"is it possible to determine rates of forced convective heat transfer from heated cylinders of non-circular cross-section the fluid flow being along the generators"
false_positive,bm25(k1=1.2,b=0.75),stopwords+stemming,58,99,873,4,21.3532,,,"is it possible to determine rates of forced convective heat transfer from heated cylinders of non-circular cross-section the fluid flow being along the generators"
false_positive,vector,stopwords+stemming,59,100,381,4,0.1548,,,"how much is known about boundary layer flows along non-circular cylinders"
false_positive,bm25(k1=1.2,b=0.75),stopwords+stemming,59,100,912,4,13.2163,,,"how much is known about boundary layer flows along non-circular cylinders"
false_positive,vector,stopwords+stemming,60,101,321,4,0.3460,,,"is there any simple but practical method for numerical integration of the mixing problem ie the blasius problem with three-point boundary conditions"
false_positive,bm25(k1=1.2,b=0.75),stopwords+stemming,61,102,1213,4,15.1921,,,"does there exist a closed-form expression for the local heat transfer around a yawed cylinder"
false_positive,vector,stopwords+stemming,62,103,148,4,0.1587,,,"how far around a cylinder and under what conditions of flow if any is the velocity just outside of the boundary layer a linear function of the distance around the cylinder"
false_positive,bm25(k1=1.2,b=0.75),stopwords+stemming,62,103,1258,4,23.4550,,,"how far around a cylinder and under what conditions of flow if any is the velocity just outside of the boundary layer a linear function of the distance around the cylinder"
false_positive,vector,stopwords+stemming,63,104,843,4,0.1629,,,"where can i find pressure data on surfaces of swept cylinders"
false_positive,bm25(k1=1.2,b=0.75),stopwords+stemming,63,104,738,4,11.0121,,,"where can i find pressure data on surfaces of swept cylinders"
false_positive,vector,stopwords+stemming,64,105,52,4,0.1523,,,"cant the static deflection shapes be used in predicting flutter in place of vibrational shapes if so can we provide a justification by means of an example"
false_positive,bm25(k1=1.2,b=0.75),stopwords+stemming,64,105,52,4,19.4573,,,"cant the static deflection shapes be used in predicting flutter in place of vibrational shapes if so can we provide a justification by means of an example"
false_positive,vector,stopwords+stemming,66,107,1182,4,0.2044,,,"can the procedure of matching inner and outer solutions for a viscous flow problem be applied when the main stream is a shear flow"
false_positive,bm25(k1=1.2,b=0.75),stopwords+stemming,66,107,131,4,18.8343,,,"can the procedure of matching inner and outer solutions for a viscous flow problem be applied when the main stream is a shear flow"
false_positive,vector,stopwords+stemming,68,109,480,4,0.1755,,,"what possible techniques are available for computing the injection distribution corresponding to an isothermal transpiration cooled hemisphere"
false_positive,bm25(k1=1.2,b=0.75),stopwords+stemming,68,109,773,4,14.6039,,,"what possible techniques are available for computing the injection distribution corresponding to an isothermal transpiration cooled hemisphere"
false_positive,vector,stopwords+stemming,69,110,306,4,0.1428,,,"what is known regarding asymptotic solutions to the exact boundary layer equations"
false_positive,bm25(k1=1.2,b=0.75),stopwords+stemming,69,110,299,4,12.4616,,,"what is known regarding asymptotic solutions to the exact boundary layer equations"
false_positive,vector,stopwords+stemming,70,111,320,4,0.2037,,,"previous solutions to the boundary layer similarity equations"
false_positive,bm25(k1=1.2,b=0.75),stopwords+stemming,70,111,300,4,10.6559,,,"previous solutions to the boundary layer similarity equations"
false_positive,vector,stopwords+stemming,71,112,573,4,0.2823,,,"experimental results on hypersonic viscous interaction"
false_positive,bm25(k1=1.2,b=0.75),stopwords+stemming,71,112,1299,4,11.1482,,,"experimental results on hypersonic viscous interaction"
false_positive,vector,stopwords+stemming,72,113,10,4,0.1510,,,"what has been done about viscous interactions in relatively low reynolds number flows particularly at high mach numbers"
false_positive,bm25(k1=1.2,b=0.75),stopwords+stemming,72,113,193,4,16.7962,,,"what has been done about viscous interactions in relatively low reynolds number flows particularly at high mach numbers"
false_positive,vector,stopwords+stemming,74,116,68,4,0.1962,,,"how significant is the possible pressure of a dissociated free stream with respect to the realization of hypersonic simulation in high enthalpy wind tunnels"
false_positive,bm25(k1=1.2,b=0.75),stopwords+stemming,74,116,876,4,18.1484,,,"how significant is the possible pressure of a dissociated free stream with respect to the realization of hypersonic simulation in high enthalpy wind tunnels"
false_positive,vector,stopwords+stemming,75,118,951,4,0.1371,,,"do the discrepancies among current analyses of the vorticity effect on stagnation-point heat transfer result primarily from the differences in the viscosity-temperature law assumed"
false_positive,bm25(k1=1.2,b=0.75),stopwords+stemming,75,118,630,4,14.4098,,,"do the discrepancies among current analyses of the vorticity effect on stagnation-point heat transfer result primarily from the differences in the viscosity-temperature law assumed"
false_positive,vector,stopwords+stemming,76,119,50,4,0.1465,,,"how far can one trust the linear viscosity-temperature solution assumed in some of the analyses of hypersonic shock layer at low reynolds number"
false_positive,bm25(k1=1.2,b=0.75),stopwords+stemming,76,119,315,4,16.6001,,,"how far can one trust the linear viscosity-temperature solution assumed in some of the analyses of hypersonic shock layer at low reynolds number"
false_positive,vector,stopwords+stemming,77,120,537,4,0.1784,,,"how close is the comparison of the shock layer theory with existing experiments in the low reynolds number merged-layer regime"
false_positive,vector,stopwords+stemming,78,121,237,4,0.1680,,,"has anyone explained the kink in the surge line of a multi-stage axial compressor"
false_positive,bm25(k1=1.2,b=0.75),stopwords+stemming,78,121,237,4,14.2491,,,"has anyone explained the kink in the surge line of a multi-stage axial compressor"
false_positive,vector,stopwords+stemming,79,122,567,4,0.1843,,,"have any aerodynamic derivatives been measured at hypersonic mach numbers and comparison been made with theoretical work"
false_positive,bm25(k1=1.2,b=0.75),stopwords+stemming,79,122,755,4,18.3412,,,"have any aerodynamic derivatives been measured at hypersonic mach numbers and comparison been made with theoretical work"
false_positive,vector,stopwords+stemming,80,123,878,4,0.1332,,,"are methods of measuring aerodynamic derivatives available which could be adopted for use in short running time facilities"
false_positive,bm25(k1=1.2,b=0.75),stopwords+stemming,80,123,602,4,14.0661,,,"are methods of measuring aerodynamic derivatives available which could be adopted for use in short running time facilities"
false_positive,vector,stopwords+stemming,81,126,42,4,0.1709,,,"what are wind-tunnel corrections for a two-dimensional aerofoil mounted off-centre in a tunnel"
false_positive,bm25(k1=1.2,b=0.75),stopwords+stemming,81,126,42,4,12.0817,,,"what are wind-tunnel corrections for a two-dimensional aerofoil mounted off-centre in a tunnel"
false_positive,vector,stopwords+stemming,82,128,1334,4,0.1563,,,"how do kuchemanns and multhopps methods for calculating lift distributions on swept wings in subsonic flow compare with each other and with experiment"
false_positive,bm25(k1=1.2,b=0.75),stopwords+stemming,82,128,1334,4,21.3803,,,"how do kuchemanns and multhopps methods for calculating lift distributions on swept wings in subsonic flow compare with each other and with experiment"
false_positive,vector,stopwords+stemming,83,130,36,4,0.0852,,,"what is the present state of the theory of quasi-conical flows"
false_positive,bm25(k1=1.2,b=0.75),stopwords+stemming,83,130,1060,4,7.1697,,,"what is the present state of the theory of quasi-conical flows"
false_positive,vector,stopwords+stemming,84,131,378,4,0.1967,,,"references on the methods available for accurately estimating aerodynamic heat transfer to conical bodies for both laminar and turbulent flow"
false_positive,bm25(k1=1.2,b=0.75),stopwords+stemming,84,131,546,4,18.1572,,,"references on the methods available for accurately estimating aerodynamic heat transfer to conical bodies for both laminar and turbulent flow"
false_positive,bm25(k1=1.2,b=0.75),stopwords+stemming,85,132,294,4,17.2941,,,"what parameters can seriously influence natural transition from laminar to turbulent flow on a model in a wind tunnel"
false_positive,vector,stopwords+stemming,86,133,1155,4,0.1810,,,"can a satisfactory experimental technique be developed for measuring oscillatory derivatives on slender sting-mounted models in supersonic wind tunnels"
false_positive,bm25(k1=1.2,b=0.75),stopwords+stemming,86,133,1155,4,18.2387,,,"can a satisfactory experimental technique be developed for measuring oscillatory derivatives on slender sting-mounted models in supersonic wind tunnels"
false_positive,vector,stopwords+stemming,87,135,610,4,0.1593,,,"what effect has the boundary layer in modifying the basic inviscid flow behind the shock neglecting effects of leading edge and corner"
false_positive,bm25(k1=1.2,b=0.75),stopwords+stemming,87,135,2,4,18.1597,,,"what effect has the boundary layer in modifying the basic inviscid flow behind the shock neglecting effects of leading edge and corner"
false_positive,vector,stopwords+stemming,89,137,52,4,0.1948,,,"how is the flow at transonic speeds about a delta wing different from that on a closely-related tapered sweptback wing"
false_positive,bm25(k1=1.2,b=0.75),stopwords+stemming,89,137,1341,4,19.0670,,,"how is the flow at transonic speeds about a delta wing different from that on a closely-related tapered sweptback wing"
false_positive,vector,stopwords+stemming,90,138,1239,4,0.1511,,,"recent data on shock-induced boundary-layer separation"
false_positive,bm25(k1=1.2,b=0.75),stopwords+stemming,90,138,979,4,9.4771,,,"recent data on shock-induced boundary-layer separation"
false_positive,vector,stopwords+stemming,91,139,1153,4,0.1616,,,"what interference effects are likely at transonic speeds"
false_positive,bm25(k1=1.2,b=0.75),stopwords+stemming,91,139,795,4,11.3902,,,"what interference effects are likely at transonic speeds"
false_positive,bm25(k1=1.2,b=0.75),stopwords+stemming,92,140,683,4,21.7216,,,"given complete freedom in the design of an airplane what procedure would be used in order to minimize sonic boom intensity and is there a limit to the degree of minimizing that can be accomplished"
false_positive,vector,stopwords+stemming,93,141,1314,4,0.1492,,,"can methane-air combustion product be used as a hypersonic test medium and predict within experimental accuracies the results obtained in air"
false_positive,bm25(k1=1.2,b=0.75),stopwords+stemming,93,141,68,4,16.8925,,,"can methane-air combustion product be used as a hypersonic test medium and predict within experimental accuracies the results obtained in air"
false_positive,vector,stopwords+stemming,95,143,36,4,0.1668,,,"what is the theoretical heat transfer distribution around a hemisphere"
false_positive,bm25(k1=1.2,b=0.75),stopwords+stemming,95,143,1104,4,11.9931,,,"what is the theoretical heat transfer distribution around a hemisphere"
false_positive,vector,stopwords+stemming,96,145,680,4,0.2189,,,"has anyone investigated the unsteady lift distributions on finite wings in subsonic flow"
false_positive,bm25(k1=1.2,b=0.75),stopwords+stemming,96,145,680,4,15.4494,,,"has anyone investigated the unsteady lift distributions on finite wings in subsonic flow"
false_positive,bm25(k1=1.2,b=0.75),stopwords+stemming,97,146,251,4,14.0504,,,"what information is available for dynamic response of airplanes to gusts or blasts in the subsonic regime"
false_positive,vector,stopwords+stemming,98,147,1343,4,0.1403,,,"will forward or apex located controls be effective at low subsonic speeds and how do they compare with conventional trailing-edge flaps"
false_positive,bm25(k1=1.2,b=0.75),stopwords+stemming,98,147,1163,4,15.0456,,,"will forward or apex located controls be effective at low subsonic speeds and how do they compare with conventional trailing-edge flaps"
false_positive,vector,stopwords+stemming,99,148,716,4,0.1618,,,"given that an uncontrolled vehicle will tumble as it enters an atmosphere is it possible to predict when and how it will stop tumbling and its subsequent motion"
false_positive,bm25(k1=1.2,b=0.75),stopwords+stemming,100,149,1068,4,27.9422,,,"what are the effects of initial imperfections on the elastic buckling of cylindrical shells under axial compression"
false_positive,bm25(k1=1.2,b=0.75),stopwords+stemming,101,150,1119,4,25.5770,,,"why does the incremental theory and the deformation theory of plastic stress-strain relationship differ greatly when applied to stability problems"
false_positive,vector,stopwords+stemming,102,152,1289,4,0.1205,,,"basic dynamic characteristics of structures continuous over many spans"
false_positive,bm25(k1=1.2,b=0.75),stopwords+stemming,102,152,446,4,9.4907,,,"basic dynamic characteristics of structures continuous over many spans"
false_positive,vector,stopwords+stemming,103,153,1049,4,0.2502,,,"is the information on the buckling of sandwich sphere available"
false_positive,bm25(k1=1.2,b=0.75),stopwords+stemming,103,153,1048,4,11.3265,,,"is the information on the buckling of sandwich sphere available"
false_positive,vector,stopwords+stemming,104,154,1024,4,0.1913,,,"can the load deformation characteristics of a beam be obtained with the material being inelastic and a non uniform temperature being present"
false_positive,vector,stopwords+stemming,106,156,1036,4,0.2148,,,"experimental techniques in shell vibration"
false_positive,bm25(k1=1.2,b=0.75),stopwords+stemming,107,157,220,4,18.5978,,,"in summarizing theoretical and experimental work on the behaviour of a typical aircraft structure in a noise environment is it possible to develop a design procedure"
false_positive,bm25(k1=1.2,b=0.75),stopwords+stemming,108,158,884,4,17.2981,,,"what data is there on the fatigue of structures under acoustic loading"
false_positive,vector,stopwords+stemming,109,160,864,4,0.2865,,,"panels subjected to aerodynamic heating"
false_positive,bm25(k1=1.2,b=0.75),stopwords+stemming,109,160,627,4,11.3111,,,"panels subjected to aerodynamic heating"
false_positive,vector,stopwords+stemming,110,161,642,4,0.2161,,,"can increasing the edge loading of a plate beyond the critical value for buckling change the buckling mode"
false_positive,bm25(k1=1.2,b=0.75),stopwords+stemming,110,161,1117,4,18.5529,,,"can increasing the edge loading of a plate beyond the critical value for buckling change the buckling mode"
false_positive,bm25(k1=1.2,b=0.75),stopwords+stemming,111,163,856,4,17.8001,,,"have the effects of an elastic edge restraint been considered in previous papers on panel flutter"
false_positive,vector,stopwords+stemming,112,164,735,4,0.2947,,,"has the solution of the clamped plate problem in the classical theory of bending been reduced to two successive membrane boundary value problems"
false_positive,bm25(k1=1.2,b=0.75),stopwords+stemming,112,164,422,4,23.1335,,,"has the solution of the clamped plate problem in the classical theory of bending been reduced to two successive membrane boundary value problems"
false_positive,vector,stopwords+stemming,113,165,1272,4,0.1823,,,"what data exists on oscillatory aerodynamic forces on control surfaces at transonic mach numbers"
false_positive,bm25(k1=1.2,b=0.75),stopwords+stemming,113,165,467,4,13.0636,,,"what data exists on oscillatory aerodynamic forces on control surfaces at transonic mach numbers"
false_positive,vector,stopwords+stemming,114,167,1290,4,0.1363,,,"it is not likely that the airforces on a wing of general planform oscillating in transonic flow can be determined by purely analytical methods is it possible to determine the airforces on a single particular planform such as the rectangular one by such method"
false_positive,bm25(k1=1.2,b=0.75),stopwords+stemming,114,167,704,4,22.5637,,,"it is not likely that the airforces on a wing of general planform oscillating in transonic flow can be determined by purely analytical methods is it possible to determine the airforces on a single particular planform such as the rectangular one by such method"
false_positive,vector,stopwords+stemming,115,168,875,4,0.1021,,,"is the problem of similarity for representative investigations of aeroelastic effects in heated flow as intractable as previous investigations imply"
false_positive,vector,stopwords+stemming,116,169,1106,4,0.1417,,,"what is the magnitude and distribution of lift over the cone and the cylindrical portion of a cone-cylinder configuration"
false_positive,bm25(k1=1.2,b=0.75),stopwords+stemming,116,169,1106,4,12.8730,,,"what is the magnitude and distribution of lift over the cone and the cylindrical portion of a cone-cylinder configuration"
false_positive,vector,stopwords+stemming,117,170,925,4,0.1474,,,"is there any information on how the addition of a boat-tail affects the normal force on the body of various angles of incidence"
false_positive,bm25(k1=1.2,b=0.75),stopwords+stemming,117,170,927,4,14.9873,,,"is there any information on how the addition of a boat-tail affects the normal force on the body of various angles of incidence"
false_positive,vector,stopwords+stemming,118,171,229,4,0.1927,,,"what are the aerodynamic interference effects on the fin lift and body lift of a fin-body combination"
false_positive,vector,stopwords+stemming,119,173,1070,4,0.1570,,,"what is the effect of initial axisymmetric deviations from circularity on the non linear large-deflection load-deflection response of cylinders under hydrostatic pressure"
false_positive,bm25(k1=1.2,b=0.75),stopwords+stemming,119,173,1051,4,18.0921,,,"what is the effect of initial axisymmetric deviations from circularity on the non linear large-deflection load-deflection response of cylinders under hydrostatic pressure"
false_positive,bm25(k1=1.2,b=0.75),stopwords+stemming,120,175,1172,4,25.5386,,,"are previous analyses of circumferential thermal buckling of circular cylindrical shells unnecessarily involved or even inaccurate due to the assumed forms of buckling mode"
false_positive,vector,stopwords+stemming,122,177,251,4,0.1710,,,"what analytical investigations have been made of the stability of conical shells how do the results compare with experiment"
false_positive,bm25(k1=1.2,b=0.75),stopwords+stemming,122,177,78,4,16.1728,,,"what analytical investigations have been made of the stability of conical shells how do the results compare with experiment"
false_positive,vector,stopwords+stemming,123,181,112,4,0.1838,,,"has any work been done on determining the nature of compressible viscous flow in a straight channel"
false_positive,bm25(k1=1.2,b=0.75),stopwords+stemming,123,181,112,4,14.6262,,,"has any work been done on determining the nature of compressible viscous flow in a straight channel"
false_positive,vector,stopwords+stemming,124,182,1070,4,0.1496,,,"in what areas other than low density wind tunnel flows is viscous compressible flow in slender channels a problem what analytical investigations have been made of the stability of conical shells how do the results compare with experiment"
false_positive,bm25(k1=1.2,b=0.75),stopwords+stemming,124,182,828,4,21.9528,,,"in what areas other than low density wind tunnel flows is viscous compressible flow in slender channels a problem what analytical investigations have been made of the stability of conical shells how do the results compare with experiment"
false_positive,vector,stopwords+stemming,125,183,610,4,0.1806,,,"jet interference with supersonic flow -dash experimental papers"
false_positive,bm25(k1=1.2,b=0.75),stopwords+stemming,126,184,1095,4,14.6303,,,"thrust vector control by fluid injection -dash papers"
false_positive,vector,stopwords+stemming,127,187,75,4,0.1805,,,"is it possible to obtain a reasonably simple analytical solution to the heat equation for an exponential in time heat input"
false_positive,vector,stopwords+stemming,128,189,745,4,0.2244,,,"has anyone programmed a pump design method for a high-speed digital computer"
false_positive,bm25(k1=1.2,b=0.75),stopwords+stemming,128,189,745,4,16.7549,,,"has anyone programmed a pump design method for a high-speed digital computer"
false_positive,vector,stopwords+stemming,130,196,391,4,0.2197,,,"what are the flutter characteristics of the exposed skin panels of the x-15 vertical stabilizer when subjected to aerodynamic heating"
false_positive,vector,stopwords+stemming,131,200,1026,4,0.3256,,,"what agreement is found between theoretically predicted instability times and experimentally measured collapse times for compressed columns in creep"
false_positive,bm25(k1=1.2,b=0.75),stopwords+stemming,131,200,1025,4,28.0189,,,"what agreement is found between theoretically predicted instability times and experimentally measured collapse times for compressed columns in creep"
false_positive,vector,stopwords+stemming,133,202,951,4,0.3635,,,"experimental studies of creep buckling"
false_positive,vector,stopwords+stemming,134,203,1014,4,0.2019,,,"is it possible to correlate the results on the creep buckling of widely different structures within the framework of a single theory"
false_positive,bm25(k1=1.2,b=0.75),stopwords+stemming,134,203,866,4,17.6277,,,"is it possible to correlate the results on the creep buckling of widely different structures within the framework of a single theory"
false_positive,vector,stopwords+stemming,135,204,951,4,0.3777,,,"what are the experimental results for the creep buckling of columns"
false_positive,bm25(k1=1.2,b=0.75),stopwords+stemming,135,204,1013,4,17.4888,,,"what are the experimental results for the creep buckling of columns"
false_positive,vector,stopwords+stemming,136,205,1023,4,0.2173,,,"what are the results for the creep buckling of round tubes under external pressure"
false_positive,bm25(k1=1.2,b=0.75),stopwords+stemming,136,205,1125,4,15.0266,,,"what are the results for the creep buckling of round tubes under external pressure"
false_positive,bm25(k1=1.2,b=0.75),stopwords+stemming,137,206,1026,4,33.4204,,,"have any analytical studies been conducted on the time-to-failure mechanism associated with creep collapse for a long circular cylindrical shell which exhibits both primary and secondary creep as well as elastic deformations under various distributed force systems"
false_positive,vector,stopwords+stemming,138,208,897,4,0.3191,,,"has the effect of initial stresses on the frequencies of vibration of circular cylindrical shells been investigated"
false_positive,bm25(k1=1.2,b=0.75),stopwords+stemming,138,208,897,4,23.0131,,,"has the effect of initial stresses on the frequencies of vibration of circular cylindrical shells been investigated"
false_positive,vector,stopwords+stemming,139,209,848,4,0.2839,,,"has the effect of the change of initial pressure due to deformation on the frequencies of vibration of circular cylindrical shells been investigated"
false_positive,bm25(k1=1.2,b=0.75),stopwords+stemming,139,209,764,4,24.2524,,,"has the effect of the change of initial pressure due to deformation on the frequencies of vibration of circular cylindrical shells been investigated"
false_positive,vector,stopwords+stemming,140,210,890,4,0.1944,,,"what are the discontinuity stresses at junctions in pressurized structures"
false_positive,bm25(k1=1.2,b=0.75),stopwords+stemming,140,210,1202,4,11.0929,,,"what are the discontinuity stresses at junctions in pressurized structures"
false_positive,bm25(k1=1.2,b=0.75),stopwords+stemming,141,211,1134,4,11.7233,,,"what analytical solutions are available for stresses in edge-loaded shells of revolution"
false_positive,vector,stopwords+stemming,142,212,1134,4,0.1272,,,"what dome contours minimize discontinuity stresses when used as closures on cylindrical pressure vessels"
false_positive,bm25(k1=1.2,b=0.75),stopwords+stemming,142,212,890,4,14.6235,,,"what dome contours minimize discontinuity stresses when used as closures on cylindrical pressure vessels"
false_positive,vector,stopwords+stemming,143,213,828,4,0.1873,,,"what general solutions for the stresses in pressurized shells of revolution are available"
false_positive,bm25(k1=1.2,b=0.75),stopwords+stemming,143,213,1134,4,13.0470,,,"what general solutions for the stresses in pressurized shells of revolution are available"
false_positive,vector,stopwords+stemming,144,214,1126,4,0.1974,,,"can studies of pure membrane cylinders having no wall bending stiffness but maintaining their shape by virtue of internal pressure provide any insight into the behaviour of pressurized cylinders with finite wall stiffness"
false_positive,vector,stopwords+stemming,145,215,1046,4,0.1458,,,"what are the best experimental data and classical small deflection theory analyses available for pressurized cylinders in bending"
false_positive,bm25(k1=1.2,b=0.75),stopwords+stemming,145,215,827,4,16.8955,,,"what are the best experimental data and classical small deflection theory analyses available for pressurized cylinders in bending"
false_positive,vector,stopwords+stemming,146,216,854,4,0.2930,,,"does a membrane theory exist by which the behaviour of pressurized membrane cylinders in bending can be predicted"
false_positive,bm25(k1=1.2,b=0.75),stopwords+stemming,146,216,1175,4,21.8517,,,"does a membrane theory exist by which the behaviour of pressurized membrane cylinders in bending can be predicted"
false_positive,vector,stopwords+stemming,147,217,1358,4,0.2174,,,"what are the equations which define the stability of simply supported corrugated core sandwich cylinders"
false_positive,bm25(k1=1.2,b=0.75),stopwords+stemming,147,217,1069,4,18.5115,,,"what are the equations which define the stability of simply supported corrugated core sandwich cylinders"
false_positive,vector,stopwords+stemming,148,218,1126,4,0.3198,,,"papers on small deflection theory for buckling of sandwich cylinders"
false_positive,vector,stopwords+stemming,149,219,926,4,0.1962,,,"has anyone developed an analysis which accurately establishes the large deflection behaviour of conical shells"
false_positive,bm25(k1=1.2,b=0.75),stopwords+stemming,149,219,1053,4,15.1783,,,"has anyone developed an analysis which accurately establishes the large deflection behaviour of conical shells"
false_positive,vector,stopwords+stemming,150,223,1243,4,0.2670,,,"what is the magnitude of second-order wing-body interference at high supersonic mach number"
false_positive,bm25(k1=1.2,b=0.75),stopwords+stemming,150,223,1243,4,15.2156,,,"what is the magnitude of second-order wing-body interference at high supersonic mach number"
false_positive,vector,stopwords+stemming,151,224,101,4,0.1157,,,"what is the best theoretical method for calculating pressure on the surface of a wing alone"
false_positive,bm25(k1=1.2,b=0.75),stopwords+stemming,151,224,287,4,10.5323,,,"what is the best theoretical method for calculating pressure on the surface of a wing alone"
false_positive,vector,stopwords+stemming,152,225,42,4,0.1494,,,"how can the effect of the boundary-layer on wing pressure be calculated and what is its magnitude"
false_positive,bm25(k1=1.2,b=0.75),stopwords+stemming,152,225,36,4,12.7396,,,"how can the effect of the boundary-layer on wing pressure be calculated and what is its magnitude"
false_positive,vector,stopwords+stemming,153,226,393,4,0.1699,,,"how should the navier-stokes difference equations be solved"
false_positive,bm25(k1=1.2,b=0.75),stopwords+stemming,153,226,962,4,9.4735,,,"how should the navier-stokes difference equations be solved"
false_positive,vector,stopwords+stemming,154,227,1054,4,0.2511,,,"which iterative method for solving linear elliptic difference equations is most rapidly convergent"
false_positive,bm25(k1=1.2,b=0.75),stopwords+stemming,155,230,1065,4,11.5436,,,"technical report on measurement of ablation during flight"
false_positive,vector,stopwords+stemming,157,232,1253,4,0.1793,,,"have flow fields been calculated for blunt-nosed bodies and compared with experiment for a wide range of free stream conditions and body shapes"
false_positive,vector,stopwords+stemming,158,233,117,4,0.1189,,,"what are the available properties of high-temperature air"
false_positive,bm25(k1=1.2,b=0.75),stopwords+stemming,158,233,421,4,8.0398,,,"what are the available properties of high-temperature air"
false_positive,vector,stopwords+stemming,159,234,1293,4,0.1714,,,"what is the magnitude of aerodynamic damping in flexible vibration modes of a slender body of revolution characteristic of launch vehicles"
false_positive,bm25(k1=1.2,b=0.75),stopwords+stemming,159,234,1339,4,16.9152,,,"what is the magnitude of aerodynamic damping in flexible vibration modes of a slender body of revolution characteristic of launch vehicles"
false_positive,bm25(k1=1.2,b=0.75),stopwords+stemming,160,241,885,4,38.6043,,,"compressive circumferential stresses in a torispherical shell reveal the possibility of buckling under internal pressure has anyone investigated for which ranges of shell parameters these stresses are sufficiently large to cause elastic buckling"
false_positive,vector,stopwords+stemming,161,245,460,4,0.2418,,,"is there an integral method to give a single and sufficiently accurate method of calculating the laminar separate point for various incompressible and compressible boundary layers with zero heat transfer"
false_positive,bm25(k1=1.2,b=0.75),stopwords+stemming,161,245,460,4,26.0511,,,"is there an integral method to give a single and sufficiently accurate method of calculating the laminar separate point for various incompressible and compressible boundary layers with zero heat transfer"
false_positive,vector,stopwords+stemming,162,246,145,4,0.2069,,,"what accurate or exact solutions of the laminar separation point for various incompressible and compressible boundary layers with zero heat transfer are available"
false_positive,bm25(k1=1.2,b=0.75),stopwords+stemming,162,246,366,4,22.0890,,,"what accurate or exact solutions of the laminar separation point for various incompressible and compressible boundary layers with zero heat transfer are available"
false_positive,vector,stopwords+stemming,163,247,232,4,0.2526,,,"can the hypersonic similarity results be applied to the technique of predicting surface pressures of an ogive forebody at angle of attack"
false_positive,bm25(k1=1.2,b=0.75),stopwords+stemming,163,247,373,4,22.2058,,,"can the hypersonic similarity results be applied to the technique of predicting surface pressures of an ogive forebody at angle of attack"
false_positive,bm25(k1=1.2,b=0.75),stopwords+stemming,164,250,265,4,11.1777,,,"what determines the onset of shock-induced boundary-layer separation"
false_positive,vector,stopwords+stemming,165,251,978,4,0.1615,,,"are the stable profiles of a compressible boundary layer induced by a moving wave known"
false_positive,vector,stopwords+stemming,166,252,663,4,0.1982,,,"are there experimental results on the stability of a compressible boundary layer induced by a moving wave"
false_positive,bm25(k1=1.2,b=0.75),stopwords+stemming,166,252,569,4,12.8464,,,"are there experimental results on the stability of a compressible boundary layer induced by a moving wave"
false_positive,vector,stopwords+stemming,167,253,1279,4,0.2676,,,"exact solution methods for calculating the ablative mass loss of a material ablating at high temperatures in a hypersonic flight environment"
false_positive,vector,stopwords+stemming,168,254,118,4,0.2116,,,"what approximate solutions are known to the direct problem of transonic flow in the throat of a nozzle ie finding the flow in a given nozzle"
false_positive,bm25(k1=1.2,b=0.75),stopwords+stemming,168,254,965,4,22.4988,,,"what approximate solutions are known to the direct problem of transonic flow in the throat of a nozzle ie finding the flow in a given nozzle"
false_positive,vector,stopwords+stemming,171,259,1155,4,0.2579,,,"has a comparison been made between interference-free drag measurements using free-flight models and similar measurements made in a low-blockage wind tunnel"
false_positive,bm25(k1=1.2,b=0.75),stopwords+stemming,171,259,755,4,22.7165,,,"has a comparison been made between interference-free drag measurements using free-flight models and similar measurements made in a low-blockage wind tunnel"
false_positive,vector,stopwords+stemming,173,264,917,4,0.1201,,,"references on lyapunovs method on the stability of linear differential equations with periodic coefficients"
false_positive,bm25(k1=1.2,b=0.75),stopwords+stemming,173,264,767,4,12.3701,,,"references on lyapunovs method on the stability of linear differential equations with periodic coefficients"
false_positive,vector,stopwords+stemming,174,265,1319,4,0.2507,,,"obtain all papers and reports that contain shock detachment distance data"
false_positive,bm25(k1=1.2,b=0.75),stopwords+stemming,174,265,1157,4,15.4061,,,"obtain all papers and reports that contain shock detachment distance data"
false_positive,vector,stopwords+stemming,175,266,112,4,0.2182,,,"work on flow in channels at low reynolds numbers"
false_positive,bm25(k1=1.2,b=0.75),stopwords+stemming,175,266,491,4,10.9918,,,"work on flow in channels at low reynolds numbers"
false_positive,vector,stopwords+stemming,176,267,497,4,0.1626,,,"some approximate analytical heat conduction solutions using methods other than biots principle"
false_positive,bm25(k1=1.2,b=0.75),stopwords+stemming,176,267,872,4,14.0861,,,"some approximate analytical heat conduction solutions using methods other than biots principle"
false_positive,bm25(k1=1.2,b=0.75),stopwords+stemming,177,268,543,4,18.9867,,,"what mode of stalling can be expected for each stage of an axial compressor"
false_positive,vector,stopwords+stemming,178,269,543,4,0.1964,,,"has a criterion been established for determining the axial compressor choking line"
false_positive,bm25(k1=1.2,b=0.75),stopwords+stemming,178,269,216,4,13.4792,,,"has a criterion been established for determining the axial compressor choking line"
false_positive,vector,stopwords+stemming,179,272,918,4,0.1443,,,"has a theory of quasi-conical flows been developed in supersonic linearised theory for which the upwash distribution on the lifting surface apart from being a homogeneous function in the co-ordinate is permitted to have a quite general functional form"
false_positive,bm25(k1=1.2,b=0.75),stopwords+stemming,179,272,918,4,22.1855,,,"has a theory of quasi-conical flows been developed in supersonic linearised theory for which the upwash distribution on the lifting surface apart from being a homogeneous function in the co-ordinate is permitted to have a quite general functional form"
false_positive,vector,stopwords+stemming,180,273,1391,4,0.1808,,,"how does scale height vary with altitude in an atmosphere"
false_positive,bm25(k1=1.2,b=0.75),stopwords+stemming,180,273,1391,4,13.4890,,,"how does scale height vary with altitude in an atmosphere"
false_positive,vector,stopwords+stemming,181,274,1062,4,0.2423,,,"jet interference with supersonic flows theoretical papers"
false_positive,bm25(k1=1.2,b=0.75),stopwords+stemming,181,274,1074,4,11.1648,,,"jet interference with supersonic flows theoretical papers"
false_positive,vector,stopwords+stemming,182,275,593,4,0.1396,,,"effects of leading-edge bluntness on the flutter characteristics of some square-planform double-wedge airfoils at mach numbers less than 154"
false_positive,bm25(k1=1.2,b=0.75),stopwords+stemming,182,275,856,4,17.4441,,,"effects of leading-edge bluntness on the flutter characteristics of some square-planform double-wedge airfoils at mach numbers less than 154"
false_positive,vector,stopwords+stemming,184,283,1217,4,0.1664,,,"work on small-oscillation re-entry motions"
false_positive,bm25(k1=1.2,b=0.75),stopwords+stemming,184,283,1219,4,6.1163,,,"work on small-oscillation re-entry motions"
false_positive,vector,stopwords+stemming,185,284,391,4,0.4146,,,"experimental studies on panel flutter"
false_positive,vector,stopwords+stemming,187,288,1071,4,0.2402,,,"has anyone analytically or experimentally investigated the effects of internal pressure on the buckling of circular-cylindrical shells under bending"
false_positive,bm25(k1=1.2,b=0.75),stopwords+stemming,187,288,1171,4,20.2351,,,"has anyone analytically or experimentally investigated the effects of internal pressure on the buckling of circular-cylindrical shells under bending"
false_positive,vector,stopwords+stemming,188,291,720,4,0.1968,,,"what theoretical and experimental work has been done on the excitation and response of typical structures in a noise environment"
false_positive,bm25(k1=1.2,b=0.75),stopwords+stemming,188,291,720,4,21.4009,,,"what theoretical and experimental work has been done on the excitation and response of typical structures in a noise environment"
false_positive,vector,stopwords+stemming,189,292,768,4,0.1335,,,"is there a design method for calculating thermal fatigue endurances of components of various types and sizes in a variety of circumstances"
false_positive,bm25(k1=1.2,b=0.75),stopwords+stemming,190,293,856,4,21.0311,,,"will an analysis of panel flutter based on arbitrarily assumed modes of deformation prove satisfactory and if so what is the minimum number of modes that need be considered"
false_positive,bm25(k1=1.2,b=0.75),stopwords+stemming,191,294,541,4,14.5824,,,"what is the criterion for true panel flutter as opposed to small amplitude vibration arising from acoustic disturbances"
false_positive,vector,stopwords+stemming,192,295,925,4,0.2021,,,"papers dealing with uniformly loaded sectors"
false_positive,bm25(k1=1.2,b=0.75),stopwords+stemming,192,295,925,4,11.7291,,,"papers dealing with uniformly loaded sectors"
false_positive,vector,stopwords+stemming,193,296,641,4,0.2795,,,"general methods of solving clamped plate problems"
false_positive,vector,stopwords+stemming,194,297,1178,4,0.2426,,,"how can the analytical solution of the buckling strength of a uniform circular cylinder loaded in axial compression be refined so as to lower the buckling load"
false_positive,bm25(k1=1.2,b=0.75),stopwords+stemming,194,297,1178,4,30.6904,,,"how can the analytical solution of the buckling strength of a uniform circular cylinder loaded in axial compression be refined so as to lower the buckling load"
false_positive,vector,stopwords+stemming,195,298,1055,4,0.2415,,,"in the problem of the buckling strength of uniform circular cylinders loaded in axial compression does the linear solution help with improving the non-linear one"
false_positive,bm25(k1=1.2,b=0.75),stopwords+stemming,195,298,744,4,24.0459,,,"in the problem of the buckling strength of uniform circular cylinders loaded in axial compression does the linear solution help with improving the non-linear one"
false_positive,bm25(k1=1.2,b=0.75),stopwords+stemming,196,299,1361,4,11.7451,,,"the problem of similarity for representative investigation of aeroelastic effects in a flow with the absence of heating effects"
false_positive,vector,stopwords+stemming,197,300,726,4,0.2875,,,"how is fatigue damage estimated using the normal long-hand method"
false_positive,bm25(k1=1.2,b=0.75),stopwords+stemming,197,300,768,4,14.2658,,,"how is fatigue damage estimated using the normal long-hand method"
false_positive,vector,stopwords+stemming,198,301,897,4,0.2256,,,"is there any information available on the difference in the effects of various edge conditions on the buckling of cylindrical shells"
false_positive,bm25(k1=1.2,b=0.75),stopwords+stemming,198,301,1068,4,16.7593,,,"is there any information available on the difference in the effects of various edge conditions on the buckling of cylindrical shells"
false_positive,vector,stopwords+stemming,199,303,739,4,0.2044,,,"have non-linear large deflection analyses been conducted for shell shapes other than conical"
false_positive,bm25(k1=1.2,b=0.75),stopwords+stemming,199,303,1070,4,15.1420,,,"have non-linear large deflection analyses been conducted for shell shapes other than conical"
false_positive,vector,stopwords+stemming,200,304,128,4,0.1318,,,"are asymptotic methods sufficiently accurate in the determination of pre-buckling stresses in torispherical shells or must we resort to numerical methods"
false_positive,vector,stopwords+stemming,201,306,1297,4,0.1326,,,"what are the nonequilibrium chemical constituents in the viscous shock layer ahead of a blunt re-entry vehicle"
false_positive,vector,stopwords+stemming,202,314,19,4,0.1544,,,"how accurate are existing analytical theories in estimating pressure distributions on cones at incidence at hypersonic speeds"
false_positive,vector,stopwords+stemming,203,315,1308,4,0.1797,,,"are simple empirical methods of any use for estimating pressure distribution in cones"
false_positive,bm25(k1=1.2,b=0.75),stopwords+stemming,203,315,38,4,10.9165,,,"are simple empirical methods of any use for estimating pressure distribution in cones"
false_positive,vector,stopwords+stemming,204,316,786,4,0.1204,,,"do viscous effects seriously modify pressure distributions"
false_positive,bm25(k1=1.2,b=0.75),stopwords+stemming,204,316,573,4,8.8659,,,"do viscous effects seriously modify pressure distributions"
false_positive,vector,stopwords+stemming,205,317,1197,4,0.1680,,,"has anyone investigated theoretically whether surface flexibility can stabilize a laminar boundary layer"
false_positive,bm25(k1=1.2,b=0.75),stopwords+stemming,205,317,78,4,16.0183,,,"has anyone investigated theoretically whether surface flexibility can stabilize a laminar boundary layer"
false_positive,vector,stopwords+stemming,206,321,880,4,0.1641,,,"how do subsonic and transonic flutter data measured in the new langley transonic dynamics tunnel compare with similar data obtained in other facilities"
false_positive,bm25(k1=1.2,b=0.75),stopwords+stemming,206,321,252,4,20.0795,,,"how do subsonic and transonic flutter data measured in the new langley transonic dynamics tunnel compare with similar data obtained in other facilities"
false_positive,vector,stopwords+stemming,207,323,315,4,0.1274,,,"how do large changes in new mass ratio quantitatively affect wing-flutter boundaries"
false_positive,bm25(k1=1.2,b=0.75),stopwords+stemming,207,323,679,4,10.3866,,,"how do large changes in new mass ratio quantitatively affect wing-flutter boundaries"
false_positive,vector,stopwords+stemming,208,327,566,4,0.1515,,,"what is the effect of the shape of the drag polar of a lifting spacecraft on the amount of reduction in maximum deceleration obtainable by continuously varying the aerodynamic coefficients during re-entry"
false_positive,bm25(k1=1.2,b=0.75),stopwords+stemming,208,327,1352,4,20.2705,,,"what is the effect of the shape of the drag polar of a lifting spacecraft on the amount of reduction in maximum deceleration obtainable by continuously varying the aerodynamic coefficients during re-entry"
false_positive,bm25(k1=1.2,b=0.75),stopwords+stemming,209,331,1268,4,14.5103,,,"what are the physical significance and characteristics of separated laminar and turbulent boundary layer flows"
false_positive,vector,stopwords+stemming,210,332,1126,4,0.2563,,,"has anyone analytically investigated the stabilizing influence of soft elastic cores on the buckling strength of cylindrical shells subjected to non-uniform external pressure"
false_positive,bm25(k1=1.2,b=0.75),stopwords+stemming,210,332,1126,4,26.7359,,,"has anyone analytically investigated the stabilizing influence of soft elastic cores on the buckling strength of cylindrical shells subjected to non-uniform external pressure"
false_positive,vector,stopwords+stemming,211,333,887,4,0.2027,,,"what papers are available on the buckling of empty cylindrical shells under non-uniform pressure"
false_positive,bm25(k1=1.2,b=0.75),stopwords+stemming,211,333,1051,4,18.5444,,,"what papers are available on the buckling of empty cylindrical shells under non-uniform pressure"
false_positive,bm25(k1=1.2,b=0.75),stopwords+stemming,212,335,838,4,19.5271,,,"what effect do thermal stresses have on the compressive buckling strength of ring-stiffened cylinders"
false_positive,vector,stopwords+stemming,214,338,831,4,0.2122,,,"can non-linear shallow shell analysis be reduced to an engineering technique by use of the matrix"
false_positive,bm25(k1=1.2,b=0.75),stopwords+stemming,214,338,930,4,15.9570,,,"can non-linear shallow shell analysis be reduced to an engineering technique by use of the matrix"
false_positive,vector,stopwords+stemming,215,339,1205,4,0.1871,,,"is it possible to predict the shape of a shroud which will allow simulation of the nose region flow field for a sphere in hypersonic flow"
false_positive,bm25(k1=1.2,b=0.75),stopwords+stemming,215,339,25,4,17.9361,,,"is it possible to predict the shape of a shroud which will allow simulation of the nose region flow field for a sphere in hypersonic flow"
false_positive,vector,stopwords+stemming,216,340,175,4,0.1691,,,"what investigations have been made of the wave system created by a static pressure distribution over a liquid surface"
false_positive,bm25(k1=1.2,b=0.75),stopwords+stemming,216,340,1319,4,15.2295,,,"what investigations have been made of the wave system created by a static pressure distribution over a liquid surface"
false_positive,vector,stopwords+stemming,217,347,324,4,0.2210,,,"has anyone investigated the effect of shock generated vorticity on heat transfer to a blunt body"
false_positive,vector,stopwords+stemming,218,348,655,4,0.1698,,,"what is the heat transfer to a blunt body in the absence of vorticity"
false_positive,bm25(k1=1.2,b=0.75),stopwords+stemming,218,348,154,4,11.6285,,,"what is the heat transfer to a blunt body in the absence of vorticity"
false_positive,vector,stopwords+stemming,219,349,1222,4,0.1404,,,"what are the general effects on flow fields when the reynolds number is small"
false_positive,bm25(k1=1.2,b=0.75),stopwords+stemming,219,349,1221,4,12.2135,,,"what are the general effects on flow fields when the reynolds number is small"
false_positive,vector,stopwords+stemming,220,352,1192,4,0.1821,,,"find a calculation procedure applicable to all incompressible laminar boundary layer flow problems having good accuracy and reasonable computation time"
false_positive,bm25(k1=1.2,b=0.75),stopwords+stemming,220,352,1375,4,18.6795,,,"find a calculation procedure applicable to all incompressible laminar boundary layer flow problems having good accuracy and reasonable computation time"
false_positive,vector,stopwords+stemming,221,353,435,4,0.1855,,,"papers applicable to this problem calculation procedures for laminar incompressible flow with arbitrary pressure gradient"
false_positive,bm25(k1=1.2,b=0.75),stopwords+stemming,221,353,1182,4,14.1388,,,"papers applicable to this problem calculation procedures for laminar incompressible flow with arbitrary pressure gradient"
false_positive,vector,stopwords+stemming,222,355,1130,4,0.3890,,,"has anyone investigated the shear buckling of stiffened plates"
false_positive,vector,stopwords+stemming,224,360,1314,4,0.1476,,,"in practice how close to reality are the assumptions that the flow in a hypersonic shock tube using nitrogen is non-viscous and in thermodynamic equilibrium"
false_positive,bm25(k1=1.2,b=0.75),stopwords+stemming,224,360,317,4,17.2573,,,"in practice how close to reality are the assumptions that the flow in a hypersonic shock tube using nitrogen is non-viscous and in thermodynamic equilibrium"
false_positive,vector,stopwords+stemming,225,365,1344,4,0.1603,,,"what design factors can be used to control lift-drag ratios at mach numbers above 5"
false_positive,vector,stopwords+stemming,1,1,944,5,0.1523,,,"what similarity laws must be obeyed when constructing aeroelastic models of heated high speed aircraft"
false_positive,vector,stopwords+stemming,2,2,884,5,0.1476,,,"what are the structural and aeroelastic problems associated with flight of high speed aircraft"
false_positive,bm25(k1=1.2,b=0.75),stopwords+stemming,2,2,1089,5,13.5372,,,"what are the structural and aeroelastic problems associated with flight of high speed aircraft"
false_positive,bm25(k1=1.2,b=0.75),stopwords+stemming,3,4,1072,5,16.7334,,,"what problems of heat conduction in composite slabs have been solved so far"
false_positive,vector,stopwords+stemming,4,8,167,5,0.1830,,,"can a criterion be developed to show empirically the validity of flow solutions for chemically reacting gas mixtures based on the simplifying assumption of instantaneous local chemical equilibrium"
false_positive,bm25(k1=1.2,b=0.75),stopwords+stemming,4,8,1189,5,24.5364,,,"can a criterion be developed to show empirically the validity of flow solutions for chemically reacting gas mixtures based on the simplifying assumption of instantaneous local chemical equilibrium"
false_positive,vector,stopwords+stemming,6,10,472,5,0.1241,,,"what theoretical and experimental guides do we have as to turbulent couette flow behaviour"
false_positive,bm25(k1=1.2,b=0.75),stopwords+stemming,6,10,251,5,10.7238,,,"what theoretical and experimental guides do we have as to turbulent couette flow behaviour"
false_positive,vector,stopwords+stemming,7,12,124,5,0.2430,,,"is it possible to relate the available pressure distributions for an ogive forebody at zero angle of attack to the lower surface pressures of an equivalent ogive forebody at angle of attack"
false_positive,bm25(k1=1.2,b=0.75),stopwords+stemming,7,12,232,5,30.1630,,,"is it possible to relate the available pressure distributions for an ogive forebody at zero angle of attack to the lower surface pressures of an equivalent ogive forebody at angle of attack"
false_positive,bm25(k1=1.2,b=0.75),stopwords+stemming,8,13,1231,5,16.6978,,,"what methods -dash exact or approximate -dash are presently available for predicting body pressures at angle of attack"
false_positive,bm25(k1=1.2,b=0.75),stopwords+stemming,9,15,102,5,12.5755,,,"papers on internal slip flow heat transfer studies"
false_positive,vector,stopwords+stemming,10,18,524,5,0.1748,,,"are real-gas transport properties for air available over a wide range of enthalpies and densities"
false_positive,bm25(k1=1.2,b=0.75),stopwords+stemming,10,18,1010,5,14.2904,,,"are real-gas transport properties for air available over a wide range of enthalpies and densities"
false_positive,vector,stopwords+stemming,11,22,273,5,0.1730,,,"is it possible to find an analytical similar solution of the strong blast wave problem in the newtonian approximation"
false_positive,bm25(k1=1.2,b=0.75),stopwords+stemming,11,22,1186,5,14.5058,,,"is it possible to find an analytical similar solution of the strong blast wave problem in the newtonian approximation"
false_positive,vector,stopwords+stemming,12,23,543,5,0.1606,,,"how can the aerodynamic performance of channel flow ground effect machines be calculated"
false_positive,bm25(k1=1.2,b=0.75),stopwords+stemming,12,23,1232,5,12.1608,,,"how can the aerodynamic performance of channel flow ground effect machines be calculated"
false_positive,vector,stopwords+stemming,13,26,520,5,0.1287,,,"what is the basic mechanism of the transonic aileron buzz"
false_positive,bm25(k1=1.2,b=0.75),stopwords+stemming,13,26,38,5,9.3872,,,"what is the basic mechanism of the transonic aileron buzz"
false_positive,vector,stopwords+stemming,14,27,291,5,0.2257,,,"papers on shock-sound wave interaction"
false_positive,bm25(k1=1.2,b=0.75),stopwords+stemming,14,27,335,5,7.6884,,,"papers on shock-sound wave interaction"
false_positive,bm25(k1=1.2,b=0.75),stopwords+stemming,15,29,1340,5,12.2634,,,"material properties of photoelastic materials"
false_positive,vector,stopwords+stemming,16,31,1328,5,0.1843,,,"can the transverse potential flow about a body of revolution be calculated efficiently by an electronic computer"
false_positive,bm25(k1=1.2,b=0.75),stopwords+stemming,16,31,1328,5,15.7914,,,"can the transverse potential flow about a body of revolution be calculated efficiently by an electronic computer"
false_positive,vector,stopwords+stemming,17,32,1301,5,0.2035,,,"can the three-dimensional problem of a transverse potential flow about a body of revolution be reduced to a two-dimensional problem"
false_positive,bm25(k1=1.2,b=0.75),stopwords+stemming,17,32,700,5,16.8713,,,"can the three-dimensional problem of a transverse potential flow about a body of revolution be reduced to a two-dimensional problem"
false_positive,vector,stopwords+stemming,18,33,56,5,0.2458,,,"are experimental pressure distributions on bodies of revolution at angle of attack available"
false_positive,bm25(k1=1.2,b=0.75),stopwords+stemming,18,33,56,5,15.5317,,,"are experimental pressure distributions on bodies of revolution at angle of attack available"
false_positive,vector,stopwords+stemming,19,34,554,5,0.1100,,,"does there exist a good basic treatment of the dynamics of re-entry combining consideration of realistic effects with relative simplicity of results"
false_positive,bm25(k1=1.2,b=0.75),stopwords+stemming,19,34,1052,5,11.0444,,,"does there exist a good basic treatment of the dynamics of re-entry combining consideration of realistic effects with relative simplicity of results"
false_positive,vector,stopwords+stemming,20,35,584,5,0.1499,,,"has anyone formally determined the influence of joule heating produced by the induced current in magnetohydrodynamic free convection flows under general conditions"
false_positive,vector,stopwords+stemming,21,39,628,5,0.1201,,,"why does the compressibility transformation fail to correlate the high speed data for helium and air"
false_positive,bm25(k1=1.2,b=0.75),stopwords+stemming,21,39,421,5,13.6222,,,"why does the compressibility transformation fail to correlate the high speed data for helium and air"
false_positive,vector,stopwords+stemming,22,40,120,5,0.1702,,,"did anyone else discover that the turbulent skin friction is not over sensitive to the nature of the variation of the viscosity with temperature"
false_positive,bm25(k1=1.2,b=0.75),stopwords+stemming,22,40,120,5,14.8277,,,"did anyone else discover that the turbulent skin friction is not over sensitive to the nature of the variation of the viscosity with temperature"
false_positive,vector,stopwords+stemming,23,41,251,5,0.1432,,,"what progress has been made in research on unsteady aerodynamics"
false_positive,bm25(k1=1.2,b=0.75),stopwords+stemming,23,41,251,5,11.3432,,,"what progress has been made in research on unsteady aerodynamics"
false_positive,bm25(k1=1.2,b=0.75),stopwords+stemming,24,49,12,5,11.1325,,,"what are the factors which influence the time required to invert large structural matrices"
false_positive,vector,stopwords+stemming,26,51,4,5,0.2157,,,"what is a single approximate formula for the displacement thickness of a laminar boundary layer in compressible flow on a flat plate"
false_positive,bm25(k1=1.2,b=0.75),stopwords+stemming,26,51,305,5,20.7809,,,"what is a single approximate formula for the displacement thickness of a laminar boundary layer in compressible flow on a flat plate"
false_positive,bm25(k1=1.2,b=0.75),stopwords+stemming,27,52,1176,5,16.2991,,,"how is the design of ring or part ring wings by linear theory affected by thickness"
false_positive,vector,stopwords+stemming,28,53,1051,5,0.1426,,,"what application has the linear theory design of curved wings"
false_positive,bm25(k1=1.2,b=0.75),stopwords+stemming,28,53,839,5,10.7008,,,"what application has the linear theory design of curved wings"
false_positive,vector,stopwords+stemming,29,54,420,5,0.2725,,,"what is the effect of cross sectional shape on the flow over simple delta wings with sharp leading edges"
false_positive,bm25(k1=1.2,b=0.75),stopwords+stemming,29,54,900,5,23.1919,,,"what is the effect of cross sectional shape on the flow over simple delta wings with sharp leading edges"
false_positive,vector,stopwords+stemming,30,55,45,5,0.1539,,,"papers on flow visualization on slender conical wings"
false_positive,bm25(k1=1.2,b=0.75),stopwords+stemming,30,55,633,5,9.7725,,,"papers on flow visualization on slender conical wings"
false_positive,vector,stopwords+stemming,31,56,228,5,0.1204,,,"what size of end plate can be safely used to simulate two-dimensional flow conditions over a bluff cylindrical body of finite aspect ratio"
false_positive,bm25(k1=1.2,b=0.75),stopwords+stemming,31,56,247,5,15.2180,,,"what size of end plate can be safely used to simulate two-dimensional flow conditions over a bluff cylindrical body of finite aspect ratio"
false_positive,vector,stopwords+stemming,32,57,242,5,0.1221,,,"to find an approximate correction for thickness in slender thin-wing theory"
false_positive,bm25(k1=1.2,b=0.75),stopwords+stemming,32,57,1112,5,10.6800,,,"to find an approximate correction for thickness in slender thin-wing theory"
false_positive,vector,stopwords+stemming,33,58,598,5,0.1779,,,"how do interference-free longitudinal stability measurements made using free-flight models compare with similar measurements made in a low-blockage wind tunnel"
false_positive,bm25(k1=1.2,b=0.75),stopwords+stemming,33,58,598,5,21.2401,,,"how do interference-free longitudinal stability measurements made using free-flight models compare with similar measurements made in a low-blockage wind tunnel"
false_positive,bm25(k1=1.2,b=0.75),stopwords+stemming,34,59,1341,5,14.7054,,,"have wind tunnel interference effects been investigated on a systematic basis"
false_positive,vector,stopwords+stemming,35,61,488,5,0.1402,,,"are there any papers dealing with acoustic wave propagation in reacting gases"
false_positive,bm25(k1=1.2,b=0.75),stopwords+stemming,35,61,1244,5,10.7271,,,"are there any papers dealing with acoustic wave propagation in reacting gases"
false_positive,vector,stopwords+stemming,36,62,666,5,0.1435,,,"has anyone investigated relaxation effects on gaseous heat transfer to a suddenly heated wall"
false_positive,bm25(k1=1.2,b=0.75),stopwords+stemming,36,62,550,5,13.9074,,,"has anyone investigated relaxation effects on gaseous heat transfer to a suddenly heated wall"
false_positive,bm25(k1=1.2,b=0.75),stopwords+stemming,37,66,126,5,8.7177,,,"are there any theoretical methods for predicting base pressure"
false_positive,vector,stopwords+stemming,38,67,186,5,0.1445,,,"does transition in the hypersonic wake depend on body geometry and size"
false_positive,bm25(k1=1.2,b=0.75),stopwords+stemming,38,67,1264,5,11.1601,,,"does transition in the hypersonic wake depend on body geometry and size"
false_positive,vector,stopwords+stemming,39,68,113,5,0.1408,,,"how can one detect transition phenomena in boundary layers"
false_positive,vector,stopwords+stemming,40,69,207,5,0.1423,,,"how can one detect transition phenomena in hypersonic wakes"
false_positive,bm25(k1=1.2,b=0.75),stopwords+stemming,40,69,1391,5,10.8791,,,"how can one detect transition phenomena in hypersonic wakes"
false_positive,vector,stopwords+stemming,41,71,1141,5,0.2328,,,"has anyone investigated and developed a simple model for the vortex wake behind a cruciform wing"
false_positive,bm25(k1=1.2,b=0.75),stopwords+stemming,41,71,927,5,16.5393,,,"has anyone investigated and developed a simple model for the vortex wake behind a cruciform wing"
false_positive,vector,stopwords+stemming,43,74,496,5,0.1809,,,"can the transonic flow around an arbitrary smooth thin airfoil be analysed in a simple approximate way"
false_positive,bm25(k1=1.2,b=0.75),stopwords+stemming,43,74,903,5,16.0654,,,"can the transonic flow around an arbitrary smooth thin airfoil be analysed in a simple approximate way"
false_positive,vector,stopwords+stemming,44,79,236,5,0.1053,,,"what are the details of the rigorous kinetic theory of gases chapman-enskog theory"
false_positive,bm25(k1=1.2,b=0.75),stopwords+stemming,44,79,1072,5,10.0973,,,"what are the details of the rigorous kinetic theory of gases chapman-enskog theory"
false_positive,bm25(k1=1.2,b=0.75),stopwords+stemming,45,80,1200,5,13.9053,,,"has anyone investigated the effect of surface mass transfer on hypersonic viscous interactions"
false_positive,vector,stopwords+stemming,48,83,26,5,0.1566,,,"what controls leading-edge attachment at transonic speeds"
false_positive,bm25(k1=1.2,b=0.75),stopwords+stemming,48,83,638,5,10.5691,,,"what controls leading-edge attachment at transonic speeds"
false_positive,vector,stopwords+stemming,49,84,349,5,0.2334,,,"can the three-point boundary-value problem for the blasius equation be integrated numerically using suitable transformations without iteration on the boundary conditions"
false_positive,vector,stopwords+stemming,50,85,1191,5,0.1459,,,"what are the effects of small amounts of gas rarefaction on the characteristics of the boundary layers on slender bodies of revolution"
false_positive,bm25(k1=1.2,b=0.75),stopwords+stemming,50,85,273,5,14.4678,,,"what are the effects of small amounts of gas rarefaction on the characteristics of the boundary layers on slender bodies of revolution"
false_positive,vector,stopwords+stemming,51,86,36,5,0.1385,,,"what is the available information pertaining to boundary layers on very slender bodies of revolution in continuum flow the transverse curvature effect"
false_positive,vector,stopwords+stemming,52,87,1215,5,0.1615,,,"what is the available information pertaining to the effect of slight rarefaction on boundary layer flows the slip effect"
false_positive,bm25(k1=1.2,b=0.75),stopwords+stemming,52,87,629,5,14.1127,,,"what is the available information pertaining to the effect of slight rarefaction on boundary layer flows the slip effect"
false_positive,vector,stopwords+stemming,53,93,61,5,0.2198,,,"what investigations have been made of the flow field about a body moving through a rarefied partially ionized gas in the presence of a magnetic field"
false_positive,bm25(k1=1.2,b=0.75),stopwords+stemming,53,93,531,5,22.8117,,,"what investigations have been made of the flow field about a body moving through a rarefied partially ionized gas in the presence of a magnetic field"
false_positive,vector,stopwords+stemming,54,94,525,5,0.2362,,,"how is the heat transfer downstream of the mass transfer region effected by mass transfer at the nose of a blunted cone"
false_positive,bm25(k1=1.2,b=0.75),stopwords+stemming,54,94,623,5,24.0595,,,"how is the heat transfer downstream of the mass transfer region effected by mass transfer at the nose of a blunted cone"
false_positive,vector,stopwords+stemming,55,95,36,5,0.1565,,,"to what extent can the available information for incompressible boundary layers be applied to problems involving compressible boundary layers"
false_positive,bm25(k1=1.2,b=0.75),stopwords+stemming,55,95,1185,5,18.8599,,,"to what extent can the available information for incompressible boundary layers be applied to problems involving compressible boundary layers"
false_positive,bm25(k1=1.2,b=0.75),stopwords+stemming,56,97,441,5,16.5716,,,"to what extent can readily available steady-state aerodynamic data be utilized to predict lifting-surface flutter characteristics"
false_positive,vector,stopwords+stemming,57,98,878,5,0.1211,,,"what are the significant steady and non-steady flow characteristics which affect the flutter mechanism"
false_positive,bm25(k1=1.2,b=0.75),stopwords+stemming,57,98,1099,5,11.1506,,,"what are the significant steady and non-steady flow characteristics which affect the flutter mechanism"
false_positive,vector,stopwords+stemming,58,99,270,5,0.2057,,,"is it possible to determine rates of forced convective heat transfer from heated cylinders of non-circular cross-section the fluid flow being along the generators"
false_positive,bm25(k1=1.2,b=0.75),stopwords+stemming,58,99,1159,5,21.2937,,,"is it possible to determine rates of forced convective heat transfer from heated cylinders of non-circular cross-section the fluid flow being along the generators"
false_positive,vector,stopwords+stemming,59,100,754,5,0.1528,,,"how much is known about boundary layer flows along non-circular cylinders"
false_positive,bm25(k1=1.2,b=0.75),stopwords+stemming,59,100,754,5,11.9310,,,"how much is known about boundary layer flows along non-circular cylinders"
false_positive,vector,stopwords+stemming,61,102,435,5,0.1983,,,"does there exist a closed-form expression for the local heat transfer around a yawed cylinder"
false_positive,bm25(k1=1.2,b=0.75),stopwords+stemming,61,102,333,5,15.1220,,,"does there exist a closed-form expression for the local heat transfer around a yawed cylinder"
false_positive,vector,stopwords+stemming,62,103,533,5,0.1567,,,"how far around a cylinder and under what conditions of flow if any is the velocity just outside of the boundary layer a linear function of the distance around the cylinder"
false_positive,bm25(k1=1.2,b=0.75),stopwords+stemming,62,103,785,5,23.0403,,,"how far around a cylinder and under what conditions of flow if any is the velocity just outside of the boundary layer a linear function of the distance around the cylinder"
false_positive,vector,stopwords+stemming,63,104,91,5,0.1582,,,"where can i find pressure data on surfaces of swept cylinders"
false_positive,bm25(k1=1.2,b=0.75),stopwords+stemming,63,104,158,5,10.7815,,,"where can i find pressure data on surfaces of swept cylinders"
false_positive,vector,stopwords+stemming,64,105,719,5,0.1427,,,"cant the static deflection shapes be used in predicting flutter in place of vibrational shapes if so can we provide a justification by means of an example"
false_positive,bm25(k1=1.2,b=0.75),stopwords+stemming,64,105,730,5,18.9904,,,"cant the static deflection shapes be used in predicting flutter in place of vibrational shapes if so can we provide a justification by means of an example"
false_positive,bm25(k1=1.2,b=0.75),stopwords+stemming,65,106,1106,5,16.6429,,,"does the boundary layer on a flat plate in a shear flow induce a pressure gradient"
false_positive,vector,stopwords+stemming,66,107,305,5,0.1954,,,"can the procedure of matching inner and outer solutions for a viscous flow problem be applied when the main stream is a shear flow"
false_positive,bm25(k1=1.2,b=0.75),stopwords+stemming,66,107,1251,5,17.9808,,,"can the procedure of matching inner and outer solutions for a viscous flow problem be applied when the main stream is a shear flow"
false_positive,bm25(k1=1.2,b=0.75),stopwords+stemming,68,109,364,5,14.2542,,,"what possible techniques are available for computing the injection distribution corresponding to an isothermal transpiration cooled hemisphere"
false_positive,vector,stopwords+stemming,69,110,1138,5,0.1376,,,"what is known regarding asymptotic solutions to the exact boundary layer equations"
false_positive,bm25(k1=1.2,b=0.75),stopwords+stemming,69,110,117,5,12.0893,,,"what is known regarding asymptotic solutions to the exact boundary layer equations"
false_positive,vector,stopwords+stemming,70,111,327,5,0.1959,,,"previous solutions to the boundary layer similarity equations"
false_positive,bm25(k1=1.2,b=0.75),stopwords+stemming,70,111,1149,5,10.5902,,,"previous solutions to the boundary layer similarity equations"
false_positive,vector,stopwords+stemming,71,112,1253,5,0.2504,,,"experimental results on hypersonic viscous interaction"
false_positive,bm25(k1=1.2,b=0.75),stopwords+stemming,71,112,570,5,10.6648,,,"experimental results on hypersonic viscous interaction"
false_positive,vector,stopwords+stemming,72,113,117,5,0.1496,,,"what has been done about viscous interactions in relatively low reynolds number flows particularly at high mach numbers"
false_positive,bm25(k1=1.2,b=0.75),stopwords+stemming,72,113,134,5,16.2409,,,"what has been done about viscous interactions in relatively low reynolds number flows particularly at high mach numbers"
false_positive,vector,stopwords+stemming,73,114,1072,5,0.1497,,,"what role does the effect of chemical reaction particularly when out of equilibrium play in the similitude laws governing hypersonic flows over slender aerodynamic bodies"
false_positive,bm25(k1=1.2,b=0.75),stopwords+stemming,73,114,1296,5,22.2269,,,"what role does the effect of chemical reaction particularly when out of equilibrium play in the similitude laws governing hypersonic flows over slender aerodynamic bodies"
false_positive,vector,stopwords+stemming,74,116,1153,5,0.1956,,,"how significant is the possible pressure of a dissociated free stream with respect to the realization of hypersonic simulation in high enthalpy wind tunnels"
false_positive,bm25(k1=1.2,b=0.75),stopwords+stemming,74,116,68,5,17.8128,,,"how significant is the possible pressure of a dissociated free stream with respect to the realization of hypersonic simulation in high enthalpy wind tunnels"
false_positive,vector,stopwords+stemming,75,118,50,5,0.1210,,,"do the discrepancies among current analyses of the vorticity effect on stagnation-point heat transfer result primarily from the differences in the viscosity-temperature law assumed"
false_positive,bm25(k1=1.2,b=0.75),stopwords+stemming,75,118,951,5,14.0072,,,"do the discrepancies among current analyses of the vorticity effect on stagnation-point heat transfer result primarily from the differences in the viscosity-temperature law assumed"
false_positive,vector,stopwords+stemming,76,119,803,5,0.1408,,,"how far can one trust the linear viscosity-temperature solution assumed in some of the analyses of hypersonic shock layer at low reynolds number"
false_positive,vector,stopwords+stemming,77,120,170,5,0.1751,,,"how close is the comparison of the shock layer theory with existing experiments in the low reynolds number merged-layer regime"
false_positive,bm25(k1=1.2,b=0.75),stopwords+stemming,77,120,170,5,17.1380,,,"how close is the comparison of the shock layer theory with existing experiments in the low reynolds number merged-layer regime"
false_positive,vector,stopwords+stemming,78,121,578,5,0.1645,,,"has anyone explained the kink in the surge line of a multi-stage axial compressor"
false_positive,bm25(k1=1.2,b=0.75),stopwords+stemming,78,121,591,5,12.8015,,,"has anyone explained the kink in the surge line of a multi-stage axial compressor"
false_positive,vector,stopwords+stemming,79,122,56,5,0.1779,,,"have any aerodynamic derivatives been measured at hypersonic mach numbers and comparison been made with theoretical work"
false_positive,bm25(k1=1.2,b=0.75),stopwords+stemming,79,122,567,5,17.8433,,,"have any aerodynamic derivatives been measured at hypersonic mach numbers and comparison been made with theoretical work"
false_positive,vector,stopwords+stemming,80,123,602,5,0.1293,,,"are methods of measuring aerodynamic derivatives available which could be adopted for use in short running time facilities"
false_positive,bm25(k1=1.2,b=0.75),stopwords+stemming,80,123,1019,5,13.6424,,,"are methods of measuring aerodynamic derivatives available which could be adopted for use in short running time facilities"
false_positive,vector,stopwords+stemming,81,126,203,5,0.1704,,,"what are wind-tunnel corrections for a two-dimensional aerofoil mounted off-centre in a tunnel"
false_positive,bm25(k1=1.2,b=0.75),stopwords+stemming,81,126,631,5,11.5918,,,"what are wind-tunnel corrections for a two-dimensional aerofoil mounted off-centre in a tunnel"
false_positive,vector,stopwords+stemming,82,128,287,5,0.1444,,,"how do kuchemanns and multhopps methods for calculating lift distributions on swept wings in subsonic flow compare with each other and with experiment"
false_positive,vector,stopwords+stemming,83,130,1275,5,0.0840,,,"what is the present state of the theory of quasi-conical flows"
false_positive,bm25(k1=1.2,b=0.75),stopwords+stemming,83,130,1072,5,7.1483,,,"what is the present state of the theory of quasi-conical flows"
false_positive,vector,stopwords+stemming,84,131,19,5,0.1944,,,"references on the methods available for accurately estimating aerodynamic heat transfer to conical bodies for both laminar and turbulent flow"
false_positive,vector,stopwords+stemming,85,132,294,5,0.1564,,,"what parameters can seriously influence natural transition from laminar to turbulent flow on a model in a wind tunnel"
false_positive,bm25(k1=1.2,b=0.75),stopwords+stemming,85,132,315,5,16.6256,,,"what parameters can seriously influence natural transition from laminar to turbulent flow on a model in a wind tunnel"
false_positive,vector,stopwords+stemming,86,133,716,5,0.1545,,,"can a satisfactory experimental technique be developed for measuring oscillatory derivatives on slender sting-mounted models in supersonic wind tunnels"
false_positive,bm25(k1=1.2,b=0.75),stopwords+stemming,86,133,280,5,17.9416,,,"can a satisfactory experimental technique be developed for measuring oscillatory derivatives on slender sting-mounted models in supersonic wind tunnels"
false_positive,vector,stopwords+stemming,87,135,1248,5,0.1464,,,"what effect has the boundary layer in modifying the basic inviscid flow behind the shock neglecting effects of leading edge and corner"
false_positive,bm25(k1=1.2,b=0.75),stopwords+stemming,87,135,334,5,17.6735,,,"what effect has the boundary layer in modifying the basic inviscid flow behind the shock neglecting effects of leading edge and corner"
false_positive,bm25(k1=1.2,b=0.75),stopwords+stemming,88,136,622,5,33.7896,,,"how does a satellite orbit contract under the action of air drag in an atmosphere in which the scale height varies with altitude"
false_positive,vector,stopwords+stemming,89,137,1290,5,0.1947,,,"how is the flow at transonic speeds about a delta wing different from that on a closely-related tapered sweptback wing"
false_positive,bm25(k1=1.2,b=0.75),stopwords+stemming,89,137,315,5,19.0171,,,"how is the flow at transonic speeds about a delta wing different from that on a closely-related tapered sweptback wing"
false_positive,bm25(k1=1.2,b=0.75),stopwords+stemming,90,138,293,5,9.0602,,,"recent data on shock-induced boundary-layer separation"
false_positive,vector,stopwords+stemming,91,139,924,5,0.1548,,,"what interference effects are likely at transonic speeds"
false_positive,bm25(k1=1.2,b=0.75),stopwords+stemming,91,139,1079,5,10.9629,,,"what interference effects are likely at transonic speeds"
false_positive,vector,stopwords+stemming,92,140,1331,5,0.1776,,,"given complete freedom in the design of an airplane what procedure would be used in order to minimize sonic boom intensity and is there a limit to the degree of minimizing that can be accomplished"
false_positive,vector,stopwords+stemming,93,141,68,5,0.1473,,,"can methane-air combustion product be used as a hypersonic test medium and predict within experimental accuracies the results obtained in air"
false_positive,bm25(k1=1.2,b=0.75),stopwords+stemming,93,141,1336,5,16.0239,,,"can methane-air combustion product be used as a hypersonic test medium and predict within experimental accuracies the results obtained in air"
false_positive,vector,stopwords+stemming,94,142,36,5,0.2246,,,"what is the theoretical heat transfer rate at the stagnation point of a blunt body"
false_positive,vector,stopwords+stemming,95,143,628,5,0.1628,,,"what is the theoretical heat transfer distribution around a hemisphere"
false_positive,bm25(k1=1.2,b=0.75),stopwords+stemming,95,143,36,5,11.9457,,,"what is the theoretical heat transfer distribution around a hemisphere"
false_positive,vector,stopwords+stemming,97,146,495,5,0.1722,,,"what information is available for dynamic response of airplanes to gusts or blasts in the subsonic regime"
false_positive,bm25(k1=1.2,b=0.75),stopwords+stemming,97,146,1270,5,13.7747,,,"what information is available for dynamic response of airplanes to gusts or blasts in the subsonic regime"
false_positive,vector,stopwords+stemming,98,147,631,5,0.1344,,,"will forward or apex located controls be effective at low subsonic speeds and how do they compare with conventional trailing-edge flaps"
false_positive,bm25(k1=1.2,b=0.75),stopwords+stemming,98,147,792,5,14.9963,,,"will forward or apex located controls be effective at low subsonic speeds and how do they compare with conventional trailing-edge flaps"
false_positive,vector,stopwords+stemming,99,148,944,5,0.1345,,,"given that an uncontrolled vehicle will tumble as it enters an atmosphere is it possible to predict when and how it will stop tumbling and its subsequent motion"
false_positive,bm25(k1=1.2,b=0.75),stopwords+stemming,99,148,716,5,20.6088,,,"given that an uncontrolled vehicle will tumble as it enters an atmosphere is it possible to predict when and how it will stop tumbling and its subsequent motion"
false_positive,vector,stopwords+stemming,100,149,1171,5,0.3146,,,"what are the effects of initial imperfections on the elastic buckling of cylindrical shells under axial compression"
false_positive,bm25(k1=1.2,b=0.75),stopwords+stemming,100,149,1126,5,26.7820,,,"what are the effects of initial imperfections on the elastic buckling of cylindrical shells under axial compression"
false_positive,vector,stopwords+stemming,101,150,760,5,0.2373,,,"why does the incremental theory and the deformation theory of plastic stress-strain relationship differ greatly when applied to stability problems"
false_positive,vector,stopwords+stemming,102,152,516,5,0.1160,,,"basic dynamic characteristics of structures continuous over many spans"
false_positive,bm25(k1=1.2,b=0.75),stopwords+stemming,102,152,650,5,9.4184,,,"basic dynamic characteristics of structures continuous over many spans"
false_positive,vector,stopwords+stemming,103,153,1214,5,0.2114,,,"is the information on the buckling of sandwich sphere available"
false_positive,bm25(k1=1.2,b=0.75),stopwords+stemming,103,153,956,5,10.7212,,,"is the information on the buckling of sandwich sphere available"
false_positive,vector,stopwords+stemming,104,154,644,5,0.1785,,,"can the load deformation characteristics of a beam be obtained with the material being inelastic and a non uniform temperature being present"
false_positive,bm25(k1=1.2,b=0.75),stopwords+stemming,104,154,819,5,16.5865,,,"can the load deformation characteristics of a beam be obtained with the material being inelastic and a non uniform temperature being present"
false_positive,vector,stopwords+stemming,105,155,953,5,0.1641,,,"what is the effect of an internal liquid column on the breathing vibrations of a cylindrical shell"
false_positive,bm25(k1=1.2,b=0.75),stopwords+stemming,105,155,953,5,15.3306,,,"what is the effect of an internal liquid column on the breathing vibrations of a cylindrical shell"
false_positive,vector,stopwords+stemming,106,156,728,5,0.1877,,,"experimental techniques in shell vibration"
false_positive,bm25(k1=1.2,b=0.75),stopwords+stemming,106,156,848,5,8.9779,,,"experimental techniques in shell vibration"
false_positive,vector,stopwords+stemming,107,157,29,5,0.1848,,,"in summarizing theoretical and experimental work on the behaviour of a typical aircraft structure in a noise environment is it possible to develop a design procedure"
false_positive,bm25(k1=1.2,b=0.75),stopwords+stemming,107,157,870,5,18.2853,,,"in summarizing theoretical and experimental work on the behaviour of a typical aircraft structure in a noise environment is it possible to develop a design procedure"
false_positive,vector,stopwords+stemming,108,158,884,5,0.2607,,,"what data is there on the fatigue of structures under acoustic loading"
false_positive,vector,stopwords+stemming,109,160,627,5,0.2571,,,"panels subjected to aerodynamic heating"
false_positive,bm25(k1=1.2,b=0.75),stopwords+stemming,109,160,711,5,10.8558,,,"panels subjected to aerodynamic heating"
false_positive,vector,stopwords+stemming,110,161,1023,5,0.2018,,,"can increasing the edge loading of a plate beyond the critical value for buckling change the buckling mode"
false_positive,bm25(k1=1.2,b=0.75),stopwords+stemming,110,161,1035,5,18.5138,,,"can increasing the edge loading of a plate beyond the critical value for buckling change the buckling mode"
false_positive,vector,stopwords+stemming,111,163,856,5,0.2515,,,"have the effects of an elastic edge restraint been considered in previous papers on panel flutter"
false_positive,vector,stopwords+stemming,112,164,955,5,0.2890,,,"has the solution of the clamped plate problem in the classical theory of bending been reduced to two successive membrane boundary value problems"
false_positive,bm25(k1=1.2,b=0.75),stopwords+stemming,112,164,736,5,20.7679,,,"has the solution of the clamped plate problem in the classical theory of bending been reduced to two successive membrane boundary value problems"
false_positive,vector,stopwords+stemming,113,165,790,5,0.1537,,,"what data exists on oscillatory aerodynamic forces on control surfaces at transonic mach numbers"
false_positive,bm25(k1=1.2,b=0.75),stopwords+stemming,113,165,52,5,12.9798,,,"what data exists on oscillatory aerodynamic forces on control surfaces at transonic mach numbers"
false_positive,bm25(k1=1.2,b=0.75),stopwords+stemming,114,167,1290,5,22.2966,,,"it is not likely that the airforces on a wing of general planform oscillating in transonic flow can be determined by purely analytical methods is it possible to determine the airforces on a single particular planform such as the rectangular one by such method"
false_positive,vector,stopwords+stemming,115,168,1013,5,0.0990,,,"is the problem of similarity for representative investigations of aeroelastic effects in heated flow as intractable as previous investigations imply"
false_positive,bm25(k1=1.2,b=0.75),stopwords+stemming,115,168,102,5,11.7905,,,"is the problem of similarity for representative investigations of aeroelastic effects in heated flow as intractable as previous investigations imply"
false_positive,vector,stopwords+stemming,116,169,1074,5,0.1406,,,"what is the magnitude and distribution of lift over the cone and the cylindrical portion of a cone-cylinder configuration"
false_positive,bm25(k1=1.2,b=0.75),stopwords+stemming,116,169,272,5,11.2740,,,"what is the magnitude and distribution of lift over the cone and the cylindrical portion of a cone-cylinder configuration"
false_positive,vector,stopwords+stemming,117,170,440,5,0.1452,,,"is there any information on how the addition of a boat-tail affects the normal force on the body of various angles of incidence"
false_positive,bm25(k1=1.2,b=0.75),stopwords+stemming,117,170,440,5,14.2159,,,"is there any information on how the addition of a boat-tail affects the normal force on the body of various angles of incidence"
false_positive,bm25(k1=1.2,b=0.75),stopwords+stemming,118,171,803,5,17.5595,,,"what are the aerodynamic interference effects on the fin lift and body lift of a fin-body combination"
false_positive,bm25(k1=1.2,b=0.75),stopwords+stemming,120,175,740,5,24.7295,,,"are previous analyses of circumferential thermal buckling of circular cylindrical shells unnecessarily involved or even inaccurate due to the assumed forms of buckling mode"
false_positive,vector,stopwords+stemming,121,176,31,5,0.2049,,,"what papers are there dealing with circumferential buckling either thermal buckling or due to mechanical loading"
false_positive,bm25(k1=1.2,b=0.75),stopwords+stemming,121,176,1017,5,19.3247,,,"what papers are there dealing with circumferential buckling either thermal buckling or due to mechanical loading"
false_positive,vector,stopwords+stemming,122,177,930,5,0.1615,,,"what analytical investigations have been made of the stability of conical shells how do the results compare with experiment"
false_positive,bm25(k1=1.2,b=0.75),stopwords+stemming,122,177,893,5,15.9333,,,"what analytical investigations have been made of the stability of conical shells how do the results compare with experiment"
false_positive,vector,stopwords+stemming,123,181,270,5,0.1615,,,"has any work been done on determining the nature of compressible viscous flow in a straight channel"
false_positive,bm25(k1=1.2,b=0.75),stopwords+stemming,123,181,742,5,14.1563,,,"has any work been done on determining the nature of compressible viscous flow in a straight channel"
false_positive,vector,stopwords+stemming,124,182,1068,5,0.1461,,,"in what areas other than low density wind tunnel flows is viscous compressible flow in slender channels a problem what analytical investigations have been made of the stability of conical shells how do the results compare with experiment"
false_positive,bm25(k1=1.2,b=0.75),stopwords+stemming,124,182,1072,5,21.6482,,,"in what areas other than low density wind tunnel flows is viscous compressible flow in slender channels a problem what analytical investigations have been made of the stability of conical shells how do the results compare with experiment"
false_positive,vector,stopwords+stemming,125,183,993,5,0.1621,,,"jet interference with supersonic flow -dash experimental papers"
false_positive,bm25(k1=1.2,b=0.75),stopwords+stemming,125,183,131,5,11.4080,,,"jet interference with supersonic flow -dash experimental papers"
false_positive,vector,stopwords+stemming,126,184,1095,5,0.2016,,,"thrust vector control by fluid injection -dash papers"
false_positive,bm25(k1=1.2,b=0.75),stopwords+stemming,126,184,773,5,14.4612,,,"thrust vector control by fluid injection -dash papers"
false_positive,bm25(k1=1.2,b=0.75),stopwords+stemming,127,187,582,5,16.7020,,,"is it possible to obtain a reasonably simple analytical solution to the heat equation for an exponential in time heat input"
false_positive,vector,stopwords+stemming,128,189,248,5,0.1898,,,"has anyone programmed a pump design method for a high-speed digital computer"
false_positive,bm25(k1=1.2,b=0.75),stopwords+stemming,128,189,1087,5,16.1502,,,"has anyone programmed a pump design method for a high-speed digital computer"
false_positive,vector,stopwords+stemming,129,190,36,5,0.1298,,,"has anyone derived simplified pump design equation from the fundamental three-dimensional equations for incompressible nonviscous flow"
false_positive,bm25(k1=1.2,b=0.75),stopwords+stemming,129,190,314,5,15.1423,,,"has anyone derived simplified pump design equation from the fundamental three-dimensional equations for incompressible nonviscous flow"
false_positive,vector,stopwords+stemming,130,196,251,5,0.2052,,,"what are the flutter characteristics of the exposed skin panels of the x-15 vertical stabilizer when subjected to aerodynamic heating"
false_positive,bm25(k1=1.2,b=0.75),stopwords+stemming,130,196,391,5,18.6094,,,"what are the flutter characteristics of the exposed skin panels of the x-15 vertical stabilizer when subjected to aerodynamic heating"
false_positive,vector,stopwords+stemming,131,200,952,5,0.3003,,,"what agreement is found between theoretically predicted instability times and experimentally measured collapse times for compressed columns in creep"
false_positive,bm25(k1=1.2,b=0.75),stopwords+stemming,131,200,1022,5,27.7518,,,"what agreement is found between theoretically predicted instability times and experimentally measured collapse times for compressed columns in creep"
false_positive,vector,stopwords+stemming,133,202,1013,5,0.3460,,,"experimental studies of creep buckling"
false_positive,bm25(k1=1.2,b=0.75),stopwords+stemming,133,202,1023,5,10.6984,,,"experimental studies of creep buckling"
false_positive,vector,stopwords+stemming,134,203,1015,5,0.2011,,,"is it possible to correlate the results on the creep buckling of widely different structures within the framework of a single theory"
false_positive,bm25(k1=1.2,b=0.75),stopwords+stemming,134,203,1015,5,15.6681,,,"is it possible to correlate the results on the creep buckling of widely different structures within the framework of a single theory"
false_positive,vector,stopwords+stemming,136,205,1014,5,0.2005,,,"what are the results for the creep buckling of round tubes under external pressure"
false_positive,bm25(k1=1.2,b=0.75),stopwords+stemming,136,205,1033,5,14.7358,,,"what are the results for the creep buckling of round tubes under external pressure"
false_positive,bm25(k1=1.2,b=0.75),stopwords+stemming,137,206,1052,5,28.9158,,,"have any analytical studies been conducted on the time-to-failure mechanism associated with creep collapse for a long circular cylindrical shell which exhibits both primary and secondary creep as well as elastic deformations under various distributed force systems"
false_positive,vector,stopwords+stemming,138,208,841,5,0.2773,,,"has the effect of initial stresses on the frequencies of vibration of circular cylindrical shells been investigated"
false_positive,vector,stopwords+stemming,139,209,826,5,0.2649,,,"has the effect of the change of initial pressure due to deformation on the frequencies of vibration of circular cylindrical shells been investigated"
false_positive,bm25(k1=1.2,b=0.75),stopwords+stemming,139,209,846,5,23.1224,,,"has the effect of the change of initial pressure due to deformation on the frequencies of vibration of circular cylindrical shells been investigated"
false_positive,vector,stopwords+stemming,140,210,922,5,0.1785,,,"what are the discontinuity stresses at junctions in pressurized structures"
false_positive,bm25(k1=1.2,b=0.75),stopwords+stemming,140,210,887,5,10.2530,,,"what are the discontinuity stresses at junctions in pressurized structures"
false_positive,vector,stopwords+stemming,141,211,828,5,0.1246,,,"what analytical solutions are available for stresses in edge-loaded shells of revolution"
false_positive,bm25(k1=1.2,b=0.75),stopwords+stemming,141,211,1068,5,11.6591,,,"what analytical solutions are available for stresses in edge-loaded shells of revolution"
false_positive,vector,stopwords+stemming,142,212,1135,5,0.1244,,,"what dome contours minimize discontinuity stresses when used as closures on cylindrical pressure vessels"
false_positive,bm25(k1=1.2,b=0.75),stopwords+stemming,142,212,887,5,14.3640,,,"what dome contours minimize discontinuity stresses when used as closures on cylindrical pressure vessels"
false_positive,vector,stopwords+stemming,143,213,953,5,0.1808,,,"what general solutions for the stresses in pressurized shells of revolution are available"
false_positive,bm25(k1=1.2,b=0.75),stopwords+stemming,143,213,828,5,12.7702,,,"what general solutions for the stresses in pressurized shells of revolution are available"
false_positive,bm25(k1=1.2,b=0.75),stopwords+stemming,144,214,1340,5,23.2361,,,"can studies of pure membrane cylinders having no wall bending stiffness but maintaining their shape by virtue of internal pressure provide any insight into the behaviour of pressurized cylinders with finite wall stiffness"
false_positive,bm25(k1=1.2,b=0.75),stopwords+stemming,145,215,641,5,16.6982,,,"what are the best experimental data and classical small deflection theory analyses available for pressurized cylinders in bending"
false_positive,vector,stopwords+stemming,146,216,641,5,0.2905,,,"does a membrane theory exist by which the behaviour of pressurized membrane cylinders in bending can be predicted"
false_positive,bm25(k1=1.2,b=0.75),stopwords+stemming,146,216,730,5,20.9178,,,"does a membrane theory exist by which the behaviour of pressurized membrane cylinders in bending can be predicted"
false_positive,vector,stopwords+stemming,147,217,1171,5,0.2046,,,"what are the equations which define the stability of simply supported corrugated core sandwich cylinders"
false_positive,vector,stopwords+stemming,148,218,761,5,0.3128,,,"papers on small deflection theory for buckling of sandwich cylinders"
false_positive,bm25(k1=1.2,b=0.75),stopwords+stemming,148,218,928,5,14.2594,,,"papers on small deflection theory for buckling of sandwich cylinders"
false_positive,vector,stopwords+stemming,149,219,898,5,0.1735,,,"has anyone developed an analysis which accurately establishes the large deflection behaviour of conical shells"
false_positive,bm25(k1=1.2,b=0.75),stopwords+stemming,149,219,1068,5,14.6815,,,"has anyone developed an analysis which accurately establishes the large deflection behaviour of conical shells"
false_positive,vector,stopwords+stemming,150,223,803,5,0.2207,,,"what is the magnitude of second-order wing-body interference at high supersonic mach number"
false_positive,bm25(k1=1.2,b=0.75),stopwords+stemming,150,223,1202,5,15.1388,,,"what is the magnitude of second-order wing-body interference at high supersonic mach number"
false_positive,vector,stopwords+stemming,151,224,1333,5,0.1037,,,"what is the best theoretical method for calculating pressure on the surface of a wing alone"
false_positive,bm25(k1=1.2,b=0.75),stopwords+stemming,151,224,101,5,10.2519,,,"what is the best theoretical method for calculating pressure on the surface of a wing alone"
false_positive,vector,stopwords+stemming,152,225,862,5,0.1470,,,"how can the effect of the boundary-layer on wing pressure be calculated and what is its magnitude"
false_positive,bm25(k1=1.2,b=0.75),stopwords+stemming,152,225,1079,5,12.0508,,,"how can the effect of the boundary-layer on wing pressure be calculated and what is its magnitude"
false_positive,vector,stopwords+stemming,154,227,1063,5,0.2011,,,"which iterative method for solving linear elliptic difference equations is most rapidly convergent"
false_positive,bm25(k1=1.2,b=0.75),stopwords+stemming,154,227,1054,5,16.3472,,,"which iterative method for solving linear elliptic difference equations is most rapidly convergent"
false_positive,vector,stopwords+stemming,155,230,1241,5,0.1644,,,"technical report on measurement of ablation during flight"
false_positive,bm25(k1=1.2,b=0.75),stopwords+stemming,155,230,806,5,10.7369,,,"technical report on measurement of ablation during flight"
false_positive,vector,stopwords+stemming,158,233,319,5,0.1165,,,"what are the available properties of high-temperature air"
false_positive,bm25(k1=1.2,b=0.75),stopwords+stemming,158,233,405,5,7.6805,,,"what are the available properties of high-temperature air"
false_positive,vector,stopwords+stemming,159,234,1259,5,0.1552,,,"what is the magnitude of aerodynamic damping in flexible vibration modes of a slender body of revolution characteristic of launch vehicles"
false_positive,bm25(k1=1.2,b=0.75),stopwords+stemming,159,234,1259,5,16.8665,,,"what is the magnitude of aerodynamic damping in flexible vibration modes of a slender body of revolution characteristic of launch vehicles"
false_positive,vector,stopwords+stemming,160,241,741,5,0.2650,,,"compressive circumferential stresses in a torispherical shell reveal the possibility of buckling under internal pressure has anyone investigated for which ranges of shell parameters these stresses are sufficiently large to cause elastic buckling"
false_positive,bm25(k1=1.2,b=0.75),stopwords+stemming,160,241,763,5,35.3185,,,"compressive circumferential stresses in a torispherical shell reveal the possibility of buckling under internal pressure has anyone investigated for which ranges of shell parameters these stresses are sufficiently large to cause elastic buckling"
false_positive,vector,stopwords+stemming,161,245,1192,5,0.2251,,,"is there an integral method to give a single and sufficiently accurate method of calculating the laminar separate point for various incompressible and compressible boundary layers with zero heat transfer"
false_positive,bm25(k1=1.2,b=0.75),stopwords+stemming,161,245,145,5,25.0110,,,"is there an integral method to give a single and sufficiently accurate method of calculating the laminar separate point for various incompressible and compressible boundary layers with zero heat transfer"
false_positive,vector,stopwords+stemming,162,246,1386,5,0.2060,,,"what accurate or exact solutions of the laminar separation point for various incompressible and compressible boundary layers with zero heat transfer are available"
false_positive,bm25(k1=1.2,b=0.75),stopwords+stemming,162,246,240,5,21.9916,,,"what accurate or exact solutions of the laminar separation point for various incompressible and compressible boundary layers with zero heat transfer are available"
false_positive,vector,stopwords+stemming,163,247,124,5,0.2394,,,"can the hypersonic similarity results be applied to the technique of predicting surface pressures of an ogive forebody at angle of attack"
false_positive,vector,stopwords+stemming,164,250,1187,5,0.1523,,,"what determines the onset of shock-induced boundary-layer separation"
false_positive,vector,stopwords+stemming,165,251,569,5,0.1445,,,"are the stable profiles of a compressible boundary layer induced by a moving wave known"
false_positive,bm25(k1=1.2,b=0.75),stopwords+stemming,165,251,569,5,13.1785,,,"are the stable profiles of a compressible boundary layer induced by a moving wave known"
false_positive,vector,stopwords+stemming,166,252,55,5,0.1811,,,"are there experimental results on the stability of a compressible boundary layer induced by a moving wave"
false_positive,bm25(k1=1.2,b=0.75),stopwords+stemming,166,252,1302,5,12.8067,,,"are there experimental results on the stability of a compressible boundary layer induced by a moving wave"
false_positive,vector,stopwords+stemming,167,253,1241,5,0.2433,,,"exact solution methods for calculating the ablative mass loss of a material ablating at high temperatures in a hypersonic flight environment"
false_positive,bm25(k1=1.2,b=0.75),stopwords+stemming,167,253,1100,5,22.6815,,,"exact solution methods for calculating the ablative mass loss of a material ablating at high temperatures in a hypersonic flight environment"
false_positive,bm25(k1=1.2,b=0.75),stopwords+stemming,168,254,157,5,21.2423,,,"what approximate solutions are known to the direct problem of transonic flow in the throat of a nozzle ie finding the flow in a given nozzle"
false_positive,vector,stopwords+stemming,169,255,217,5,0.2003,,,"what approximate solutions are known to the indirect problem of transonic flow in the throat of a nozzle ie finding a nozzle which has a given axial velocity distribution"
false_positive,bm25(k1=1.2,b=0.75),stopwords+stemming,169,255,965,5,23.2144,,,"what approximate solutions are known to the indirect problem of transonic flow in the throat of a nozzle ie finding a nozzle which has a given axial velocity distribution"
false_positive,vector,stopwords+stemming,170,257,905,5,0.1649,,,"why do users of orthodox pitot-static tubes often find that the calibrations appear to be - a significantly different from those formerly specified b wildly variable at low reynolds numbers"
false_positive,bm25(k1=1.2,b=0.75),stopwords+stemming,170,257,165,5,19.2399,,,"why do users of orthodox pitot-static tubes often find that the calibrations appear to be - a significantly different from those formerly specified b wildly variable at low reynolds numbers"
false_positive,bm25(k1=1.2,b=0.75),stopwords+stemming,171,259,904,5,22.6163,,,"has a comparison been made between interference-free drag measurements using free-flight models and similar measurements made in a low-blockage wind tunnel"
false_positive,vector,stopwords+stemming,173,264,29,5,0.1006,,,"references on lyapunovs method on the stability of linear differential equations with periodic coefficients"
false_positive,bm25(k1=1.2,b=0.75),stopwords+stemming,173,264,917,5,12.2055,,,"references on lyapunovs method on the stability of linear differential equations with periodic coefficients"
false_positive,vector,stopwords+stemming,174,265,1274,5,0.2421,,,"obtain all papers and reports that contain shock detachment distance data"
false_positive,bm25(k1=1.2,b=0.75),stopwords+stemming,174,265,523,5,15.0856,,,"obtain all papers and reports that contain shock detachment distance data"
false_positive,vector,stopwords+stemming,175,266,491,5,0.2125,,,"work on flow in channels at low reynolds numbers"
false_positive,bm25(k1=1.2,b=0.75),stopwords+stemming,175,266,1082,5,10.8696,,,"work on flow in channels at low reynolds numbers"
false_positive,vector,stopwords+stemming,176,267,30,5,0.1605,,,"some approximate analytical heat conduction solutions using methods other than biots principle"
false_positive,bm25(k1=1.2,b=0.75),stopwords+stemming,176,267,869,5,13.4065,,,"some approximate analytical heat conduction solutions using methods other than biots principle"
false_positive,bm25(k1=1.2,b=0.75),stopwords+stemming,177,268,138,5,18.9674,,,"what mode of stalling can be expected for each stage of an axial compressor"
false_positive,vector,stopwords+stemming,178,269,31,5,0.1958,,,"has a criterion been established for determining the axial compressor choking line"
false_positive,vector,stopwords+stemming,179,272,854,5,0.1305,,,"has a theory of quasi-conical flows been developed in supersonic linearised theory for which the upwash distribution on the lifting surface apart from being a homogeneous function in the co-ordinate is permitted to have a quite general functional form"
false_positive,bm25(k1=1.2,b=0.75),stopwords+stemming,179,272,1343,5,21.8849,,,"has a theory of quasi-conical flows been developed in supersonic linearised theory for which the upwash distribution on the lifting surface apart from being a homogeneous function in the co-ordinate is permitted to have a quite general functional form"
false_positive,vector,stopwords+stemming,181,274,1074,5,0.2350,,,"jet interference with supersonic flows theoretical papers"
false_positive,bm25(k1=1.2,b=0.75),stopwords+stemming,181,274,696,5,11.0032,,,"jet interference with supersonic flows theoretical papers"
false_positive,vector,stopwords+stemming,182,275,26,5,0.1257,,,"effects of leading-edge bluntness on the flutter characteristics of some square-planform double-wedge airfoils at mach numbers less than 154"
false_positive,bm25(k1=1.2,b=0.75),stopwords+stemming,182,275,593,5,17.1101,,,"effects of leading-edge bluntness on the flutter characteristics of some square-planform double-wedge airfoils at mach numbers less than 154"
false_positive,vector,stopwords+stemming,184,283,978,5,0.1641,,,"work on small-oscillation re-entry motions"
false_positive,bm25(k1=1.2,b=0.75),stopwords+stemming,184,283,82,5,6.0559,,,"work on small-oscillation re-entry motions"
false_positive,vector,stopwords+stemming,186,285,803,5,0.2319,,,"how can wing-body flow field interference effects be approximated rationally"
false_positive,bm25(k1=1.2,b=0.75),stopwords+stemming,186,285,610,5,13.0484,,,"how can wing-body flow field interference effects be approximated rationally"
false_positive,bm25(k1=1.2,b=0.75),stopwords+stemming,187,288,1071,5,20.0090,,,"has anyone analytically or experimentally investigated the effects of internal pressure on the buckling of circular-cylindrical shells under bending"
false_positive,vector,stopwords+stemming,188,291,640,5,0.1769,,,"what theoretical and experimental work has been done on the excitation and response of typical structures in a noise environment"
false_positive,bm25(k1=1.2,b=0.75),stopwords+stemming,188,291,908,5,21.0136,,,"what theoretical and experimental work has been done on the excitation and response of typical structures in a noise environment"
false_positive,vector,stopwords+stemming,189,292,883,5,0.1293,,,"is there a design method for calculating thermal fatigue endurances of components of various types and sizes in a variety of circumstances"
false_positive,bm25(k1=1.2,b=0.75),stopwords+stemming,189,292,1334,5,12.3280,,,"is there a design method for calculating thermal fatigue endurances of components of various types and sizes in a variety of circumstances"
false_positive,bm25(k1=1.2,b=0.75),stopwords+stemming,190,293,52,5,20.0601,,,"will an analysis of panel flutter based on arbitrarily assumed modes of deformation prove satisfactory and if so what is the minimum number of modes that need be considered"
false_positive,bm25(k1=1.2,b=0.75),stopwords+stemming,191,294,627,5,14.2540,,,"what is the criterion for true panel flutter as opposed to small amplitude vibration arising from acoustic disturbances"
false_positive,vector,stopwords+stemming,193,296,400,5,0.2655,,,"general methods of solving clamped plate problems"
false_positive,bm25(k1=1.2,b=0.75),stopwords+stemming,193,296,641,5,13.8877,,,"general methods of solving clamped plate problems"
false_positive,vector,stopwords+stemming,194,297,1045,5,0.2391,,,"how can the analytical solution of the buckling strength of a uniform circular cylinder loaded in axial compression be refined so as to lower the buckling load"
false_positive,bm25(k1=1.2,b=0.75),stopwords+stemming,194,297,888,5,29.5639,,,"how can the analytical solution of the buckling strength of a uniform circular cylinder loaded in axial compression be refined so as to lower the buckling load"
false_positive,vector,stopwords+stemming,195,298,888,5,0.2365,,,"in the problem of the buckling strength of uniform circular cylinders loaded in axial compression does the linear solution help with improving the non-linear one"
false_positive,bm25(k1=1.2,b=0.75),stopwords+stemming,195,298,1122,5,22.8540,,,"in the problem of the buckling strength of uniform circular cylinders loaded in axial compression does the linear solution help with improving the non-linear one"
false_positive,vector,stopwords+stemming,196,299,1281,5,0.1293,,,"the problem of similarity for representative investigation of aeroelastic effects in a flow with the absence of heating effects"
false_positive,vector,stopwords+stemming,197,300,768,5,0.2367,,,"how is fatigue damage estimated using the normal long-hand method"
false_positive,bm25(k1=1.2,b=0.75),stopwords+stemming,197,300,726,5,14.1992,,,"how is fatigue damage estimated using the normal long-hand method"
false_positive,vector,stopwords+stemming,198,301,1068,5,0.2186,,,"is there any information available on the difference in the effects of various edge conditions on the buckling of cylindrical shells"
false_positive,bm25(k1=1.2,b=0.75),stopwords+stemming,198,301,1126,5,16.1537,,,"is there any information available on the difference in the effects of various edge conditions on the buckling of cylindrical shells"
false_positive,vector,stopwords+stemming,199,303,1058,5,0.1935,,,"have non-linear large deflection analyses been conducted for shell shapes other than conical"
false_positive,bm25(k1=1.2,b=0.75),stopwords+stemming,199,303,1294,5,13.9889,,,"have non-linear large deflection analyses been conducted for shell shapes other than conical"
false_positive,vector,stopwords+stemming,200,304,1136,5,0.1170,,,"are asymptotic methods sufficiently accurate in the determination of pre-buckling stresses in torispherical shells or must we resort to numerical methods"
false_positive,bm25(k1=1.2,b=0.75),stopwords+stemming,200,304,1043,5,14.1988,,,"are asymptotic methods sufficiently accurate in the determination of pre-buckling stresses in torispherical shells or must we resort to numerical methods"
false_positive,vector,stopwords+stemming,201,306,410,5,0.1324,,,"what are the nonequilibrium chemical constituents in the viscous shock layer ahead of a blunt re-entry vehicle"
false_positive,vector,stopwords+stemming,202,314,411,5,0.1517,,,"how accurate are existing analytical theories in estimating pressure distributions on cones at incidence at hypersonic speeds"
false_positive,bm25(k1=1.2,b=0.75),stopwords+stemming,202,314,1231,5,14.1023,,,"how accurate are existing analytical theories in estimating pressure distributions on cones at incidence at hypersonic speeds"
false_positive,vector,stopwords+stemming,203,315,676,5,0.1582,,,"are simple empirical methods of any use for estimating pressure distribution in cones"
false_positive,bm25(k1=1.2,b=0.75),stopwords+stemming,203,315,1231,5,10.8361,,,"are simple empirical methods of any use for estimating pressure distribution in cones"
false_positive,vector,stopwords+stemming,204,316,716,5,0.1182,,,"do viscous effects seriously modify pressure distributions"
false_positive,bm25(k1=1.2,b=0.75),stopwords+stemming,204,316,208,5,8.8037,,,"do viscous effects seriously modify pressure distributions"
false_positive,vector,stopwords+stemming,205,317,55,5,0.1649,,,"has anyone investigated theoretically whether surface flexibility can stabilize a laminar boundary layer"
false_positive,bm25(k1=1.2,b=0.75),stopwords+stemming,206,321,1336,5,19.7075,,,"how do subsonic and transonic flutter data measured in the new langley transonic dynamics tunnel compare with similar data obtained in other facilities"
false_positive,vector,stopwords+stemming,207,323,819,5,0.1204,,,"how do large changes in new mass ratio quantitatively affect wing-flutter boundaries"
false_positive,bm25(k1=1.2,b=0.75),stopwords+stemming,207,323,189,5,9.7675,,,"how do large changes in new mass ratio quantitatively affect wing-flutter boundaries"
false_positive,vector,stopwords+stemming,209,331,358,5,0.1610,,,"what are the physical significance and characteristics of separated laminar and turbulent boundary layer flows"
false_positive,bm25(k1=1.2,b=0.75),stopwords+stemming,209,331,1364,5,14.3186,,,"what are the physical significance and characteristics of separated laminar and turbulent boundary layer flows"
false_positive,vector,stopwords+stemming,210,332,956,5,0.2086,,,"has anyone analytically investigated the stabilizing influence of soft elastic cores on the buckling strength of cylindrical shells subjected to non-uniform external pressure"
false_positive,bm25(k1=1.2,b=0.75),stopwords+stemming,210,332,743,5,24.7606,,,"has anyone analytically investigated the stabilizing influence of soft elastic cores on the buckling strength of cylindrical shells subjected to non-uniform external pressure"
false_positive,vector,stopwords+stemming,211,333,1171,5,0.2007,,,"what papers are available on the buckling of empty cylindrical shells under non-uniform pressure"
false_positive,bm25(k1=1.2,b=0.75),stopwords+stemming,211,333,739,5,17.3573,,,"what papers are available on the buckling of empty cylindrical shells under non-uniform pressure"
false_positive,vector,stopwords+stemming,212,335,838,5,0.3331,,,"what effect do thermal stresses have on the compressive buckling strength of ring-stiffened cylinders"
false_positive,vector,stopwords+stemming,213,336,1116,5,0.2629,,,"what is the effect on cylinder buckling of a circumferential stress system that varies in the axial direction"
false_positive,bm25(k1=1.2,b=0.75),stopwords+stemming,213,336,1146,5,20.2738,,,"what is the effect on cylinder buckling of a circumferential stress system that varies in the axial direction"
false_positive,vector,stopwords+stemming,214,338,930,5,0.1965,,,"can non-linear shallow shell analysis be reduced to an engineering technique by use of the matrix"
false_positive,bm25(k1=1.2,b=0.75),stopwords+stemming,214,338,739,5,15.2143,,,"can non-linear shallow shell analysis be reduced to an engineering technique by use of the matrix"
false_positive,vector,stopwords+stemming,215,339,68,5,0.1798,,,"is it possible to predict the shape of a shroud which will allow simulation of the nose region flow field for a sphere in hypersonic flow"
false_positive,bm25(k1=1.2,b=0.75),stopwords+stemming,215,339,332,5,17.7815,,,"is it possible to predict the shape of a shroud which will allow simulation of the nose region flow field for a sphere in hypersonic flow"
false_positive,vector,stopwords+stemming,216,340,974,5,0.1632,,,"what investigations have been made of the wave system created by a static pressure distribution over a liquid surface"
false_positive,bm25(k1=1.2,b=0.75),stopwords+stemming,216,340,39,5,14.4494,,,"what investigations have been made of the wave system created by a static pressure distribution over a liquid surface"
false_positive,vector,stopwords+stemming,217,347,65,5,0.2193,,,"has anyone investigated the effect of shock generated vorticity on heat transfer to a blunt body"
false_positive,bm25(k1=1.2,b=0.75),stopwords+stemming,217,347,655,5,15.0181,,,"has anyone investigated the effect of shock generated vorticity on heat transfer to a blunt body"
false_positive,vector,stopwords+stemming,218,348,36,5,0.1572,,,"what is the heat transfer to a blunt body in the absence of vorticity"
false_positive,bm25(k1=1.2,b=0.75),stopwords+stemming,218,348,983,5,11.2254,,,"what is the heat transfer to a blunt body in the absence of vorticity"
false_positive,vector,stopwords+stemming,219,349,61,5,0.1348,,,"what are the general effects on flow fields when the reynolds number is small"
false_positive,bm25(k1=1.2,b=0.75),stopwords+stemming,219,349,992,5,11.6121,,,"what are the general effects on flow fields when the reynolds number is small"
false_positive,vector,stopwords+stemming,220,352,4,5,0.1694,,,"find a calculation procedure applicable to all incompressible laminar boundary layer flow problems having good accuracy and reasonable computation time"
false_positive,bm25(k1=1.2,b=0.75),stopwords+stemming,220,352,16,5,17.5392,,,"find a calculation procedure applicable to all incompressible laminar boundary layer flow problems having good accuracy and reasonable computation time"
false_positive,vector,stopwords+stemming,221,353,1225,5,0.1843,,,"papers applicable to this problem calculation procedures for laminar incompressible flow with arbitrary pressure gradient"
false_positive,bm25(k1=1.2,b=0.75),stopwords+stemming,222,355,1130,5,16.4873,,,"has anyone investigated the shear buckling of stiffened plates"
false_positive,vector,stopwords+stemming,223,356,3,5,0.2229,,,"papers on shear buckling of unstiffened rectangular plates under shear"
false_positive,bm25(k1=1.2,b=0.75),stopwords+stemming,223,356,419,5,17.6793,,,"papers on shear buckling of unstiffened rectangular plates under shear"
false_positive,vector,stopwords+stemming,224,360,175,5,0.1466,,,"in practice how close to reality are the assumptions that the flow in a hypersonic shock tube using nitrogen is non-viscous and in thermodynamic equilibrium"
false_positive,vector,stopwords+stemming,225,365,893,5,0.1522,,,"what design factors can be used to control lift-drag ratios at mach numbers above 5"
false_positive,bm25(k1=1.2,b=0.75),stopwords+stemming,225,365,893,5,13.9553,,,"what design factors can be used to control lift-drag ratios at mach numbers above 5"
false_negative,vector,stopwords+stemming,22,40,68,,,1,1,"did anyone else discover that the turbulent skin friction is not over sensitive to the nature of the variation of the viscosity with temperature"
false_negative,bm25(k1=1.2,b=0.75),stopwords+stemming,22,40,68,,,1,1,"did anyone else discover that the turbulent skin friction is not over sensitive to the nature of the variation of the viscosity with temperature"
false_negative,bm25(k1=1.2,b=0.75),stopwords+stemming,216,340,156,591,,1,1,"what investigations have been made of the wave system created by a static pressure distribution over a liquid surface"
false_negative,vector,stopwords+stemming,216,340,156,541,,1,1,"what investigations have been made of the wave system created by a static pressure distribution over a liquid surface"
false_negative,vector,stopwords+stemming,142,212,1042,14,,1,1,"what dome contours minimize discontinuity stresses when used as closures on cylindrical pressure vessels"
false_negative,bm25(k1=1.2,b=0.75),stopwords+stemming,142,212,1042,13,,1,1,"what dome contours minimize discontinuity stresses when used as closures on cylindrical pressure vessels"
false_negative,vector,stopwords+stemming,95,143,283,34,,1,2,"what is the theoretical heat transfer distribution around a hemisphere"
false_negative,vector,stopwords+stemming,138,208,1036,31,,1,2,"has the effect of initial stresses on the frequencies of vibration of circular cylindrical shells been investigated"
false_negative,bm25(k1=1.2,b=0.75),stopwords+stemming,168,254,774,30,,1,2,"what approximate solutions are known to the direct problem of transonic flow in the throat of a nozzle ie finding the flow in a given nozzle"
false_negative,bm25(k1=1.2,b=0.75),stopwords+stemming,138,208,1036,29,,1,2,"has the effect of initial stresses on the frequencies of vibration of circular cylindrical shells been investigated"
false_negative,bm25(k1=1.2,b=0.75),stopwords+stemming,95,143,283,14,,1,2,"what is the theoretical heat transfer distribution around a hemisphere"
false_negative,vector,stopwords+stemming,143,213,1044,13,,1,2,"what general solutions for the stresses in pressurized shells of revolution are available"
false_negative,vector,stopwords+stemming,14,27,64,11,,1,2,"papers on shock-sound wave interaction"
false_negative,vector,stopwords+stemming,35,61,167,,,1,3,"are there any papers dealing with acoustic wave propagation in reacting gases"
false_negative,bm25(k1=1.2,b=0.75),stopwords+stemming,35,61,167,,,1,3,"are there any papers dealing with acoustic wave propagation in reacting gases"
false_negative,vector,stopwords+stemming,63,104,567,98,,1,3,"where can i find pressure data on surfaces of swept cylinders"
false_negative,bm25(k1=1.2,b=0.75),stopwords+stemming,63,104,567,90,,1,3,"where can i find pressure data on surfaces of swept cylinders"
false_negative,bm25(k1=1.2,b=0.75),stopwords+stemming,35,61,166,62,,1,3,"are there any papers dealing with acoustic wave propagation in reacting gases"
false_negative,vector,stopwords+stemming,171,259,252,38,,1,3,"has a comparison been made between interference-free drag measurements using free-flight models and similar measurements made in a low-blockage wind tunnel"
false_negative,bm25(k1=1.2,b=0.75),stopwords+stemming,171,259,252,30,,1,3,"has a comparison been made between interference-free drag measurements using free-flight models and similar measurements made in a low-blockage wind tunnel"
false_negative,vector,stopwords+stemming,35,61,166,28,,1,3,"are there any papers dealing with acoustic wave propagation in reacting gases"
false_negative,bm25(k1=1.2,b=0.75),stopwords+stemming,169,255,775,941,,1,4,"what approximate solutions are known to the indirect problem of transonic flow in the throat of a nozzle ie finding a nozzle which has a given axial velocity distribution"
false_negative,vector,stopwords+stemming,169,255,775,829,,1,4,"what approximate solutions are known to the indirect problem of transonic flow in the throat of a nozzle ie finding a nozzle which has a given axial velocity distribution"
false_negative,bm25(k1=1.2,b=0.75),stopwords+stemming,80,123,594,155,,1,4,"are methods of measuring aerodynamic derivatives available which could be adopted for use in short running time facilities"
false_negative,vector,stopwords+stemming,110,161,863,82,,1,4,"can increasing the edge loading of a plate beyond the critical value for buckling change the buckling mode"
false_negative,vector,stopwords+stemming,80,123,597,78,,1,4,"are methods of measuring aerodynamic derivatives available which could be adopted for use in short running time facilities"
false_negative,bm25(k1=1.2,b=0.75),stopwords+stemming,110,161,863,75,,1,4,"can increasing the edge loading of a plate beyond the critical value for buckling change the buckling mode"
false_negative,bm25(k1=1.2,b=0.75),stopwords+stemming,85,132,608,62,,1,4,"what parameters can seriously influence natural transition from laminar to turbulent flow on a model in a wind tunnel"
false_negative,vector,stopwords+stemming,80,123,594,48,,1,4,"are methods of measuring aerodynamic derivatives available which could be adopted for use in short running time facilities"
false_negative,bm25(k1=1.2,b=0.75),stopwords+stemming,21,39,271,47,,1,4,"why does the compressibility transformation fail to correlate the high speed data for helium and air"
false_negative,vector,stopwords+stemming,85,132,608,44,,1,4,"what parameters can seriously influence natural transition from laminar to turbulent flow on a model in a wind tunnel"
false_negative,bm25(k1=1.2,b=0.75),stopwords+stemming,192,295,736,41,,1,4,"papers dealing with uniformly loaded sectors"
false_negative,bm25(k1=1.2,b=0.75),stopwords+stemming,80,123,597,40,,1,4,"are methods of measuring aerodynamic derivatives available which could be adopted for use in short running time facilities"
false_negative,vector,stopwords+stemming,192,295,736,37,,1,4,"papers dealing with uniformly loaded sectors"
false_negative,bm25(k1=1.2,b=0.75),stopwords+stemming,169,255,774,36,,1,4,"what approximate solutions are known to the indirect problem of transonic flow in the throat of a nozzle ie finding a nozzle which has a given axial velocity distribution"
false_negative,vector,stopwords+stemming,21,39,271,17,,1,4,"why does the compressibility transformation fail to correlate the high speed data for helium and air"
false_negative,vector,stopwords+stemming,5,9,1296,13,,1,4,"what chemical kinetic system is applicable to hypersonic aerodynamic problems"
false_negative,vector,stopwords+stemming,116,169,922,356,,1,5,"what is the magnitude and distribution of lift over the cone and the cylindrical portion of a cone-cylinder configuration"
false_negative,bm25(k1=1.2,b=0.75),stopwords+stemming,116,169,922,271,,1,5,"what is the magnitude and distribution of lift over the cone and the cylindrical portion of a cone-cylinder configuration"
false_negative,vector,stopwords+stemming,109,160,861,154,,1,5,"panels subjected to aerodynamic heating"
false_negative,bm25(k1=1.2,b=0.75),stopwords+stemming,62,103,566,125,,1,5,"how far around a cylinder and under what conditions of flow if any is the velocity just outside of the boundary layer a linear function of the distance around the cylinder"
false_negative,vector,stopwords+stemming,62,103,566,115,,1,5,"how far around a cylinder and under what conditions of flow if any is the velocity just outside of the boundary layer a linear function of the distance around the cylinder"
false_negative,bm25(k1=1.2,b=0.75),stopwords+stemming,109,160,861,81,,1,5,"panels subjected to aerodynamic heating"
false_negative,bm25(k1=1.2,b=0.75),stopwords+stemming,174,265,58,59,,1,5,"obtain all papers and reports that contain shock detachment distance data"
false_negative,vector,stopwords+stemming,109,160,860,42,,1,5,"panels subjected to aerodynamic heating"
false_negative,bm25(k1=1.2,b=0.75),stopwords+stemming,109,160,860,40,,1,5,"panels subjected to aerodynamic heating"
false_negative,vector,stopwords+stemming,174,265,58,26,,1,5,"obtain all papers and reports that contain shock detachment distance data"
false_negative,bm25(k1=1.2,b=0.75),stopwords+stemming,174,265,482,17,,1,5,"obtain all papers and reports that contain shock detachment distance data"
false_negative,bm25(k1=1.2,b=0.75),stopwords+stemming,190,293,391,11,,1,5,"will an analysis of panel flutter based on arbitrarily assumed modes of deformation prove satisfactory and if so what is the minimum number of modes that need be considered"
false_negative,vector,stopwords+stemming,155,230,1103,,,1,6,"technical report on measurement of ablation during flight"
false_negative,bm25(k1=1.2,b=0.75),stopwords+stemming,155,230,1103,,,1,6,"technical report on measurement of ablation during flight"
false_negative,bm25(k1=1.2,b=0.75),stopwords+stemming,152,225,1076,93,,1,6,"how can the effect of the boundary-layer on wing pressure be calculated and what is its magnitude"
false_negative,vector,stopwords+stemming,152,225,1076,64,,1,6,"how can the effect of the boundary-layer on wing pressure be calculated and what is its magnitude"
false_negative,vector,stopwords+stemming,141,211,1041,37,,1,6,"what analytical solutions are available for stresses in edge-loaded shells of revolution"
false_negative,bm25(k1=1.2,b=0.75),stopwords+stemming,141,211,1041,23,,1,6,"what analytical solutions are available for stresses in edge-loaded shells of revolution"
false_negative,vector,stopwords+stemming,34,59,252,16,,1,6,"have wind tunnel interference effects been investigated on a systematic basis"
false_negative,bm25(k1=1.2,b=0.75),stopwords+stemming,34,59,252,16,,1,6,"have wind tunnel interference effects been investigated on a systematic basis"
false_negative,vector,stopwords+stemming,26,51,611,12,,1,6,"what is a single approximate formula for the displacement thickness of a laminar boundary layer in compressible flow on a flat plate"
false_negative,vector,stopwords+stemming,43,74,468,11,,1,6,"can the transonic flow around an arbitrary smooth thin airfoil be analysed in a simple approximate way"
false_negative,vector,stopwords+stemming,176,267,583,762,,1,7,"some approximate analytical heat conduction solutions using methods other than biots principle"
false_negative,bm25(k1=1.2,b=0.75),stopwords+stemming,176,267,583,715,,1,7,"some approximate analytical heat conduction solutions using methods other than biots principle"
false_negative,vector,stopwords+stemming,176,267,582,150,,1,7,"some approximate analytical heat conduction solutions using methods other than biots principle"
false_negative,vector,stopwords+stemming,176,267,982,135,,1,7,"some approximate analytical heat conduction solutions using methods other than biots principle"
false_negative,bm25(k1=1.2,b=0.75),stopwords+stemming,176,267,982,104,,1,7,"some approximate analytical heat conduction solutions using methods other than biots principle"
false_negative,bm25(k1=1.2,b=0.75),stopwords+stemming,176,267,582,32,,1,7,"some approximate analytical heat conduction solutions using methods other than biots principle"
false_negative,bm25(k1=1.2,b=0.75),stopwords+stemming,121,176,886,29,,1,7,"what papers are there dealing with circumferential buckling either thermal buckling or due to mechanical loading"
false_negative,bm25(k1=1.2,b=0.75),stopwords+stemming,133,202,1020,27,,1,7,"experimental studies of creep buckling"
false_negative,vector,stopwords+stemming,176,267,586,26,,1,7,"some approximate analytical heat conduction solutions using methods other than biots principle"
false_negative,vector,stopwords+stemming,121,176,886,25,,1,7,"what papers are there dealing with circumferential buckling either thermal buckling or due to mechanical loading"
false_negative,vector,stopwords+stemming,133,202,1020,22,,1,7,"experimental studies of creep buckling"
false_negative,bm25(k1=1.2,b=0.75),stopwords+stemming,121,176,885,17,,1,7,"what papers are there dealing with circumferential buckling either thermal buckling or due to mechanical loading"
false_negative,bm25(k1=1.2,b=0.75),stopwords+stemming,176,267,586,15,,1,7,"some approximate analytical heat conduction solutions using methods other than biots principle"
false_negative,bm25(k1=1.2,b=0.75),stopwords+stemming,121,176,891,13,,1,7,"what papers are there dealing with circumferential buckling either thermal buckling or due to mechanical loading"
false_negative,vector,stopwords+stemming,121,176,891,12,,1,7,"what papers are there dealing with circumferential buckling either thermal buckling or due to mechanical loading"
false_negative,vector,stopwords+stemming,71,112,571,135,,1,8,"experimental results on hypersonic viscous interaction"
false_negative,bm25(k1=1.2,b=0.75),stopwords+stemming,71,112,571,130,,1,8,"experimental results on hypersonic viscous interaction"
false_negative,vector,stopwords+stemming,162,246,155,128,,1,8,"what accurate or exact solutions of the laminar separation point for various incompressible and compressible boundary layers with zero heat transfer are available"
false_negative,bm25(k1=1.2,b=0.75),stopwords+stemming,199,303,1052,110,,1,8,"have non-linear large deflection analyses been conducted for shell shapes other than conical"
false_negative,vector,stopwords+stemming,162,246,459,93,,1,8,"what accurate or exact solutions of the laminar separation point for various incompressible and compressible boundary layers with zero heat transfer are available"
false_negative,vector,stopwords+stemming,199,303,1052,82,,1,8,"have non-linear large deflection analyses been conducted for shell shapes other than conical"
false_negative,bm25(k1=1.2,b=0.75),stopwords+stemming,162,246,155,76,,1,8,"what accurate or exact solutions of the laminar separation point for various incompressible and compressible boundary layers with zero heat transfer are available"
false_negative,vector,stopwords+stemming,199,303,1053,57,,1,8,"have non-linear large deflection analyses been conducted for shell shapes other than conical"
false_negative,bm25(k1=1.2,b=0.75),stopwords+stemming,162,246,459,53,,1,8,"what accurate or exact solutions of the laminar separation point for various incompressible and compressible boundary layers with zero heat transfer are available"
false_negative,vector,stopwords+stemming,162,246,111,52,,1,8,"what accurate or exact solutions of the laminar separation point for various incompressible and compressible boundary layers with zero heat transfer are available"
false_negative,vector,stopwords+stemming,162,246,458,48,,1,8,"what accurate or exact solutions of the laminar separation point for various incompressible and compressible boundary layers with zero heat transfer are available"
false_negative,vector,stopwords+stemming,71,112,572,46,,1,8,"experimental results on hypersonic viscous interaction"
false_negative,bm25(k1=1.2,b=0.75),stopwords+stemming,162,246,458,38,,1,8,"what accurate or exact solutions of the laminar separation point for various incompressible and compressible boundary layers with zero heat transfer are available"
false_negative,vector,stopwords+stemming,71,112,569,37,,1,8,"experimental results on hypersonic viscous interaction"
false_negative,bm25(k1=1.2,b=0.75),stopwords+stemming,162,246,111,36,,1,8,"what accurate or exact solutions of the laminar separation point for various incompressible and compressible boundary layers with zero heat transfer are available"
false_negative,bm25(k1=1.2,b=0.75),stopwords+stemming,71,112,569,26,,1,8,"experimental results on hypersonic viscous interaction"
false_negative,bm25(k1=1.2,b=0.75),stopwords+stemming,199,303,1053,26,,1,8,"have non-linear large deflection analyses been conducted for shell shapes other than conical"
false_negative,vector,stopwords+stemming,158,233,1011,21,,1,8,"what are the available properties of high-temperature air"
false_negative,bm25(k1=1.2,b=0.75),stopwords+stemming,71,112,572,17,,1,8,"experimental results on hypersonic viscous interaction"
false_negative,bm25(k1=1.2,b=0.75),stopwords+stemming,158,233,1011,15,,1,8,"what are the available properties of high-temperature air"
false_negative,vector,stopwords+stemming,135,204,1018,12,,1,8,"what are the experimental results for the creep buckling of columns"
false_negative,bm25(k1=1.2,b=0.75),stopwords+stemming,70,111,333,640,,1,10,"previous solutions to the boundary layer similarity equations"
false_negative,vector,stopwords+stemming,70,111,333,519,,1,10,"previous solutions to the boundary layer similarity equations"
false_negative,vector,stopwords+stemming,51,86,94,12,,1,10,"what is the available information pertaining to boundary layers on very slender bodies of revolution in continuum flow the transverse curvature effect"
false_negative,bm25(k1=1.2,b=0.75),stopwords+stemming,8,13,1005,136,,1,11,"what methods -dash exact or approximate -dash are presently available for predicting body pressures at angle of attack"
false_negative,vector,stopwords+stemming,8,13,1005,100,,1,11,"what methods -dash exact or approximate -dash are presently available for predicting body pressures at angle of attack"
false_negative,vector,stopwords+stemming,8,13,360,43,,1,11,"what methods -dash exact or approximate -dash are presently available for predicting body pressures at angle of attack"
false_negative,bm25(k1=1.2,b=0.75),stopwords+stemming,8,13,360,40,,1,11,"what methods -dash exact or approximate -dash are presently available for predicting body pressures at angle of attack"
false_negative,bm25(k1=1.2,b=0.75),stopwords+stemming,8,13,48,36,,1,11,"what methods -dash exact or approximate -dash are presently available for predicting body pressures at angle of attack"
false_negative,bm25(k1=1.2,b=0.75),stopwords+stemming,8,13,354,26,,1,11,"what methods -dash exact or approximate -dash are presently available for predicting body pressures at angle of attack"
false_negative,vector,stopwords+stemming,8,13,354,15,,1,11,"what methods -dash exact or approximate -dash are presently available for predicting body pressures at angle of attack"
false_negative,vector,stopwords+stemming,8,13,48,11,,1,11,"what methods -dash exact or approximate -dash are presently available for predicting body pressures at angle of attack"
false_negative,vector,stopwords+stemming,94,142,24,17,,1,12,"what is the theoretical heat transfer rate at the stagnation point of a blunt body"
false_negative,bm25(k1=1.2,b=0.75),stopwords+stemming,94,142,24,14,,1,12,"what is the theoretical heat transfer rate at the stagnation point of a blunt body"
false_negative,vector,stopwords+stemming,39,68,555,585,,1,13,"how can one detect transition phenomena in boundary layers"
false_negative,bm25(k1=1.2,b=0.75),stopwords+stemming,39,68,555,452,,1,13,"how can one detect transition phenomena in boundary layers"
false_negative,bm25(k1=1.2,b=0.75),stopwords+stemming,183,277,803,408,,1,13,"what factors have been shown to have a primary influence on sonic boom strength"
false_negative,vector,stopwords+stemming,191,294,915,305,,1,13,"what is the criterion for true panel flutter as opposed to small amplitude vibration arising from acoustic disturbances"
false_negative,bm25(k1=1.2,b=0.75),stopwords+stemming,183,277,809,284,,1,13,"what factors have been shown to have a primary influence on sonic boom strength"
false_negative,bm25(k1=1.2,b=0.75),stopwords+stemming,191,294,915,262,,1,13,"what is the criterion for true panel flutter as opposed to small amplitude vibration arising from acoustic disturbances"
false_negative,vector,stopwords+stemming,183,277,809,225,,1,13,"what factors have been shown to have a primary influence on sonic boom strength"
false_negative,vector,stopwords+stemming,183,277,803,133,,1,13,"what factors have been shown to have a primary influence on sonic boom strength"
false_negative,vector,stopwords+stemming,191,294,914,38,,1,13,"what is the criterion for true panel flutter as opposed to small amplitude vibration arising from acoustic disturbances"
false_negative,bm25(k1=1.2,b=0.75),stopwords+stemming,191,294,914,14,,1,13,"what is the criterion for true panel flutter as opposed to small amplitude vibration arising from acoustic disturbances"
false_negative,vector,stopwords+stemming,39,68,272,11,,1,13,"how can one detect transition phenomena in boundary layers"
false_negative,vector,stopwords+stemming,156,231,1102,,,1,14,"what qualitative and quantitative material is available on ablation materials research"
false_negative,vector,stopwords+stemming,156,231,983,,,1,14,"what qualitative and quantitative material is available on ablation materials research"
false_negative,bm25(k1=1.2,b=0.75),stopwords+stemming,156,231,1102,,,1,14,"what qualitative and quantitative material is available on ablation materials research"
false_negative,bm25(k1=1.2,b=0.75),stopwords+stemming,156,231,983,,,1,14,"what qualitative and quantitative material is available on ablation materials research"
false_negative,bm25(k1=1.2,b=0.75),stopwords+stemming,156,231,1104,194,,1,14,"what qualitative and quantitative material is available on ablation materials research"
false_negative,vector,stopwords+stemming,156,231,1104,172,,1,14,"what qualitative and quantitative material is available on ablation materials research"
false_negative,bm25(k1=1.2,b=0.75),stopwords+stemming,67,108,128,78,,1,14,"can series expansions be found for the boundary layer on a flat plate in a shear flow"
false_negative,vector,stopwords+stemming,67,108,128,31,,1,14,"can series expansions be found for the boundary layer on a flat plate in a shear flow"
false_negative,vector,stopwords+stemming,217,347,667,210,,1,15,"has anyone investigated the effect of shock generated vorticity on heat transfer to a blunt body"
false_negative,vector,stopwords+stemming,218,348,24,159,,1,15,"what is the heat transfer to a blunt body in the absence of vorticity"
false_negative,bm25(k1=1.2,b=0.75),stopwords+stemming,217,347,667,136,,1,15,"has anyone investigated the effect of shock generated vorticity on heat transfer to a blunt body"
false_negative,vector,stopwords+stemming,217,347,1395,92,,1,15,"has anyone investigated the effect of shock generated vorticity on heat transfer to a blunt body"
false_negative,vector,stopwords+stemming,218,348,101,73,,1,15,"what is the heat transfer to a blunt body in the absence of vorticity"
false_negative,bm25(k1=1.2,b=0.75),stopwords+stemming,218,348,24,69,,1,15,"what is the heat transfer to a blunt body in the absence of vorticity"
false_negative,bm25(k1=1.2,b=0.75),stopwords+stemming,217,347,1395,42,,1,15,"has anyone investigated the effect of shock generated vorticity on heat transfer to a blunt body"
false_negative,vector,stopwords+stemming,218,348,1393,39,,1,15,"what is the heat transfer to a blunt body in the absence of vorticity"
false_negative,bm25(k1=1.2,b=0.75),stopwords+stemming,218,348,1393,28,,1,15,"what is the heat transfer to a blunt body in the absence of vorticity"
false_negative,bm25(k1=1.2,b=0.75),stopwords+stemming,218,348,101,21,,1,15,"what is the heat transfer to a blunt body in the absence of vorticity"
false_negative,bm25(k1=1.2,b=0.75),stopwords+stemming,132,201,1014,13,,1,15,"theoretical studies of creep buckling"
false_negative,bm25(k1=1.2,b=0.75),stopwords+stemming,219,349,1391,171,,1,18,"what are the general effects on flow fields when the reynolds number is small"
false_negative,vector,stopwords+stemming,219,349,1391,101,,1,18,"what are the general effects on flow fields when the reynolds number is small"
false_negative,bm25(k1=1.2,b=0.75),stopwords+stemming,23,41,900,555,,1,32,"what progress has been made in research on unsteady aerodynamics"
false_negative,vector,stopwords+stemming,23,41,900,525,,1,32,"what progress has been made in research on unsteady aerodynamics"
false_negative,bm25(k1=1.2,b=0.75),stopwords+stemming,36,62,169,77,,2,2,"has anyone investigated relaxation effects on gaseous heat transfer to a suddenly heated wall"
false_negative,bm25(k1=1.2,b=0.75),stopwords+stemming,64,105,391,51,,2,2,"cant the static deflection shapes be used in predicting flutter in place of vibrational shapes if so can we provide a justification by means of an example"
false_negative,bm25(k1=1.2,b=0.75),stopwords+stemming,134,203,1027,44,,2,2,"is it possible to correlate the results on the creep buckling of widely different structures within the framework of a single theory"
false_negative,vector,stopwords+stemming,117,170,360,23,,2,2,"is there any information on how the addition of a boat-tail affects the normal force on the body of various angles of incidence"
false_negative,bm25(k1=1.2,b=0.75),stopwords+stemming,123,181,966,21,,2,2,"has any work been done on determining the nature of compressible viscous flow in a straight channel"
false_negative,vector,stopwords+stemming,134,203,1027,18,,2,2,"is it possible to correlate the results on the creep buckling of widely different structures within the framework of a single theory"
false_negative,bm25(k1=1.2,b=0.75),stopwords+stemming,117,170,360,16,,2,2,"is there any information on how the addition of a boat-tail affects the normal force on the body of various angles of incidence"
false_negative,vector,stopwords+stemming,18,33,198,936,,2,3,"are experimental pressure distributions on bodies of revolution at angle of attack available"
false_negative,bm25(k1=1.2,b=0.75),stopwords+stemming,18,33,198,923,,2,3,"are experimental pressure distributions on bodies of revolution at angle of attack available"
false_negative,vector,stopwords+stemming,9,15,550,102,,2,3,"papers on internal slip flow heat transfer studies"
false_negative,vector,stopwords+stemming,18,33,196,45,,2,3,"are experimental pressure distributions on bodies of revolution at angle of attack available"
false_negative,bm25(k1=1.2,b=0.75),stopwords+stemming,9,15,550,37,,2,3,"papers on internal slip flow heat transfer studies"
false_negative,bm25(k1=1.2,b=0.75),stopwords+stemming,18,33,196,31,,2,3,"are experimental pressure distributions on bodies of revolution at angle of attack available"
false_negative,vector,stopwords+stemming,16,31,266,28,,2,3,"can the transverse potential flow about a body of revolution be calculated efficiently by an electronic computer"
false_negative,vector,stopwords+stemming,200,304,1137,21,,2,3,"are asymptotic methods sufficiently accurate in the determination of pre-buckling stresses in torispherical shells or must we resort to numerical methods"
false_negative,bm25(k1=1.2,b=0.75),stopwords+stemming,200,304,1138,15,,2,3,"are asymptotic methods sufficiently accurate in the determination of pre-buckling stresses in torispherical shells or must we resort to numerical methods"
false_negative,vector,stopwords+stemming,13,26,265,,,2,4,"what is the basic mechanism of the transonic aileron buzz"
false_negative,vector,stopwords+stemming,13,26,64,,,2,4,"what is the basic mechanism of the transonic aileron buzz"
false_negative,bm25(k1=1.2,b=0.75),stopwords+stemming,13,26,265,,,2,4,"what is the basic mechanism of the transonic aileron buzz"
false_negative,bm25(k1=1.2,b=0.75),stopwords+stemming,13,26,64,,,2,4,"what is the basic mechanism of the transonic aileron buzz"
false_negative,vector,stopwords+stemming,124,182,968,1125,,2,4,"in what areas other than low density wind tunnel flows is viscous compressible flow in slender channels a problem what analytical investigations have been made of the stability of conical shells how do the results compare with experiment"
false_negative,bm25(k1=1.2,b=0.75),stopwords+stemming,124,182,968,1051,,2,4,"in what areas other than low density wind tunnel flows is viscous compressible flow in slender channels a problem what analytical investigations have been made of the stability of conical shells how do the results compare with experiment"
false_negative,vector,stopwords+stemming,139,209,1031,979,,2,4,"has the effect of the change of initial pressure due to deformation on the frequencies of vibration of circular cylindrical shells been investigated"
false_negative,bm25(k1=1.2,b=0.75),stopwords+stemming,139,209,1031,903,,2,4,"has the effect of the change of initial pressure due to deformation on the frequencies of vibration of circular cylindrical shells been investigated"
false_negative,bm25(k1=1.2,b=0.75),stopwords+stemming,139,209,1032,621,,2,4,"has the effect of the change of initial pressure due to deformation on the frequencies of vibration of circular cylindrical shells been investigated"
false_negative,vector,stopwords+stemming,83,130,682,546,,2,4,"what is the present state of the theory of quasi-conical flows"
false_negative,bm25(k1=1.2,b=0.75),stopwords+stemming,83,130,682,405,,2,4,"what is the present state of the theory of quasi-conical flows"
false_negative,vector,stopwords+stemming,139,209,1032,324,,2,4,"has the effect of the change of initial pressure due to deformation on the frequencies of vibration of circular cylindrical shells been investigated"
false_negative,bm25(k1=1.2,b=0.75),stopwords+stemming,198,301,888,308,,2,4,"is there any information available on the difference in the effects of various edge conditions on the buckling of cylindrical shells"
false_negative,vector,stopwords+stemming,115,168,185,304,,2,4,"is the problem of similarity for representative investigations of aeroelastic effects in heated flow as intractable as previous investigations imply"
false_negative,bm25(k1=1.2,b=0.75),stopwords+stemming,124,182,967,276,,2,4,"in what areas other than low density wind tunnel flows is viscous compressible flow in slender channels a problem what analytical investigations have been made of the stability of conical shells how do the results compare with experiment"
false_negative,vector,stopwords+stemming,124,182,967,264,,2,4,"in what areas other than low density wind tunnel flows is viscous compressible flow in slender channels a problem what analytical investigations have been made of the stability of conical shells how do the results compare with experiment"
false_negative,vector,stopwords+stemming,85,132,406,240,,2,4,"what parameters can seriously influence natural transition from laminar to turbulent flow on a model in a wind tunnel"
false_negative,bm25(k1=1.2,b=0.75),stopwords+stemming,85,132,406,234,,2,4,"what parameters can seriously influence natural transition from laminar to turbulent flow on a model in a wind tunnel"
false_negative,vector,stopwords+stemming,83,130,683,228,,2,4,"what is the present state of the theory of quasi-conical flows"
false_negative,bm25(k1=1.2,b=0.75),stopwords+stemming,115,168,185,224,,2,4,"is the problem of similarity for representative investigations of aeroelastic effects in heated flow as intractable as previous investigations imply"
false_negative,bm25(k1=1.2,b=0.75),stopwords+stemming,83,130,683,198,,2,4,"what is the present state of the theory of quasi-conical flows"
false_negative,vector,stopwords+stemming,139,209,1035,136,,2,4,"has the effect of the change of initial pressure due to deformation on the frequencies of vibration of circular cylindrical shells been investigated"
false_negative,bm25(k1=1.2,b=0.75),stopwords+stemming,83,130,681,127,,2,4,"what is the present state of the theory of quasi-conical flows"
false_negative,vector,stopwords+stemming,198,301,888,107,,2,4,"is there any information available on the difference in the effects of various edge conditions on the buckling of cylindrical shells"
false_negative,vector,stopwords+stemming,6,10,99,95,,2,4,"what theoretical and experimental guides do we have as to turbulent couette flow behaviour"
false_negative,vector,stopwords+stemming,83,130,681,92,,2,4,"what is the present state of the theory of quasi-conical flows"
false_negative,bm25(k1=1.2,b=0.75),stopwords+stemming,139,209,1035,73,,2,4,"has the effect of the change of initial pressure due to deformation on the frequencies of vibration of circular cylindrical shells been investigated"
false_negative,bm25(k1=1.2,b=0.75),stopwords+stemming,137,206,1029,51,,2,4,"have any analytical studies been conducted on the time-to-failure mechanism associated with creep collapse for a long circular cylindrical shell which exhibits both primary and secondary creep as well as elastic deformations under various distributed force systems"
false_negative,bm25(k1=1.2,b=0.75),stopwords+stemming,21,39,16,42,,2,4,"why does the compressibility transformation fail to correlate the high speed data for helium and air"
false_negative,vector,stopwords+stemming,59,100,788,40,,2,4,"how much is known about boundary layer flows along non-circular cylinders"
false_negative,vector,stopwords+stemming,102,152,913,38,,2,4,"basic dynamic characteristics of structures continuous over many spans"
false_negative,bm25(k1=1.2,b=0.75),stopwords+stemming,6,10,99,23,,2,4,"what theoretical and experimental guides do we have as to turbulent couette flow behaviour"
false_negative,bm25(k1=1.2,b=0.75),stopwords+stemming,102,152,913,23,,2,4,"basic dynamic characteristics of structures continuous over many spans"
false_negative,vector,stopwords+stemming,114,167,916,19,,2,4,"it is not likely that the airforces on a wing of general planform oscillating in transonic flow can be determined by purely analytical methods is it possible to determine the airforces on a single particular planform such as the rectangular one by such method"
false_negative,vector,stopwords+stemming,115,168,51,18,,2,4,"is the problem of similarity for representative investigations of aeroelastic effects in heated flow as intractable as previous investigations imply"
false_negative,bm25(k1=1.2,b=0.75),stopwords+stemming,21,39,413,18,,2,4,"why does the compressibility transformation fail to correlate the high speed data for helium and air"
false_negative,bm25(k1=1.2,b=0.75),stopwords+stemming,59,100,788,18,,2,4,"how much is known about boundary layer flows along non-circular cylinders"
false_negative,bm25(k1=1.2,b=0.75),stopwords+stemming,114,167,916,18,,2,4,"it is not likely that the airforces on a wing of general planform oscillating in transonic flow can be determined by purely analytical methods is it possible to determine the airforces on a single particular planform such as the rectangular one by such method"
false_negative,vector,stopwords+stemming,21,39,413,14,,2,4,"why does the compressibility transformation fail to correlate the high speed data for helium and air"
false_negative,vector,stopwords+stemming,137,206,1029,13,,2,4,"have any analytical studies been conducted on the time-to-failure mechanism associated with creep collapse for a long circular cylindrical shell which exhibits both primary and secondary creep as well as elastic deformations under various distributed force systems"
false_negative,bm25(k1=1.2,b=0.75),stopwords+stemming,52,87,22,13,,2,4,"what is the available information pertaining to the effect of slight rarefaction on boundary layer flows the slip effect"
false_negative,bm25(k1=1.2,b=0.75),stopwords+stemming,181,274,974,969,,2,5,"jet interference with supersonic flows theoretical papers"
false_negative,vector,stopwords+stemming,181,274,974,950,,2,5,"jet interference with supersonic flows theoretical papers"
false_negative,vector,stopwords+stemming,98,147,713,869,,2,5,"will forward or apex located controls be effective at low subsonic speeds and how do they compare with conventional trailing-edge flaps"
false_negative,bm25(k1=1.2,b=0.75),stopwords+stemming,98,147,713,848,,2,5,"will forward or apex located controls be effective at low subsonic speeds and how do they compare with conventional trailing-edge flaps"
false_negative,vector,stopwords+stemming,7,12,20,671,,2,5,"is it possible to relate the available pressure distributions for an ogive forebody at zero angle of attack to the lower surface pressures of an equivalent ogive forebody at angle of attack"
false_negative,bm25(k1=1.2,b=0.75),stopwords+stemming,175,266,967,666,,2,5,"work on flow in channels at low reynolds numbers"
false_negative,vector,stopwords+stemming,175,266,967,625,,2,5,"work on flow in channels at low reynolds numbers"
false_negative,bm25(k1=1.2,b=0.75),stopwords+stemming,12,23,194,586,,2,5,"how can the aerodynamic performance of channel flow ground effect machines be calculated"
false_negative,bm25(k1=1.2,b=0.75),stopwords+stemming,207,323,1339,582,,2,5,"how do large changes in new mass ratio quantitatively affect wing-flutter boundaries"
false_negative,vector,stopwords+stemming,207,323,1339,572,,2,5,"how do large changes in new mass ratio quantitatively affect wing-flutter boundaries"
false_negative,bm25(k1=1.2,b=0.75),stopwords+stemming,7,12,20,498,,2,5,"is it possible to relate the available pressure distributions for an ogive forebody at zero angle of attack to the lower surface pressures of an equivalent ogive forebody at angle of attack"
false_negative,vector,stopwords+stemming,75,118,667,496,,2,5,"do the discrepancies among current analyses of the vorticity effect on stagnation-point heat transfer result primarily from the differences in the viscosity-temperature law assumed"
false_negative,bm25(k1=1.2,b=0.75),stopwords+stemming,75,118,667,443,,2,5,"do the discrepancies among current analyses of the vorticity effect on stagnation-point heat transfer result primarily from the differences in the viscosity-temperature law assumed"
false_negative,bm25(k1=1.2,b=0.75),stopwords+stemming,151,224,687,443,,2,5,"what is the best theoretical method for calculating pressure on the surface of a wing alone"
false_negative,vector,stopwords+stemming,174,265,36,427,,2,5,"obtain all papers and reports that contain shock detachment distance data"
false_negative,bm25(k1=1.2,b=0.75),stopwords+stemming,174,265,36,362,,2,5,"obtain all papers and reports that contain shock detachment distance data"
false_negative,bm25(k1=1.2,b=0.75),stopwords+stemming,60,101,475,334,,2,5,"is there any simple but practical method for numerical integration of the mixing problem ie the blasius problem with three-point boundary conditions"
false_negative,vector,stopwords+stemming,151,224,687,325,,2,5,"what is the best theoretical method for calculating pressure on the surface of a wing alone"
false_negative,vector,stopwords+stemming,12,23,194,269,,2,5,"how can the aerodynamic performance of channel flow ground effect machines be calculated"
false_negative,vector,stopwords+stemming,60,101,475,265,,2,5,"is there any simple but practical method for numerical integration of the mixing problem ie the blasius problem with three-point boundary conditions"
false_negative,bm25(k1=1.2,b=0.75),stopwords+stemming,62,103,1084,213,,2,5,"how far around a cylinder and under what conditions of flow if any is the velocity just outside of the boundary layer a linear function of the distance around the cylinder"
false_negative,bm25(k1=1.2,b=0.75),stopwords+stemming,62,103,567,172,,2,5,"how far around a cylinder and under what conditions of flow if any is the velocity just outside of the boundary layer a linear function of the distance around the cylinder"
false_negative,vector,stopwords+stemming,62,103,567,154,,2,5,"how far around a cylinder and under what conditions of flow if any is the velocity just outside of the boundary layer a linear function of the distance around the cylinder"
false_negative,vector,stopwords+stemming,207,323,1338,154,,2,5,"how do large changes in new mass ratio quantitatively affect wing-flutter boundaries"
false_negative,bm25(k1=1.2,b=0.75),stopwords+stemming,151,224,1076,138,,2,5,"what is the best theoretical method for calculating pressure on the surface of a wing alone"
false_negative,vector,stopwords+stemming,151,224,1076,125,,2,5,"what is the best theoretical method for calculating pressure on the surface of a wing alone"
false_negative,vector,stopwords+stemming,69,110,570,103,,2,5,"what is known regarding asymptotic solutions to the exact boundary layer equations"
false_negative,bm25(k1=1.2,b=0.75),stopwords+stemming,69,110,570,92,,2,5,"what is known regarding asymptotic solutions to the exact boundary layer equations"
false_negative,bm25(k1=1.2,b=0.75),stopwords+stemming,207,323,1338,91,,2,5,"how do large changes in new mass ratio quantitatively affect wing-flutter boundaries"
false_negative,vector,stopwords+stemming,127,187,164,86,,2,5,"is it possible to obtain a reasonably simple analytical solution to the heat equation for an exponential in time heat input"
false_negative,vector,stopwords+stemming,62,103,1084,76,,2,5,"how far around a cylinder and under what conditions of flow if any is the velocity just outside of the boundary layer a linear function of the distance around the cylinder"
false_negative,bm25(k1=1.2,b=0.75),stopwords+stemming,12,23,86,71,,2,5,"how can the aerodynamic performance of channel flow ground effect machines be calculated"
false_negative,vector,stopwords+stemming,12,23,86,63,,2,5,"how can the aerodynamic performance of channel flow ground effect machines be calculated"
false_negative,vector,stopwords+stemming,127,187,101,51,,2,5,"is it possible to obtain a reasonably simple analytical solution to the heat equation for an exponential in time heat input"
false_negative,bm25(k1=1.2,b=0.75),stopwords+stemming,181,274,973,41,,2,5,"jet interference with supersonic flows theoretical papers"
false_negative,bm25(k1=1.2,b=0.75),stopwords+stemming,190,293,285,36,,2,5,"will an analysis of panel flutter based on arbitrarily assumed modes of deformation prove satisfactory and if so what is the minimum number of modes that need be considered"
false_negative,bm25(k1=1.2,b=0.75),stopwords+stemming,175,266,966,31,,2,5,"work on flow in channels at low reynolds numbers"
false_negative,vector,stopwords+stemming,181,274,973,28,,2,5,"jet interference with supersonic flows theoretical papers"
false_negative,bm25(k1=1.2,b=0.75),stopwords+stemming,127,187,101,23,,2,5,"is it possible to obtain a reasonably simple analytical solution to the heat equation for an exponential in time heat input"
false_negative,vector,stopwords+stemming,69,110,458,20,,2,5,"what is known regarding asymptotic solutions to the exact boundary layer equations"
false_negative,bm25(k1=1.2,b=0.75),stopwords+stemming,12,23,652,15,,2,5,"how can the aerodynamic performance of channel flow ground effect machines be calculated"
false_negative,bm25(k1=1.2,b=0.75),stopwords+stemming,66,107,664,15,,2,5,"can the procedure of matching inner and outer solutions for a viscous flow problem be applied when the main stream is a shear flow"
false_negative,bm25(k1=1.2,b=0.75),stopwords+stemming,127,187,164,14,,2,5,"is it possible to obtain a reasonably simple analytical solution to the heat equation for an exponential in time heat input"
false_negative,vector,stopwords+stemming,175,266,351,13,,2,5,"work on flow in channels at low reynolds numbers"
false_negative,vector,stopwords+stemming,190,293,285,12,,2,5,"will an analysis of panel flutter based on arbitrarily assumed modes of deformation prove satisfactory and if so what is the minimum number of modes that need be considered"
false_negative,vector,stopwords+stemming,181,274,409,11,,2,5,"jet interference with supersonic flows theoretical papers"
false_negative,bm25(k1=1.2,b=0.75),stopwords+stemming,61,102,565,11,,2,5,"does there exist a closed-form expression for the local heat transfer around a yawed cylinder"
false_negative,vector,stopwords+stemming,26,51,565,288,,2,6,"what is a single approximate formula for the displacement thickness of a laminar boundary layer in compressible flow on a flat plate"
false_negative,bm25(k1=1.2,b=0.75),stopwords+stemming,26,51,565,200,,2,6,"what is a single approximate formula for the displacement thickness of a laminar boundary layer in compressible flow on a flat plate"
false_negative,bm25(k1=1.2,b=0.75),stopwords+stemming,32,57,465,118,,2,6,"to find an approximate correction for thickness in slender thin-wing theory"
false_negative,vector,stopwords+stemming,50,85,629,110,,2,6,"what are the effects of small amounts of gas rarefaction on the characteristics of the boundary layers on slender bodies of revolution"
false_negative,vector,stopwords+stemming,26,51,406,109,,2,6,"what is a single approximate formula for the displacement thickness of a laminar boundary layer in compressible flow on a flat plate"
false_negative,vector,stopwords+stemming,140,210,1042,102,,2,6,"what are the discontinuity stresses at junctions in pressurized structures"
false_negative,bm25(k1=1.2,b=0.75),stopwords+stemming,50,85,629,77,,2,6,"what are the effects of small amounts of gas rarefaction on the characteristics of the boundary layers on slender bodies of revolution"
false_negative,bm25(k1=1.2,b=0.75),stopwords+stemming,26,51,376,76,,2,6,"what is a single approximate formula for the displacement thickness of a laminar boundary layer in compressible flow on a flat plate"
false_negative,vector,stopwords+stemming,148,218,889,65,,2,6,"papers on small deflection theory for buckling of sandwich cylinders"
false_negative,bm25(k1=1.2,b=0.75),stopwords+stemming,140,210,1042,64,,2,6,"what are the discontinuity stresses at junctions in pressurized structures"
false_negative,vector,stopwords+stemming,140,210,1041,59,,2,6,"what are the discontinuity stresses at junctions in pressurized structures"
false_negative,vector,stopwords+stemming,194,297,743,55,,2,6,"how can the analytical solution of the buckling strength of a uniform circular cylinder loaded in axial compression be refined so as to lower the buckling load"
false_negative,bm25(k1=1.2,b=0.75),stopwords+stemming,26,51,406,51,,2,6,"what is a single approximate formula for the displacement thickness of a laminar boundary layer in compressible flow on a flat plate"
false_negative,vector,stopwords+stemming,26,51,376,50,,2,6,"what is a single approximate formula for the displacement thickness of a laminar boundary layer in compressible flow on a flat plate"
false_negative,vector,stopwords+stemming,194,297,742,50,,2,6,"how can the analytical solution of the buckling strength of a uniform circular cylinder loaded in axial compression be refined so as to lower the buckling load"
false_negative,vector,stopwords+stemming,32,57,465,49,,2,6,"to find an approximate correction for thickness in slender thin-wing theory"
false_negative,bm25(k1=1.2,b=0.75),stopwords+stemming,148,218,889,45,,2,6,"papers on small deflection theory for buckling of sandwich cylinders"
false_negative,bm25(k1=1.2,b=0.75),stopwords+stemming,140,210,1041,44,,2,6,"what are the discontinuity stresses at junctions in pressurized structures"
false_negative,vector,stopwords+stemming,194,297,739,43,,2,6,"how can the analytical solution of the buckling strength of a uniform circular cylinder loaded in axial compression be refined so as to lower the buckling load"
false_negative,bm25(k1=1.2,b=0.75),stopwords+stemming,26,51,1076,42,,2,6,"what is a single approximate formula for the displacement thickness of a laminar boundary layer in compressible flow on a flat plate"
false_negative,bm25(k1=1.2,b=0.75),stopwords+stemming,194,297,743,39,,2,6,"how can the analytical solution of the buckling strength of a uniform circular cylinder loaded in axial compression be refined so as to lower the buckling load"
false_negative,bm25(k1=1.2,b=0.75),stopwords+stemming,194,297,742,35,,2,6,"how can the analytical solution of the buckling strength of a uniform circular cylinder loaded in axial compression be refined so as to lower the buckling load"
false_negative,bm25(k1=1.2,b=0.75),stopwords+stemming,89,137,794,27,,2,6,"how is the flow at transonic speeds about a delta wing different from that on a closely-related tapered sweptback wing"
false_negative,vector,stopwords+stemming,89,137,794,24,,2,6,"how is the flow at transonic speeds about a delta wing different from that on a closely-related tapered sweptback wing"
false_negative,vector,stopwords+stemming,194,297,740,21,,2,6,"how can the analytical solution of the buckling strength of a uniform circular cylinder loaded in axial compression be refined so as to lower the buckling load"
false_negative,vector,stopwords+stemming,74,116,576,19,,2,6,"how significant is the possible pressure of a dissociated free stream with respect to the realization of hypersonic simulation in high enthalpy wind tunnels"
false_negative,vector,stopwords+stemming,141,211,1044,19,,2,6,"what analytical solutions are available for stresses in edge-loaded shells of revolution"
false_negative,bm25(k1=1.2,b=0.75),stopwords+stemming,155,230,1100,19,,2,6,"technical report on measurement of ablation during flight"
false_negative,vector,stopwords+stemming,101,150,824,18,,2,6,"why does the incremental theory and the deformation theory of plastic stress-strain relationship differ greatly when applied to stability problems"
false_negative,bm25(k1=1.2,b=0.75),stopwords+stemming,141,211,1044,16,,2,6,"what analytical solutions are available for stresses in edge-loaded shells of revolution"
false_negative,bm25(k1=1.2,b=0.75),stopwords+stemming,194,297,739,16,,2,6,"how can the analytical solution of the buckling strength of a uniform circular cylinder loaded in axial compression be refined so as to lower the buckling load"
false_negative,bm25(k1=1.2,b=0.75),stopwords+stemming,101,150,824,15,,2,6,"why does the incremental theory and the deformation theory of plastic stress-strain relationship differ greatly when applied to stability problems"
false_negative,vector,stopwords+stemming,26,51,1076,13,,2,6,"what is a single approximate formula for the displacement thickness of a laminar boundary layer in compressible flow on a flat plate"
false_negative,vector,stopwords+stemming,170,257,139,13,,2,6,"why do users of orthodox pitot-static tubes often find that the calibrations appear to be - a significantly different from those formerly specified b wildly variable at low reynolds numbers"
false_negative,bm25(k1=1.2,b=0.75),stopwords+stemming,77,120,668,11,,2,6,"how close is the comparison of the shock layer theory with existing experiments in the low reynolds number merged-layer regime"
false_negative,bm25(k1=1.2,b=0.75),stopwords+stemming,170,257,139,11,,2,6,"why do users of orthodox pitot-static tubes often find that the calibrations appear to be - a significantly different from those formerly specified b wildly variable at low reynolds numbers"
false_negative,bm25(k1=1.2,b=0.75),stopwords+stemming,76,119,378,1095,,2,7,"how far can one trust the linear viscosity-temperature solution assumed in some of the analyses of hypersonic shock layer at low reynolds number"
false_negative,vector,stopwords+stemming,76,119,378,1039,,2,7,"how far can one trust the linear viscosity-temperature solution assumed in some of the analyses of hypersonic shock layer at low reynolds number"
false_negative,bm25(k1=1.2,b=0.75),stopwords+stemming,145,215,841,232,,2,7,"what are the best experimental data and classical small deflection theory analyses available for pressurized cylinders in bending"
false_negative,vector,stopwords+stemming,30,55,225,214,,2,7,"papers on flow visualization on slender conical wings"
false_negative,bm25(k1=1.2,b=0.75),stopwords+stemming,30,55,225,174,,2,7,"papers on flow visualization on slender conical wings"
false_negative,bm25(k1=1.2,b=0.75),stopwords+stemming,107,157,728,61,,2,7,"in summarizing theoretical and experimental work on the behaviour of a typical aircraft structure in a noise environment is it possible to develop a design procedure"
false_negative,bm25(k1=1.2,b=0.75),stopwords+stemming,30,55,514,55,,2,7,"papers on flow visualization on slender conical wings"
false_negative,vector,stopwords+stemming,107,157,728,42,,2,7,"in summarizing theoretical and experimental work on the behaviour of a typical aircraft structure in a noise environment is it possible to develop a design procedure"
false_negative,vector,stopwords+stemming,30,55,464,31,,2,7,"papers on flow visualization on slender conical wings"
false_negative,bm25(k1=1.2,b=0.75),stopwords+stemming,145,215,763,31,,2,7,"what are the best experimental data and classical small deflection theory analyses available for pressurized cylinders in bending"
false_negative,vector,stopwords+stemming,145,215,841,29,,2,7,"what are the best experimental data and classical small deflection theory analyses available for pressurized cylinders in bending"
false_negative,bm25(k1=1.2,b=0.75),stopwords+stemming,111,163,864,27,,2,7,"have the effects of an elastic edge restraint been considered in previous papers on panel flutter"
false_negative,bm25(k1=1.2,b=0.75),stopwords+stemming,111,163,391,25,,2,7,"have the effects of an elastic edge restraint been considered in previous papers on panel flutter"
false_negative,vector,stopwords+stemming,30,55,514,24,,2,7,"papers on flow visualization on slender conical wings"
false_negative,vector,stopwords+stemming,133,202,1019,23,,2,7,"experimental studies of creep buckling"
false_negative,vector,stopwords+stemming,133,202,1018,17,,2,7,"experimental studies of creep buckling"
false_negative,bm25(k1=1.2,b=0.75),stopwords+stemming,30,55,464,17,,2,7,"papers on flow visualization on slender conical wings"
false_negative,vector,stopwords+stemming,76,119,667,16,,2,7,"how far can one trust the linear viscosity-temperature solution assumed in some of the analyses of hypersonic shock layer at low reynolds number"
false_negative,bm25(k1=1.2,b=0.75),stopwords+stemming,111,163,15,15,,2,7,"have the effects of an elastic edge restraint been considered in previous papers on panel flutter"
false_negative,bm25(k1=1.2,b=0.75),stopwords+stemming,145,215,838,15,,2,7,"what are the best experimental data and classical small deflection theory analyses available for pressurized cylinders in bending"
false_negative,vector,stopwords+stemming,111,163,15,14,,2,7,"have the effects of an elastic edge restraint been considered in previous papers on panel flutter"
false_negative,vector,stopwords+stemming,71,112,1355,,,2,8,"experimental results on hypersonic viscous interaction"
false_negative,vector,stopwords+stemming,199,303,1060,,,2,8,"have non-linear large deflection analyses been conducted for shell shapes other than conical"
false_negative,bm25(k1=1.2,b=0.75),stopwords+stemming,71,112,1355,,,2,8,"experimental results on hypersonic viscous interaction"
false_negative,bm25(k1=1.2,b=0.75),stopwords+stemming,199,303,1060,,,2,8,"have non-linear large deflection analyses been conducted for shell shapes other than conical"
false_negative,vector,stopwords+stemming,166,252,40,742,,2,8,"are there experimental results on the stability of a compressible boundary layer induced by a moving wave"
false_negative,bm25(k1=1.2,b=0.75),stopwords+stemming,87,135,611,736,,2,8,"what effect has the boundary layer in modifying the basic inviscid flow behind the shock neglecting effects of leading edge and corner"
false_negative,vector,stopwords+stemming,166,252,41,695,,2,8,"are there experimental results on the stability of a compressible boundary layer induced by a moving wave"
false_negative,vector,stopwords+stemming,87,135,611,671,,2,8,"what effect has the boundary layer in modifying the basic inviscid flow behind the shock neglecting effects of leading edge and corner"
false_negative,bm25(k1=1.2,b=0.75),stopwords+stemming,166,252,41,661,,2,8,"are there experimental results on the stability of a compressible boundary layer induced by a moving wave"
false_negative,vector,stopwords+stemming,166,252,272,580,,2,8,"are there experimental results on the stability of a compressible boundary layer induced by a moving wave"
false_negative,bm25(k1=1.2,b=0.75),stopwords+stemming,166,252,40,573,,2,8,"are there experimental results on the stability of a compressible boundary layer induced by a moving wave"
false_negative,bm25(k1=1.2,b=0.75),stopwords+stemming,166,252,272,325,,2,8,"are there experimental results on the stability of a compressible boundary layer induced by a moving wave"
false_negative,vector,stopwords+stemming,166,252,74,307,,2,8,"are there experimental results on the stability of a compressible boundary layer induced by a moving wave"
false_negative,bm25(k1=1.2,b=0.75),stopwords+stemming,199,303,1056,283,,2,8,"have non-linear large deflection analyses been conducted for shell shapes other than conical"
false_negative,bm25(k1=1.2,b=0.75),stopwords+stemming,87,135,606,275,,2,8,"what effect has the boundary layer in modifying the basic inviscid flow behind the shock neglecting effects of leading edge and corner"
false_negative,bm25(k1=1.2,b=0.75),stopwords+stemming,166,252,74,238,,2,8,"are there experimental results on the stability of a compressible boundary layer induced by a moving wave"
false_negative,vector,stopwords+stemming,199,303,1056,235,,2,8,"have non-linear large deflection analyses been conducted for shell shapes other than conical"
false_negative,vector,stopwords+stemming,87,135,606,191,,2,8,"what effect has the boundary layer in modifying the basic inviscid flow behind the shock neglecting effects of leading edge and corner"
false_negative,bm25(k1=1.2,b=0.75),stopwords+stemming,166,252,418,111,,2,8,"are there experimental results on the stability of a compressible boundary layer induced by a moving wave"
false_negative,bm25(k1=1.2,b=0.75),stopwords+stemming,199,303,743,98,,2,8,"have non-linear large deflection analyses been conducted for shell shapes other than conical"
false_negative,vector,stopwords+stemming,166,252,170,94,,2,8,"are there experimental results on the stability of a compressible boundary layer induced by a moving wave"
false_negative,vector,stopwords+stemming,166,252,418,89,,2,8,"are there experimental results on the stability of a compressible boundary layer induced by a moving wave"
false_negative,vector,stopwords+stemming,10,18,259,77,,2,8,"are real-gas transport properties for air available over a wide range of enthalpies and densities"
false_negative,vector,stopwords+stemming,166,252,1264,57,,2,8,"are there experimental results on the stability of a compressible boundary layer induced by a moving wave"
false_negative,bm25(k1=1.2,b=0.75),stopwords+stemming,199,303,1054,46,,2,8,"have non-linear large deflection analyses been conducted for shell shapes other than conical"
false_negative,vector,stopwords+stemming,199,303,743,44,,2,8,"have non-linear large deflection analyses been conducted for shell shapes other than conical"
false_negative,vector,stopwords+stemming,158,233,552,42,,2,8,"what are the available properties of high-temperature air"
false_negative,bm25(k1=1.2,b=0.75),stopwords+stemming,166,252,170,33,,2,8,"are there experimental results on the stability of a compressible boundary layer induced by a moving wave"
false_negative,bm25(k1=1.2,b=0.75),stopwords+stemming,10,18,259,31,,2,8,"are real-gas transport properties for air available over a wide range of enthalpies and densities"
false_negative,bm25(k1=1.2,b=0.75),stopwords+stemming,158,233,552,29,,2,8,"what are the available properties of high-temperature air"
false_negative,bm25(k1=1.2,b=0.75),stopwords+stemming,131,200,1014,22,,2,8,"what agreement is found between theoretically predicted instability times and experimentally measured collapse times for compressed columns in creep"
false_negative,bm25(k1=1.2,b=0.75),stopwords+stemming,166,252,1264,22,,2,8,"are there experimental results on the stability of a compressible boundary layer induced by a moving wave"
false_negative,vector,stopwords+stemming,131,200,1020,20,,2,8,"what agreement is found between theoretically predicted instability times and experimentally measured collapse times for compressed columns in creep"
false_negative,bm25(k1=1.2,b=0.75),stopwords+stemming,162,246,461,18,,2,8,"what accurate or exact solutions of the laminar separation point for various incompressible and compressible boundary layers with zero heat transfer are available"
false_negative,vector,stopwords+stemming,166,252,207,17,,2,8,"are there experimental results on the stability of a compressible boundary layer induced by a moving wave"
false_negative,vector,stopwords+stemming,131,200,1014,14,,2,8,"what agreement is found between theoretically predicted instability times and experimentally measured collapse times for compressed columns in creep"
false_negative,bm25(k1=1.2,b=0.75),stopwords+stemming,131,200,1020,14,,2,8,"what agreement is found between theoretically predicted instability times and experimentally measured collapse times for compressed columns in creep"
false_negative,vector,stopwords+stemming,122,177,932,532,,2,9,"what analytical investigations have been made of the stability of conical shells how do the results compare with experiment"
false_negative,bm25(k1=1.2,b=0.75),stopwords+stemming,122,177,932,481,,2,9,"what analytical investigations have been made of the stability of conical shells how do the results compare with experiment"
false_negative,bm25(k1=1.2,b=0.75),stopwords+stemming,19,34,67,423,,2,9,"does there exist a good basic treatment of the dynamics of re-entry combining consideration of realistic effects with relative simplicity of results"
false_negative,vector,stopwords+stemming,100,149,821,390,,2,9,"what are the effects of initial imperfections on the elastic buckling of cylindrical shells under axial compression"
false_negative,bm25(k1=1.2,b=0.75),stopwords+stemming,100,149,821,388,,2,9,"what are the effects of initial imperfections on the elastic buckling of cylindrical shells under axial compression"
false_negative,vector,stopwords+stemming,120,175,829,362,,2,9,"are previous analyses of circumferential thermal buckling of circular cylindrical shells unnecessarily involved or even inaccurate due to the assumed forms of buckling mode"
false_negative,vector,stopwords+stemming,19,34,67,308,,2,9,"does there exist a good basic treatment of the dynamics of re-entry combining consideration of realistic effects with relative simplicity of results"
false_negative,bm25(k1=1.2,b=0.75),stopwords+stemming,120,175,829,298,,2,9,"are previous analyses of circumferential thermal buckling of circular cylindrical shells unnecessarily involved or even inaccurate due to the assumed forms of buckling mode"
false_negative,vector,stopwords+stemming,19,34,164,211,,2,9,"does there exist a good basic treatment of the dynamics of re-entry combining consideration of realistic effects with relative simplicity of results"
false_negative,bm25(k1=1.2,b=0.75),stopwords+stemming,189,292,866,195,,2,9,"is there a design method for calculating thermal fatigue endurances of components of various types and sizes in a variety of circumstances"
false_negative,bm25(k1=1.2,b=0.75),stopwords+stemming,19,34,164,186,,2,9,"does there exist a good basic treatment of the dynamics of re-entry combining consideration of realistic effects with relative simplicity of results"
false_negative,bm25(k1=1.2,b=0.75),stopwords+stemming,29,54,609,179,,2,9,"what is the effect of cross sectional shape on the flow over simple delta wings with sharp leading edges"
false_negative,bm25(k1=1.2,b=0.75),stopwords+stemming,19,34,32,173,,2,9,"does there exist a good basic treatment of the dynamics of re-entry combining consideration of realistic effects with relative simplicity of results"
false_negative,vector,stopwords+stemming,189,292,869,145,,2,9,"is there a design method for calculating thermal fatigue endurances of components of various types and sizes in a variety of circumstances"
false_negative,vector,stopwords+stemming,19,34,32,142,,2,9,"does there exist a good basic treatment of the dynamics of re-entry combining consideration of realistic effects with relative simplicity of results"
false_negative,bm25(k1=1.2,b=0.75),stopwords+stemming,37,66,188,120,,2,9,"are there any theoretical methods for predicting base pressure"
false_negative,bm25(k1=1.2,b=0.75),stopwords+stemming,122,177,936,99,,2,9,"what analytical investigations have been made of the stability of conical shells how do the results compare with experiment"
false_negative,vector,stopwords+stemming,189,292,866,81,,2,9,"is there a design method for calculating thermal fatigue endurances of components of various types and sizes in a variety of circumstances"
false_negative,bm25(k1=1.2,b=0.75),stopwords+stemming,122,177,937,80,,2,9,"what analytical investigations have been made of the stability of conical shells how do the results compare with experiment"
false_negative,vector,stopwords+stemming,29,54,609,70,,2,9,"what is the effect of cross sectional shape on the flow over simple delta wings with sharp leading edges"
false_negative,vector,stopwords+stemming,37,66,188,70,,2,9,"are there any theoretical methods for predicting base pressure"
false_negative,bm25(k1=1.2,b=0.75),stopwords+stemming,189,292,869,67,,2,9,"is there a design method for calculating thermal fatigue endurances of components of various types and sizes in a variety of circumstances"
false_negative,vector,stopwords+stemming,37,66,173,62,,2,9,"are there any theoretical methods for predicting base pressure"
false_negative,vector,stopwords+stemming,122,177,937,50,,2,9,"what analytical investigations have been made of the stability of conical shells how do the results compare with experiment"
false_negative,vector,stopwords+stemming,122,177,936,45,,2,9,"what analytical investigations have been made of the stability of conical shells how do the results compare with experiment"
false_negative,bm25(k1=1.2,b=0.75),stopwords+stemming,100,149,824,42,,2,9,"what are the effects of initial imperfections on the elastic buckling of cylindrical shells under axial compression"
false_negative,bm25(k1=1.2,b=0.75),stopwords+stemming,37,66,173,41,,2,9,"are there any theoretical methods for predicting base pressure"
false_negative,vector,stopwords+stemming,100,149,824,40,,2,9,"what are the effects of initial imperfections on the elastic buckling of cylindrical shells under axial compression"
false_negative,vector,stopwords+stemming,189,292,395,37,,2,9,"is there a design method for calculating thermal fatigue endurances of components of various types and sizes in a variety of circumstances"
false_negative,bm25(k1=1.2,b=0.75),stopwords+stemming,91,139,801,25,,2,9,"what interference effects are likely at transonic speeds"
false_negative,bm25(k1=1.2,b=0.75),stopwords+stemming,189,292,395,22,,2,9,"is there a design method for calculating thermal fatigue endurances of components of various types and sizes in a variety of circumstances"
false_negative,vector,stopwords+stemming,91,139,801,20,,2,9,"what interference effects are likely at transonic speeds"
false_negative,bm25(k1=1.2,b=0.75),stopwords+stemming,122,177,938,19,,2,9,"what analytical investigations have been made of the stability of conical shells how do the results compare with experiment"
false_negative,vector,stopwords+stemming,185,284,859,14,,2,9,"experimental studies on panel flutter"
false_negative,bm25(k1=1.2,b=0.75),stopwords+stemming,29,54,514,13,,2,9,"what is the effect of cross sectional shape on the flow over simple delta wings with sharp leading edges"
false_negative,vector,stopwords+stemming,51,86,381,559,,2,10,"what is the available information pertaining to boundary layers on very slender bodies of revolution in continuum flow the transverse curvature effect"
false_negative,vector,stopwords+stemming,38,67,554,550,,2,10,"does transition in the hypersonic wake depend on body geometry and size"
false_negative,bm25(k1=1.2,b=0.75),stopwords+stemming,38,67,554,548,,2,10,"does transition in the hypersonic wake depend on body geometry and size"
false_negative,bm25(k1=1.2,b=0.75),stopwords+stemming,70,111,568,528,,2,10,"previous solutions to the boundary layer similarity equations"
false_negative,vector,stopwords+stemming,70,111,568,509,,2,10,"previous solutions to the boundary layer similarity equations"
false_negative,vector,stopwords+stemming,38,67,555,503,,2,10,"does transition in the hypersonic wake depend on body geometry and size"
false_negative,bm25(k1=1.2,b=0.75),stopwords+stemming,51,86,381,483,,2,10,"what is the available information pertaining to boundary layers on very slender bodies of revolution in continuum flow the transverse curvature effect"
false_negative,bm25(k1=1.2,b=0.75),stopwords+stemming,38,67,555,477,,2,10,"does transition in the hypersonic wake depend on body geometry and size"
false_negative,vector,stopwords+stemming,38,67,552,293,,2,10,"does transition in the hypersonic wake depend on body geometry and size"
false_negative,bm25(k1=1.2,b=0.75),stopwords+stemming,38,67,552,215,,2,10,"does transition in the hypersonic wake depend on body geometry and size"
false_negative,vector,stopwords+stemming,38,67,283,191,,2,10,"does transition in the hypersonic wake depend on body geometry and size"
false_negative,bm25(k1=1.2,b=0.75),stopwords+stemming,56,97,380,184,,2,10,"to what extent can readily available steady-state aerodynamic data be utilized to predict lifting-surface flutter characteristics"
false_negative,bm25(k1=1.2,b=0.75),stopwords+stemming,38,67,283,145,,2,10,"does transition in the hypersonic wake depend on body geometry and size"
false_negative,vector,stopwords+stemming,56,97,380,99,,2,10,"to what extent can readily available steady-state aerodynamic data be utilized to predict lifting-surface flutter characteristics"
false_negative,vector,stopwords+stemming,51,86,629,70,,2,10,"what is the available information pertaining to boundary layers on very slender bodies of revolution in continuum flow the transverse curvature effect"
false_negative,vector,stopwords+stemming,38,67,553,64,,2,10,"does transition in the hypersonic wake depend on body geometry and size"
false_negative,bm25(k1=1.2,b=0.75),stopwords+stemming,70,111,570,56,,2,10,"previous solutions to the boundary layer similarity equations"
false_negative,vector,stopwords+stemming,38,67,24,42,,2,10,"does transition in the hypersonic wake depend on body geometry and size"
false_negative,vector,stopwords+stemming,55,95,375,42,,2,10,"to what extent can the available information for incompressible boundary layers be applied to problems involving compressible boundary layers"
false_negative,bm25(k1=1.2,b=0.75),stopwords+stemming,51,86,629,41,,2,10,"what is the available information pertaining to boundary layers on very slender bodies of revolution in continuum flow the transverse curvature effect"
false_negative,vector,stopwords+stemming,70,111,570,38,,2,10,"previous solutions to the boundary layer similarity equations"
false_negative,bm25(k1=1.2,b=0.75),stopwords+stemming,38,67,553,37,,2,10,"does transition in the hypersonic wake depend on body geometry and size"
false_negative,vector,stopwords+stemming,51,86,105,31,,2,10,"what is the available information pertaining to boundary layers on very slender bodies of revolution in continuum flow the transverse curvature effect"
false_negative,bm25(k1=1.2,b=0.75),stopwords+stemming,38,67,24,31,,2,10,"does transition in the hypersonic wake depend on body geometry and size"
false_negative,vector,stopwords+stemming,38,67,556,26,,2,10,"does transition in the hypersonic wake depend on body geometry and size"
false_negative,bm25(k1=1.2,b=0.75),stopwords+stemming,55,95,375,26,,2,10,"to what extent can the available information for incompressible boundary layers be applied to problems involving compressible boundary layers"
false_negative,vector,stopwords+stemming,55,95,562,22,,2,10,"to what extent can the available information for incompressible boundary layers be applied to problems involving compressible boundary layers"
false_negative,vector,stopwords+stemming,55,95,16,21,,2,10,"to what extent can the available information for incompressible boundary layers be applied to problems involving compressible boundary layers"
false_negative,bm25(k1=1.2,b=0.75),stopwords+stemming,38,67,556,18,,2,10,"does transition in the hypersonic wake depend on body geometry and size"
false_negative,bm25(k1=1.2,b=0.75),stopwords+stemming,55,95,16,18,,2,10,"to what extent can the available information for incompressible boundary layers be applied to problems involving compressible boundary layers"
false_negative,bm25(k1=1.2,b=0.75),stopwords+stemming,51,86,105,15,,2,10,"what is the available information pertaining to boundary layers on very slender bodies of revolution in continuum flow the transverse curvature effect"
false_negative,bm25(k1=1.2,b=0.75),stopwords+stemming,55,95,562,12,,2,10,"to what extent can the available information for incompressible boundary layers be applied to problems involving compressible boundary layers"
false_negative,vector,stopwords+stemming,84,131,406,156,,2,11,"references on the methods available for accurately estimating aerodynamic heat transfer to conical bodies for both laminar and turbulent flow"
false_negative,bm25(k1=1.2,b=0.75),stopwords+stemming,84,131,406,114,,2,11,"references on the methods available for accurately estimating aerodynamic heat transfer to conical bodies for both laminar and turbulent flow"
false_negative,bm25(k1=1.2,b=0.75),stopwords+stemming,188,291,721,97,,2,11,"what theoretical and experimental work has been done on the excitation and response of typical structures in a noise environment"
false_negative,vector,stopwords+stemming,188,291,721,86,,2,11,"what theoretical and experimental work has been done on the excitation and response of typical structures in a noise environment"
false_negative,vector,stopwords+stemming,213,336,889,52,,2,11,"what is the effect on cylinder buckling of a circumferential stress system that varies in the axial direction"
false_negative,vector,stopwords+stemming,48,83,439,49,,2,11,"what controls leading-edge attachment at transonic speeds"
false_negative,bm25(k1=1.2,b=0.75),stopwords+stemming,213,336,889,46,,2,11,"what is the effect on cylinder buckling of a circumferential stress system that varies in the axial direction"
false_negative,vector,stopwords+stemming,211,333,891,41,,2,11,"what papers are available on the buckling of empty cylindrical shells under non-uniform pressure"
false_negative,bm25(k1=1.2,b=0.75),stopwords+stemming,188,291,723,37,,2,11,"what theoretical and experimental work has been done on the excitation and response of typical structures in a noise environment"
false_negative,vector,stopwords+stemming,84,131,606,36,,2,11,"references on the methods available for accurately estimating aerodynamic heat transfer to conical bodies for both laminar and turbulent flow"
false_negative,vector,stopwords+stemming,188,291,723,35,,2,11,"what theoretical and experimental work has been done on the excitation and response of typical structures in a noise environment"
false_negative,bm25(k1=1.2,b=0.75),stopwords+stemming,84,131,606,33,,2,11,"references on the methods available for accurately estimating aerodynamic heat transfer to conical bodies for both laminar and turbulent flow"
false_negative,vector,stopwords+stemming,188,291,728,30,,2,11,"what theoretical and experimental work has been done on the excitation and response of typical structures in a noise environment"
false_negative,vector,stopwords+stemming,211,333,1172,30,,2,11,"what papers are available on the buckling of empty cylindrical shells under non-uniform pressure"
false_negative,bm25(k1=1.2,b=0.75),stopwords+stemming,188,291,728,28,,2,11,"what theoretical and experimental work has been done on the excitation and response of typical structures in a noise environment"
false_negative,bm25(k1=1.2,b=0.75),stopwords+stemming,48,83,439,25,,2,11,"what controls leading-edge attachment at transonic speeds"
false_negative,bm25(k1=1.2,b=0.75),stopwords+stemming,211,333,1172,25,,2,11,"what papers are available on the buckling of empty cylindrical shells under non-uniform pressure"
false_negative,bm25(k1=1.2,b=0.75),stopwords+stemming,211,333,891,22,,2,11,"what papers are available on the buckling of empty cylindrical shells under non-uniform pressure"
false_negative,vector,stopwords+stemming,188,291,729,19,,2,11,"what theoretical and experimental work has been done on the excitation and response of typical structures in a noise environment"
false_negative,vector,stopwords+stemming,188,291,911,11,,2,11,"what theoretical and experimental work has been done on the excitation and response of typical structures in a noise environment"
false_negative,bm25(k1=1.2,b=0.75),stopwords+stemming,188,291,729,11,,2,11,"what theoretical and experimental work has been done on the excitation and response of typical structures in a noise environment"
false_negative,vector,stopwords+stemming,40,69,555,,,2,12,"how can one detect transition phenomena in hypersonic wakes"
false_negative,vector,stopwords+stemming,40,69,554,,,2,12,"how can one detect transition phenomena in hypersonic wakes"
false_negative,vector,stopwords+stemming,40,69,283,,,2,12,"how can one detect transition phenomena in hypersonic wakes"
false_negative,bm25(k1=1.2,b=0.75),stopwords+stemming,40,69,555,,,2,12,"how can one detect transition phenomena in hypersonic wakes"
false_negative,bm25(k1=1.2,b=0.75),stopwords+stemming,40,69,554,,,2,12,"how can one detect transition phenomena in hypersonic wakes"
false_negative,bm25(k1=1.2,b=0.75),stopwords+stemming,40,69,283,,,2,12,"how can one detect transition phenomena in hypersonic wakes"
false_negative,vector,stopwords+stemming,196,299,874,820,,2,12,"the problem of similarity for representative investigation of aeroelastic effects in a flow with the absence of heating effects"
false_negative,bm25(k1=1.2,b=0.75),stopwords+stemming,196,299,874,687,,2,12,"the problem of similarity for representative investigation of aeroelastic effects in a flow with the absence of heating effects"
false_negative,vector,stopwords+stemming,209,331,1356,655,,2,12,"what are the physical significance and characteristics of separated laminar and turbulent boundary layer flows"
false_negative,bm25(k1=1.2,b=0.75),stopwords+stemming,196,299,185,648,,2,12,"the problem of similarity for representative investigation of aeroelastic effects in a flow with the absence of heating effects"
false_negative,vector,stopwords+stemming,196,299,876,635,,2,12,"the problem of similarity for representative investigation of aeroelastic effects in a flow with the absence of heating effects"
false_negative,vector,stopwords+stemming,196,299,185,627,,2,12,"the problem of similarity for representative investigation of aeroelastic effects in a flow with the absence of heating effects"
false_negative,bm25(k1=1.2,b=0.75),stopwords+stemming,209,331,1356,567,,2,12,"what are the physical significance and characteristics of separated laminar and turbulent boundary layer flows"
false_negative,bm25(k1=1.2,b=0.75),stopwords+stemming,196,299,876,550,,2,12,"the problem of similarity for representative investigation of aeroelastic effects in a flow with the absence of heating effects"
false_negative,bm25(k1=1.2,b=0.75),stopwords+stemming,40,69,553,448,,2,12,"how can one detect transition phenomena in hypersonic wakes"
false_negative,vector,stopwords+stemming,40,69,553,398,,2,12,"how can one detect transition phenomena in hypersonic wakes"
false_negative,vector,stopwords+stemming,209,331,1351,320,,2,12,"what are the physical significance and characteristics of separated laminar and turbulent boundary layer flows"
false_negative,bm25(k1=1.2,b=0.75),stopwords+stemming,209,331,1351,245,,2,12,"what are the physical significance and characteristics of separated laminar and turbulent boundary layer flows"
false_negative,vector,stopwords+stemming,40,69,24,157,,2,12,"how can one detect transition phenomena in hypersonic wakes"
false_negative,vector,stopwords+stemming,40,69,556,150,,2,12,"how can one detect transition phenomena in hypersonic wakes"
false_negative,bm25(k1=1.2,b=0.75),stopwords+stemming,40,69,556,125,,2,12,"how can one detect transition phenomena in hypersonic wakes"
false_negative,vector,stopwords+stemming,40,69,552,103,,2,12,"how can one detect transition phenomena in hypersonic wakes"
false_negative,bm25(k1=1.2,b=0.75),stopwords+stemming,40,69,552,99,,2,12,"how can one detect transition phenomena in hypersonic wakes"
false_negative,bm25(k1=1.2,b=0.75),stopwords+stemming,40,69,24,79,,2,12,"how can one detect transition phenomena in hypersonic wakes"
false_negative,bm25(k1=1.2,b=0.75),stopwords+stemming,45,80,570,27,,2,12,"has anyone investigated the effect of surface mass transfer on hypersonic viscous interactions"
false_negative,vector,stopwords+stemming,196,299,51,21,,2,12,"the problem of similarity for representative investigation of aeroelastic effects in a flow with the absence of heating effects"
false_negative,vector,stopwords+stemming,39,68,554,,,2,13,"how can one detect transition phenomena in boundary layers"
false_negative,vector,stopwords+stemming,39,68,283,,,2,13,"how can one detect transition phenomena in boundary layers"
false_negative,vector,stopwords+stemming,183,277,802,,,2,13,"what factors have been shown to have a primary influence on sonic boom strength"
false_negative,bm25(k1=1.2,b=0.75),stopwords+stemming,39,68,554,,,2,13,"how can one detect transition phenomena in boundary layers"
false_negative,bm25(k1=1.2,b=0.75),stopwords+stemming,39,68,283,,,2,13,"how can one detect transition phenomena in boundary layers"
false_negative,bm25(k1=1.2,b=0.75),stopwords+stemming,183,277,802,,,2,13,"what factors have been shown to have a primary influence on sonic boom strength"
false_negative,bm25(k1=1.2,b=0.75),stopwords+stemming,92,140,802,969,,2,13,"given complete freedom in the design of an airplane what procedure would be used in order to minimize sonic boom intensity and is there a limit to the degree of minimizing that can be accomplished"
false_negative,vector,stopwords+stemming,92,140,802,877,,2,13,"given complete freedom in the design of an airplane what procedure would be used in order to minimize sonic boom intensity and is there a limit to the degree of minimizing that can be accomplished"
false_negative,bm25(k1=1.2,b=0.75),stopwords+stemming,92,140,803,751,,2,13,"given complete freedom in the design of an airplane what procedure would be used in order to minimize sonic boom intensity and is there a limit to the degree of minimizing that can be accomplished"
false_negative,vector,stopwords+stemming,92,140,803,738,,2,13,"given complete freedom in the design of an airplane what procedure would be used in order to minimize sonic boom intensity and is there a limit to the degree of minimizing that can be accomplished"
false_negative,bm25(k1=1.2,b=0.75),stopwords+stemming,39,68,556,412,,2,13,"how can one detect transition phenomena in boundary layers"
false_negative,vector,stopwords+stemming,39,68,556,411,,2,13,"how can one detect transition phenomena in boundary layers"
false_negative,bm25(k1=1.2,b=0.75),stopwords+stemming,39,68,552,353,,2,13,"how can one detect transition phenomena in boundary layers"
false_negative,bm25(k1=1.2,b=0.75),stopwords+stemming,90,138,256,290,,2,13,"recent data on shock-induced boundary-layer separation"
false_negative,vector,stopwords+stemming,90,138,256,249,,2,13,"recent data on shock-induced boundary-layer separation"
false_negative,vector,stopwords+stemming,39,68,552,132,,2,13,"how can one detect transition phenomena in boundary layers"
false_negative,vector,stopwords+stemming,90,138,794,72,,2,13,"recent data on shock-induced boundary-layer separation"
false_negative,vector,stopwords+stemming,39,68,24,62,,2,13,"how can one detect transition phenomena in boundary layers"
false_negative,bm25(k1=1.2,b=0.75),stopwords+stemming,90,138,794,52,,2,13,"recent data on shock-induced boundary-layer separation"
false_negative,bm25(k1=1.2,b=0.75),stopwords+stemming,90,138,798,38,,2,13,"recent data on shock-induced boundary-layer separation"
false_negative,bm25(k1=1.2,b=0.75),stopwords+stemming,90,138,797,28,,2,13,"recent data on shock-induced boundary-layer separation"
false_negative,bm25(k1=1.2,b=0.75),stopwords+stemming,191,294,285,26,,2,13,"what is the criterion for true panel flutter as opposed to small amplitude vibration arising from acoustic disturbances"
false_negative,vector,stopwords+stemming,90,138,798,23,,2,13,"recent data on shock-induced boundary-layer separation"
false_negative,vector,stopwords+stemming,191,294,858,21,,2,13,"what is the criterion for true panel flutter as opposed to small amplitude vibration arising from acoustic disturbances"
false_negative,vector,stopwords+stemming,90,138,797,14,,2,13,"recent data on shock-induced boundary-layer separation"
false_negative,vector,stopwords+stemming,191,294,857,13,,2,13,"what is the criterion for true panel flutter as opposed to small amplitude vibration arising from acoustic disturbances"
false_negative,bm25(k1=1.2,b=0.75),stopwords+stemming,191,294,858,13,,2,13,"what is the criterion for true panel flutter as opposed to small amplitude vibration arising from acoustic disturbances"
false_negative,bm25(k1=1.2,b=0.75),stopwords+stemming,39,68,24,12,,2,13,"how can one detect transition phenomena in boundary layers"
false_negative,bm25(k1=1.2,b=0.75),stopwords+stemming,191,294,857,12,,2,13,"what is the criterion for true panel flutter as opposed to small amplitude vibration arising from acoustic disturbances"
false_negative,vector,stopwords+stemming,191,294,285,11,,2,13,"what is the criterion for true panel flutter as opposed to small amplitude vibration arising from acoustic disturbances"
false_negative,bm25(k1=1.2,b=0.75),stopwords+stemming,202,314,1110,219,,2,14,"how accurate are existing analytical theories in estimating pressure distributions on cones at incidence at hypersonic speeds"
false_negative,vector,stopwords+stemming,204,316,572,203,,2,14,"do viscous effects seriously modify pressure distributions"
false_negative,bm25(k1=1.2,b=0.75),stopwords+stemming,204,316,572,147,,2,14,"do viscous effects seriously modify pressure distributions"
false_negative,vector,stopwords+stemming,202,314,1110,144,,2,14,"how accurate are existing analytical theories in estimating pressure distributions on cones at incidence at hypersonic speeds"
false_negative,vector,stopwords+stemming,47,82,572,87,,2,14,"what are the existing solutions for hypersonic viscous interactions over an insulated flat plate"
false_negative,bm25(k1=1.2,b=0.75),stopwords+stemming,202,314,1304,77,,2,14,"how accurate are existing analytical theories in estimating pressure distributions on cones at incidence at hypersonic speeds"
false_negative,bm25(k1=1.2,b=0.75),stopwords+stemming,57,98,380,76,,2,14,"what are the significant steady and non-steady flow characteristics which affect the flutter mechanism"
false_negative,vector,stopwords+stemming,57,98,380,59,,2,14,"what are the significant steady and non-steady flow characteristics which affect the flutter mechanism"
false_negative,vector,stopwords+stemming,202,314,1304,54,,2,14,"how accurate are existing analytical theories in estimating pressure distributions on cones at incidence at hypersonic speeds"
false_negative,bm25(k1=1.2,b=0.75),stopwords+stemming,47,82,572,51,,2,14,"what are the existing solutions for hypersonic viscous interactions over an insulated flat plate"
false_negative,vector,stopwords+stemming,212,335,889,48,,2,14,"what effect do thermal stresses have on the compressive buckling strength of ring-stiffened cylinders"
false_negative,bm25(k1=1.2,b=0.75),stopwords+stemming,212,335,889,42,,2,14,"what effect do thermal stresses have on the compressive buckling strength of ring-stiffened cylinders"
false_negative,vector,stopwords+stemming,202,314,1303,38,,2,14,"how accurate are existing analytical theories in estimating pressure distributions on cones at incidence at hypersonic speeds"
false_negative,bm25(k1=1.2,b=0.75),stopwords+stemming,202,314,1303,32,,2,14,"how accurate are existing analytical theories in estimating pressure distributions on cones at incidence at hypersonic speeds"
false_negative,vector,stopwords+stemming,47,82,306,26,,2,14,"what are the existing solutions for hypersonic viscous interactions over an insulated flat plate"
false_negative,vector,stopwords+stemming,47,82,307,23,,2,14,"what are the existing solutions for hypersonic viscous interactions over an insulated flat plate"
false_negative,vector,stopwords+stemming,47,82,309,22,,2,14,"what are the existing solutions for hypersonic viscous interactions over an insulated flat plate"
false_negative,vector,stopwords+stemming,156,231,274,22,,2,14,"what qualitative and quantitative material is available on ablation materials research"
false_negative,bm25(k1=1.2,b=0.75),stopwords+stemming,47,82,306,20,,2,14,"what are the existing solutions for hypersonic viscous interactions over an insulated flat plate"
false_negative,bm25(k1=1.2,b=0.75),stopwords+stemming,204,316,1311,17,,2,14,"do viscous effects seriously modify pressure distributions"
false_negative,bm25(k1=1.2,b=0.75),stopwords+stemming,47,82,307,15,,2,14,"what are the existing solutions for hypersonic viscous interactions over an insulated flat plate"
false_negative,bm25(k1=1.2,b=0.75),stopwords+stemming,156,231,274,15,,2,14,"what qualitative and quantitative material is available on ablation materials research"
false_negative,vector,stopwords+stemming,67,108,629,14,,2,14,"can series expansions be found for the boundary layer on a flat plate in a shear flow"
false_negative,bm25(k1=1.2,b=0.75),stopwords+stemming,67,108,629,12,,2,14,"can series expansions be found for the boundary layer on a flat plate in a shear flow"
false_negative,vector,stopwords+stemming,202,314,1309,11,,2,14,"how accurate are existing analytical theories in estimating pressure distributions on cones at incidence at hypersonic speeds"
false_negative,vector,stopwords+stemming,65,106,128,485,,2,15,"does the boundary layer on a flat plate in a shear flow induce a pressure gradient"
false_negative,bm25(k1=1.2,b=0.75),stopwords+stemming,65,106,128,326,,2,15,"does the boundary layer on a flat plate in a shear flow induce a pressure gradient"
false_negative,vector,stopwords+stemming,217,347,1258,227,,2,15,"has anyone investigated the effect of shock generated vorticity on heat transfer to a blunt body"
false_negative,bm25(k1=1.2,b=0.75),stopwords+stemming,217,347,1258,220,,2,15,"has anyone investigated the effect of shock generated vorticity on heat transfer to a blunt body"
false_negative,vector,stopwords+stemming,217,347,1394,60,,2,15,"has anyone investigated the effect of shock generated vorticity on heat transfer to a blunt body"
false_negative,bm25(k1=1.2,b=0.75),stopwords+stemming,217,347,1394,32,,2,15,"has anyone investigated the effect of shock generated vorticity on heat transfer to a blunt body"
false_negative,vector,stopwords+stemming,65,106,629,26,,2,15,"does the boundary layer on a flat plate in a shear flow induce a pressure gradient"
false_negative,vector,stopwords+stemming,65,106,2,24,,2,15,"does the boundary layer on a flat plate in a shear flow induce a pressure gradient"
false_negative,bm25(k1=1.2,b=0.75),stopwords+stemming,65,106,2,21,,2,15,"does the boundary layer on a flat plate in a shear flow induce a pressure gradient"
false_negative,bm25(k1=1.2,b=0.75),stopwords+stemming,65,106,629,19,,2,15,"does the boundary layer on a flat plate in a shear flow induce a pressure gradient"
false_negative,bm25(k1=1.2,b=0.75),stopwords+stemming,201,306,552,67,,2,16,"what are the nonequilibrium chemical constituents in the viscous shock layer ahead of a blunt re-entry vehicle"
false_negative,vector,stopwords+stemming,201,306,552,57,,2,16,"what are the nonequilibrium chemical constituents in the viscous shock layer ahead of a blunt re-entry vehicle"
false_negative,vector,stopwords+stemming,201,306,1296,17,,2,16,"what are the nonequilibrium chemical constituents in the viscous shock layer ahead of a blunt re-entry vehicle"
false_negative,vector,stopwords+stemming,72,113,21,970,,2,17,"what has been done about viscous interactions in relatively low reynolds number flows particularly at high mach numbers"
false_negative,bm25(k1=1.2,b=0.75),stopwords+stemming,72,113,21,831,,2,17,"what has been done about viscous interactions in relatively low reynolds number flows particularly at high mach numbers"
false_negative,bm25(k1=1.2,b=0.75),stopwords+stemming,72,113,324,686,,2,17,"what has been done about viscous interactions in relatively low reynolds number flows particularly at high mach numbers"
false_negative,vector,stopwords+stemming,72,113,324,437,,2,17,"what has been done about viscous interactions in relatively low reynolds number flows particularly at high mach numbers"
false_negative,bm25(k1=1.2,b=0.75),stopwords+stemming,125,183,972,117,,2,17,"jet interference with supersonic flow -dash experimental papers"
false_negative,vector,stopwords+stemming,125,183,969,70,,2,17,"jet interference with supersonic flow -dash experimental papers"
false_negative,bm25(k1=1.2,b=0.75),stopwords+stemming,125,183,969,61,,2,17,"jet interference with supersonic flow -dash experimental papers"
false_negative,vector,stopwords+stemming,125,183,972,54,,2,17,"jet interference with supersonic flow -dash experimental papers"
false_negative,vector,stopwords+stemming,125,183,174,37,,2,17,"jet interference with supersonic flow -dash experimental papers"
false_negative,bm25(k1=1.2,b=0.75),stopwords+stemming,125,183,174,35,,2,17,"jet interference with supersonic flow -dash experimental papers"
false_negative,bm25(k1=1.2,b=0.75),stopwords+stemming,125,183,971,26,,2,17,"jet interference with supersonic flow -dash experimental papers"
false_negative,vector,stopwords+stemming,125,183,970,12,,2,17,"jet interference with supersonic flow -dash experimental papers"
false_negative,vector,stopwords+stemming,72,113,630,11,,2,17,"what has been done about viscous interactions in relatively low reynolds number flows particularly at high mach numbers"
false_negative,vector,stopwords+stemming,221,353,1385,497,,2,18,"papers applicable to this problem calculation procedures for laminar incompressible flow with arbitrary pressure gradient"
false_negative,bm25(k1=1.2,b=0.75),stopwords+stemming,221,353,1385,422,,2,18,"papers applicable to this problem calculation procedures for laminar incompressible flow with arbitrary pressure gradient"
false_negative,bm25(k1=1.2,b=0.75),stopwords+stemming,219,349,1258,410,,2,18,"what are the general effects on flow fields when the reynolds number is small"
false_negative,vector,stopwords+stemming,219,349,1395,315,,2,18,"what are the general effects on flow fields when the reynolds number is small"
false_negative,vector,stopwords+stemming,219,349,667,298,,2,18,"what are the general effects on flow fields when the reynolds number is small"
false_negative,vector,stopwords+stemming,219,349,1258,293,,2,18,"what are the general effects on flow fields when the reynolds number is small"
false_negative,bm25(k1=1.2,b=0.75),stopwords+stemming,219,349,1395,260,,2,18,"what are the general effects on flow fields when the reynolds number is small"
false_negative,bm25(k1=1.2,b=0.75),stopwords+stemming,219,349,1394,235,,2,18,"what are the general effects on flow fields when the reynolds number is small"
false_negative,vector,stopwords+stemming,219,349,1394,215,,2,18,"what are the general effects on flow fields when the reynolds number is small"
false_negative,bm25(k1=1.2,b=0.75),stopwords+stemming,219,349,667,197,,2,18,"what are the general effects on flow fields when the reynolds number is small"
false_negative,bm25(k1=1.2,b=0.75),stopwords+stemming,221,353,1383,168,,2,18,"papers applicable to this problem calculation procedures for laminar incompressible flow with arbitrary pressure gradient"
false_negative,vector,stopwords+stemming,221,353,1383,151,,2,18,"papers applicable to this problem calculation procedures for laminar incompressible flow with arbitrary pressure gradient"
false_negative,vector,stopwords+stemming,221,353,155,144,,2,18,"papers applicable to this problem calculation procedures for laminar incompressible flow with arbitrary pressure gradient"
false_negative,bm25(k1=1.2,b=0.75),stopwords+stemming,221,353,155,122,,2,18,"papers applicable to this problem calculation procedures for laminar incompressible flow with arbitrary pressure gradient"
false_negative,bm25(k1=1.2,b=0.75),stopwords+stemming,219,349,666,103,,2,18,"what are the general effects on flow fields when the reynolds number is small"
false_negative,vector,stopwords+stemming,219,349,666,43,,2,18,"what are the general effects on flow fields when the reynolds number is small"
false_negative,vector,stopwords+stemming,220,352,1383,197,,2,19,"find a calculation procedure applicable to all incompressible laminar boundary layer flow problems having good accuracy and reasonable computation time"
false_negative,bm25(k1=1.2,b=0.75),stopwords+stemming,220,352,1383,183,,2,19,"find a calculation procedure applicable to all incompressible laminar boundary layer flow problems having good accuracy and reasonable computation time"
false_negative,vector,stopwords+stemming,220,352,1385,115,,2,19,"find a calculation procedure applicable to all incompressible laminar boundary layer flow problems having good accuracy and reasonable computation time"
false_negative,bm25(k1=1.2,b=0.75),stopwords+stemming,220,352,1385,44,,2,19,"find a calculation procedure applicable to all incompressible laminar boundary layer flow problems having good accuracy and reasonable computation time"
false_negative,vector,stopwords+stemming,73,114,578,1194,,2,20,"what role does the effect of chemical reaction particularly when out of equilibrium play in the similitude laws governing hypersonic flows over slender aerodynamic bodies"
false_negative,bm25(k1=1.2,b=0.75),stopwords+stemming,73,114,578,1170,,2,20,"what role does the effect of chemical reaction particularly when out of equilibrium play in the similitude laws governing hypersonic flows over slender aerodynamic bodies"
false_negative,vector,stopwords+stemming,73,114,625,11,,2,20,"what role does the effect of chemical reaction particularly when out of equilibrium play in the similitude laws governing hypersonic flows over slender aerodynamic bodies"
false_negative,vector,stopwords+stemming,225,365,1304,,,2,24,"what design factors can be used to control lift-drag ratios at mach numbers above 5"
false_negative,vector,stopwords+stemming,225,365,1305,,,2,24,"what design factors can be used to control lift-drag ratios at mach numbers above 5"
false_negative,bm25(k1=1.2,b=0.75),stopwords+stemming,225,365,1304,,,2,24,"what design factors can be used to control lift-drag ratios at mach numbers above 5"
false_negative,bm25(k1=1.2,b=0.75),stopwords+stemming,225,365,1305,,,2,24,"what design factors can be used to control lift-drag ratios at mach numbers above 5"
false_negative,vector,stopwords+stemming,225,365,1379,1027,,2,24,"what design factors can be used to control lift-drag ratios at mach numbers above 5"
false_negative,bm25(k1=1.2,b=0.75),stopwords+stemming,225,365,1379,989,,2,24,"what design factors can be used to control lift-drag ratios at mach numbers above 5"
false_negative,bm25(k1=1.2,b=0.75),stopwords+stemming,2,2,15,665,,2,24,"what are the structural and aeroelastic problems associated with flight of high speed aircraft"
false_negative,vector,stopwords+stemming,2,2,15,646,,2,24,"what are the structural and aeroelastic problems associated with flight of high speed aircraft"
false_negative,bm25(k1=1.2,b=0.75),stopwords+stemming,2,2,859,521,,2,24,"what are the structural and aeroelastic problems associated with flight of high speed aircraft"
false_negative,vector,stopwords+stemming,2,2,859,511,,2,24,"what are the structural and aeroelastic problems associated with flight of high speed aircraft"
false_negative,bm25(k1=1.2,b=0.75),stopwords+stemming,2,2,858,443,,2,24,"what are the structural and aeroelastic problems associated with flight of high speed aircraft"
false_negative,vector,stopwords+stemming,2,2,858,437,,2,24,"what are the structural and aeroelastic problems associated with flight of high speed aircraft"
false_negative,vector,stopwords+stemming,2,2,948,182,,2,24,"what are the structural and aeroelastic problems associated with flight of high speed aircraft"
false_negative,bm25(k1=1.2,b=0.75),stopwords+stemming,2,2,948,157,,2,24,"what are the structural and aeroelastic problems associated with flight of high speed aircraft"
false_negative,bm25(k1=1.2,b=0.75),stopwords+stemming,2,2,184,121,,2,24,"what are the structural and aeroelastic problems associated with flight of high speed aircraft"
false_negative,vector,stopwords+stemming,2,2,184,100,,2,24,"what are the structural and aeroelastic problems associated with flight of high speed aircraft"
false_negative,vector,stopwords+stemming,1,1,31,,,2,28,"what similarity laws must be obeyed when constructing aeroelastic models of heated high speed aircraft"
false_negative,bm25(k1=1.2,b=0.75),stopwords+stemming,1,1,31,,,2,28,"what similarity laws must be obeyed when constructing aeroelastic models of heated high speed aircraft"
false_negative,bm25(k1=1.2,b=0.75),stopwords+stemming,1,1,57,405,,2,28,"what similarity laws must be obeyed when constructing aeroelastic models of heated high speed aircraft"
false_negative,vector,stopwords+stemming,1,1,859,278,,2,28,"what similarity laws must be obeyed when constructing aeroelastic models of heated high speed aircraft"
false_negative,vector,stopwords+stemming,1,1,57,270,,2,28,"what similarity laws must be obeyed when constructing aeroelastic models of heated high speed aircraft"
false_negative,bm25(k1=1.2,b=0.75),stopwords+stemming,1,1,859,235,,2,28,"what similarity laws must be obeyed when constructing aeroelastic models of heated high speed aircraft"
false_negative,bm25(k1=1.2,b=0.75),stopwords+stemming,1,1,378,57,,2,28,"what similarity laws must be obeyed when constructing aeroelastic models of heated high speed aircraft"
false_negative,vector,stopwords+stemming,1,1,378,55,,2,28,"what similarity laws must be obeyed when constructing aeroelastic models of heated high speed aircraft"
false_negative,bm25(k1=1.2,b=0.75),stopwords+stemming,1,1,875,39,,2,28,"what similarity laws must be obeyed when constructing aeroelastic models of heated high speed aircraft"
false_negative,vector,stopwords+stemming,1,1,29,37,,2,28,"what similarity laws must be obeyed when constructing aeroelastic models of heated high speed aircraft"
false_negative,bm25(k1=1.2,b=0.75),stopwords+stemming,1,1,29,29,,2,28,"what similarity laws must be obeyed when constructing aeroelastic models of heated high speed aircraft"
false_negative,vector,stopwords+stemming,1,1,184,24,,2,28,"what similarity laws must be obeyed when constructing aeroelastic models of heated high speed aircraft"
false_negative,vector,stopwords+stemming,1,1,875,17,,2,28,"what similarity laws must be obeyed when constructing aeroelastic models of heated high speed aircraft"
false_negative,bm25(k1=1.2,b=0.75),stopwords+stemming,1,1,184,13,,2,28,"what similarity laws must be obeyed when constructing aeroelastic models of heated high speed aircraft"
false_negative,vector,stopwords+stemming,23,41,1256,,,2,32,"what progress has been made in research on unsteady aerodynamics"
false_negative,vector,stopwords+stemming,23,41,705,,,2,32,"what progress has been made in research on unsteady aerodynamics"
false_negative,vector,stopwords+stemming,23,41,687,,,2,32,"what progress has been made in research on unsteady aerodynamics"
false_negative,vector,stopwords+stemming,23,41,201,,,2,32,"what progress has been made in research on unsteady aerodynamics"
false_negative,bm25(k1=1.2,b=0.75),stopwords+stemming,23,41,1256,,,2,32,"what progress has been made in research on unsteady aerodynamics"
false_negative,bm25(k1=1.2,b=0.75),stopwords+stemming,23,41,705,,,2,32,"what progress has been made in research on unsteady aerodynamics"
false_negative,bm25(k1=1.2,b=0.75),stopwords+stemming,23,41,687,,,2,32,"what progress has been made in research on unsteady aerodynamics"
false_negative,bm25(k1=1.2,b=0.75),stopwords+stemming,23,41,201,,,2,32,"what progress has been made in research on unsteady aerodynamics"
false_negative,bm25(k1=1.2,b=0.75),stopwords+stemming,23,41,601,697,,2,32,"what progress has been made in research on unsteady aerodynamics"
false_negative,vector,stopwords+stemming,23,41,601,667,,2,32,"what progress has been made in research on unsteady aerodynamics"
false_negative,vector,stopwords+stemming,23,41,200,642,,2,32,"what progress has been made in research on unsteady aerodynamics"
false_negative,bm25(k1=1.2,b=0.75),stopwords+stemming,23,41,901,614,,2,32,"what progress has been made in research on unsteady aerodynamics"
false_negative,vector,stopwords+stemming,23,41,901,603,,2,32,"what progress has been made in research on unsteady aerodynamics"
false_negative,bm25(k1=1.2,b=0.75),stopwords+stemming,23,41,200,601,,2,32,"what progress has been made in research on unsteady aerodynamics"
false_negative,vector,stopwords+stemming,23,41,597,401,,2,32,"what progress has been made in research on unsteady aerodynamics"
false_negative,bm25(k1=1.2,b=0.75),stopwords+stemming,23,41,704,393,,2,32,"what progress has been made in research on unsteady aerodynamics"
false_negative,vector,stopwords+stemming,23,41,704,358,,2,32,"what progress has been made in research on unsteady aerodynamics"
false_negative,bm25(k1=1.2,b=0.75),stopwords+stemming,23,41,597,330,,2,32,"what progress has been made in research on unsteady aerodynamics"
false_negative,bm25(k1=1.2,b=0.75),stopwords+stemming,23,41,700,221,,2,32,"what progress has been made in research on unsteady aerodynamics"
false_negative,bm25(k1=1.2,b=0.75),stopwords+stemming,23,41,544,180,,2,32,"what progress has been made in research on unsteady aerodynamics"
false_negative,bm25(k1=1.2,b=0.75),stopwords+stemming,23,41,634,177,,2,32,"what progress has been made in research on unsteady aerodynamics"
false_negative,vector,stopwords+stemming,23,41,634,171,,2,32,"what progress has been made in research on unsteady aerodynamics"
false_negative,bm25(k1=1.2,b=0.75),stopwords+stemming,23,41,1141,151,,2,32,"what progress has been made in research on unsteady aerodynamics"
false_negative,vector,stopwords+stemming,23,41,544,147,,2,32,"what progress has been made in research on unsteady aerodynamics"
false_negative,vector,stopwords+stemming,23,41,700,81,,2,32,"what progress has been made in research on unsteady aerodynamics"
false_negative,vector,stopwords+stemming,23,41,1141,48,,2,32,"what progress has been made in research on unsteady aerodynamics"
false_negative,bm25(k1=1.2,b=0.75),stopwords+stemming,23,41,1112,47,,2,32,"what progress has been made in research on unsteady aerodynamics"
false_negative,vector,stopwords+stemming,23,41,1289,46,,2,32,"what progress has been made in research on unsteady aerodynamics"
false_negative,bm25(k1=1.2,b=0.75),stopwords+stemming,23,41,1197,42,,2,32,"what progress has been made in research on unsteady aerodynamics"
false_negative,bm25(k1=1.2,b=0.75),stopwords+stemming,23,41,1272,34,,2,32,"what progress has been made in research on unsteady aerodynamics"
false_negative,bm25(k1=1.2,b=0.75),stopwords+stemming,23,41,1109,30,,2,32,"what progress has been made in research on unsteady aerodynamics"
false_negative,vector,stopwords+stemming,23,41,1197,29,,2,32,"what progress has been made in research on unsteady aerodynamics"
false_negative,vector,stopwords+stemming,23,41,698,27,,2,32,"what progress has been made in research on unsteady aerodynamics"
false_negative,vector,stopwords+stemming,23,41,1112,26,,2,32,"what progress has been made in research on unsteady aerodynamics"
false_negative,vector,stopwords+stemming,23,41,1272,21,,2,32,"what progress has been made in research on unsteady aerodynamics"
false_negative,bm25(k1=1.2,b=0.75),stopwords+stemming,23,41,1289,18,,2,32,"what progress has been made in research on unsteady aerodynamics"
false_negative,bm25(k1=1.2,b=0.75),stopwords+stemming,23,41,698,16,,2,32,"what progress has been made in research on unsteady aerodynamics"
false_negative,bm25(k1=1.2,b=0.75),stopwords+stemming,23,41,1259,14,,2,32,"what progress has been made in research on unsteady aerodynamics"
false_negative,vector,stopwords+stemming,157,232,1106,547,,2,39,"have flow fields been calculated for blunt-nosed bodies and compared with experiment for a wide range of free stream conditions and body shapes"
false_negative,bm25(k1=1.2,b=0.75),stopwords+stemming,157,232,1106,450,,2,39,"have flow fields been calculated for blunt-nosed bodies and compared with experiment for a wide range of free stream conditions and body shapes"
false_negative,bm25(k1=1.2,b=0.75),stopwords+stemming,157,232,1107,310,,2,39,"have flow fields been calculated for blunt-nosed bodies and compared with experiment for a wide range of free stream conditions and body shapes"
false_negative,bm25(k1=1.2,b=0.75),stopwords+stemming,157,232,372,247,,2,39,"have flow fields been calculated for blunt-nosed bodies and compared with experiment for a wide range of free stream conditions and body shapes"
false_negative,vector,stopwords+stemming,157,232,1107,235,,2,39,"have flow fields been calculated for blunt-nosed bodies and compared with experiment for a wide range of free stream conditions and body shapes"
false_negative,vector,stopwords+stemming,157,232,372,211,,2,39,"have flow fields been calculated for blunt-nosed bodies and compared with experiment for a wide range of free stream conditions and body shapes"
false_negative,vector,stopwords+stemming,157,232,410,181,,2,39,"have flow fields been calculated for blunt-nosed bodies and compared with experiment for a wide range of free stream conditions and body shapes"
false_negative,bm25(k1=1.2,b=0.75),stopwords+stemming,157,232,410,173,,2,39,"have flow fields been calculated for blunt-nosed bodies and compared with experiment for a wide range of free stream conditions and body shapes"
false_negative,bm25(k1=1.2,b=0.75),stopwords+stemming,157,232,273,92,,2,39,"have flow fields been calculated for blunt-nosed bodies and compared with experiment for a wide range of free stream conditions and body shapes"
false_negative,bm25(k1=1.2,b=0.75),stopwords+stemming,157,232,1105,90,,2,39,"have flow fields been calculated for blunt-nosed bodies and compared with experiment for a wide range of free stream conditions and body shapes"
false_negative,vector,stopwords+stemming,157,232,273,87,,2,39,"have flow fields been calculated for blunt-nosed bodies and compared with experiment for a wide range of free stream conditions and body shapes"
false_negative,vector,stopwords+stemming,157,232,1105,64,,2,39,"have flow fields been calculated for blunt-nosed bodies and compared with experiment for a wide range of free stream conditions and body shapes"
false_negative,vector,stopwords+stemming,157,232,1151,34,,2,39,"have flow fields been calculated for blunt-nosed bodies and compared with experiment for a wide range of free stream conditions and body shapes"
false_negative,vector,stopwords+stemming,157,232,626,29,,2,39,"have flow fields been calculated for blunt-nosed bodies and compared with experiment for a wide range of free stream conditions and body shapes"
false_negative,bm25(k1=1.2,b=0.75),stopwords+stemming,157,232,1151,16,,2,39,"have flow fields been calculated for blunt-nosed bodies and compared with experiment for a wide range of free stream conditions and body shapes"
false_negative,vector,stopwords+stemming,103,153,828,,,3,2,"is the information on the buckling of sandwich sphere available"
false_negative,bm25(k1=1.2,b=0.75),stopwords+stemming,103,153,828,,,3,2,"is the information on the buckling of sandwich sphere available"
false_negative,vector,stopwords+stemming,128,189,990,397,,3,2,"has anyone programmed a pump design method for a high-speed digital computer"
false_negative,bm25(k1=1.2,b=0.75),stopwords+stemming,28,53,279,386,,3,2,"what application has the linear theory design of curved wings"
false_negative,bm25(k1=1.2,b=0.75),stopwords+stemming,128,189,990,380,,3,2,"has anyone programmed a pump design method for a high-speed digital computer"
false_negative,vector,stopwords+stemming,28,53,224,346,,3,2,"what application has the linear theory design of curved wings"
false_negative,bm25(k1=1.2,b=0.75),stopwords+stemming,28,53,224,306,,3,2,"what application has the linear theory design of curved wings"
false_negative,vector,stopwords+stemming,28,53,279,240,,3,2,"what application has the linear theory design of curved wings"
false_negative,vector,stopwords+stemming,17,32,196,121,,3,2,"can the three-dimensional problem of a transverse potential flow about a body of revolution be reduced to a two-dimensional problem"
false_negative,bm25(k1=1.2,b=0.75),stopwords+stemming,117,170,605,115,,3,2,"is there any information on how the addition of a boat-tail affects the normal force on the body of various angles of incidence"
false_negative,bm25(k1=1.2,b=0.75),stopwords+stemming,17,32,196,102,,3,2,"can the three-dimensional problem of a transverse potential flow about a body of revolution be reduced to a two-dimensional problem"
false_negative,vector,stopwords+stemming,117,170,605,84,,3,2,"is there any information on how the addition of a boat-tail affects the normal force on the body of various angles of incidence"
false_negative,vector,stopwords+stemming,112,164,731,56,,3,2,"has the solution of the clamped plate problem in the classical theory of bending been reduced to two successive membrane boundary value problems"
false_negative,bm25(k1=1.2,b=0.75),stopwords+stemming,103,153,826,51,,3,2,"is the information on the buckling of sandwich sphere available"
false_negative,vector,stopwords+stemming,103,153,826,47,,3,2,"is the information on the buckling of sandwich sphere available"
false_negative,vector,stopwords+stemming,128,189,985,43,,3,2,"has anyone programmed a pump design method for a high-speed digital computer"
false_negative,vector,stopwords+stemming,123,181,967,40,,3,2,"has any work been done on determining the nature of compressible viscous flow in a straight channel"
false_negative,bm25(k1=1.2,b=0.75),stopwords+stemming,4,8,236,38,,3,2,"can a criterion be developed to show empirically the validity of flow solutions for chemically reacting gas mixtures based on the simplifying assumption of instantaneous local chemical equilibrium"
false_negative,bm25(k1=1.2,b=0.75),stopwords+stemming,123,181,967,35,,3,2,"has any work been done on determining the nature of compressible viscous flow in a straight channel"
false_negative,vector,stopwords+stemming,4,8,236,30,,3,2,"can a criterion be developed to show empirically the validity of flow solutions for chemically reacting gas mixtures based on the simplifying assumption of instantaneous local chemical equilibrium"
false_negative,bm25(k1=1.2,b=0.75),stopwords+stemming,128,189,985,24,,3,2,"has anyone programmed a pump design method for a high-speed digital computer"
false_negative,bm25(k1=1.2,b=0.75),stopwords+stemming,112,164,731,16,,3,2,"has the solution of the clamped plate problem in the classical theory of bending been reduced to two successive membrane boundary value problems"
false_negative,vector,stopwords+stemming,167,253,82,13,,3,2,"exact solution methods for calculating the ablative mass loss of a material ablating at high temperatures in a hypersonic flight environment"
false_negative,vector,stopwords+stemming,44,79,436,,,3,3,"what are the details of the rigorous kinetic theory of gases chapman-enskog theory"
false_negative,vector,stopwords+stemming,44,79,302,,,3,3,"what are the details of the rigorous kinetic theory of gases chapman-enskog theory"
false_negative,bm25(k1=1.2,b=0.75),stopwords+stemming,44,79,436,,,3,3,"what are the details of the rigorous kinetic theory of gases chapman-enskog theory"
false_negative,bm25(k1=1.2,b=0.75),stopwords+stemming,44,79,302,,,3,3,"what are the details of the rigorous kinetic theory of gases chapman-enskog theory"
false_negative,vector,stopwords+stemming,206,321,1340,700,,3,3,"how do subsonic and transonic flutter data measured in the new langley transonic dynamics tunnel compare with similar data obtained in other facilities"
false_negative,bm25(k1=1.2,b=0.75),stopwords+stemming,206,321,1340,504,,3,3,"how do subsonic and transonic flutter data measured in the new langley transonic dynamics tunnel compare with similar data obtained in other facilities"
false_negative,vector,stopwords+stemming,27,52,428,192,,3,3,"how is the design of ring or part ring wings by linear theory affected by thickness"
false_negative,vector,stopwords+stemming,163,247,20,151,,3,3,"can the hypersonic similarity results be applied to the technique of predicting surface pressures of an ogive forebody at angle of attack"
false_negative,vector,stopwords+stemming,63,104,564,119,,3,3,"where can i find pressure data on surfaces of swept cylinders"
false_negative,vector,stopwords+stemming,24,49,92,108,,3,3,"what are the factors which influence the time required to invert large structural matrices"
false_negative,bm25(k1=1.2,b=0.75),stopwords+stemming,63,104,564,107,,3,3,"where can i find pressure data on surfaces of swept cylinders"
false_negative,vector,stopwords+stemming,16,31,196,104,,3,3,"can the transverse potential flow about a body of revolution be calculated efficiently by an electronic computer"
false_negative,bm25(k1=1.2,b=0.75),stopwords+stemming,27,52,428,101,,3,3,"how is the design of ring or part ring wings by linear theory affected by thickness"
false_negative,vector,stopwords+stemming,195,298,743,95,,3,3,"in the problem of the buckling strength of uniform circular cylinders loaded in axial compression does the linear solution help with improving the non-linear one"
false_negative,bm25(k1=1.2,b=0.75),stopwords+stemming,118,171,925,77,,3,3,"what are the aerodynamic interference effects on the fin lift and body lift of a fin-body combination"
false_negative,bm25(k1=1.2,b=0.75),stopwords+stemming,195,298,743,77,,3,3,"in the problem of the buckling strength of uniform circular cylinders loaded in axial compression does the linear solution help with improving the non-linear one"
false_negative,vector,stopwords+stemming,27,52,278,73,,3,3,"how is the design of ring or part ring wings by linear theory affected by thickness"
false_negative,bm25(k1=1.2,b=0.75),stopwords+stemming,16,31,196,73,,3,3,"can the transverse potential flow about a body of revolution be calculated efficiently by an electronic computer"
false_negative,vector,stopwords+stemming,63,104,566,59,,3,3,"where can i find pressure data on surfaces of swept cylinders"
false_negative,vector,stopwords+stemming,195,298,742,58,,3,3,"in the problem of the buckling strength of uniform circular cylinders loaded in axial compression does the linear solution help with improving the non-linear one"
false_negative,bm25(k1=1.2,b=0.75),stopwords+stemming,27,52,278,57,,3,3,"how is the design of ring or part ring wings by linear theory affected by thickness"
false_negative,bm25(k1=1.2,b=0.75),stopwords+stemming,163,247,20,57,,3,3,"can the hypersonic similarity results be applied to the technique of predicting surface pressures of an ogive forebody at angle of attack"
false_negative,vector,stopwords+stemming,35,61,132,50,,3,3,"are there any papers dealing with acoustic wave propagation in reacting gases"
false_negative,bm25(k1=1.2,b=0.75),stopwords+stemming,24,49,92,50,,3,3,"what are the factors which influence the time required to invert large structural matrices"
false_negative,bm25(k1=1.2,b=0.75),stopwords+stemming,63,104,566,43,,3,3,"where can i find pressure data on surfaces of swept cylinders"
false_negative,bm25(k1=1.2,b=0.75),stopwords+stemming,195,298,742,36,,3,3,"in the problem of the buckling strength of uniform circular cylinders loaded in axial compression does the linear solution help with improving the non-linear one"
false_negative,vector,stopwords+stemming,33,58,252,35,,3,3,"how do interference-free longitudinal stability measurements made using free-flight models compare with similar measurements made in a low-blockage wind tunnel"
false_negative,bm25(k1=1.2,b=0.75),stopwords+stemming,35,61,132,34,,3,3,"are there any papers dealing with acoustic wave propagation in reacting gases"
false_negative,vector,stopwords+stemming,118,171,925,32,,3,3,"what are the aerodynamic interference effects on the fin lift and body lift of a fin-body combination"
false_negative,bm25(k1=1.2,b=0.75),stopwords+stemming,197,300,883,14,,3,3,"how is fatigue damage estimated using the normal long-hand method"
false_negative,bm25(k1=1.2,b=0.75),stopwords+stemming,33,58,252,13,,3,3,"how do interference-free longitudinal stability measurements made using free-flight models compare with similar measurements made in a low-blockage wind tunnel"
false_negative,bm25(k1=1.2,b=0.75),stopwords+stemming,78,121,590,12,,3,3,"has anyone explained the kink in the surge line of a multi-stage axial compressor"
false_negative,bm25(k1=1.2,b=0.75),stopwords+stemming,195,298,739,12,,3,3,"in the problem of the buckling strength of uniform circular cylinders loaded in axial compression does the linear solution help with improving the non-linear one"
false_negative,vector,stopwords+stemming,195,298,739,11,,3,3,"in the problem of the buckling strength of uniform circular cylinders loaded in axial compression does the linear solution help with improving the non-linear one"
false_negative,vector,stopwords+stemming,99,148,1001,,,3,4,"given that an uncontrolled vehicle will tumble as it enters an atmosphere is it possible to predict when and how it will stop tumbling and its subsequent motion"
false_negative,bm25(k1=1.2,b=0.75),stopwords+stemming,99,148,1001,,,3,4,"given that an uncontrolled vehicle will tumble as it enters an atmosphere is it possible to predict when and how it will stop tumbling and its subsequent motion"
false_negative,vector,stopwords+stemming,124,182,964,1100,,3,4,"in what areas other than low density wind tunnel flows is viscous compressible flow in slender channels a problem what analytical investigations have been made of the stability of conical shells how do the results compare with experiment"
false_negative,bm25(k1=1.2,b=0.75),stopwords+stemming,124,182,964,1010,,3,4,"in what areas other than low density wind tunnel flows is viscous compressible flow in slender channels a problem what analytical investigations have been made of the stability of conical shells how do the results compare with experiment"
false_negative,vector,stopwords+stemming,80,123,596,1000,,3,4,"are methods of measuring aerodynamic derivatives available which could be adopted for use in short running time facilities"
false_negative,bm25(k1=1.2,b=0.75),stopwords+stemming,80,123,596,981,,3,4,"are methods of measuring aerodynamic derivatives available which could be adopted for use in short running time facilities"
false_negative,bm25(k1=1.2,b=0.75),stopwords+stemming,85,132,606,804,,3,4,"what parameters can seriously influence natural transition from laminar to turbulent flow on a model in a wind tunnel"
false_negative,vector,stopwords+stemming,85,132,606,799,,3,4,"what parameters can seriously influence natural transition from laminar to turbulent flow on a model in a wind tunnel"
false_negative,bm25(k1=1.2,b=0.75),stopwords+stemming,124,182,965,760,,3,4,"in what areas other than low density wind tunnel flows is viscous compressible flow in slender channels a problem what analytical investigations have been made of the stability of conical shells how do the results compare with experiment"
false_negative,bm25(k1=1.2,b=0.75),stopwords+stemming,114,167,920,731,,3,4,"it is not likely that the airforces on a wing of general planform oscillating in transonic flow can be determined by purely analytical methods is it possible to determine the airforces on a single particular planform such as the rectangular one by such method"
false_negative,vector,stopwords+stemming,115,168,878,661,,3,4,"is the problem of similarity for representative investigations of aeroelastic effects in heated flow as intractable as previous investigations imply"
false_negative,vector,stopwords+stemming,124,182,965,644,,3,4,"in what areas other than low density wind tunnel flows is viscous compressible flow in slender channels a problem what analytical investigations have been made of the stability of conical shells how do the results compare with experiment"
false_negative,vector,stopwords+stemming,214,338,1363,626,,3,4,"can non-linear shallow shell analysis be reduced to an engineering technique by use of the matrix"
false_negative,bm25(k1=1.2,b=0.75),stopwords+stemming,214,338,1363,623,,3,4,"can non-linear shallow shell analysis be reduced to an engineering technique by use of the matrix"
false_negative,bm25(k1=1.2,b=0.75),stopwords+stemming,115,168,878,612,,3,4,"is the problem of similarity for representative investigations of aeroelastic effects in heated flow as intractable as previous investigations imply"
false_negative,bm25(k1=1.2,b=0.75),stopwords+stemming,113,165,749,435,,3,4,"what data exists on oscillatory aerodynamic forces on control surfaces at transonic mach numbers"
false_negative,bm25(k1=1.2,b=0.75),stopwords+stemming,59,100,787,356,,3,4,"how much is known about boundary layer flows along non-circular cylinders"
false_negative,vector,stopwords+stemming,114,167,921,327,,3,4,"it is not likely that the airforces on a wing of general planform oscillating in transonic flow can be determined by purely analytical methods is it possible to determine the airforces on a single particular planform such as the rectangular one by such method"
false_negative,vector,stopwords+stemming,21,39,414,279,,3,4,"why does the compressibility transformation fail to correlate the high speed data for helium and air"
false_negative,vector,stopwords+stemming,113,165,749,277,,3,4,"what data exists on oscillatory aerodynamic forces on control surfaces at transonic mach numbers"
false_negative,vector,stopwords+stemming,114,167,920,277,,3,4,"it is not likely that the airforces on a wing of general planform oscillating in transonic flow can be determined by purely analytical methods is it possible to determine the airforces on a single particular planform such as the rectangular one by such method"
false_negative,bm25(k1=1.2,b=0.75),stopwords+stemming,114,167,921,250,,3,4,"it is not likely that the airforces on a wing of general planform oscillating in transonic flow can be determined by purely analytical methods is it possible to determine the airforces on a single particular planform such as the rectangular one by such method"
false_negative,bm25(k1=1.2,b=0.75),stopwords+stemming,21,39,414,228,,3,4,"why does the compressibility transformation fail to correlate the high speed data for helium and air"
false_negative,bm25(k1=1.2,b=0.75),stopwords+stemming,80,123,598,197,,3,4,"are methods of measuring aerodynamic derivatives available which could be adopted for use in short running time facilities"
false_negative,vector,stopwords+stemming,179,272,683,178,,3,4,"has a theory of quasi-conical flows been developed in supersonic linearised theory for which the upwash distribution on the lifting surface apart from being a homogeneous function in the co-ordinate is permitted to have a quite general functional form"
false_negative,bm25(k1=1.2,b=0.75),stopwords+stemming,179,272,681,175,,3,4,"has a theory of quasi-conical flows been developed in supersonic linearised theory for which the upwash distribution on the lifting surface apart from being a homogeneous function in the co-ordinate is permitted to have a quite general functional form"
false_negative,vector,stopwords+stemming,6,10,115,158,,3,4,"what theoretical and experimental guides do we have as to turbulent couette flow behaviour"
false_negative,vector,stopwords+stemming,80,123,598,146,,3,4,"are methods of measuring aerodynamic derivatives available which could be adopted for use in short running time facilities"
false_negative,bm25(k1=1.2,b=0.75),stopwords+stemming,6,10,258,145,,3,4,"what theoretical and experimental guides do we have as to turbulent couette flow behaviour"
false_negative,vector,stopwords+stemming,59,100,787,129,,3,4,"how much is known about boundary layer flows along non-circular cylinders"
false_negative,bm25(k1=1.2,b=0.75),stopwords+stemming,179,272,683,128,,3,4,"has a theory of quasi-conical flows been developed in supersonic linearised theory for which the upwash distribution on the lifting surface apart from being a homogeneous function in the co-ordinate is permitted to have a quite general functional form"
false_negative,bm25(k1=1.2,b=0.75),stopwords+stemming,6,10,115,111,,3,4,"what theoretical and experimental guides do we have as to turbulent couette flow behaviour"
false_negative,vector,stopwords+stemming,179,272,681,107,,3,4,"has a theory of quasi-conical flows been developed in supersonic linearised theory for which the upwash distribution on the lifting surface apart from being a homogeneous function in the co-ordinate is permitted to have a quite general functional form"
false_negative,vector,stopwords+stemming,6,10,258,105,,3,4,"what theoretical and experimental guides do we have as to turbulent couette flow behaviour"
false_negative,bm25(k1=1.2,b=0.75),stopwords+stemming,110,161,31,79,,3,4,"can increasing the edge loading of a plate beyond the critical value for buckling change the buckling mode"
false_negative,vector,stopwords+stemming,113,165,746,73,,3,4,"what data exists on oscillatory aerodynamic forces on control surfaces at transonic mach numbers"
false_negative,vector,stopwords+stemming,5,9,1297,58,,3,4,"what chemical kinetic system is applicable to hypersonic aerodynamic problems"
false_negative,vector,stopwords+stemming,223,356,1392,53,,3,4,"papers on shear buckling of unstiffened rectangular plates under shear"
false_negative,bm25(k1=1.2,b=0.75),stopwords+stemming,5,9,1297,52,,3,4,"what chemical kinetic system is applicable to hypersonic aerodynamic problems"
false_negative,bm25(k1=1.2,b=0.75),stopwords+stemming,223,356,1392,45,,3,4,"papers on shear buckling of unstiffened rectangular plates under shear"
false_negative,bm25(k1=1.2,b=0.75),stopwords+stemming,137,206,951,39,,3,4,"have any analytical studies been conducted on the time-to-failure mechanism associated with creep collapse for a long circular cylindrical shell which exhibits both primary and secondary creep as well as elastic deformations under various distributed force systems"
false_negative,bm25(k1=1.2,b=0.75),stopwords+stemming,214,338,833,38,,3,4,"can non-linear shallow shell analysis be reduced to an engineering technique by use of the matrix"
false_negative,vector,stopwords+stemming,110,161,31,36,,3,4,"can increasing the edge loading of a plate beyond the critical value for buckling change the buckling mode"
false_negative,bm25(k1=1.2,b=0.75),stopwords+stemming,214,338,1361,35,,3,4,"can non-linear shallow shell analysis be reduced to an engineering technique by use of the matrix"
false_negative,vector,stopwords+stemming,214,338,833,32,,3,4,"can non-linear shallow shell analysis be reduced to an engineering technique by use of the matrix"
false_negative,bm25(k1=1.2,b=0.75),stopwords+stemming,113,165,746,27,,3,4,"what data exists on oscillatory aerodynamic forces on control surfaces at transonic mach numbers"
false_negative,vector,stopwords+stemming,59,100,785,21,,3,4,"how much is known about boundary layer flows along non-circular cylinders"
false_negative,vector,stopwords+stemming,214,338,1361,20,,3,4,"can non-linear shallow shell analysis be reduced to an engineering technique by use of the matrix"
false_negative,vector,stopwords+stemming,223,356,1387,16,,3,4,"papers on shear buckling of unstiffened rectangular plates under shear"
false_negative,vector,stopwords+stemming,99,148,1379,15,,3,4,"given that an uncontrolled vehicle will tumble as it enters an atmosphere is it possible to predict when and how it will stop tumbling and its subsequent motion"
false_negative,bm25(k1=1.2,b=0.75),stopwords+stemming,99,148,1379,15,,3,4,"given that an uncontrolled vehicle will tumble as it enters an atmosphere is it possible to predict when and how it will stop tumbling and its subsequent motion"
false_negative,bm25(k1=1.2,b=0.75),stopwords+stemming,178,269,590,14,,3,4,"has a criterion been established for determining the axial compressor choking line"
false_negative,bm25(k1=1.2,b=0.75),stopwords+stemming,59,100,785,13,,3,4,"how much is known about boundary layer flows along non-circular cylinders"
false_negative,vector,stopwords+stemming,137,206,951,11,,3,4,"have any analytical studies been conducted on the time-to-failure mechanism associated with creep collapse for a long circular cylindrical shell which exhibits both primary and secondary creep as well as elastic deformations under various distributed force systems"
false_negative,bm25(k1=1.2,b=0.75),stopwords+stemming,68,109,460,794,,3,5,"what possible techniques are available for computing the injection distribution corresponding to an isothermal transpiration cooled hemisphere"
false_negative,vector,stopwords+stemming,68,109,460,767,,3,5,"what possible techniques are available for computing the injection distribution corresponding to an isothermal transpiration cooled hemisphere"
false_negative,vector,stopwords+stemming,207,323,1340,710,,3,5,"how do large changes in new mass ratio quantitatively affect wing-flutter boundaries"
false_negative,bm25(k1=1.2,b=0.75),stopwords+stemming,207,323,1340,610,,3,5,"how do large changes in new mass ratio quantitatively affect wing-flutter boundaries"
false_negative,vector,stopwords+stemming,104,154,834,521,,3,5,"can the load deformation characteristics of a beam be obtained with the material being inelastic and a non uniform temperature being present"
false_negative,vector,stopwords+stemming,109,160,980,480,,3,5,"panels subjected to aerodynamic heating"
false_negative,bm25(k1=1.2,b=0.75),stopwords+stemming,109,160,980,477,,3,5,"panels subjected to aerodynamic heating"
false_negative,bm25(k1=1.2,b=0.75),stopwords+stemming,207,323,1341,399,,3,5,"how do large changes in new mass ratio quantitatively affect wing-flutter boundaries"
false_negative,vector,stopwords+stemming,207,323,1341,362,,3,5,"how do large changes in new mass ratio quantitatively affect wing-flutter boundaries"
false_negative,bm25(k1=1.2,b=0.75),stopwords+stemming,104,154,834,362,,3,5,"can the load deformation characteristics of a beam be obtained with the material being inelastic and a non uniform temperature being present"
false_negative,vector,stopwords+stemming,130,196,12,335,,3,5,"what are the flutter characteristics of the exposed skin panels of the x-15 vertical stabilizer when subjected to aerodynamic heating"
false_negative,bm25(k1=1.2,b=0.75),stopwords+stemming,79,122,598,305,,3,5,"have any aerodynamic derivatives been measured at hypersonic mach numbers and comparison been made with theoretical work"
false_negative,bm25(k1=1.2,b=0.75),stopwords+stemming,62,103,1078,262,,3,5,"how far around a cylinder and under what conditions of flow if any is the velocity just outside of the boundary layer a linear function of the distance around the cylinder"
false_negative,bm25(k1=1.2,b=0.75),stopwords+stemming,130,196,12,262,,3,5,"what are the flutter characteristics of the exposed skin panels of the x-15 vertical stabilizer when subjected to aerodynamic heating"
false_negative,bm25(k1=1.2,b=0.75),stopwords+stemming,75,118,378,238,,3,5,"do the discrepancies among current analyses of the vorticity effect on stagnation-point heat transfer result primarily from the differences in the viscosity-temperature law assumed"
false_negative,vector,stopwords+stemming,62,103,1078,225,,3,5,"how far around a cylinder and under what conditions of flow if any is the velocity just outside of the boundary layer a linear function of the distance around the cylinder"
false_negative,bm25(k1=1.2,b=0.75),stopwords+stemming,68,109,101,201,,3,5,"what possible techniques are available for computing the injection distribution corresponding to an isothermal transpiration cooled hemisphere"
false_negative,vector,stopwords+stemming,82,128,205,197,,3,5,"how do kuchemanns and multhopps methods for calculating lift distributions on swept wings in subsonic flow compare with each other and with experiment"
false_negative,vector,stopwords+stemming,79,122,598,193,,3,5,"have any aerodynamic derivatives been measured at hypersonic mach numbers and comparison been made with theoretical work"
false_negative,vector,stopwords+stemming,69,110,62,172,,3,5,"what is known regarding asymptotic solutions to the exact boundary layer equations"
false_negative,vector,stopwords+stemming,69,110,977,167,,3,5,"what is known regarding asymptotic solutions to the exact boundary layer equations"
false_negative,bm25(k1=1.2,b=0.75),stopwords+stemming,160,241,1138,160,,3,5,"compressive circumferential stresses in a torispherical shell reveal the possibility of buckling under internal pressure has anyone investigated for which ranges of shell parameters these stresses are sufficiently large to cause elastic buckling"
false_negative,vector,stopwords+stemming,68,109,101,151,,3,5,"what possible techniques are available for computing the injection distribution corresponding to an isothermal transpiration cooled hemisphere"
false_negative,bm25(k1=1.2,b=0.75),stopwords+stemming,82,128,205,151,,3,5,"how do kuchemanns and multhopps methods for calculating lift distributions on swept wings in subsonic flow compare with each other and with experiment"
false_negative,vector,stopwords+stemming,160,241,1138,149,,3,5,"compressive circumferential stresses in a torispherical shell reveal the possibility of buckling under internal pressure has anyone investigated for which ranges of shell parameters these stresses are sufficiently large to cause elastic buckling"
false_negative,vector,stopwords+stemming,160,241,1137,146,,3,5,"compressive circumferential stresses in a torispherical shell reveal the possibility of buckling under internal pressure has anyone investigated for which ranges of shell parameters these stresses are sufficiently large to cause elastic buckling"
false_negative,vector,stopwords+stemming,175,266,964,146,,3,5,"work on flow in channels at low reynolds numbers"
false_negative,bm25(k1=1.2,b=0.75),stopwords+stemming,104,154,833,145,,3,5,"can the load deformation characteristics of a beam be obtained with the material being inelastic and a non uniform temperature being present"
false_negative,bm25(k1=1.2,b=0.75),stopwords+stemming,66,107,180,139,,3,5,"can the procedure of matching inner and outer solutions for a viscous flow problem be applied when the main stream is a shear flow"
false_negative,vector,stopwords+stemming,66,107,660,134,,3,5,"can the procedure of matching inner and outer solutions for a viscous flow problem be applied when the main stream is a shear flow"
false_negative,vector,stopwords+stemming,75,118,378,131,,3,5,"do the discrepancies among current analyses of the vorticity effect on stagnation-point heat transfer result primarily from the differences in the viscosity-temperature law assumed"
false_negative,bm25(k1=1.2,b=0.75),stopwords+stemming,160,241,1137,127,,3,5,"compressive circumferential stresses in a torispherical shell reveal the possibility of buckling under internal pressure has anyone investigated for which ranges of shell parameters these stresses are sufficiently large to cause elastic buckling"
false_negative,bm25(k1=1.2,b=0.75),stopwords+stemming,69,110,977,115,,3,5,"what is known regarding asymptotic solutions to the exact boundary layer equations"
false_negative,bm25(k1=1.2,b=0.75),stopwords+stemming,75,118,324,112,,3,5,"do the discrepancies among current analyses of the vorticity effect on stagnation-point heat transfer result primarily from the differences in the viscosity-temperature law assumed"
false_negative,bm25(k1=1.2,b=0.75),stopwords+stemming,104,154,835,101,,3,5,"can the load deformation characteristics of a beam be obtained with the material being inelastic and a non uniform temperature being present"
false_negative,vector,stopwords+stemming,75,118,666,93,,3,5,"do the discrepancies among current analyses of the vorticity effect on stagnation-point heat transfer result primarily from the differences in the viscosity-temperature law assumed"
false_negative,vector,stopwords+stemming,109,160,12,93,,3,5,"panels subjected to aerodynamic heating"
false_negative,vector,stopwords+stemming,181,274,1061,90,,3,5,"jet interference with supersonic flows theoretical papers"
false_negative,bm25(k1=1.2,b=0.75),stopwords+stemming,116,169,360,89,,3,5,"what is the magnitude and distribution of lift over the cone and the cylindrical portion of a cone-cylinder configuration"
false_negative,bm25(k1=1.2,b=0.75),stopwords+stemming,69,110,62,87,,3,5,"what is known regarding asymptotic solutions to the exact boundary layer equations"
false_negative,bm25(k1=1.2,b=0.75),stopwords+stemming,68,109,62,84,,3,5,"what possible techniques are available for computing the injection distribution corresponding to an isothermal transpiration cooled hemisphere"
false_negative,bm25(k1=1.2,b=0.75),stopwords+stemming,75,118,666,83,,3,5,"do the discrepancies among current analyses of the vorticity effect on stagnation-point heat transfer result primarily from the differences in the viscosity-temperature law assumed"
false_negative,vector,stopwords+stemming,116,169,927,79,,3,5,"what is the magnitude and distribution of lift over the cone and the cylindrical portion of a cone-cylinder configuration"
false_negative,vector,stopwords+stemming,68,109,62,76,,3,5,"what possible techniques are available for computing the injection distribution corresponding to an isothermal transpiration cooled hemisphere"
false_negative,bm25(k1=1.2,b=0.75),stopwords+stemming,66,107,660,70,,3,5,"can the procedure of matching inner and outer solutions for a viscous flow problem be applied when the main stream is a shear flow"
false_negative,bm25(k1=1.2,b=0.75),stopwords+stemming,175,266,964,70,,3,5,"work on flow in channels at low reynolds numbers"
false_negative,bm25(k1=1.2,b=0.75),stopwords+stemming,109,160,12,67,,3,5,"panels subjected to aerodynamic heating"
false_negative,bm25(k1=1.2,b=0.75),stopwords+stemming,75,118,670,66,,3,5,"do the discrepancies among current analyses of the vorticity effect on stagnation-point heat transfer result primarily from the differences in the viscosity-temperature law assumed"
false_negative,vector,stopwords+stemming,75,118,670,63,,3,5,"do the discrepancies among current analyses of the vorticity effect on stagnation-point heat transfer result primarily from the differences in the viscosity-temperature law assumed"
false_negative,vector,stopwords+stemming,104,154,836,60,,3,5,"can the load deformation characteristics of a beam be obtained with the material being inelastic and a non uniform temperature being present"
false_negative,bm25(k1=1.2,b=0.75),stopwords+stemming,42,72,470,59,,3,5,"what is a criterion that the transonic flow around an airfoil with a round leading edge be validly analyzed by the linearized transonic flow theory"
false_negative,vector,stopwords+stemming,116,169,360,58,,3,5,"what is the magnitude and distribution of lift over the cone and the cylindrical portion of a cone-cylinder configuration"
false_negative,bm25(k1=1.2,b=0.75),stopwords+stemming,181,274,1061,58,,3,5,"jet interference with supersonic flows theoretical papers"
false_negative,vector,stopwords+stemming,104,154,835,57,,3,5,"can the load deformation characteristics of a beam be obtained with the material being inelastic and a non uniform temperature being present"
false_negative,bm25(k1=1.2,b=0.75),stopwords+stemming,116,169,927,56,,3,5,"what is the magnitude and distribution of lift over the cone and the cylindrical portion of a cone-cylinder configuration"
false_negative,bm25(k1=1.2,b=0.75),stopwords+stemming,175,266,965,56,,3,5,"work on flow in channels at low reynolds numbers"
false_negative,vector,stopwords+stemming,175,266,965,49,,3,5,"work on flow in channels at low reynolds numbers"
false_negative,bm25(k1=1.2,b=0.75),stopwords+stemming,106,156,849,49,,3,5,"experimental techniques in shell vibration"
false_negative,bm25(k1=1.2,b=0.75),stopwords+stemming,82,128,679,47,,3,5,"how do kuchemanns and multhopps methods for calculating lift distributions on swept wings in subsonic flow compare with each other and with experiment"
false_negative,vector,stopwords+stemming,66,107,180,46,,3,5,"can the procedure of matching inner and outer solutions for a viscous flow problem be applied when the main stream is a shear flow"
false_negative,vector,stopwords+stemming,42,72,470,45,,3,5,"what is a criterion that the transonic flow around an airfoil with a round leading edge be validly analyzed by the linearized transonic flow theory"
false_negative,bm25(k1=1.2,b=0.75),stopwords+stemming,104,154,836,41,,3,5,"can the load deformation characteristics of a beam be obtained with the material being inelastic and a non uniform temperature being present"
false_negative,vector,stopwords+stemming,82,128,679,40,,3,5,"how do kuchemanns and multhopps methods for calculating lift distributions on swept wings in subsonic flow compare with each other and with experiment"
false_negative,bm25(k1=1.2,b=0.75),stopwords+stemming,66,107,659,40,,3,5,"can the procedure of matching inner and outer solutions for a viscous flow problem be applied when the main stream is a shear flow"
false_negative,vector,stopwords+stemming,7,12,58,39,,3,5,"is it possible to relate the available pressure distributions for an ogive forebody at zero angle of attack to the lower surface pressures of an equivalent ogive forebody at angle of attack"
false_negative,bm25(k1=1.2,b=0.75),stopwords+stemming,190,293,864,39,,3,5,"will an analysis of panel flutter based on arbitrarily assumed modes of deformation prove satisfactory and if so what is the minimum number of modes that need be considered"
false_negative,vector,stopwords+stemming,109,160,606,37,,3,5,"panels subjected to aerodynamic heating"
false_negative,bm25(k1=1.2,b=0.75),stopwords+stemming,109,160,606,37,,3,5,"panels subjected to aerodynamic heating"
false_negative,vector,stopwords+stemming,66,107,659,36,,3,5,"can the procedure of matching inner and outer solutions for a viscous flow problem be applied when the main stream is a shear flow"
false_negative,vector,stopwords+stemming,151,224,1074,36,,3,5,"what is the best theoretical method for calculating pressure on the surface of a wing alone"
false_negative,vector,stopwords+stemming,104,154,833,30,,3,5,"can the load deformation characteristics of a beam be obtained with the material being inelastic and a non uniform temperature being present"
false_negative,bm25(k1=1.2,b=0.75),stopwords+stemming,7,12,58,30,,3,5,"is it possible to relate the available pressure distributions for an ogive forebody at zero angle of attack to the lower surface pressures of an equivalent ogive forebody at angle of attack"
false_negative,bm25(k1=1.2,b=0.75),stopwords+stemming,68,109,661,27,,3,5,"what possible techniques are available for computing the injection distribution corresponding to an isothermal transpiration cooled hemisphere"
false_negative,bm25(k1=1.2,b=0.75),stopwords+stemming,116,169,605,27,,3,5,"what is the magnitude and distribution of lift over the cone and the cylindrical portion of a cone-cylinder configuration"
false_negative,vector,stopwords+stemming,106,156,849,26,,3,5,"experimental techniques in shell vibration"
false_negative,bm25(k1=1.2,b=0.75),stopwords+stemming,151,224,1074,24,,3,5,"what is the best theoretical method for calculating pressure on the surface of a wing alone"
false_negative,vector,stopwords+stemming,116,169,605,21,,3,5,"what is the magnitude and distribution of lift over the cone and the cylindrical portion of a cone-cylinder configuration"
false_negative,bm25(k1=1.2,b=0.75),stopwords+stemming,62,103,1081,19,,3,5,"how far around a cylinder and under what conditions of flow if any is the velocity just outside of the boundary layer a linear function of the distance around the cylinder"
false_negative,vector,stopwords+stemming,61,102,1159,17,,3,5,"does there exist a closed-form expression for the local heat transfer around a yawed cylinder"
false_negative,vector,stopwords+stemming,68,109,661,17,,3,5,"what possible techniques are available for computing the injection distribution corresponding to an isothermal transpiration cooled hemisphere"
false_negative,vector,stopwords+stemming,62,103,1081,15,,3,5,"how far around a cylinder and under what conditions of flow if any is the velocity just outside of the boundary layer a linear function of the distance around the cylinder"
false_negative,vector,stopwords+stemming,79,122,597,15,,3,5,"have any aerodynamic derivatives been measured at hypersonic mach numbers and comparison been made with theoretical work"
false_negative,vector,stopwords+stemming,75,118,324,12,,3,5,"do the discrepancies among current analyses of the vorticity effect on stagnation-point heat transfer result primarily from the differences in the viscosity-temperature law assumed"
false_negative,vector,stopwords+stemming,106,156,846,12,,3,5,"experimental techniques in shell vibration"
false_negative,vector,stopwords+stemming,130,196,858,11,,3,5,"what are the flutter characteristics of the exposed skin panels of the x-15 vertical stabilizer when subjected to aerodynamic heating"
false_negative,bm25(k1=1.2,b=0.75),stopwords+stemming,177,268,772,11,,3,5,"what mode of stalling can be expected for each stage of an axial compressor"
false_negative,vector,stopwords+stemming,155,230,983,,,3,6,"technical report on measurement of ablation during flight"
false_negative,vector,stopwords+stemming,187,288,842,,,3,6,"has anyone analytically or experimentally investigated the effects of internal pressure on the buckling of circular-cylindrical shells under bending"
false_negative,bm25(k1=1.2,b=0.75),stopwords+stemming,155,230,983,,,3,6,"technical report on measurement of ablation during flight"
false_negative,bm25(k1=1.2,b=0.75),stopwords+stemming,187,288,842,,,3,6,"has anyone analytically or experimentally investigated the effects of internal pressure on the buckling of circular-cylindrical shells under bending"
false_negative,vector,stopwords+stemming,152,225,1077,1113,,3,6,"how can the effect of the boundary-layer on wing pressure be calculated and what is its magnitude"
false_negative,bm25(k1=1.2,b=0.75),stopwords+stemming,152,225,1077,1088,,3,6,"how can the effect of the boundary-layer on wing pressure be calculated and what is its magnitude"
false_negative,vector,stopwords+stemming,32,57,778,984,,3,6,"to find an approximate correction for thickness in slender thin-wing theory"
false_negative,bm25(k1=1.2,b=0.75),stopwords+stemming,32,57,778,923,,3,6,"to find an approximate correction for thickness in slender thin-wing theory"
false_negative,bm25(k1=1.2,b=0.75),stopwords+stemming,187,288,840,796,,3,6,"has anyone analytically or experimentally investigated the effects of internal pressure on the buckling of circular-cylindrical shells under bending"
false_negative,vector,stopwords+stemming,32,57,249,685,,3,6,"to find an approximate correction for thickness in slender thin-wing theory"
false_negative,bm25(k1=1.2,b=0.75),stopwords+stemming,152,225,572,662,,3,6,"how can the effect of the boundary-layer on wing pressure be calculated and what is its magnitude"
false_negative,vector,stopwords+stemming,187,288,840,651,,3,6,"has anyone analytically or experimentally investigated the effects of internal pressure on the buckling of circular-cylindrical shells under bending"
false_negative,vector,stopwords+stemming,152,225,572,636,,3,6,"how can the effect of the boundary-layer on wing pressure be calculated and what is its magnitude"
false_negative,bm25(k1=1.2,b=0.75),stopwords+stemming,32,57,249,629,,3,6,"to find an approximate correction for thickness in slender thin-wing theory"
false_negative,bm25(k1=1.2,b=0.75),stopwords+stemming,170,257,672,541,,3,6,"why do users of orthodox pitot-static tubes often find that the calibrations appear to be - a significantly different from those formerly specified b wildly variable at low reynolds numbers"
false_negative,vector,stopwords+stemming,170,257,672,522,,3,6,"why do users of orthodox pitot-static tubes often find that the calibrations appear to be - a significantly different from those formerly specified b wildly variable at low reynolds numbers"
false_negative,bm25(k1=1.2,b=0.75),stopwords+stemming,155,230,1104,399,,3,6,"technical report on measurement of ablation during flight"
false_negative,vector,stopwords+stemming,152,225,569,370,,3,6,"how can the effect of the boundary-layer on wing pressure be calculated and what is its magnitude"
false_negative,bm25(k1=1.2,b=0.75),stopwords+stemming,152,225,569,323,,3,6,"how can the effect of the boundary-layer on wing pressure be calculated and what is its magnitude"
false_negative,vector,stopwords+stemming,155,230,1104,316,,3,6,"technical report on measurement of ablation during flight"
false_negative,bm25(k1=1.2,b=0.75),stopwords+stemming,170,257,906,306,,3,6,"why do users of orthodox pitot-static tubes often find that the calibrations appear to be - a significantly different from those formerly specified b wildly variable at low reynolds numbers"
false_negative,vector,stopwords+stemming,32,57,777,293,,3,6,"to find an approximate correction for thickness in slender thin-wing theory"
false_negative,bm25(k1=1.2,b=0.75),stopwords+stemming,32,57,777,276,,3,6,"to find an approximate correction for thickness in slender thin-wing theory"
false_negative,vector,stopwords+stemming,43,74,775,269,,3,6,"can the transonic flow around an arbitrary smooth thin airfoil be analysed in a simple approximate way"
false_negative,bm25(k1=1.2,b=0.75),stopwords+stemming,152,225,655,184,,3,6,"how can the effect of the boundary-layer on wing pressure be calculated and what is its magnitude"
false_negative,bm25(k1=1.2,b=0.75),stopwords+stemming,43,74,775,168,,3,6,"can the transonic flow around an arbitrary smooth thin airfoil be analysed in a simple approximate way"
false_negative,vector,stopwords+stemming,152,225,655,131,,3,6,"how can the effect of the boundary-layer on wing pressure be calculated and what is its magnitude"
false_negative,vector,stopwords+stemming,210,332,1174,127,,3,6,"has anyone analytically investigated the stabilizing influence of soft elastic cores on the buckling strength of cylindrical shells subjected to non-uniform external pressure"
false_negative,bm25(k1=1.2,b=0.75),stopwords+stemming,210,332,1174,127,,3,6,"has anyone analytically investigated the stabilizing influence of soft elastic cores on the buckling strength of cylindrical shells subjected to non-uniform external pressure"
false_negative,bm25(k1=1.2,b=0.75),stopwords+stemming,148,218,843,99,,3,6,"papers on small deflection theory for buckling of sandwich cylinders"
false_negative,bm25(k1=1.2,b=0.75),stopwords+stemming,187,288,1045,99,,3,6,"has anyone analytically or experimentally investigated the effects of internal pressure on the buckling of circular-cylindrical shells under bending"
false_negative,vector,stopwords+stemming,170,257,906,89,,3,6,"why do users of orthodox pitot-static tubes often find that the calibrations appear to be - a significantly different from those formerly specified b wildly variable at low reynolds numbers"
false_negative,bm25(k1=1.2,b=0.75),stopwords+stemming,148,218,1046,81,,3,6,"papers on small deflection theory for buckling of sandwich cylinders"
false_negative,vector,stopwords+stemming,148,218,843,77,,3,6,"papers on small deflection theory for buckling of sandwich cylinders"
false_negative,vector,stopwords+stemming,141,211,1039,71,,3,6,"what analytical solutions are available for stresses in edge-loaded shells of revolution"
false_negative,bm25(k1=1.2,b=0.75),stopwords+stemming,161,245,336,63,,3,6,"is there an integral method to give a single and sufficiently accurate method of calculating the laminar separate point for various incompressible and compressible boundary layers with zero heat transfer"
false_negative,vector,stopwords+stemming,161,245,336,62,,3,6,"is there an integral method to give a single and sufficiently accurate method of calculating the laminar separate point for various incompressible and compressible boundary layers with zero heat transfer"
false_negative,bm25(k1=1.2,b=0.75),stopwords+stemming,141,211,1039,57,,3,6,"what analytical solutions are available for stresses in edge-loaded shells of revolution"
false_negative,bm25(k1=1.2,b=0.75),stopwords+stemming,144,214,841,57,,3,6,"can studies of pure membrane cylinders having no wall bending stiffness but maintaining their shape by virtue of internal pressure provide any insight into the behaviour of pressurized cylinders with finite wall stiffness"
false_negative,vector,stopwords+stemming,210,332,1173,52,,3,6,"has anyone analytically investigated the stabilizing influence of soft elastic cores on the buckling strength of cylindrical shells subjected to non-uniform external pressure"
false_negative,vector,stopwords+stemming,141,211,1042,45,,3,6,"what analytical solutions are available for stresses in edge-loaded shells of revolution"
false_negative,bm25(k1=1.2,b=0.75),stopwords+stemming,77,120,666,44,,3,6,"how close is the comparison of the shock layer theory with existing experiments in the low reynolds number merged-layer regime"
false_negative,bm25(k1=1.2,b=0.75),stopwords+stemming,34,59,714,43,,3,6,"have wind tunnel interference effects been investigated on a systematic basis"
false_negative,bm25(k1=1.2,b=0.75),stopwords+stemming,141,211,1042,40,,3,6,"what analytical solutions are available for stresses in edge-loaded shells of revolution"
false_negative,bm25(k1=1.2,b=0.75),stopwords+stemming,161,245,562,39,,3,6,"is there an integral method to give a single and sufficiently accurate method of calculating the laminar separate point for various incompressible and compressible boundary layers with zero heat transfer"
false_negative,vector,stopwords+stemming,148,218,1046,35,,3,6,"papers on small deflection theory for buckling of sandwich cylinders"
false_negative,bm25(k1=1.2,b=0.75),stopwords+stemming,148,218,1049,34,,3,6,"papers on small deflection theory for buckling of sandwich cylinders"
false_negative,vector,stopwords+stemming,34,59,800,33,,3,6,"have wind tunnel interference effects been investigated on a systematic basis"
false_negative,vector,stopwords+stemming,208,327,1346,33,,3,6,"what is the effect of the shape of the drag polar of a lifting spacecraft on the amount of reduction in maximum deceleration obtainable by continuously varying the aerodynamic coefficients during re-entry"
false_negative,vector,stopwords+stemming,74,116,575,32,,3,6,"how significant is the possible pressure of a dissociated free stream with respect to the realization of hypersonic simulation in high enthalpy wind tunnels"
false_negative,bm25(k1=1.2,b=0.75),stopwords+stemming,210,332,1173,32,,3,6,"has anyone analytically investigated the stabilizing influence of soft elastic cores on the buckling strength of cylindrical shells subjected to non-uniform external pressure"
false_negative,bm25(k1=1.2,b=0.75),stopwords+stemming,77,120,670,31,,3,6,"how close is the comparison of the shock layer theory with existing experiments in the low reynolds number merged-layer regime"
false_negative,vector,stopwords+stemming,89,137,797,30,,3,6,"how is the flow at transonic speeds about a delta wing different from that on a closely-related tapered sweptback wing"
false_negative,vector,stopwords+stemming,210,332,891,29,,3,6,"has anyone analytically investigated the stabilizing influence of soft elastic cores on the buckling strength of cylindrical shells subjected to non-uniform external pressure"
false_negative,bm25(k1=1.2,b=0.75),stopwords+stemming,74,116,575,29,,3,6,"how significant is the possible pressure of a dissociated free stream with respect to the realization of hypersonic simulation in high enthalpy wind tunnels"
false_negative,bm25(k1=1.2,b=0.75),stopwords+stemming,43,74,39,28,,3,6,"can the transonic flow around an arbitrary smooth thin airfoil be analysed in a simple approximate way"
false_negative,vector,stopwords+stemming,161,245,562,27,,3,6,"is there an integral method to give a single and sufficiently accurate method of calculating the laminar separate point for various incompressible and compressible boundary layers with zero heat transfer"
false_negative,vector,stopwords+stemming,34,59,714,26,,3,6,"have wind tunnel interference effects been investigated on a systematic basis"
false_negative,bm25(k1=1.2,b=0.75),stopwords+stemming,34,59,672,26,,3,6,"have wind tunnel interference effects been investigated on a systematic basis"
false_negative,bm25(k1=1.2,b=0.75),stopwords+stemming,210,332,891,26,,3,6,"has anyone analytically investigated the stabilizing influence of soft elastic cores on the buckling strength of cylindrical shells subjected to non-uniform external pressure"
false_negative,vector,stopwords+stemming,187,288,1045,22,,3,6,"has anyone analytically or experimentally investigated the effects of internal pressure on the buckling of circular-cylindrical shells under bending"
false_negative,vector,stopwords+stemming,43,74,39,18,,3,6,"can the transonic flow around an arbitrary smooth thin airfoil be analysed in a simple approximate way"
false_negative,vector,stopwords+stemming,77,120,666,16,,3,6,"how close is the comparison of the shock layer theory with existing experiments in the low reynolds number merged-layer regime"
false_negative,bm25(k1=1.2,b=0.75),stopwords+stemming,89,137,797,15,,3,6,"how is the flow at transonic speeds about a delta wing different from that on a closely-related tapered sweptback wing"
false_negative,vector,stopwords+stemming,34,59,799,13,,3,6,"have wind tunnel interference effects been investigated on a systematic basis"
false_negative,vector,stopwords+stemming,194,297,744,13,,3,6,"how can the analytical solution of the buckling strength of a uniform circular cylinder loaded in axial compression be refined so as to lower the buckling load"
false_negative,bm25(k1=1.2,b=0.75),stopwords+stemming,34,59,800,13,,3,6,"have wind tunnel interference effects been investigated on a systematic basis"
false_negative,bm25(k1=1.2,b=0.75),stopwords+stemming,208,327,1346,13,,3,6,"what is the effect of the shape of the drag polar of a lifting spacecraft on the amount of reduction in maximum deceleration obtainable by continuously varying the aerodynamic coefficients during re-entry"
false_negative,vector,stopwords+stemming,77,120,670,11,,3,6,"how close is the comparison of the shock layer theory with existing experiments in the low reynolds number merged-layer regime"
false_negative,vector,stopwords+stemming,144,214,841,11,,3,6,"can studies of pure membrane cylinders having no wall bending stiffness but maintaining their shape by virtue of internal pressure provide any insight into the behaviour of pressurized cylinders with finite wall stiffness"
false_negative,vector,stopwords+stemming,30,55,609,,,3,7,"papers on flow visualization on slender conical wings"
false_negative,vector,stopwords+stemming,153,226,1083,,,3,7,"how should the navier-stokes difference equations be solved"
false_negative,bm25(k1=1.2,b=0.75),stopwords+stemming,30,55,609,,,3,7,"papers on flow visualization on slender conical wings"
false_negative,bm25(k1=1.2,b=0.75),stopwords+stemming,153,226,1083,,,3,7,"how should the navier-stokes difference equations be solved"
false_negative,bm25(k1=1.2,b=0.75),stopwords+stemming,76,119,324,1081,,3,7,"how far can one trust the linear viscosity-temperature solution assumed in some of the analyses of hypersonic shock layer at low reynolds number"
false_negative,vector,stopwords+stemming,76,119,324,1055,,3,7,"how far can one trust the linear viscosity-temperature solution assumed in some of the analyses of hypersonic shock layer at low reynolds number"
false_negative,bm25(k1=1.2,b=0.75),stopwords+stemming,153,226,1084,280,,3,7,"how should the navier-stokes difference equations be solved"
false_negative,vector,stopwords+stemming,153,226,1084,237,,3,7,"how should the navier-stokes difference equations be solved"
false_negative,vector,stopwords+stemming,184,283,499,232,,3,7,"work on small-oscillation re-entry motions"
false_negative,bm25(k1=1.2,b=0.75),stopwords+stemming,184,283,499,230,,3,7,"work on small-oscillation re-entry motions"
false_negative,vector,stopwords+stemming,145,215,743,202,,3,7,"what are the best experimental data and classical small deflection theory analyses available for pressurized cylinders in bending"
false_negative,bm25(k1=1.2,b=0.75),stopwords+stemming,176,267,584,178,,3,7,"some approximate analytical heat conduction solutions using methods other than biots principle"
false_negative,vector,stopwords+stemming,129,190,984,157,,3,7,"has anyone derived simplified pump design equation from the fundamental three-dimensional equations for incompressible nonviscous flow"
false_negative,vector,stopwords+stemming,30,55,612,134,,3,7,"papers on flow visualization on slender conical wings"
false_negative,bm25(k1=1.2,b=0.75),stopwords+stemming,30,55,612,124,,3,7,"papers on flow visualization on slender conical wings"
false_negative,vector,stopwords+stemming,176,267,585,115,,3,7,"some approximate analytical heat conduction solutions using methods other than biots principle"
false_negative,bm25(k1=1.2,b=0.75),stopwords+stemming,129,190,984,109,,3,7,"has anyone derived simplified pump design equation from the fundamental three-dimensional equations for incompressible nonviscous flow"
false_negative,bm25(k1=1.2,b=0.75),stopwords+stemming,176,267,585,98,,3,7,"some approximate analytical heat conduction solutions using methods other than biots principle"
false_negative,vector,stopwords+stemming,76,119,329,97,,3,7,"how far can one trust the linear viscosity-temperature solution assumed in some of the analyses of hypersonic shock layer at low reynolds number"
false_negative,bm25(k1=1.2,b=0.75),stopwords+stemming,145,215,743,88,,3,7,"what are the best experimental data and classical small deflection theory analyses available for pressurized cylinders in bending"
false_negative,bm25(k1=1.2,b=0.75),stopwords+stemming,111,163,914,81,,3,7,"have the effects of an elastic edge restraint been considered in previous papers on panel flutter"
false_negative,bm25(k1=1.2,b=0.75),stopwords+stemming,180,273,619,81,,3,7,"how does scale height vary with altitude in an atmosphere"
false_negative,vector,stopwords+stemming,176,267,584,79,,3,7,"some approximate analytical heat conduction solutions using methods other than biots principle"
false_negative,bm25(k1=1.2,b=0.75),stopwords+stemming,129,190,990,79,,3,7,"has anyone derived simplified pump design equation from the fundamental three-dimensional equations for incompressible nonviscous flow"
false_negative,vector,stopwords+stemming,11,22,262,69,,3,7,"is it possible to find an analytical similar solution of the strong blast wave problem in the newtonian approximation"
false_negative,vector,stopwords+stemming,111,163,914,64,,3,7,"have the effects of an elastic edge restraint been considered in previous papers on panel flutter"
false_negative,bm25(k1=1.2,b=0.75),stopwords+stemming,76,119,670,64,,3,7,"how far can one trust the linear viscosity-temperature solution assumed in some of the analyses of hypersonic shock layer at low reynolds number"
false_negative,vector,stopwords+stemming,11,22,263,63,,3,7,"is it possible to find an analytical similar solution of the strong blast wave problem in the newtonian approximation"
false_negative,bm25(k1=1.2,b=0.75),stopwords+stemming,11,22,263,62,,3,7,"is it possible to find an analytical similar solution of the strong blast wave problem in the newtonian approximation"
false_negative,vector,stopwords+stemming,180,273,620,47,,3,7,"how does scale height vary with altitude in an atmosphere"
false_negative,vector,stopwords+stemming,184,283,67,47,,3,7,"work on small-oscillation re-entry motions"
false_negative,bm25(k1=1.2,b=0.75),stopwords+stemming,153,226,1078,45,,3,7,"how should the navier-stokes difference equations be solved"
false_negative,vector,stopwords+stemming,180,273,621,44,,3,7,"how does scale height vary with altitude in an atmosphere"
false_negative,bm25(k1=1.2,b=0.75),stopwords+stemming,11,22,262,39,,3,7,"is it possible to find an analytical similar solution of the strong blast wave problem in the newtonian approximation"
false_negative,vector,stopwords+stemming,180,273,619,35,,3,7,"how does scale height vary with altitude in an atmosphere"
false_negative,bm25(k1=1.2,b=0.75),stopwords+stemming,184,283,67,34,,3,7,"work on small-oscillation re-entry motions"
false_negative,vector,stopwords+stemming,107,157,911,29,,3,7,"in summarizing theoretical and experimental work on the behaviour of a typical aircraft structure in a noise environment is it possible to develop a design procedure"
false_negative,vector,stopwords+stemming,153,226,1078,28,,3,7,"how should the navier-stokes difference equations be solved"
false_negative,bm25(k1=1.2,b=0.75),stopwords+stemming,30,55,466,28,,3,7,"papers on flow visualization on slender conical wings"
false_negative,bm25(k1=1.2,b=0.75),stopwords+stemming,180,273,621,26,,3,7,"how does scale height vary with altitude in an atmosphere"
false_negative,vector,stopwords+stemming,184,283,715,25,,3,7,"work on small-oscillation re-entry motions"
false_negative,vector,stopwords+stemming,184,283,32,24,,3,7,"work on small-oscillation re-entry motions"
false_negative,bm25(k1=1.2,b=0.75),stopwords+stemming,184,283,32,24,,3,7,"work on small-oscillation re-entry motions"
false_negative,vector,stopwords+stemming,30,55,466,22,,3,7,"papers on flow visualization on slender conical wings"
false_negative,vector,stopwords+stemming,107,157,729,22,,3,7,"in summarizing theoretical and experimental work on the behaviour of a typical aircraft structure in a noise environment is it possible to develop a design procedure"
false_negative,bm25(k1=1.2,b=0.75),stopwords+stemming,180,273,620,21,,3,7,"how does scale height vary with altitude in an atmosphere"
false_negative,bm25(k1=1.2,b=0.75),stopwords+stemming,184,283,715,21,,3,7,"work on small-oscillation re-entry motions"
false_negative,bm25(k1=1.2,b=0.75),stopwords+stemming,11,22,27,20,,3,7,"is it possible to find an analytical similar solution of the strong blast wave problem in the newtonian approximation"
false_negative,vector,stopwords+stemming,129,190,990,18,,3,7,"has anyone derived simplified pump design equation from the fundamental three-dimensional equations for incompressible nonviscous flow"
false_negative,bm25(k1=1.2,b=0.75),stopwords+stemming,133,202,1024,18,,3,7,"experimental studies of creep buckling"
false_negative,vector,stopwords+stemming,11,22,28,16,,3,7,"is it possible to find an analytical similar solution of the strong blast wave problem in the newtonian approximation"
false_negative,vector,stopwords+stemming,11,22,27,15,,3,7,"is it possible to find an analytical similar solution of the strong blast wave problem in the newtonian approximation"
false_negative,bm25(k1=1.2,b=0.75),stopwords+stemming,76,119,329,15,,3,7,"how far can one trust the linear viscosity-temperature solution assumed in some of the analyses of hypersonic shock layer at low reynolds number"
false_negative,bm25(k1=1.2,b=0.75),stopwords+stemming,107,157,911,15,,3,7,"in summarizing theoretical and experimental work on the behaviour of a typical aircraft structure in a noise environment is it possible to develop a design procedure"
false_negative,vector,stopwords+stemming,76,119,670,14,,3,7,"how far can one trust the linear viscosity-temperature solution assumed in some of the analyses of hypersonic shock layer at low reynolds number"
false_negative,vector,stopwords+stemming,133,202,1024,14,,3,7,"experimental studies of creep buckling"
false_negative,bm25(k1=1.2,b=0.75),stopwords+stemming,184,283,1379,13,,3,7,"work on small-oscillation re-entry motions"
false_negative,bm25(k1=1.2,b=0.75),stopwords+stemming,107,157,729,12,,3,7,"in summarizing theoretical and experimental work on the behaviour of a typical aircraft structure in a noise environment is it possible to develop a design procedure"
false_negative,bm25(k1=1.2,b=0.75),stopwords+stemming,108,158,909,12,,3,7,"what data is there on the fatigue of structures under acoustic loading"
false_negative,vector,stopwords+stemming,111,163,658,11,,3,7,"have the effects of an elastic edge restraint been considered in previous papers on panel flutter"
false_negative,vector,stopwords+stemming,126,184,973,,,3,8,"thrust vector control by fluid injection -dash papers"
false_negative,vector,stopwords+stemming,126,184,972,,,3,8,"thrust vector control by fluid injection -dash papers"
false_negative,vector,stopwords+stemming,126,184,971,,,3,8,"thrust vector control by fluid injection -dash papers"
false_negative,vector,stopwords+stemming,159,234,1110,,,3,8,"what is the magnitude of aerodynamic damping in flexible vibration modes of a slender body of revolution characteristic of launch vehicles"
false_negative,bm25(k1=1.2,b=0.75),stopwords+stemming,126,184,973,,,3,8,"thrust vector control by fluid injection -dash papers"
false_negative,bm25(k1=1.2,b=0.75),stopwords+stemming,126,184,972,,,3,8,"thrust vector control by fluid injection -dash papers"
false_negative,bm25(k1=1.2,b=0.75),stopwords+stemming,126,184,971,,,3,8,"thrust vector control by fluid injection -dash papers"
false_negative,bm25(k1=1.2,b=0.75),stopwords+stemming,159,234,1110,,,3,8,"what is the magnitude of aerodynamic damping in flexible vibration modes of a slender body of revolution characteristic of launch vehicles"
false_negative,bm25(k1=1.2,b=0.75),stopwords+stemming,224,360,1317,564,,3,8,"in practice how close to reality are the assumptions that the flow in a hypersonic shock tube using nitrogen is non-viscous and in thermodynamic equilibrium"
false_negative,vector,stopwords+stemming,224,360,1317,464,,3,8,"in practice how close to reality are the assumptions that the flow in a hypersonic shock tube using nitrogen is non-viscous and in thermodynamic equilibrium"
false_negative,vector,stopwords+stemming,10,18,437,449,,3,8,"are real-gas transport properties for air available over a wide range of enthalpies and densities"
false_negative,bm25(k1=1.2,b=0.75),stopwords+stemming,10,18,437,417,,3,8,"are real-gas transport properties for air available over a wide range of enthalpies and densities"
false_negative,bm25(k1=1.2,b=0.75),stopwords+stemming,10,18,998,299,,3,8,"are real-gas transport properties for air available over a wide range of enthalpies and densities"
false_negative,bm25(k1=1.2,b=0.75),stopwords+stemming,126,184,187,265,,3,8,"thrust vector control by fluid injection -dash papers"
false_negative,vector,stopwords+stemming,10,18,998,235,,3,8,"are real-gas transport properties for air available over a wide range of enthalpies and densities"
false_negative,vector,stopwords+stemming,71,112,101,217,,3,8,"experimental results on hypersonic viscous interaction"
false_negative,vector,stopwords+stemming,126,184,187,199,,3,8,"thrust vector control by fluid injection -dash papers"
false_negative,bm25(k1=1.2,b=0.75),stopwords+stemming,71,112,101,164,,3,8,"experimental results on hypersonic viscous interaction"
false_negative,vector,stopwords+stemming,71,112,1213,151,,3,8,"experimental results on hypersonic viscous interaction"
false_negative,bm25(k1=1.2,b=0.75),stopwords+stemming,159,234,1111,147,,3,8,"what is the magnitude of aerodynamic damping in flexible vibration modes of a slender body of revolution characteristic of launch vehicles"
false_negative,vector,stopwords+stemming,159,234,234,142,,3,8,"what is the magnitude of aerodynamic damping in flexible vibration modes of a slender body of revolution characteristic of launch vehicles"
false_negative,vector,stopwords+stemming,159,234,1108,140,,3,8,"what is the magnitude of aerodynamic damping in flexible vibration modes of a slender body of revolution characteristic of launch vehicles"
false_negative,bm25(k1=1.2,b=0.75),stopwords+stemming,126,184,970,138,,3,8,"thrust vector control by fluid injection -dash papers"
false_negative,vector,stopwords+stemming,159,234,1111,134,,3,8,"what is the magnitude of aerodynamic damping in flexible vibration modes of a slender body of revolution characteristic of launch vehicles"
false_negative,bm25(k1=1.2,b=0.75),stopwords+stemming,71,112,1213,121,,3,8,"experimental results on hypersonic viscous interaction"
false_negative,bm25(k1=1.2,b=0.75),stopwords+stemming,71,112,655,119,,3,8,"experimental results on hypersonic viscous interaction"
false_negative,bm25(k1=1.2,b=0.75),stopwords+stemming,3,4,119,118,,3,8,"what problems of heat conduction in composite slabs have been solved so far"
false_negative,vector,stopwords+stemming,224,360,1318,117,,3,8,"in practice how close to reality are the assumptions that the flow in a hypersonic shock tube using nitrogen is non-viscous and in thermodynamic equilibrium"
false_negative,bm25(k1=1.2,b=0.75),stopwords+stemming,159,234,1108,107,,3,8,"what is the magnitude of aerodynamic damping in flexible vibration modes of a slender body of revolution characteristic of launch vehicles"
false_negative,vector,stopwords+stemming,126,184,970,106,,3,8,"thrust vector control by fluid injection -dash papers"
false_negative,vector,stopwords+stemming,3,4,119,102,,3,8,"what problems of heat conduction in composite slabs have been solved so far"
false_negative,bm25(k1=1.2,b=0.75),stopwords+stemming,158,233,998,100,,3,8,"what are the available properties of high-temperature air"
false_negative,vector,stopwords+stemming,224,360,1313,99,,3,8,"in practice how close to reality are the assumptions that the flow in a hypersonic shock tube using nitrogen is non-viscous and in thermodynamic equilibrium"
false_negative,vector,stopwords+stemming,87,135,562,95,,3,8,"what effect has the boundary layer in modifying the basic inviscid flow behind the shock neglecting effects of leading edge and corner"
false_negative,vector,stopwords+stemming,158,233,998,94,,3,8,"what are the available properties of high-temperature air"
false_negative,bm25(k1=1.2,b=0.75),stopwords+stemming,164,250,1367,94,,3,8,"what determines the onset of shock-induced boundary-layer separation"
false_negative,bm25(k1=1.2,b=0.75),stopwords+stemming,159,234,234,91,,3,8,"what is the magnitude of aerodynamic damping in flexible vibration modes of a slender body of revolution characteristic of launch vehicles"
false_negative,vector,stopwords+stemming,71,112,655,75,,3,8,"experimental results on hypersonic viscous interaction"
false_negative,bm25(k1=1.2,b=0.75),stopwords+stemming,10,18,1011,73,,3,8,"are real-gas transport properties for air available over a wide range of enthalpies and densities"
false_negative,vector,stopwords+stemming,10,18,1011,64,,3,8,"are real-gas transport properties for air available over a wide range of enthalpies and densities"
false_negative,vector,stopwords+stemming,224,360,1274,63,,3,8,"in practice how close to reality are the assumptions that the flow in a hypersonic shock tube using nitrogen is non-viscous and in thermodynamic equilibrium"
false_negative,bm25(k1=1.2,b=0.75),stopwords+stemming,159,234,231,59,,3,8,"what is the magnitude of aerodynamic damping in flexible vibration modes of a slender body of revolution characteristic of launch vehicles"
false_negative,vector,stopwords+stemming,224,360,1319,55,,3,8,"in practice how close to reality are the assumptions that the flow in a hypersonic shock tube using nitrogen is non-viscous and in thermodynamic equilibrium"
false_negative,bm25(k1=1.2,b=0.75),stopwords+stemming,164,250,1364,53,,3,8,"what determines the onset of shock-induced boundary-layer separation"
false_negative,bm25(k1=1.2,b=0.75),stopwords+stemming,126,184,969,52,,3,8,"thrust vector control by fluid injection -dash papers"
false_negative,vector,stopwords+stemming,126,184,969,49,,3,8,"thrust vector control by fluid injection -dash papers"
false_negative,vector,stopwords+stemming,164,250,1364,45,,3,8,"what determines the onset of shock-induced boundary-layer separation"
false_negative,bm25(k1=1.2,b=0.75),stopwords+stemming,224,360,1274,45,,3,8,"in practice how close to reality are the assumptions that the flow in a hypersonic shock tube using nitrogen is non-viscous and in thermodynamic equilibrium"
false_negative,bm25(k1=1.2,b=0.75),stopwords+stemming,224,360,1319,44,,3,8,"in practice how close to reality are the assumptions that the flow in a hypersonic shock tube using nitrogen is non-viscous and in thermodynamic equilibrium"
false_negative,vector,stopwords+stemming,158,233,1009,43,,3,8,"what are the available properties of high-temperature air"
false_negative,vector,stopwords+stemming,159,234,231,43,,3,8,"what is the magnitude of aerodynamic damping in flexible vibration modes of a slender body of revolution characteristic of launch vehicles"
false_negative,bm25(k1=1.2,b=0.75),stopwords+stemming,131,200,1016,43,,3,8,"what agreement is found between theoretically predicted instability times and experimentally measured collapse times for compressed columns in creep"
false_negative,bm25(k1=1.2,b=0.75),stopwords+stemming,87,135,562,40,,3,8,"what effect has the boundary layer in modifying the basic inviscid flow behind the shock neglecting effects of leading edge and corner"
false_negative,vector,stopwords+stemming,164,250,1367,39,,3,8,"what determines the onset of shock-induced boundary-layer separation"
false_negative,vector,stopwords+stemming,158,233,1010,37,,3,8,"what are the available properties of high-temperature air"
false_negative,bm25(k1=1.2,b=0.75),stopwords+stemming,164,250,798,35,,3,8,"what determines the onset of shock-induced boundary-layer separation"
false_negative,vector,stopwords+stemming,10,18,438,32,,3,8,"are real-gas transport properties for air available over a wide range of enthalpies and densities"
false_negative,vector,stopwords+stemming,131,200,1016,31,,3,8,"what agreement is found between theoretically predicted instability times and experimentally measured collapse times for compressed columns in creep"
false_negative,vector,stopwords+stemming,164,250,798,31,,3,8,"what determines the onset of shock-induced boundary-layer separation"
false_negative,bm25(k1=1.2,b=0.75),stopwords+stemming,158,233,1009,31,,3,8,"what are the available properties of high-temperature air"
false_negative,bm25(k1=1.2,b=0.75),stopwords+stemming,224,360,1318,29,,3,8,"in practice how close to reality are the assumptions that the flow in a hypersonic shock tube using nitrogen is non-viscous and in thermodynamic equilibrium"
false_negative,bm25(k1=1.2,b=0.75),stopwords+stemming,10,18,438,28,,3,8,"are real-gas transport properties for air available over a wide range of enthalpies and densities"
false_negative,bm25(k1=1.2,b=0.75),stopwords+stemming,224,360,1313,28,,3,8,"in practice how close to reality are the assumptions that the flow in a hypersonic shock tube using nitrogen is non-viscous and in thermodynamic equilibrium"
false_negative,vector,stopwords+stemming,131,200,1018,22,,3,8,"what agreement is found between theoretically predicted instability times and experimentally measured collapse times for compressed columns in creep"
false_negative,vector,stopwords+stemming,131,200,1019,19,,3,8,"what agreement is found between theoretically predicted instability times and experimentally measured collapse times for compressed columns in creep"
false_negative,vector,stopwords+stemming,162,246,562,19,,3,8,"what accurate or exact solutions of the laminar separation point for various incompressible and compressible boundary layers with zero heat transfer are available"
false_negative,bm25(k1=1.2,b=0.75),stopwords+stemming,131,200,1018,19,,3,8,"what agreement is found between theoretically predicted instability times and experimentally measured collapse times for compressed columns in creep"
false_negative,bm25(k1=1.2,b=0.75),stopwords+stemming,158,233,1010,19,,3,8,"what are the available properties of high-temperature air"
false_negative,vector,stopwords+stemming,131,200,1013,17,,3,8,"what agreement is found between theoretically predicted instability times and experimentally measured collapse times for compressed columns in creep"
false_negative,bm25(k1=1.2,b=0.75),stopwords+stemming,131,200,1013,17,,3,8,"what agreement is found between theoretically predicted instability times and experimentally measured collapse times for compressed columns in creep"
false_negative,bm25(k1=1.2,b=0.75),stopwords+stemming,162,246,562,17,,3,8,"what accurate or exact solutions of the laminar separation point for various incompressible and compressible boundary layers with zero heat transfer are available"
false_negative,vector,stopwords+stemming,224,360,1157,15,,3,8,"in practice how close to reality are the assumptions that the flow in a hypersonic shock tube using nitrogen is non-viscous and in thermodynamic equilibrium"
false_negative,bm25(k1=1.2,b=0.75),stopwords+stemming,3,4,6,15,,3,8,"what problems of heat conduction in composite slabs have been solved so far"
false_negative,vector,stopwords+stemming,131,200,1017,12,,3,8,"what agreement is found between theoretically predicted instability times and experimentally measured collapse times for compressed columns in creep"
false_negative,vector,stopwords+stemming,159,234,1112,12,,3,8,"what is the magnitude of aerodynamic damping in flexible vibration modes of a slender body of revolution characteristic of launch vehicles"
false_negative,vector,stopwords+stemming,164,250,416,12,,3,8,"what determines the onset of shock-induced boundary-layer separation"
false_negative,bm25(k1=1.2,b=0.75),stopwords+stemming,131,200,1017,12,,3,8,"what agreement is found between theoretically predicted instability times and experimentally measured collapse times for compressed columns in creep"
false_negative,vector,stopwords+stemming,189,292,872,,,3,9,"is there a design method for calculating thermal fatigue endurances of components of various types and sizes in a variety of circumstances"
false_negative,bm25(k1=1.2,b=0.75),stopwords+stemming,189,292,872,,,3,9,"is there a design method for calculating thermal fatigue endurances of components of various types and sizes in a variety of circumstances"
false_negative,vector,stopwords+stemming,19,34,639,1064,,3,9,"does there exist a good basic treatment of the dynamics of re-entry combining consideration of realistic effects with relative simplicity of results"
false_negative,bm25(k1=1.2,b=0.75),stopwords+stemming,19,34,639,1022,,3,9,"does there exist a good basic treatment of the dynamics of re-entry combining consideration of realistic effects with relative simplicity of results"
false_negative,vector,stopwords+stemming,189,292,873,887,,3,9,"is there a design method for calculating thermal fatigue endurances of components of various types and sizes in a variety of circumstances"
false_negative,bm25(k1=1.2,b=0.75),stopwords+stemming,189,292,873,879,,3,9,"is there a design method for calculating thermal fatigue endurances of components of various types and sizes in a variety of circumstances"
false_negative,bm25(k1=1.2,b=0.75),stopwords+stemming,19,34,715,848,,3,9,"does there exist a good basic treatment of the dynamics of re-entry combining consideration of realistic effects with relative simplicity of results"
false_negative,vector,stopwords+stemming,19,34,715,838,,3,9,"does there exist a good basic treatment of the dynamics of re-entry combining consideration of realistic effects with relative simplicity of results"
false_negative,bm25(k1=1.2,b=0.75),stopwords+stemming,25,50,276,791,,3,9,"does a practical flow follow the theoretical concepts for the interaction between adjacent blade rows of a supersonic cascade"
false_negative,vector,stopwords+stemming,25,50,276,777,,3,9,"does a practical flow follow the theoretical concepts for the interaction between adjacent blade rows of a supersonic cascade"
false_negative,bm25(k1=1.2,b=0.75),stopwords+stemming,37,66,172,692,,3,9,"are there any theoretical methods for predicting base pressure"
false_negative,vector,stopwords+stemming,37,66,172,656,,3,9,"are there any theoretical methods for predicting base pressure"
false_negative,bm25(k1=1.2,b=0.75),stopwords+stemming,19,34,717,619,,3,9,"does there exist a good basic treatment of the dynamics of re-entry combining consideration of realistic effects with relative simplicity of results"
false_negative,vector,stopwords+stemming,19,34,717,562,,3,9,"does there exist a good basic treatment of the dynamics of re-entry combining consideration of realistic effects with relative simplicity of results"
false_negative,bm25(k1=1.2,b=0.75),stopwords+stemming,20,35,269,543,,3,9,"has anyone formally determined the influence of joule heating produced by the induced current in magnetohydrodynamic free convection flows under general conditions"
false_negative,vector,stopwords+stemming,20,35,269,436,,3,9,"has anyone formally determined the influence of joule heating produced by the induced current in magnetohydrodynamic free convection flows under general conditions"
false_negative,vector,stopwords+stemming,25,50,427,417,,3,9,"does a practical flow follow the theoretical concepts for the interaction between adjacent blade rows of a supersonic cascade"
false_negative,vector,stopwords+stemming,37,66,187,294,,3,9,"are there any theoretical methods for predicting base pressure"
false_negative,vector,stopwords+stemming,37,66,487,255,,3,9,"are there any theoretical methods for predicting base pressure"
false_negative,bm25(k1=1.2,b=0.75),stopwords+stemming,37,66,487,248,,3,9,"are there any theoretical methods for predicting base pressure"
false_negative,bm25(k1=1.2,b=0.75),stopwords+stemming,37,66,187,218,,3,9,"are there any theoretical methods for predicting base pressure"
false_negative,vector,stopwords+stemming,29,54,225,180,,3,9,"what is the effect of cross sectional shape on the flow over simple delta wings with sharp leading edges"
false_negative,vector,stopwords+stemming,54,94,24,179,,3,9,"how is the heat transfer downstream of the mass transfer region effected by mass transfer at the nose of a blunted cone"
false_negative,bm25(k1=1.2,b=0.75),stopwords+stemming,25,50,427,161,,3,9,"does a practical flow follow the theoretical concepts for the interaction between adjacent blade rows of a supersonic cascade"
false_negative,bm25(k1=1.2,b=0.75),stopwords+stemming,29,54,225,155,,3,9,"what is the effect of cross sectional shape on the flow over simple delta wings with sharp leading edges"
false_negative,vector,stopwords+stemming,37,66,97,153,,3,9,"are there any theoretical methods for predicting base pressure"
false_negative,bm25(k1=1.2,b=0.75),stopwords+stemming,122,177,1131,150,,3,9,"what analytical investigations have been made of the stability of conical shells how do the results compare with experiment"
false_negative,vector,stopwords+stemming,122,177,1131,136,,3,9,"what analytical investigations have been made of the stability of conical shells how do the results compare with experiment"
false_negative,vector,stopwords+stemming,100,149,820,133,,3,9,"what are the effects of initial imperfections on the elastic buckling of cylindrical shells under axial compression"
false_negative,vector,stopwords+stemming,54,94,560,118,,3,9,"how is the heat transfer downstream of the mass transfer region effected by mass transfer at the nose of a blunted cone"
false_negative,bm25(k1=1.2,b=0.75),stopwords+stemming,54,94,24,107,,3,9,"how is the heat transfer downstream of the mass transfer region effected by mass transfer at the nose of a blunted cone"
false_negative,bm25(k1=1.2,b=0.75),stopwords+stemming,100,149,820,105,,3,9,"what are the effects of initial imperfections on the elastic buckling of cylindrical shells under axial compression"
false_negative,bm25(k1=1.2,b=0.75),stopwords+stemming,37,66,97,100,,3,9,"are there any theoretical methods for predicting base pressure"
false_negative,vector,stopwords+stemming,54,94,101,98,,3,9,"how is the heat transfer downstream of the mass transfer region effected by mass transfer at the nose of a blunted cone"
false_negative,bm25(k1=1.2,b=0.75),stopwords+stemming,100,149,1121,97,,3,9,"what are the effects of initial imperfections on the elastic buckling of cylindrical shells under axial compression"
false_negative,vector,stopwords+stemming,100,149,1121,95,,3,9,"what are the effects of initial imperfections on the elastic buckling of cylindrical shells under axial compression"
false_negative,vector,stopwords+stemming,29,54,793,92,,3,9,"what is the effect of cross sectional shape on the flow over simple delta wings with sharp leading edges"
false_negative,vector,stopwords+stemming,91,139,797,78,,3,9,"what interference effects are likely at transonic speeds"
false_negative,vector,stopwords+stemming,189,292,865,74,,3,9,"is there a design method for calculating thermal fatigue endurances of components of various types and sizes in a variety of circumstances"
false_negative,bm25(k1=1.2,b=0.75),stopwords+stemming,54,94,560,74,,3,9,"how is the heat transfer downstream of the mass transfer region effected by mass transfer at the nose of a blunted cone"
false_negative,bm25(k1=1.2,b=0.75),stopwords+stemming,29,54,793,70,,3,9,"what is the effect of cross sectional shape on the flow over simple delta wings with sharp leading edges"
false_negative,vector,stopwords+stemming,37,66,121,66,,3,9,"are there any theoretical methods for predicting base pressure"
false_negative,vector,stopwords+stemming,54,94,294,62,,3,9,"how is the heat transfer downstream of the mass transfer region effected by mass transfer at the nose of a blunted cone"
false_negative,bm25(k1=1.2,b=0.75),stopwords+stemming,100,149,823,62,,3,9,"what are the effects of initial imperfections on the elastic buckling of cylindrical shells under axial compression"
false_negative,bm25(k1=1.2,b=0.75),stopwords+stemming,54,94,101,58,,3,9,"how is the heat transfer downstream of the mass transfer region effected by mass transfer at the nose of a blunted cone"
false_negative,bm25(k1=1.2,b=0.75),stopwords+stemming,189,292,865,57,,3,9,"is there a design method for calculating thermal fatigue endurances of components of various types and sizes in a variety of circumstances"
false_negative,bm25(k1=1.2,b=0.75),stopwords+stemming,54,94,294,55,,3,9,"how is the heat transfer downstream of the mass transfer region effected by mass transfer at the nose of a blunted cone"
false_negative,bm25(k1=1.2,b=0.75),stopwords+stemming,91,139,797,50,,3,9,"what interference effects are likely at transonic speeds"
false_negative,vector,stopwords+stemming,122,177,957,47,,3,9,"what analytical investigations have been made of the stability of conical shells how do the results compare with experiment"
false_negative,bm25(k1=1.2,b=0.75),stopwords+stemming,37,66,121,46,,3,9,"are there any theoretical methods for predicting base pressure"
false_negative,bm25(k1=1.2,b=0.75),stopwords+stemming,58,99,786,43,,3,9,"is it possible to determine rates of forced convective heat transfer from heated cylinders of non-circular cross-section the fluid flow being along the generators"
false_negative,bm25(k1=1.2,b=0.75),stopwords+stemming,122,177,957,42,,3,9,"what analytical investigations have been made of the stability of conical shells how do the results compare with experiment"
false_negative,bm25(k1=1.2,b=0.75),stopwords+stemming,20,35,104,41,,3,9,"has anyone formally determined the influence of joule heating produced by the induced current in magnetohydrodynamic free convection flows under general conditions"
false_negative,bm25(k1=1.2,b=0.75),stopwords+stemming,58,99,785,41,,3,9,"is it possible to determine rates of forced convective heat transfer from heated cylinders of non-circular cross-section the fluid flow being along the generators"
false_negative,bm25(k1=1.2,b=0.75),stopwords+stemming,100,149,825,41,,3,9,"what are the effects of initial imperfections on the elastic buckling of cylindrical shells under axial compression"
false_negative,vector,stopwords+stemming,100,149,825,39,,3,9,"what are the effects of initial imperfections on the elastic buckling of cylindrical shells under axial compression"
false_negative,vector,stopwords+stemming,91,139,800,36,,3,9,"what interference effects are likely at transonic speeds"
false_negative,vector,stopwords+stemming,58,99,785,31,,3,9,"is it possible to determine rates of forced convective heat transfer from heated cylinders of non-circular cross-section the fluid flow being along the generators"
false_negative,bm25(k1=1.2,b=0.75),stopwords+stemming,189,292,868,30,,3,9,"is there a design method for calculating thermal fatigue endurances of components of various types and sizes in a variety of circumstances"
false_negative,vector,stopwords+stemming,189,292,868,28,,3,9,"is there a design method for calculating thermal fatigue endurances of components of various types and sizes in a variety of circumstances"
false_negative,vector,stopwords+stemming,58,99,786,22,,3,9,"is it possible to determine rates of forced convective heat transfer from heated cylinders of non-circular cross-section the fluid flow being along the generators"
false_negative,bm25(k1=1.2,b=0.75),stopwords+stemming,37,66,242,22,,3,9,"are there any theoretical methods for predicting base pressure"
false_negative,bm25(k1=1.2,b=0.75),stopwords+stemming,58,99,787,22,,3,9,"is it possible to determine rates of forced convective heat transfer from heated cylinders of non-circular cross-section the fluid flow being along the generators"
false_negative,bm25(k1=1.2,b=0.75),stopwords+stemming,54,94,364,21,,3,9,"how is the heat transfer downstream of the mass transfer region effected by mass transfer at the nose of a blunted cone"
false_negative,vector,stopwords+stemming,20,35,88,20,,3,9,"has anyone formally determined the influence of joule heating produced by the induced current in magnetohydrodynamic free convection flows under general conditions"
false_negative,vector,stopwords+stemming,100,149,823,19,,3,9,"what are the effects of initial imperfections on the elastic buckling of cylindrical shells under axial compression"
false_negative,vector,stopwords+stemming,222,355,1387,19,,3,9,"has anyone investigated the shear buckling of stiffened plates"
false_negative,bm25(k1=1.2,b=0.75),stopwords+stemming,120,175,891,18,,3,9,"are previous analyses of circumferential thermal buckling of circular cylindrical shells unnecessarily involved or even inaccurate due to the assumed forms of buckling mode"
false_negative,vector,stopwords+stemming,120,175,891,17,,3,9,"are previous analyses of circumferential thermal buckling of circular cylindrical shells unnecessarily involved or even inaccurate due to the assumed forms of buckling mode"
false_negative,bm25(k1=1.2,b=0.75),stopwords+stemming,37,66,409,17,,3,9,"are there any theoretical methods for predicting base pressure"
false_negative,vector,stopwords+stemming,100,149,1051,16,,3,9,"what are the effects of initial imperfections on the elastic buckling of cylindrical shells under axial compression"
false_negative,vector,stopwords+stemming,25,50,212,15,,3,9,"does a practical flow follow the theoretical concepts for the interaction between adjacent blade rows of a supersonic cascade"
false_negative,vector,stopwords+stemming,193,296,1392,15,,3,9,"general methods of solving clamped plate problems"
false_negative,bm25(k1=1.2,b=0.75),stopwords+stemming,25,50,426,14,,3,9,"does a practical flow follow the theoretical concepts for the interaction between adjacent blade rows of a supersonic cascade"
false_negative,vector,stopwords+stemming,91,139,799,13,,3,9,"what interference effects are likely at transonic speeds"
false_negative,vector,stopwords+stemming,222,355,400,13,,3,9,"has anyone investigated the shear buckling of stiffened plates"
false_negative,bm25(k1=1.2,b=0.75),stopwords+stemming,20,35,408,13,,3,9,"has anyone formally determined the influence of joule heating produced by the induced current in magnetohydrodynamic free convection flows under general conditions"
false_negative,vector,stopwords+stemming,20,35,268,12,,3,9,"has anyone formally determined the influence of joule heating produced by the induced current in magnetohydrodynamic free convection flows under general conditions"
false_negative,vector,stopwords+stemming,54,94,364,12,,3,9,"how is the heat transfer downstream of the mass transfer region effected by mass transfer at the nose of a blunted cone"
false_negative,vector,stopwords+stemming,189,292,870,12,,3,9,"is there a design method for calculating thermal fatigue endurances of components of various types and sizes in a variety of circumstances"
false_negative,bm25(k1=1.2,b=0.75),stopwords+stemming,19,34,716,12,,3,9,"does there exist a good basic treatment of the dynamics of re-entry combining consideration of realistic effects with relative simplicity of results"
false_negative,bm25(k1=1.2,b=0.75),stopwords+stemming,120,175,885,12,,3,9,"are previous analyses of circumferential thermal buckling of circular cylindrical shells unnecessarily involved or even inaccurate due to the assumed forms of buckling mode"
false_negative,vector,stopwords+stemming,25,50,426,11,,3,9,"does a practical flow follow the theoretical concepts for the interaction between adjacent blade rows of a supersonic cascade"
false_negative,bm25(k1=1.2,b=0.75),stopwords+stemming,25,50,212,11,,3,9,"does a practical flow follow the theoretical concepts for the interaction between adjacent blade rows of a supersonic cascade"
false_negative,bm25(k1=1.2,b=0.75),stopwords+stemming,54,94,365,11,,3,9,"how is the heat transfer downstream of the mass transfer region effected by mass transfer at the nose of a blunted cone"
false_negative,bm25(k1=1.2,b=0.75),stopwords+stemming,222,355,400,11,,3,9,"has anyone investigated the shear buckling of stiffened plates"
false_negative,vector,stopwords+stemming,97,146,703,,,3,10,"what information is available for dynamic response of airplanes to gusts or blasts in the subsonic regime"
false_negative,vector,stopwords+stemming,97,146,700,,,3,10,"what information is available for dynamic response of airplanes to gusts or blasts in the subsonic regime"
false_negative,vector,stopwords+stemming,97,146,699,,,3,10,"what information is available for dynamic response of airplanes to gusts or blasts in the subsonic regime"
false_negative,bm25(k1=1.2,b=0.75),stopwords+stemming,97,146,703,,,3,10,"what information is available for dynamic response of airplanes to gusts or blasts in the subsonic regime"
false_negative,bm25(k1=1.2,b=0.75),stopwords+stemming,97,146,700,,,3,10,"what information is available for dynamic response of airplanes to gusts or blasts in the subsonic regime"
false_negative,bm25(k1=1.2,b=0.75),stopwords+stemming,97,146,699,,,3,10,"what information is available for dynamic response of airplanes to gusts or blasts in the subsonic regime"
false_negative,bm25(k1=1.2,b=0.75),stopwords+stemming,55,95,502,622,,3,10,"to what extent can the available information for incompressible boundary layers be applied to problems involving compressible boundary layers"
false_negative,bm25(k1=1.2,b=0.75),stopwords+stemming,70,111,283,496,,3,10,"previous solutions to the boundary layer similarity equations"
false_negative,vector,stopwords+stemming,55,95,378,459,,3,10,"to what extent can the available information for incompressible boundary layers be applied to problems involving compressible boundary layers"
false_negative,bm25(k1=1.2,b=0.75),stopwords+stemming,55,95,378,359,,3,10,"to what extent can the available information for incompressible boundary layers be applied to problems involving compressible boundary layers"
false_negative,vector,stopwords+stemming,55,95,502,300,,3,10,"to what extent can the available information for incompressible boundary layers be applied to problems involving compressible boundary layers"
false_negative,bm25(k1=1.2,b=0.75),stopwords+stemming,97,146,681,254,,3,10,"what information is available for dynamic response of airplanes to gusts or blasts in the subsonic regime"
false_negative,vector,stopwords+stemming,97,146,681,233,,3,10,"what information is available for dynamic response of airplanes to gusts or blasts in the subsonic regime"
false_negative,vector,stopwords+stemming,70,111,283,230,,3,10,"previous solutions to the boundary layer similarity equations"
false_negative,vector,stopwords+stemming,55,95,271,214,,3,10,"to what extent can the available information for incompressible boundary layers be applied to problems involving compressible boundary layers"
false_negative,vector,stopwords+stemming,70,111,101,154,,3,10,"previous solutions to the boundary layer similarity equations"
false_negative,bm25(k1=1.2,b=0.75),stopwords+stemming,55,95,271,126,,3,10,"to what extent can the available information for incompressible boundary layers be applied to problems involving compressible boundary layers"
false_negative,bm25(k1=1.2,b=0.75),stopwords+stemming,147,217,1046,125,,3,10,"what are the equations which define the stability of simply supported corrugated core sandwich cylinders"
false_negative,bm25(k1=1.2,b=0.75),stopwords+stemming,70,111,101,93,,3,10,"previous solutions to the boundary layer similarity equations"
false_negative,vector,stopwords+stemming,70,111,977,88,,3,10,"previous solutions to the boundary layer similarity equations"
false_negative,vector,stopwords+stemming,70,111,307,84,,3,10,"previous solutions to the boundary layer similarity equations"
false_negative,bm25(k1=1.2,b=0.75),stopwords+stemming,70,111,307,83,,3,10,"previous solutions to the boundary layer similarity equations"
false_negative,bm25(k1=1.2,b=0.75),stopwords+stemming,70,111,977,74,,3,10,"previous solutions to the boundary layer similarity equations"
false_negative,vector,stopwords+stemming,147,217,1046,59,,3,10,"what are the equations which define the stability of simply supported corrugated core sandwich cylinders"
false_negative,vector,stopwords+stemming,38,67,272,56,,3,10,"does transition in the hypersonic wake depend on body geometry and size"
false_negative,vector,stopwords+stemming,55,95,255,56,,3,10,"to what extent can the available information for incompressible boundary layers be applied to problems involving compressible boundary layers"
false_negative,vector,stopwords+stemming,70,111,565,51,,3,10,"previous solutions to the boundary layer similarity equations"
false_negative,bm25(k1=1.2,b=0.75),stopwords+stemming,147,217,1048,51,,3,10,"what are the equations which define the stability of simply supported corrugated core sandwich cylinders"
false_negative,vector,stopwords+stemming,53,93,296,32,,3,10,"what investigations have been made of the flow field about a body moving through a rarefied partially ionized gas in the presence of a magnetic field"
false_negative,vector,stopwords+stemming,53,93,33,24,,3,10,"what investigations have been made of the flow field about a body moving through a rarefied partially ionized gas in the presence of a magnetic field"
false_negative,bm25(k1=1.2,b=0.75),stopwords+stemming,38,67,272,24,,3,10,"does transition in the hypersonic wake depend on body geometry and size"
false_negative,bm25(k1=1.2,b=0.75),stopwords+stemming,70,111,565,22,,3,10,"previous solutions to the boundary layer similarity equations"
false_negative,vector,stopwords+stemming,56,97,749,21,,3,10,"to what extent can readily available steady-state aerodynamic data be utilized to predict lifting-surface flutter characteristics"
false_negative,vector,stopwords+stemming,97,146,702,21,,3,10,"what information is available for dynamic response of airplanes to gusts or blasts in the subsonic regime"
false_negative,bm25(k1=1.2,b=0.75),stopwords+stemming,53,93,296,21,,3,10,"what investigations have been made of the flow field about a body moving through a rarefied partially ionized gas in the presence of a magnetic field"
false_negative,bm25(k1=1.2,b=0.75),stopwords+stemming,56,97,749,21,,3,10,"to what extent can readily available steady-state aerodynamic data be utilized to predict lifting-surface flutter characteristics"
false_negative,vector,stopwords+stemming,147,217,889,18,,3,10,"what are the equations which define the stability of simply supported corrugated core sandwich cylinders"
false_negative,bm25(k1=1.2,b=0.75),stopwords+stemming,97,146,702,18,,3,10,"what information is available for dynamic response of airplanes to gusts or blasts in the subsonic regime"
false_negative,vector,stopwords+stemming,97,146,701,16,,3,10,"what information is available for dynamic response of airplanes to gusts or blasts in the subsonic regime"
false_negative,bm25(k1=1.2,b=0.75),stopwords+stemming,55,95,255,15,,3,10,"to what extent can the available information for incompressible boundary layers be applied to problems involving compressible boundary layers"
false_negative,vector,stopwords+stemming,56,97,1339,14,,3,10,"to what extent can readily available steady-state aerodynamic data be utilized to predict lifting-surface flutter characteristics"
false_negative,vector,stopwords+stemming,51,86,192,11,,3,10,"what is the available information pertaining to boundary layers on very slender bodies of revolution in continuum flow the transverse curvature effect"
false_negative,vector,stopwords+stemming,147,217,843,11,,3,10,"what are the equations which define the stability of simply supported corrugated core sandwich cylinders"
false_negative,vector,stopwords+stemming,48,83,311,,,3,11,"what controls leading-edge attachment at transonic speeds"
false_negative,bm25(k1=1.2,b=0.75),stopwords+stemming,48,83,311,,,3,11,"what controls leading-edge attachment at transonic speeds"
false_negative,bm25(k1=1.2,b=0.75),stopwords+stemming,149,219,1057,849,,3,11,"has anyone developed an analysis which accurately establishes the large deflection behaviour of conical shells"
false_negative,vector,stopwords+stemming,149,219,1057,795,,3,11,"has anyone developed an analysis which accurately establishes the large deflection behaviour of conical shells"
false_negative,bm25(k1=1.2,b=0.75),stopwords+stemming,84,131,608,519,,3,11,"references on the methods available for accurately estimating aerodynamic heat transfer to conical bodies for both laminar and turbulent flow"
false_negative,vector,stopwords+stemming,84,131,608,489,,3,11,"references on the methods available for accurately estimating aerodynamic heat transfer to conical bodies for both laminar and turbulent flow"
false_negative,bm25(k1=1.2,b=0.75),stopwords+stemming,188,291,75,321,,3,11,"what theoretical and experimental work has been done on the excitation and response of typical structures in a noise environment"
false_negative,bm25(k1=1.2,b=0.75),stopwords+stemming,213,336,886,316,,3,11,"what is the effect on cylinder buckling of a circumferential stress system that varies in the axial direction"
false_negative,bm25(k1=1.2,b=0.75),stopwords+stemming,8,13,1112,312,,3,11,"what methods -dash exact or approximate -dash are presently available for predicting body pressures at angle of attack"
false_negative,vector,stopwords+stemming,84,131,1213,241,,3,11,"references on the methods available for accurately estimating aerodynamic heat transfer to conical bodies for both laminar and turbulent flow"
false_negative,vector,stopwords+stemming,8,13,20,235,,3,11,"what methods -dash exact or approximate -dash are presently available for predicting body pressures at angle of attack"
false_negative,vector,stopwords+stemming,213,336,886,209,,3,11,"what is the effect on cylinder buckling of a circumferential stress system that varies in the axial direction"
false_negative,vector,stopwords+stemming,8,13,1112,206,,3,11,"what methods -dash exact or approximate -dash are presently available for predicting body pressures at angle of attack"
false_negative,bm25(k1=1.2,b=0.75),stopwords+stemming,48,83,316,194,,3,11,"what controls leading-edge attachment at transonic speeds"
false_negative,vector,stopwords+stemming,48,83,316,188,,3,11,"what controls leading-edge attachment at transonic speeds"
false_negative,vector,stopwords+stemming,188,291,75,186,,3,11,"what theoretical and experimental work has been done on the excitation and response of typical structures in a noise environment"
false_negative,bm25(k1=1.2,b=0.75),stopwords+stemming,8,13,20,160,,3,11,"what methods -dash exact or approximate -dash are presently available for predicting body pressures at angle of attack"
false_negative,bm25(k1=1.2,b=0.75),stopwords+stemming,8,13,196,154,,3,11,"what methods -dash exact or approximate -dash are presently available for predicting body pressures at angle of attack"
false_negative,bm25(k1=1.2,b=0.75),stopwords+stemming,84,131,1213,154,,3,11,"references on the methods available for accurately estimating aerodynamic heat transfer to conical bodies for both laminar and turbulent flow"
false_negative,vector,stopwords+stemming,8,13,196,128,,3,11,"what methods -dash exact or approximate -dash are presently available for predicting body pressures at angle of attack"
false_negative,bm25(k1=1.2,b=0.75),stopwords+stemming,8,13,999,110,,3,11,"what methods -dash exact or approximate -dash are presently available for predicting body pressures at angle of attack"
false_negative,vector,stopwords+stemming,48,83,798,95,,3,11,"what controls leading-edge attachment at transonic speeds"
false_negative,bm25(k1=1.2,b=0.75),stopwords+stemming,48,83,798,90,,3,11,"what controls leading-edge attachment at transonic speeds"
false_negative,vector,stopwords+stemming,149,219,1131,74,,3,11,"has anyone developed an analysis which accurately establishes the large deflection behaviour of conical shells"
false_negative,bm25(k1=1.2,b=0.75),stopwords+stemming,149,219,938,73,,3,11,"has anyone developed an analysis which accurately establishes the large deflection behaviour of conical shells"
false_negative,vector,stopwords+stemming,84,131,962,72,,3,11,"references on the methods available for accurately estimating aerodynamic heat transfer to conical bodies for both laminar and turbulent flow"
false_negative,vector,stopwords+stemming,8,13,999,71,,3,11,"what methods -dash exact or approximate -dash are presently available for predicting body pressures at angle of attack"
false_negative,bm25(k1=1.2,b=0.75),stopwords+stemming,8,13,58,65,,3,11,"what methods -dash exact or approximate -dash are presently available for predicting body pressures at angle of attack"
false_negative,vector,stopwords+stemming,211,333,1173,61,,3,11,"what papers are available on the buckling of empty cylindrical shells under non-uniform pressure"
false_negative,bm25(k1=1.2,b=0.75),stopwords+stemming,213,336,843,55,,3,11,"what is the effect on cylinder buckling of a circumferential stress system that varies in the axial direction"
false_negative,vector,stopwords+stemming,211,333,1174,50,,3,11,"what papers are available on the buckling of empty cylindrical shells under non-uniform pressure"
false_negative,vector,stopwords+stemming,8,13,58,49,,3,11,"what methods -dash exact or approximate -dash are presently available for predicting body pressures at angle of attack"
false_negative,vector,stopwords+stemming,213,336,843,45,,3,11,"what is the effect on cylinder buckling of a circumferential stress system that varies in the axial direction"
false_negative,bm25(k1=1.2,b=0.75),stopwords+stemming,211,333,763,43,,3,11,"what papers are available on the buckling of empty cylindrical shells under non-uniform pressure"
false_negative,bm25(k1=1.2,b=0.75),stopwords+stemming,211,333,1173,42,,3,11,"what papers are available on the buckling of empty cylindrical shells under non-uniform pressure"
false_negative,bm25(k1=1.2,b=0.75),stopwords+stemming,149,219,1131,41,,3,11,"has anyone developed an analysis which accurately establishes the large deflection behaviour of conical shells"
false_negative,bm25(k1=1.2,b=0.75),stopwords+stemming,211,333,1174,39,,3,11,"what papers are available on the buckling of empty cylindrical shells under non-uniform pressure"
false_negative,vector,stopwords+stemming,211,333,763,38,,3,11,"what papers are available on the buckling of empty cylindrical shells under non-uniform pressure"
false_negative,bm25(k1=1.2,b=0.75),stopwords+stemming,84,131,962,37,,3,11,"references on the methods available for accurately estimating aerodynamic heat transfer to conical bodies for both laminar and turbulent flow"
false_negative,bm25(k1=1.2,b=0.75),stopwords+stemming,149,219,934,32,,3,11,"has anyone developed an analysis which accurately establishes the large deflection behaviour of conical shells"
false_negative,bm25(k1=1.2,b=0.75),stopwords+stemming,84,131,1192,27,,3,11,"references on the methods available for accurately estimating aerodynamic heat transfer to conical bodies for both laminar and turbulent flow"
false_negative,vector,stopwords+stemming,149,219,937,24,,3,11,"has anyone developed an analysis which accurately establishes the large deflection behaviour of conical shells"
false_negative,vector,stopwords+stemming,8,13,197,23,,3,11,"what methods -dash exact or approximate -dash are presently available for predicting body pressures at angle of attack"
false_negative,vector,stopwords+stemming,149,219,934,23,,3,11,"has anyone developed an analysis which accurately establishes the large deflection behaviour of conical shells"
false_negative,bm25(k1=1.2,b=0.75),stopwords+stemming,149,219,937,20,,3,11,"has anyone developed an analysis which accurately establishes the large deflection behaviour of conical shells"
false_negative,bm25(k1=1.2,b=0.75),stopwords+stemming,8,13,197,19,,3,11,"what methods -dash exact or approximate -dash are presently available for predicting body pressures at angle of attack"
false_negative,bm25(k1=1.2,b=0.75),stopwords+stemming,149,219,936,18,,3,11,"has anyone developed an analysis which accurately establishes the large deflection behaviour of conical shells"
false_negative,bm25(k1=1.2,b=0.75),stopwords+stemming,213,336,890,16,,3,11,"what is the effect on cylinder buckling of a circumferential stress system that varies in the axial direction"
false_negative,vector,stopwords+stemming,84,131,1192,14,,3,11,"references on the methods available for accurately estimating aerodynamic heat transfer to conical bodies for both laminar and turbulent flow"
false_negative,vector,stopwords+stemming,149,219,938,12,,3,11,"has anyone developed an analysis which accurately establishes the large deflection behaviour of conical shells"
false_negative,vector,stopwords+stemming,213,336,1178,12,,3,11,"what is the effect on cylinder buckling of a circumferential stress system that varies in the axial direction"
false_negative,vector,stopwords+stemming,84,131,142,11,,3,11,"references on the methods available for accurately estimating aerodynamic heat transfer to conical bodies for both laminar and turbulent flow"
false_negative,vector,stopwords+stemming,149,219,936,11,,3,11,"has anyone developed an analysis which accurately establishes the large deflection behaviour of conical shells"
false_negative,bm25(k1=1.2,b=0.75),stopwords+stemming,213,336,1178,11,,3,11,"what is the effect on cylinder buckling of a circumferential stress system that varies in the axial direction"
false_negative,vector,stopwords+stemming,196,299,879,,,3,12,"the problem of similarity for representative investigation of aeroelastic effects in a flow with the absence of heating effects"
false_negative,bm25(k1=1.2,b=0.75),stopwords+stemming,196,299,879,,,3,12,"the problem of similarity for representative investigation of aeroelastic effects in a flow with the absence of heating effects"
false_negative,bm25(k1=1.2,b=0.75),stopwords+stemming,196,299,878,965,,3,12,"the problem of similarity for representative investigation of aeroelastic effects in a flow with the absence of heating effects"
false_negative,bm25(k1=1.2,b=0.75),stopwords+stemming,196,299,880,921,,3,12,"the problem of similarity for representative investigation of aeroelastic effects in a flow with the absence of heating effects"
false_negative,vector,stopwords+stemming,196,299,878,831,,3,12,"the problem of similarity for representative investigation of aeroelastic effects in a flow with the absence of heating effects"
false_negative,vector,stopwords+stemming,196,299,880,690,,3,12,"the problem of similarity for representative investigation of aeroelastic effects in a flow with the absence of heating effects"
false_negative,bm25(k1=1.2,b=0.75),stopwords+stemming,209,331,1350,503,,3,12,"what are the physical significance and characteristics of separated laminar and turbulent boundary layer flows"
false_negative,vector,stopwords+stemming,209,331,1350,425,,3,12,"what are the physical significance and characteristics of separated laminar and turbulent boundary layer flows"
false_negative,bm25(k1=1.2,b=0.75),stopwords+stemming,196,299,202,345,,3,12,"the problem of similarity for representative investigation of aeroelastic effects in a flow with the absence of heating effects"
false_negative,vector,stopwords+stemming,45,80,629,241,,3,12,"has anyone investigated the effect of surface mass transfer on hypersonic viscous interactions"
false_negative,bm25(k1=1.2,b=0.75),stopwords+stemming,45,80,629,198,,3,12,"has anyone investigated the effect of surface mass transfer on hypersonic viscous interactions"
false_negative,vector,stopwords+stemming,45,80,338,181,,3,12,"has anyone investigated the effect of surface mass transfer on hypersonic viscous interactions"
false_negative,bm25(k1=1.2,b=0.75),stopwords+stemming,45,80,663,159,,3,12,"has anyone investigated the effect of surface mass transfer on hypersonic viscous interactions"
false_negative,bm25(k1=1.2,b=0.75),stopwords+stemming,45,80,338,154,,3,12,"has anyone investigated the effect of surface mass transfer on hypersonic viscous interactions"
false_negative,vector,stopwords+stemming,209,331,487,89,,3,12,"what are the physical significance and characteristics of separated laminar and turbulent boundary layer flows"
false_negative,vector,stopwords+stemming,40,69,85,87,,3,12,"how can one detect transition phenomena in hypersonic wakes"
false_negative,vector,stopwords+stemming,45,80,572,83,,3,12,"has anyone investigated the effect of surface mass transfer on hypersonic viscous interactions"
false_negative,vector,stopwords+stemming,45,80,798,80,,3,12,"has anyone investigated the effect of surface mass transfer on hypersonic viscous interactions"
false_negative,vector,stopwords+stemming,196,299,202,71,,3,12,"the problem of similarity for representative investigation of aeroelastic effects in a flow with the absence of heating effects"
false_negative,vector,stopwords+stemming,209,331,1385,68,,3,12,"what are the physical significance and characteristics of separated laminar and turbulent boundary layer flows"
false_negative,vector,stopwords+stemming,45,80,663,64,,3,12,"has anyone investigated the effect of surface mass transfer on hypersonic viscous interactions"
false_negative,bm25(k1=1.2,b=0.75),stopwords+stemming,45,80,572,61,,3,12,"has anyone investigated the effect of surface mass transfer on hypersonic viscous interactions"
false_negative,bm25(k1=1.2,b=0.75),stopwords+stemming,45,80,798,52,,3,12,"has anyone investigated the effect of surface mass transfer on hypersonic viscous interactions"
false_negative,bm25(k1=1.2,b=0.75),stopwords+stemming,209,331,487,48,,3,12,"what are the physical significance and characteristics of separated laminar and turbulent boundary layer flows"
false_negative,vector,stopwords+stemming,45,80,481,46,,3,12,"has anyone investigated the effect of surface mass transfer on hypersonic viscous interactions"
false_negative,bm25(k1=1.2,b=0.75),stopwords+stemming,209,331,1385,42,,3,12,"what are the physical significance and characteristics of separated laminar and turbulent boundary layer flows"
false_negative,vector,stopwords+stemming,94,142,294,40,,3,12,"what is the theoretical heat transfer rate at the stagnation point of a blunt body"
false_negative,bm25(k1=1.2,b=0.75),stopwords+stemming,196,299,13,39,,3,12,"the problem of similarity for representative investigation of aeroelastic effects in a flow with the absence of heating effects"
false_negative,bm25(k1=1.2,b=0.75),stopwords+stemming,45,80,308,36,,3,12,"has anyone investigated the effect of surface mass transfer on hypersonic viscous interactions"
false_negative,bm25(k1=1.2,b=0.75),stopwords+stemming,40,69,85,35,,3,12,"how can one detect transition phenomena in hypersonic wakes"
false_negative,bm25(k1=1.2,b=0.75),stopwords+stemming,94,142,294,34,,3,12,"what is the theoretical heat transfer rate at the stagnation point of a blunt body"
false_negative,vector,stopwords+stemming,40,69,976,32,,3,12,"how can one detect transition phenomena in hypersonic wakes"
false_negative,vector,stopwords+stemming,45,80,308,25,,3,12,"has anyone investigated the effect of surface mass transfer on hypersonic viscous interactions"
false_negative,bm25(k1=1.2,b=0.75),stopwords+stemming,45,80,481,21,,3,12,"has anyone investigated the effect of surface mass transfer on hypersonic viscous interactions"
false_negative,vector,stopwords+stemming,196,299,13,20,,3,12,"the problem of similarity for representative investigation of aeroelastic effects in a flow with the absence of heating effects"
false_negative,vector,stopwords+stemming,40,69,272,19,,3,12,"how can one detect transition phenomena in hypersonic wakes"
false_negative,vector,stopwords+stemming,209,331,187,18,,3,12,"what are the physical significance and characteristics of separated laminar and turbulent boundary layer flows"
false_negative,bm25(k1=1.2,b=0.75),stopwords+stemming,45,80,1185,13,,3,12,"has anyone investigated the effect of surface mass transfer on hypersonic viscous interactions"
false_negative,vector,stopwords+stemming,209,331,1383,12,,3,12,"what are the physical significance and characteristics of separated laminar and turbulent boundary layer flows"
false_negative,bm25(k1=1.2,b=0.75),stopwords+stemming,209,331,1383,11,,3,12,"what are the physical significance and characteristics of separated laminar and turbulent boundary layer flows"
false_negative,vector,stopwords+stemming,90,138,335,,,3,13,"recent data on shock-induced boundary-layer separation"
false_negative,bm25(k1=1.2,b=0.75),stopwords+stemming,90,138,335,,,3,13,"recent data on shock-induced boundary-layer separation"
false_negative,vector,stopwords+stemming,183,277,807,485,,3,13,"what factors have been shown to have a primary influence on sonic boom strength"
false_negative,vector,stopwords+stemming,90,138,796,394,,3,13,"recent data on shock-induced boundary-layer separation"
false_negative,bm25(k1=1.2,b=0.75),stopwords+stemming,90,138,796,379,,3,13,"recent data on shock-induced boundary-layer separation"
false_negative,vector,stopwords+stemming,92,140,253,304,,3,13,"given complete freedom in the design of an airplane what procedure would be used in order to minimize sonic boom intensity and is there a limit to the degree of minimizing that can be accomplished"
false_negative,bm25(k1=1.2,b=0.75),stopwords+stemming,96,145,703,298,,3,13,"has anyone investigated the unsteady lift distributions on finite wings in subsonic flow"
false_negative,bm25(k1=1.2,b=0.75),stopwords+stemming,183,277,807,253,,3,13,"what factors have been shown to have a primary influence on sonic boom strength"
false_negative,vector,stopwords+stemming,96,145,703,222,,3,13,"has anyone investigated the unsteady lift distributions on finite wings in subsonic flow"
false_negative,bm25(k1=1.2,b=0.75),stopwords+stemming,92,140,253,178,,3,13,"given complete freedom in the design of an airplane what procedure would be used in order to minimize sonic boom intensity and is there a limit to the degree of minimizing that can be accomplished"
false_negative,bm25(k1=1.2,b=0.75),stopwords+stemming,39,68,505,159,,3,13,"how can one detect transition phenomena in boundary layers"
false_negative,bm25(k1=1.2,b=0.75),stopwords+stemming,92,140,809,134,,3,13,"given complete freedom in the design of an airplane what procedure would be used in order to minimize sonic boom intensity and is there a limit to the degree of minimizing that can be accomplished"
false_negative,bm25(k1=1.2,b=0.75),stopwords+stemming,39,68,418,75,,3,13,"how can one detect transition phenomena in boundary layers"
false_negative,bm25(k1=1.2,b=0.75),stopwords+stemming,39,68,79,57,,3,13,"how can one detect transition phenomena in boundary layers"
false_negative,bm25(k1=1.2,b=0.75),stopwords+stemming,90,138,1364,56,,3,13,"recent data on shock-induced boundary-layer separation"
false_negative,vector,stopwords+stemming,90,138,1364,43,,3,13,"recent data on shock-induced boundary-layer separation"
false_negative,vector,stopwords+stemming,39,68,505,39,,3,13,"how can one detect transition phenomena in boundary layers"
false_negative,vector,stopwords+stemming,96,145,704,31,,3,13,"has anyone investigated the unsteady lift distributions on finite wings in subsonic flow"
false_negative,vector,stopwords+stemming,39,68,79,29,,3,13,"how can one detect transition phenomena in boundary layers"
false_negative,vector,stopwords+stemming,191,294,948,26,,3,13,"what is the criterion for true panel flutter as opposed to small amplitude vibration arising from acoustic disturbances"
false_negative,vector,stopwords+stemming,92,140,809,24,,3,13,"given complete freedom in the design of an airplane what procedure would be used in order to minimize sonic boom intensity and is there a limit to the degree of minimizing that can be accomplished"
false_negative,vector,stopwords+stemming,183,277,253,24,,3,13,"what factors have been shown to have a primary influence on sonic boom strength"
false_negative,bm25(k1=1.2,b=0.75),stopwords+stemming,183,277,253,24,,3,13,"what factors have been shown to have a primary influence on sonic boom strength"
false_negative,bm25(k1=1.2,b=0.75),stopwords+stemming,90,138,291,22,,3,13,"recent data on shock-induced boundary-layer separation"
false_negative,bm25(k1=1.2,b=0.75),stopwords+stemming,191,294,864,22,,3,13,"what is the criterion for true panel flutter as opposed to small amplitude vibration arising from acoustic disturbances"
false_negative,bm25(k1=1.2,b=0.75),stopwords+stemming,96,145,704,20,,3,13,"has anyone investigated the unsteady lift distributions on finite wings in subsonic flow"
false_negative,bm25(k1=1.2,b=0.75),stopwords+stemming,191,294,391,18,,3,13,"what is the criterion for true panel flutter as opposed to small amplitude vibration arising from acoustic disturbances"
false_negative,vector,stopwords+stemming,90,138,291,17,,3,13,"recent data on shock-induced boundary-layer separation"
false_negative,bm25(k1=1.2,b=0.75),stopwords+stemming,191,294,856,16,,3,13,"what is the criterion for true panel flutter as opposed to small amplitude vibration arising from acoustic disturbances"
false_negative,vector,stopwords+stemming,96,145,705,15,,3,13,"has anyone investigated the unsteady lift distributions on finite wings in subsonic flow"
false_negative,bm25(k1=1.2,b=0.75),stopwords+stemming,92,140,808,15,,3,13,"given complete freedom in the design of an airplane what procedure would be used in order to minimize sonic boom intensity and is there a limit to the degree of minimizing that can be accomplished"
false_negative,bm25(k1=1.2,b=0.75),stopwords+stemming,191,294,948,15,,3,13,"what is the criterion for true panel flutter as opposed to small amplitude vibration arising from acoustic disturbances"
false_negative,vector,stopwords+stemming,39,68,418,14,,3,13,"how can one detect transition phenomena in boundary layers"
false_negative,vector,stopwords+stemming,96,145,1289,12,,3,13,"has anyone investigated the unsteady lift distributions on finite wings in subsonic flow"
false_negative,bm25(k1=1.2,b=0.75),stopwords+stemming,90,138,793,11,,3,13,"recent data on shock-induced boundary-layer separation"
false_negative,bm25(k1=1.2,b=0.75),stopwords+stemming,92,140,811,11,,3,13,"given complete freedom in the design of an airplane what procedure would be used in order to minimize sonic boom intensity and is there a limit to the degree of minimizing that can be accomplished"
false_negative,vector,stopwords+stemming,67,108,394,935,,3,14,"can series expansions be found for the boundary layer on a flat plate in a shear flow"
false_negative,bm25(k1=1.2,b=0.75),stopwords+stemming,67,108,394,933,,3,14,"can series expansions be found for the boundary layer on a flat plate in a shear flow"
false_negative,bm25(k1=1.2,b=0.75),stopwords+stemming,67,108,323,703,,3,14,"can series expansions be found for the boundary layer on a flat plate in a shear flow"
false_negative,vector,stopwords+stemming,67,108,323,677,,3,14,"can series expansions be found for the boundary layer on a flat plate in a shear flow"
false_negative,bm25(k1=1.2,b=0.75),stopwords+stemming,203,315,1305,651,,3,14,"are simple empirical methods of any use for estimating pressure distribution in cones"
false_negative,vector,stopwords+stemming,47,82,1185,606,,3,14,"what are the existing solutions for hypersonic viscous interactions over an insulated flat plate"
false_negative,bm25(k1=1.2,b=0.75),stopwords+stemming,47,82,1185,561,,3,14,"what are the existing solutions for hypersonic viscous interactions over an insulated flat plate"
false_negative,vector,stopwords+stemming,203,315,1305,458,,3,14,"are simple empirical methods of any use for estimating pressure distribution in cones"
false_negative,bm25(k1=1.2,b=0.75),stopwords+stemming,202,314,1306,244,,3,14,"how accurate are existing analytical theories in estimating pressure distributions on cones at incidence at hypersonic speeds"
false_negative,bm25(k1=1.2,b=0.75),stopwords+stemming,202,314,1308,235,,3,14,"how accurate are existing analytical theories in estimating pressure distributions on cones at incidence at hypersonic speeds"
false_negative,bm25(k1=1.2,b=0.75),stopwords+stemming,47,82,798,230,,3,14,"what are the existing solutions for hypersonic viscous interactions over an insulated flat plate"
false_negative,bm25(k1=1.2,b=0.75),stopwords+stemming,57,98,746,212,,3,14,"what are the significant steady and non-steady flow characteristics which affect the flutter mechanism"
false_negative,vector,stopwords+stemming,47,82,1355,194,,3,14,"what are the existing solutions for hypersonic viscous interactions over an insulated flat plate"
false_negative,vector,stopwords+stemming,47,82,798,189,,3,14,"what are the existing solutions for hypersonic viscous interactions over an insulated flat plate"
false_negative,vector,stopwords+stemming,57,98,746,178,,3,14,"what are the significant steady and non-steady flow characteristics which affect the flutter mechanism"
false_negative,bm25(k1=1.2,b=0.75),stopwords+stemming,47,82,1355,166,,3,14,"what are the existing solutions for hypersonic viscous interactions over an insulated flat plate"
false_negative,vector,stopwords+stemming,202,314,1308,135,,3,14,"how accurate are existing analytical theories in estimating pressure distributions on cones at incidence at hypersonic speeds"
false_negative,bm25(k1=1.2,b=0.75),stopwords+stemming,203,315,19,126,,3,14,"are simple empirical methods of any use for estimating pressure distribution in cones"
false_negative,bm25(k1=1.2,b=0.75),stopwords+stemming,67,108,1302,110,,3,14,"can series expansions be found for the boundary layer on a flat plate in a shear flow"
false_negative,bm25(k1=1.2,b=0.75),stopwords+stemming,212,335,891,102,,3,14,"what effect do thermal stresses have on the compressive buckling strength of ring-stiffened cylinders"
false_negative,bm25(k1=1.2,b=0.75),stopwords+stemming,204,316,540,98,,3,14,"do viscous effects seriously modify pressure distributions"
false_negative,vector,stopwords+stemming,47,82,629,95,,3,14,"what are the existing solutions for hypersonic viscous interactions over an insulated flat plate"
false_negative,vector,stopwords+stemming,204,316,63,95,,3,14,"do viscous effects seriously modify pressure distributions"
false_negative,bm25(k1=1.2,b=0.75),stopwords+stemming,204,316,63,93,,3,14,"do viscous effects seriously modify pressure distributions"
false_negative,vector,stopwords+stemming,57,98,914,87,,3,14,"what are the significant steady and non-steady flow characteristics which affect the flutter mechanism"
false_negative,vector,stopwords+stemming,67,108,1302,86,,3,14,"can series expansions be found for the boundary layer on a flat plate in a shear flow"
false_negative,vector,stopwords+stemming,202,314,1306,86,,3,14,"how accurate are existing analytical theories in estimating pressure distributions on cones at incidence at hypersonic speeds"
false_negative,bm25(k1=1.2,b=0.75),stopwords+stemming,57,98,914,84,,3,14,"what are the significant steady and non-steady flow characteristics which affect the flutter mechanism"
false_negative,bm25(k1=1.2,b=0.75),stopwords+stemming,212,335,886,80,,3,14,"what effect do thermal stresses have on the compressive buckling strength of ring-stiffened cylinders"
false_negative,vector,stopwords+stemming,212,335,891,76,,3,14,"what effect do thermal stresses have on the compressive buckling strength of ring-stiffened cylinders"
false_negative,bm25(k1=1.2,b=0.75),stopwords+stemming,47,82,629,73,,3,14,"what are the existing solutions for hypersonic viscous interactions over an insulated flat plate"
false_negative,vector,stopwords+stemming,203,315,19,72,,3,14,"are simple empirical methods of any use for estimating pressure distribution in cones"
false_negative,vector,stopwords+stemming,203,315,1307,64,,3,14,"are simple empirical methods of any use for estimating pressure distribution in cones"
false_negative,bm25(k1=1.2,b=0.75),stopwords+stemming,203,315,1306,61,,3,14,"are simple empirical methods of any use for estimating pressure distribution in cones"
false_negative,bm25(k1=1.2,b=0.75),stopwords+stemming,212,335,843,61,,3,14,"what effect do thermal stresses have on the compressive buckling strength of ring-stiffened cylinders"
false_negative,vector,stopwords+stemming,212,335,886,54,,3,14,"what effect do thermal stresses have on the compressive buckling strength of ring-stiffened cylinders"
false_negative,bm25(k1=1.2,b=0.75),stopwords+stemming,156,231,1101,53,,3,14,"what qualitative and quantitative material is available on ablation materials research"
false_negative,bm25(k1=1.2,b=0.75),stopwords+stemming,67,108,324,52,,3,14,"can series expansions be found for the boundary layer on a flat plate in a shear flow"
false_negative,vector,stopwords+stemming,212,335,843,50,,3,14,"what effect do thermal stresses have on the compressive buckling strength of ring-stiffened cylinders"
false_negative,bm25(k1=1.2,b=0.75),stopwords+stemming,67,108,659,48,,3,14,"can series expansions be found for the boundary layer on a flat plate in a shear flow"
false_negative,vector,stopwords+stemming,212,335,890,42,,3,14,"what effect do thermal stresses have on the compressive buckling strength of ring-stiffened cylinders"
false_negative,bm25(k1=1.2,b=0.75),stopwords+stemming,203,315,1307,39,,3,14,"are simple empirical methods of any use for estimating pressure distribution in cones"
false_negative,vector,stopwords+stemming,67,108,324,38,,3,14,"can series expansions be found for the boundary layer on a flat plate in a shear flow"
false_negative,vector,stopwords+stemming,203,315,1310,34,,3,14,"are simple empirical methods of any use for estimating pressure distribution in cones"
false_negative,vector,stopwords+stemming,204,316,540,33,,3,14,"do viscous effects seriously modify pressure distributions"
false_negative,bm25(k1=1.2,b=0.75),stopwords+stemming,57,98,593,31,,3,14,"what are the significant steady and non-steady flow characteristics which affect the flutter mechanism"
false_negative,vector,stopwords+stemming,67,108,659,29,,3,14,"can series expansions be found for the boundary layer on a flat plate in a shear flow"
false_negative,bm25(k1=1.2,b=0.75),stopwords+stemming,212,335,890,28,,3,14,"what effect do thermal stresses have on the compressive buckling strength of ring-stiffened cylinders"
false_negative,bm25(k1=1.2,b=0.75),stopwords+stemming,67,108,389,26,,3,14,"can series expansions be found for the boundary layer on a flat plate in a shear flow"
false_negative,vector,stopwords+stemming,212,335,1173,24,,3,14,"what effect do thermal stresses have on the compressive buckling strength of ring-stiffened cylinders"
false_negative,vector,stopwords+stemming,156,231,1101,20,,3,14,"what qualitative and quantitative material is available on ablation materials research"
false_negative,bm25(k1=1.2,b=0.75),stopwords+stemming,47,82,663,19,,3,14,"what are the existing solutions for hypersonic viscous interactions over an insulated flat plate"
false_negative,vector,stopwords+stemming,156,231,82,18,,3,14,"what qualitative and quantitative material is available on ablation materials research"
false_negative,vector,stopwords+stemming,212,335,769,18,,3,14,"what effect do thermal stresses have on the compressive buckling strength of ring-stiffened cylinders"
false_negative,bm25(k1=1.2,b=0.75),stopwords+stemming,202,314,605,18,,3,14,"how accurate are existing analytical theories in estimating pressure distributions on cones at incidence at hypersonic speeds"
false_negative,vector,stopwords+stemming,47,82,663,17,,3,14,"what are the existing solutions for hypersonic viscous interactions over an insulated flat plate"
false_negative,vector,stopwords+stemming,57,98,593,17,,3,14,"what are the significant steady and non-steady flow characteristics which affect the flutter mechanism"
false_negative,vector,stopwords+stemming,212,335,887,14,,3,14,"what effect do thermal stresses have on the compressive buckling strength of ring-stiffened cylinders"
false_negative,bm25(k1=1.2,b=0.75),stopwords+stemming,203,315,1310,13,,3,14,"are simple empirical methods of any use for estimating pressure distribution in cones"
false_negative,bm25(k1=1.2,b=0.75),stopwords+stemming,212,335,1173,13,,3,14,"what effect do thermal stresses have on the compressive buckling strength of ring-stiffened cylinders"
false_negative,vector,stopwords+stemming,202,314,605,12,,3,14,"how accurate are existing analytical theories in estimating pressure distributions on cones at incidence at hypersonic speeds"
false_negative,bm25(k1=1.2,b=0.75),stopwords+stemming,212,335,769,12,,3,14,"what effect do thermal stresses have on the compressive buckling strength of ring-stiffened cylinders"
false_negative,vector,stopwords+stemming,203,315,1306,11,,3,14,"are simple empirical methods of any use for estimating pressure distribution in cones"
false_negative,bm25(k1=1.2,b=0.75),stopwords+stemming,212,335,887,11,,3,14,"what effect do thermal stresses have on the compressive buckling strength of ring-stiffened cylinders"
false_negative,vector,stopwords+stemming,65,106,384,,,3,15,"does the boundary layer on a flat plate in a shear flow induce a pressure gradient"
false_negative,bm25(k1=1.2,b=0.75),stopwords+stemming,65,106,384,,,3,15,"does the boundary layer on a flat plate in a shear flow induce a pressure gradient"
false_negative,bm25(k1=1.2,b=0.75),stopwords+stemming,65,106,394,883,,3,15,"does the boundary layer on a flat plate in a shear flow induce a pressure gradient"
false_negative,vector,stopwords+stemming,65,106,394,868,,3,15,"does the boundary layer on a flat plate in a shear flow induce a pressure gradient"
false_negative,bm25(k1=1.2,b=0.75),stopwords+stemming,65,106,323,629,,3,15,"does the boundary layer on a flat plate in a shear flow induce a pressure gradient"
false_negative,vector,stopwords+stemming,65,106,323,577,,3,15,"does the boundary layer on a flat plate in a shear flow induce a pressure gradient"
false_negative,vector,stopwords+stemming,46,81,798,528,,3,15,"what is the combined effect of surface heat and mass transfer on hypersonic flow"
false_negative,vector,stopwords+stemming,218,348,667,408,,3,15,"what is the heat transfer to a blunt body in the absence of vorticity"
false_negative,bm25(k1=1.2,b=0.75),stopwords+stemming,46,81,798,406,,3,15,"what is the combined effect of surface heat and mass transfer on hypersonic flow"
false_negative,bm25(k1=1.2,b=0.75),stopwords+stemming,46,81,570,376,,3,15,"what is the combined effect of surface heat and mass transfer on hypersonic flow"
false_negative,bm25(k1=1.2,b=0.75),stopwords+stemming,217,347,670,331,,3,15,"has anyone investigated the effect of shock generated vorticity on heat transfer to a blunt body"
false_negative,bm25(k1=1.2,b=0.75),stopwords+stemming,218,348,667,314,,3,15,"what is the heat transfer to a blunt body in the absence of vorticity"
false_negative,bm25(k1=1.2,b=0.75),stopwords+stemming,217,347,630,313,,3,15,"has anyone investigated the effect of shock generated vorticity on heat transfer to a blunt body"
false_negative,bm25(k1=1.2,b=0.75),stopwords+stemming,217,347,668,306,,3,15,"has anyone investigated the effect of shock generated vorticity on heat transfer to a blunt body"
false_negative,bm25(k1=1.2,b=0.75),stopwords+stemming,218,348,630,288,,3,15,"what is the heat transfer to a blunt body in the absence of vorticity"
false_negative,vector,stopwords+stemming,218,348,630,209,,3,15,"what is the heat transfer to a blunt body in the absence of vorticity"
false_negative,vector,stopwords+stemming,217,347,630,201,,3,15,"has anyone investigated the effect of shock generated vorticity on heat transfer to a blunt body"
false_negative,vector,stopwords+stemming,218,348,662,195,,3,15,"what is the heat transfer to a blunt body in the absence of vorticity"
false_negative,vector,stopwords+stemming,46,81,338,183,,3,15,"what is the combined effect of surface heat and mass transfer on hypersonic flow"
false_negative,vector,stopwords+stemming,46,81,570,177,,3,15,"what is the combined effect of surface heat and mass transfer on hypersonic flow"
false_negative,bm25(k1=1.2,b=0.75),stopwords+stemming,46,81,338,176,,3,15,"what is the combined effect of surface heat and mass transfer on hypersonic flow"
false_negative,vector,stopwords+stemming,217,347,670,162,,3,15,"has anyone investigated the effect of shock generated vorticity on heat transfer to a blunt body"
false_negative,vector,stopwords+stemming,217,347,668,159,,3,15,"has anyone investigated the effect of shock generated vorticity on heat transfer to a blunt body"
false_negative,vector,stopwords+stemming,218,348,93,137,,3,15,"what is the heat transfer to a blunt body in the absence of vorticity"
false_negative,bm25(k1=1.2,b=0.75),stopwords+stemming,218,348,93,136,,3,15,"what is the heat transfer to a blunt body in the absence of vorticity"
false_negative,bm25(k1=1.2,b=0.75),stopwords+stemming,65,106,659,125,,3,15,"does the boundary layer on a flat plate in a shear flow induce a pressure gradient"
false_negative,bm25(k1=1.2,b=0.75),stopwords+stemming,65,106,324,117,,3,15,"does the boundary layer on a flat plate in a shear flow induce a pressure gradient"
false_negative,bm25(k1=1.2,b=0.75),stopwords+stemming,65,106,1302,116,,3,15,"does the boundary layer on a flat plate in a shear flow induce a pressure gradient"
false_negative,vector,stopwords+stemming,65,106,1302,92,,3,15,"does the boundary layer on a flat plate in a shear flow induce a pressure gradient"
false_negative,vector,stopwords+stemming,218,348,1300,82,,3,15,"what is the heat transfer to a blunt body in the absence of vorticity"
false_negative,vector,stopwords+stemming,65,106,324,75,,3,15,"does the boundary layer on a flat plate in a shear flow induce a pressure gradient"
false_negative,vector,stopwords+stemming,217,347,1300,74,,3,15,"has anyone investigated the effect of shock generated vorticity on heat transfer to a blunt body"
false_negative,vector,stopwords+stemming,65,106,659,69,,3,15,"does the boundary layer on a flat plate in a shear flow induce a pressure gradient"
false_negative,bm25(k1=1.2,b=0.75),stopwords+stemming,218,348,662,63,,3,15,"what is the heat transfer to a blunt body in the absence of vorticity"
false_negative,bm25(k1=1.2,b=0.75),stopwords+stemming,217,347,1300,60,,3,15,"has anyone investigated the effect of shock generated vorticity on heat transfer to a blunt body"
false_negative,vector,stopwords+stemming,217,347,1107,58,,3,15,"has anyone investigated the effect of shock generated vorticity on heat transfer to a blunt body"
false_negative,bm25(k1=1.2,b=0.75),stopwords+stemming,217,347,1107,54,,3,15,"has anyone investigated the effect of shock generated vorticity on heat transfer to a blunt body"
false_negative,vector,stopwords+stemming,46,81,344,52,,3,15,"what is the combined effect of surface heat and mass transfer on hypersonic flow"
false_negative,vector,stopwords+stemming,217,347,1204,50,,3,15,"has anyone investigated the effect of shock generated vorticity on heat transfer to a blunt body"
false_negative,bm25(k1=1.2,b=0.75),stopwords+stemming,218,348,1300,46,,3,15,"what is the heat transfer to a blunt body in the absence of vorticity"
false_negative,vector,stopwords+stemming,218,348,1107,42,,3,15,"what is the heat transfer to a blunt body in the absence of vorticity"
false_negative,vector,stopwords+stemming,218,348,1104,41,,3,15,"what is the heat transfer to a blunt body in the absence of vorticity"
false_negative,vector,stopwords+stemming,218,348,1204,38,,3,15,"what is the heat transfer to a blunt body in the absence of vorticity"
false_negative,bm25(k1=1.2,b=0.75),stopwords+stemming,218,348,1107,38,,3,15,"what is the heat transfer to a blunt body in the absence of vorticity"
false_negative,vector,stopwords+stemming,132,201,1016,35,,3,15,"theoretical studies of creep buckling"
false_negative,bm25(k1=1.2,b=0.75),stopwords+stemming,217,347,37,35,,3,15,"has anyone investigated the effect of shock generated vorticity on heat transfer to a blunt body"
false_negative,vector,stopwords+stemming,217,347,37,33,,3,15,"has anyone investigated the effect of shock generated vorticity on heat transfer to a blunt body"
false_negative,bm25(k1=1.2,b=0.75),stopwords+stemming,217,347,1204,29,,3,15,"has anyone investigated the effect of shock generated vorticity on heat transfer to a blunt body"
false_negative,bm25(k1=1.2,b=0.75),stopwords+stemming,132,201,1016,28,,3,15,"theoretical studies of creep buckling"
false_negative,vector,stopwords+stemming,218,348,1213,25,,3,15,"what is the heat transfer to a blunt body in the absence of vorticity"
false_negative,vector,stopwords+stemming,217,347,1213,24,,3,15,"has anyone investigated the effect of shock generated vorticity on heat transfer to a blunt body"
false_negative,vector,stopwords+stemming,46,81,481,19,,3,15,"what is the combined effect of surface heat and mass transfer on hypersonic flow"
false_negative,vector,stopwords+stemming,132,201,1025,18,,3,15,"theoretical studies of creep buckling"
false_negative,bm25(k1=1.2,b=0.75),stopwords+stemming,46,81,344,18,,3,15,"what is the combined effect of surface heat and mass transfer on hypersonic flow"
false_negative,bm25(k1=1.2,b=0.75),stopwords+stemming,218,348,1204,16,,3,15,"what is the heat transfer to a blunt body in the absence of vorticity"
false_negative,bm25(k1=1.2,b=0.75),stopwords+stemming,218,348,1104,14,,3,15,"what is the heat transfer to a blunt body in the absence of vorticity"
false_negative,vector,stopwords+stemming,46,81,623,13,,3,15,"what is the combined effect of surface heat and mass transfer on hypersonic flow"
false_negative,bm25(k1=1.2,b=0.75),stopwords+stemming,217,347,559,11,,3,15,"has anyone investigated the effect of shock generated vorticity on heat transfer to a blunt body"
false_negative,bm25(k1=1.2,b=0.75),stopwords+stemming,218,348,1213,11,,3,15,"what is the heat transfer to a blunt body in the absence of vorticity"
false_negative,bm25(k1=1.2,b=0.75),stopwords+stemming,186,285,1304,1032,,3,16,"how can wing-body flow field interference effects be approximated rationally"
false_negative,vector,stopwords+stemming,186,285,1304,1017,,3,16,"how can wing-body flow field interference effects be approximated rationally"
false_negative,bm25(k1=1.2,b=0.75),stopwords+stemming,186,285,225,827,,3,16,"how can wing-body flow field interference effects be approximated rationally"
false_negative,bm25(k1=1.2,b=0.75),stopwords+stemming,186,285,1378,767,,3,16,"how can wing-body flow field interference effects be approximated rationally"
false_negative,vector,stopwords+stemming,186,285,225,756,,3,16,"how can wing-body flow field interference effects be approximated rationally"
false_negative,vector,stopwords+stemming,186,285,1378,691,,3,16,"how can wing-body flow field interference effects be approximated rationally"
false_negative,vector,stopwords+stemming,186,285,1280,324,,3,16,"how can wing-body flow field interference effects be approximated rationally"
false_negative,bm25(k1=1.2,b=0.75),stopwords+stemming,186,285,1280,265,,3,16,"how can wing-body flow field interference effects be approximated rationally"
false_negative,vector,stopwords+stemming,201,306,93,191,,3,16,"what are the nonequilibrium chemical constituents in the viscous shock layer ahead of a blunt re-entry vehicle"
false_negative,bm25(k1=1.2,b=0.75),stopwords+stemming,201,306,93,158,,3,16,"what are the nonequilibrium chemical constituents in the viscous shock layer ahead of a blunt re-entry vehicle"
false_negative,bm25(k1=1.2,b=0.75),stopwords+stemming,186,285,1305,144,,3,16,"how can wing-body flow field interference effects be approximated rationally"
false_negative,vector,stopwords+stemming,186,285,1309,92,,3,16,"how can wing-body flow field interference effects be approximated rationally"
false_negative,vector,stopwords+stemming,186,285,1305,50,,3,16,"how can wing-body flow field interference effects be approximated rationally"
false_negative,bm25(k1=1.2,b=0.75),stopwords+stemming,186,285,1309,44,,3,16,"how can wing-body flow field interference effects be approximated rationally"
false_negative,vector,stopwords+stemming,201,306,1151,20,,3,16,"what are the nonequilibrium chemical constituents in the viscous shock layer ahead of a blunt re-entry vehicle"
false_negative,vector,stopwords+stemming,201,306,318,15,,3,16,"what are the nonequilibrium chemical constituents in the viscous shock layer ahead of a blunt re-entry vehicle"
false_negative,bm25(k1=1.2,b=0.75),stopwords+stemming,201,306,1151,15,,3,16,"what are the nonequilibrium chemical constituents in the viscous shock layer ahead of a blunt re-entry vehicle"
false_negative,bm25(k1=1.2,b=0.75),stopwords+stemming,201,306,1295,14,,3,16,"what are the nonequilibrium chemical constituents in the viscous shock layer ahead of a blunt re-entry vehicle"
false_negative,vector,stopwords+stemming,125,183,995,,,3,17,"jet interference with supersonic flow -dash experimental papers"
false_negative,bm25(k1=1.2,b=0.75),stopwords+stemming,125,183,995,,,3,17,"jet interference with supersonic flow -dash experimental papers"
false_negative,bm25(k1=1.2,b=0.75),stopwords+stemming,72,113,664,1033,,3,17,"what has been done about viscous interactions in relatively low reynolds number flows particularly at high mach numbers"
false_negative,vector,stopwords+stemming,72,113,664,919,,3,17,"what has been done about viscous interactions in relatively low reynolds number flows particularly at high mach numbers"
false_negative,bm25(k1=1.2,b=0.75),stopwords+stemming,72,113,494,635,,3,17,"what has been done about viscous interactions in relatively low reynolds number flows particularly at high mach numbers"
false_negative,vector,stopwords+stemming,72,113,94,463,,3,17,"what has been done about viscous interactions in relatively low reynolds number flows particularly at high mach numbers"
false_negative,bm25(k1=1.2,b=0.75),stopwords+stemming,72,113,94,454,,3,17,"what has been done about viscous interactions in relatively low reynolds number flows particularly at high mach numbers"
false_negative,vector,stopwords+stemming,72,113,494,354,,3,17,"what has been done about viscous interactions in relatively low reynolds number flows particularly at high mach numbers"
false_negative,vector,stopwords+stemming,125,183,187,278,,3,17,"jet interference with supersonic flow -dash experimental papers"
false_negative,bm25(k1=1.2,b=0.75),stopwords+stemming,125,183,187,181,,3,17,"jet interference with supersonic flow -dash experimental papers"
false_negative,vector,stopwords+stemming,125,183,994,78,,3,17,"jet interference with supersonic flow -dash experimental papers"
false_negative,vector,stopwords+stemming,125,183,946,67,,3,17,"jet interference with supersonic flow -dash experimental papers"
false_negative,bm25(k1=1.2,b=0.75),stopwords+stemming,125,183,946,62,,3,17,"jet interference with supersonic flow -dash experimental papers"
false_negative,vector,stopwords+stemming,125,183,992,57,,3,17,"jet interference with supersonic flow -dash experimental papers"
false_negative,bm25(k1=1.2,b=0.75),stopwords+stemming,72,113,304,53,,3,17,"what has been done about viscous interactions in relatively low reynolds number flows particularly at high mach numbers"
false_negative,bm25(k1=1.2,b=0.75),stopwords+stemming,125,183,994,52,,3,17,"jet interference with supersonic flow -dash experimental papers"
false_negative,vector,stopwords+stemming,72,113,304,47,,3,17,"what has been done about viscous interactions in relatively low reynolds number flows particularly at high mach numbers"
false_negative,bm25(k1=1.2,b=0.75),stopwords+stemming,125,183,992,46,,3,17,"jet interference with supersonic flow -dash experimental papers"
false_negative,bm25(k1=1.2,b=0.75),stopwords+stemming,72,113,570,38,,3,17,"what has been done about viscous interactions in relatively low reynolds number flows particularly at high mach numbers"
false_negative,vector,stopwords+stemming,125,183,173,35,,3,17,"jet interference with supersonic flow -dash experimental papers"
false_negative,vector,stopwords+stemming,125,183,973,25,,3,17,"jet interference with supersonic flow -dash experimental papers"
false_negative,bm25(k1=1.2,b=0.75),stopwords+stemming,125,183,973,23,,3,17,"jet interference with supersonic flow -dash experimental papers"
false_negative,vector,stopwords+stemming,125,183,409,20,,3,17,"jet interference with supersonic flow -dash experimental papers"
false_negative,bm25(k1=1.2,b=0.75),stopwords+stemming,125,183,173,20,,3,17,"jet interference with supersonic flow -dash experimental papers"
false_negative,bm25(k1=1.2,b=0.75),stopwords+stemming,125,183,409,13,,3,17,"jet interference with supersonic flow -dash experimental papers"
false_negative,bm25(k1=1.2,b=0.75),stopwords+stemming,219,349,559,788,,3,18,"what are the general effects on flow fields when the reynolds number is small"
false_negative,vector,stopwords+stemming,219,349,559,751,,3,18,"what are the general effects on flow fields when the reynolds number is small"
false_negative,bm25(k1=1.2,b=0.75),stopwords+stemming,221,353,150,634,,3,18,"papers applicable to this problem calculation procedures for laminar incompressible flow with arbitrary pressure gradient"
false_negative,vector,stopwords+stemming,219,349,1204,583,,3,18,"what are the general effects on flow fields when the reynolds number is small"
false_negative,vector,stopwords+stemming,219,349,662,512,,3,18,"what are the general effects on flow fields when the reynolds number is small"
false_negative,vector,stopwords+stemming,221,353,150,483,,3,18,"papers applicable to this problem calculation procedures for laminar incompressible flow with arbitrary pressure gradient"
false_negative,bm25(k1=1.2,b=0.75),stopwords+stemming,221,353,479,473,,3,18,"papers applicable to this problem calculation procedures for laminar incompressible flow with arbitrary pressure gradient"
false_negative,bm25(k1=1.2,b=0.75),stopwords+stemming,219,349,1214,466,,3,18,"what are the general effects on flow fields when the reynolds number is small"
false_negative,vector,stopwords+stemming,221,353,479,457,,3,18,"papers applicable to this problem calculation procedures for laminar incompressible flow with arbitrary pressure gradient"
false_negative,bm25(k1=1.2,b=0.75),stopwords+stemming,219,349,1204,436,,3,18,"what are the general effects on flow fields when the reynolds number is small"
false_negative,vector,stopwords+stemming,219,349,1214,409,,3,18,"what are the general effects on flow fields when the reynolds number is small"
false_negative,vector,stopwords+stemming,219,349,1080,374,,3,18,"what are the general effects on flow fields when the reynolds number is small"
false_negative,bm25(k1=1.2,b=0.75),stopwords+stemming,219,349,1080,374,,3,18,"what are the general effects on flow fields when the reynolds number is small"
false_negative,bm25(k1=1.2,b=0.75),stopwords+stemming,221,353,111,372,,3,18,"papers applicable to this problem calculation procedures for laminar incompressible flow with arbitrary pressure gradient"
false_negative,bm25(k1=1.2,b=0.75),stopwords+stemming,219,349,662,366,,3,18,"what are the general effects on flow fields when the reynolds number is small"
false_negative,vector,stopwords+stemming,219,349,1213,323,,3,18,"what are the general effects on flow fields when the reynolds number is small"
false_negative,bm25(k1=1.2,b=0.75),stopwords+stemming,219,349,630,285,,3,18,"what are the general effects on flow fields when the reynolds number is small"
false_negative,vector,stopwords+stemming,221,353,459,281,,3,18,"papers applicable to this problem calculation procedures for laminar incompressible flow with arbitrary pressure gradient"
false_negative,vector,stopwords+stemming,221,353,111,280,,3,18,"papers applicable to this problem calculation procedures for laminar incompressible flow with arbitrary pressure gradient"
false_negative,vector,stopwords+stemming,221,353,1365,275,,3,18,"papers applicable to this problem calculation procedures for laminar incompressible flow with arbitrary pressure gradient"
false_negative,vector,stopwords+stemming,219,349,630,255,,3,18,"what are the general effects on flow fields when the reynolds number is small"
false_negative,bm25(k1=1.2,b=0.75),stopwords+stemming,221,353,459,247,,3,18,"papers applicable to this problem calculation procedures for laminar incompressible flow with arbitrary pressure gradient"
false_negative,bm25(k1=1.2,b=0.75),stopwords+stemming,219,349,1198,217,,3,18,"what are the general effects on flow fields when the reynolds number is small"
false_negative,vector,stopwords+stemming,219,349,1198,205,,3,18,"what are the general effects on flow fields when the reynolds number is small"
false_negative,bm25(k1=1.2,b=0.75),stopwords+stemming,219,349,1081,204,,3,18,"what are the general effects on flow fields when the reynolds number is small"
false_negative,bm25(k1=1.2,b=0.75),stopwords+stemming,219,349,1213,201,,3,18,"what are the general effects on flow fields when the reynolds number is small"
false_negative,vector,stopwords+stemming,219,349,1081,147,,3,18,"what are the general effects on flow fields when the reynolds number is small"
false_negative,bm25(k1=1.2,b=0.75),stopwords+stemming,221,353,1365,126,,3,18,"papers applicable to this problem calculation procedures for laminar incompressible flow with arbitrary pressure gradient"
false_negative,bm25(k1=1.2,b=0.75),stopwords+stemming,219,349,1078,124,,3,18,"what are the general effects on flow fields when the reynolds number is small"
false_negative,bm25(k1=1.2,b=0.75),stopwords+stemming,221,353,461,83,,3,18,"papers applicable to this problem calculation procedures for laminar incompressible flow with arbitrary pressure gradient"
false_negative,vector,stopwords+stemming,219,349,1300,78,,3,18,"what are the general effects on flow fields when the reynolds number is small"
false_negative,vector,stopwords+stemming,219,349,1107,74,,3,18,"what are the general effects on flow fields when the reynolds number is small"
false_negative,vector,stopwords+stemming,221,353,461,72,,3,18,"papers applicable to this problem calculation procedures for laminar incompressible flow with arbitrary pressure gradient"
false_negative,bm25(k1=1.2,b=0.75),stopwords+stemming,219,349,1300,69,,3,18,"what are the general effects on flow fields when the reynolds number is small"
false_negative,vector,stopwords+stemming,221,353,1382,65,,3,18,"papers applicable to this problem calculation procedures for laminar incompressible flow with arbitrary pressure gradient"
false_negative,bm25(k1=1.2,b=0.75),stopwords+stemming,221,353,1382,65,,3,18,"papers applicable to this problem calculation procedures for laminar incompressible flow with arbitrary pressure gradient"
false_negative,bm25(k1=1.2,b=0.75),stopwords+stemming,219,349,1107,64,,3,18,"what are the general effects on flow fields when the reynolds number is small"
false_negative,vector,stopwords+stemming,219,349,1078,49,,3,18,"what are the general effects on flow fields when the reynolds number is small"
false_negative,vector,stopwords+stemming,221,353,458,23,,3,18,"papers applicable to this problem calculation procedures for laminar incompressible flow with arbitrary pressure gradient"
false_negative,bm25(k1=1.2,b=0.75),stopwords+stemming,221,353,62,17,,3,18,"papers applicable to this problem calculation procedures for laminar incompressible flow with arbitrary pressure gradient"
false_negative,vector,stopwords+stemming,221,353,62,14,,3,18,"papers applicable to this problem calculation procedures for laminar incompressible flow with arbitrary pressure gradient"
false_negative,vector,stopwords+stemming,220,352,62,544,,3,19,"find a calculation procedure applicable to all incompressible laminar boundary layer flow problems having good accuracy and reasonable computation time"
false_negative,bm25(k1=1.2,b=0.75),stopwords+stemming,220,352,62,462,,3,19,"find a calculation procedure applicable to all incompressible laminar boundary layer flow problems having good accuracy and reasonable computation time"
false_negative,vector,stopwords+stemming,220,352,150,222,,3,19,"find a calculation procedure applicable to all incompressible laminar boundary layer flow problems having good accuracy and reasonable computation time"
false_negative,vector,stopwords+stemming,220,352,1365,203,,3,19,"find a calculation procedure applicable to all incompressible laminar boundary layer flow problems having good accuracy and reasonable computation time"
false_negative,bm25(k1=1.2,b=0.75),stopwords+stemming,220,352,150,188,,3,19,"find a calculation procedure applicable to all incompressible laminar boundary layer flow problems having good accuracy and reasonable computation time"
false_negative,vector,stopwords+stemming,220,352,1382,168,,3,19,"find a calculation procedure applicable to all incompressible laminar boundary layer flow problems having good accuracy and reasonable computation time"
false_negative,bm25(k1=1.2,b=0.75),stopwords+stemming,220,352,1382,133,,3,19,"find a calculation procedure applicable to all incompressible laminar boundary layer flow problems having good accuracy and reasonable computation time"
false_negative,vector,stopwords+stemming,220,352,1366,120,,3,19,"find a calculation procedure applicable to all incompressible laminar boundary layer flow problems having good accuracy and reasonable computation time"
false_negative,vector,stopwords+stemming,220,352,459,105,,3,19,"find a calculation procedure applicable to all incompressible laminar boundary layer flow problems having good accuracy and reasonable computation time"
false_negative,bm25(k1=1.2,b=0.75),stopwords+stemming,220,352,1366,100,,3,19,"find a calculation procedure applicable to all incompressible laminar boundary layer flow problems having good accuracy and reasonable computation time"
false_negative,vector,stopwords+stemming,220,352,241,83,,3,19,"find a calculation procedure applicable to all incompressible laminar boundary layer flow problems having good accuracy and reasonable computation time"
false_negative,bm25(k1=1.2,b=0.75),stopwords+stemming,220,352,1384,81,,3,19,"find a calculation procedure applicable to all incompressible laminar boundary layer flow problems having good accuracy and reasonable computation time"
false_negative,bm25(k1=1.2,b=0.75),stopwords+stemming,220,352,459,72,,3,19,"find a calculation procedure applicable to all incompressible laminar boundary layer flow problems having good accuracy and reasonable computation time"
false_negative,bm25(k1=1.2,b=0.75),stopwords+stemming,220,352,241,71,,3,19,"find a calculation procedure applicable to all incompressible laminar boundary layer flow problems having good accuracy and reasonable computation time"
false_negative,vector,stopwords+stemming,220,352,1384,68,,3,19,"find a calculation procedure applicable to all incompressible laminar boundary layer flow problems having good accuracy and reasonable computation time"
false_negative,bm25(k1=1.2,b=0.75),stopwords+stemming,220,352,1365,64,,3,19,"find a calculation procedure applicable to all incompressible laminar boundary layer flow problems having good accuracy and reasonable computation time"
false_negative,bm25(k1=1.2,b=0.75),stopwords+stemming,220,352,376,63,,3,19,"find a calculation procedure applicable to all incompressible laminar boundary layer flow problems having good accuracy and reasonable computation time"
false_negative,vector,stopwords+stemming,220,352,155,53,,3,19,"find a calculation procedure applicable to all incompressible laminar boundary layer flow problems having good accuracy and reasonable computation time"
false_negative,bm25(k1=1.2,b=0.75),stopwords+stemming,220,352,155,23,,3,19,"find a calculation procedure applicable to all incompressible laminar boundary layer flow problems having good accuracy and reasonable computation time"
false_negative,vector,stopwords+stemming,220,352,376,22,,3,19,"find a calculation procedure applicable to all incompressible laminar boundary layer flow problems having good accuracy and reasonable computation time"
false_negative,bm25(k1=1.2,b=0.75),stopwords+stemming,73,114,571,875,,3,20,"what role does the effect of chemical reaction particularly when out of equilibrium play in the similitude laws governing hypersonic flows over slender aerodynamic bodies"
false_negative,vector,stopwords+stemming,73,114,571,850,,3,20,"what role does the effect of chemical reaction particularly when out of equilibrium play in the similitude laws governing hypersonic flows over slender aerodynamic bodies"
false_negative,bm25(k1=1.2,b=0.75),stopwords+stemming,73,114,68,537,,3,20,"what role does the effect of chemical reaction particularly when out of equilibrium play in the similitude laws governing hypersonic flows over slender aerodynamic bodies"
false_negative,vector,stopwords+stemming,73,114,68,436,,3,20,"what role does the effect of chemical reaction particularly when out of equilibrium play in the similitude laws governing hypersonic flows over slender aerodynamic bodies"
false_negative,vector,stopwords+stemming,73,114,1304,215,,3,20,"what role does the effect of chemical reaction particularly when out of equilibrium play in the similitude laws governing hypersonic flows over slender aerodynamic bodies"
false_negative,bm25(k1=1.2,b=0.75),stopwords+stemming,73,114,1304,131,,3,20,"what role does the effect of chemical reaction particularly when out of equilibrium play in the similitude laws governing hypersonic flows over slender aerodynamic bodies"
false_negative,vector,stopwords+stemming,73,114,1213,108,,3,20,"what role does the effect of chemical reaction particularly when out of equilibrium play in the similitude laws governing hypersonic flows over slender aerodynamic bodies"
false_negative,bm25(k1=1.2,b=0.75),stopwords+stemming,73,114,421,100,,3,20,"what role does the effect of chemical reaction particularly when out of equilibrium play in the similitude laws governing hypersonic flows over slender aerodynamic bodies"
false_negative,bm25(k1=1.2,b=0.75),stopwords+stemming,73,114,1213,70,,3,20,"what role does the effect of chemical reaction particularly when out of equilibrium play in the similitude laws governing hypersonic flows over slender aerodynamic bodies"
false_negative,vector,stopwords+stemming,73,114,160,53,,3,20,"what role does the effect of chemical reaction particularly when out of equilibrium play in the similitude laws governing hypersonic flows over slender aerodynamic bodies"
false_negative,bm25(k1=1.2,b=0.75),stopwords+stemming,73,114,1252,50,,3,20,"what role does the effect of chemical reaction particularly when out of equilibrium play in the similitude laws governing hypersonic flows over slender aerodynamic bodies"
false_negative,vector,stopwords+stemming,73,114,421,47,,3,20,"what role does the effect of chemical reaction particularly when out of equilibrium play in the similitude laws governing hypersonic flows over slender aerodynamic bodies"
false_negative,vector,stopwords+stemming,73,114,1252,38,,3,20,"what role does the effect of chemical reaction particularly when out of equilibrium play in the similitude laws governing hypersonic flows over slender aerodynamic bodies"
false_negative,vector,stopwords+stemming,73,114,574,22,,3,20,"what role does the effect of chemical reaction particularly when out of equilibrium play in the similitude laws governing hypersonic flows over slender aerodynamic bodies"
false_negative,bm25(k1=1.2,b=0.75),stopwords+stemming,73,114,160,20,,3,20,"what role does the effect of chemical reaction particularly when out of equilibrium play in the similitude laws governing hypersonic flows over slender aerodynamic bodies"
false_negative,bm25(k1=1.2,b=0.75),stopwords+stemming,73,114,574,12,,3,20,"what role does the effect of chemical reaction particularly when out of equilibrium play in the similitude laws governing hypersonic flows over slender aerodynamic bodies"
false_negative,vector,stopwords+stemming,2,2,877,,,3,24,"what are the structural and aeroelastic problems associated with flight of high speed aircraft"
false_negative,vector,stopwords+stemming,2,2,857,,,3,24,"what are the structural and aeroelastic problems associated with flight of high speed aircraft"
false_negative,vector,stopwords+stemming,2,2,643,,,3,24,"what are the structural and aeroelastic problems associated with flight of high speed aircraft"
false_negative,vector,stopwords+stemming,225,365,448,,,3,24,"what design factors can be used to control lift-drag ratios at mach numbers above 5"
false_negative,vector,stopwords+stemming,225,365,1309,,,3,24,"what design factors can be used to control lift-drag ratios at mach numbers above 5"
false_negative,bm25(k1=1.2,b=0.75),stopwords+stemming,2,2,877,,,3,24,"what are the structural and aeroelastic problems associated with flight of high speed aircraft"
false_negative,bm25(k1=1.2,b=0.75),stopwords+stemming,2,2,857,,,3,24,"what are the structural and aeroelastic problems associated with flight of high speed aircraft"
false_negative,bm25(k1=1.2,b=0.75),stopwords+stemming,2,2,643,,,3,24,"what are the structural and aeroelastic problems associated with flight of high speed aircraft"
false_negative,bm25(k1=1.2,b=0.75),stopwords+stemming,225,365,448,,,3,24,"what design factors can be used to control lift-drag ratios at mach numbers above 5"
false_negative,bm25(k1=1.2,b=0.75),stopwords+stemming,225,365,1309,,,3,24,"what design factors can be used to control lift-drag ratios at mach numbers above 5"
false_negative,bm25(k1=1.2,b=0.75),stopwords+stemming,225,365,923,1044,,3,24,"what design factors can be used to control lift-drag ratios at mach numbers above 5"
false_negative,vector,stopwords+stemming,225,365,923,1041,,3,24,"what design factors can be used to control lift-drag ratios at mach numbers above 5"
false_negative,vector,stopwords+stemming,225,365,449,1036,,3,24,"what design factors can be used to control lift-drag ratios at mach numbers above 5"
false_negative,bm25(k1=1.2,b=0.75),stopwords+stemming,225,365,449,1035,,3,24,"what design factors can be used to control lift-drag ratios at mach numbers above 5"
false_negative,vector,stopwords+stemming,225,365,1213,870,,3,24,"what design factors can be used to control lift-drag ratios at mach numbers above 5"
false_negative,bm25(k1=1.2,b=0.75),stopwords+stemming,225,365,1213,830,,3,24,"what design factors can be used to control lift-drag ratios at mach numbers above 5"
false_negative,bm25(k1=1.2,b=0.75),stopwords+stemming,225,365,924,609,,3,24,"what design factors can be used to control lift-drag ratios at mach numbers above 5"
false_negative,vector,stopwords+stemming,225,365,433,575,,3,24,"what design factors can be used to control lift-drag ratios at mach numbers above 5"
false_negative,vector,stopwords+stemming,225,365,924,569,,3,24,"what design factors can be used to control lift-drag ratios at mach numbers above 5"
false_negative,vector,stopwords+stemming,225,365,1280,564,,3,24,"what design factors can be used to control lift-drag ratios at mach numbers above 5"
false_negative,vector,stopwords+stemming,2,2,864,554,,3,24,"what are the structural and aeroelastic problems associated with flight of high speed aircraft"
false_negative,vector,stopwords+stemming,225,365,293,527,,3,24,"what design factors can be used to control lift-drag ratios at mach numbers above 5"
false_negative,bm25(k1=1.2,b=0.75),stopwords+stemming,2,2,856,519,,3,24,"what are the structural and aeroelastic problems associated with flight of high speed aircraft"
false_negative,bm25(k1=1.2,b=0.75),stopwords+stemming,2,2,864,515,,3,24,"what are the structural and aeroelastic problems associated with flight of high speed aircraft"
false_negative,vector,stopwords+stemming,225,365,1378,510,,3,24,"what design factors can be used to control lift-drag ratios at mach numbers above 5"
false_negative,vector,stopwords+stemming,225,365,1075,492,,3,24,"what design factors can be used to control lift-drag ratios at mach numbers above 5"
false_negative,bm25(k1=1.2,b=0.75),stopwords+stemming,225,365,1378,481,,3,24,"what design factors can be used to control lift-drag ratios at mach numbers above 5"
false_negative,bm25(k1=1.2,b=0.75),stopwords+stemming,225,365,293,476,,3,24,"what design factors can be used to control lift-drag ratios at mach numbers above 5"
false_negative,bm25(k1=1.2,b=0.75),stopwords+stemming,225,365,1280,472,,3,24,"what design factors can be used to control lift-drag ratios at mach numbers above 5"
false_negative,bm25(k1=1.2,b=0.75),stopwords+stemming,225,365,1075,470,,3,24,"what design factors can be used to control lift-drag ratios at mach numbers above 5"
false_negative,bm25(k1=1.2,b=0.75),stopwords+stemming,225,365,433,467,,3,24,"what design factors can be used to control lift-drag ratios at mach numbers above 5"
false_negative,vector,stopwords+stemming,2,2,856,415,,3,24,"what are the structural and aeroelastic problems associated with flight of high speed aircraft"
false_negative,vector,stopwords+stemming,225,365,40,348,,3,24,"what design factors can be used to control lift-drag ratios at mach numbers above 5"
false_negative,vector,stopwords+stemming,225,365,1074,320,,3,24,"what design factors can be used to control lift-drag ratios at mach numbers above 5"
false_negative,bm25(k1=1.2,b=0.75),stopwords+stemming,225,365,40,235,,3,24,"what design factors can be used to control lift-drag ratios at mach numbers above 5"
false_negative,bm25(k1=1.2,b=0.75),stopwords+stemming,2,2,102,225,,3,24,"what are the structural and aeroelastic problems associated with flight of high speed aircraft"
false_negative,vector,stopwords+stemming,2,2,391,215,,3,24,"what are the structural and aeroelastic problems associated with flight of high speed aircraft"
false_negative,bm25(k1=1.2,b=0.75),stopwords+stemming,225,365,1074,213,,3,24,"what design factors can be used to control lift-drag ratios at mach numbers above 5"
false_negative,vector,stopwords+stemming,225,365,1062,203,,3,24,"what design factors can be used to control lift-drag ratios at mach numbers above 5"
false_negative,bm25(k1=1.2,b=0.75),stopwords+stemming,2,2,285,150,,3,24,"what are the structural and aeroelastic problems associated with flight of high speed aircraft"
false_negative,vector,stopwords+stemming,2,2,285,144,,3,24,"what are the structural and aeroelastic problems associated with flight of high speed aircraft"
false_negative,vector,stopwords+stemming,225,365,1381,142,,3,24,"what design factors can be used to control lift-drag ratios at mach numbers above 5"
false_negative,bm25(k1=1.2,b=0.75),stopwords+stemming,2,2,391,132,,3,24,"what are the structural and aeroelastic problems associated with flight of high speed aircraft"
false_negative,bm25(k1=1.2,b=0.75),stopwords+stemming,225,365,1062,126,,3,24,"what design factors can be used to control lift-drag ratios at mach numbers above 5"
false_negative,bm25(k1=1.2,b=0.75),stopwords+stemming,225,365,1124,110,,3,24,"what design factors can be used to control lift-drag ratios at mach numbers above 5"
false_negative,bm25(k1=1.2,b=0.75),stopwords+stemming,225,365,1381,107,,3,24,"what design factors can be used to control lift-drag ratios at mach numbers above 5"
false_negative,bm25(k1=1.2,b=0.75),stopwords+stemming,2,2,390,96,,3,24,"what are the structural and aeroelastic problems associated with flight of high speed aircraft"
false_negative,vector,stopwords+stemming,2,2,102,85,,3,24,"what are the structural and aeroelastic problems associated with flight of high speed aircraft"
false_negative,vector,stopwords+stemming,2,2,658,62,,3,24,"what are the structural and aeroelastic problems associated with flight of high speed aircraft"
false_negative,vector,stopwords+stemming,2,2,390,52,,3,24,"what are the structural and aeroelastic problems associated with flight of high speed aircraft"
false_negative,bm25(k1=1.2,b=0.75),stopwords+stemming,2,2,497,50,,3,24,"what are the structural and aeroelastic problems associated with flight of high speed aircraft"
false_negative,vector,stopwords+stemming,225,365,1124,45,,3,24,"what design factors can be used to control lift-drag ratios at mach numbers above 5"
false_negative,bm25(k1=1.2,b=0.75),stopwords+stemming,2,2,202,41,,3,24,"what are the structural and aeroelastic problems associated with flight of high speed aircraft"
false_negative,bm25(k1=1.2,b=0.75),stopwords+stemming,2,2,658,39,,3,24,"what are the structural and aeroelastic problems associated with flight of high speed aircraft"
false_negative,vector,stopwords+stemming,2,2,202,26,,3,24,"what are the structural and aeroelastic problems associated with flight of high speed aircraft"
false_negative,vector,stopwords+stemming,2,2,497,21,,3,24,"what are the structural and aeroelastic problems associated with flight of high speed aircraft"
false_negative,vector,stopwords+stemming,1,1,185,793,,3,28,"what similarity laws must be obeyed when constructing aeroelastic models of heated high speed aircraft"
false_negative,bm25(k1=1.2,b=0.75),stopwords+stemming,1,1,185,738,,3,28,"what similarity laws must be obeyed when constructing aeroelastic models of heated high speed aircraft"
false_negative,vector,stopwords+stemming,1,1,66,724,,3,28,"what similarity laws must be obeyed when constructing aeroelastic models of heated high speed aircraft"
false_negative,bm25(k1=1.2,b=0.75),stopwords+stemming,1,1,66,719,,3,28,"what similarity laws must be obeyed when constructing aeroelastic models of heated high speed aircraft"
false_negative,bm25(k1=1.2,b=0.75),stopwords+stemming,1,1,37,621,,3,28,"what similarity laws must be obeyed when constructing aeroelastic models of heated high speed aircraft"
false_negative,vector,stopwords+stemming,1,1,37,539,,3,28,"what similarity laws must be obeyed when constructing aeroelastic models of heated high speed aircraft"
false_negative,vector,stopwords+stemming,1,1,30,427,,3,28,"what similarity laws must be obeyed when constructing aeroelastic models of heated high speed aircraft"
false_negative,bm25(k1=1.2,b=0.75),stopwords+stemming,1,1,30,340,,3,28,"what similarity laws must be obeyed when constructing aeroelastic models of heated high speed aircraft"
false_negative,vector,stopwords+stemming,1,1,95,168,,3,28,"what similarity laws must be obeyed when constructing aeroelastic models of heated high speed aircraft"
false_negative,bm25(k1=1.2,b=0.75),stopwords+stemming,1,1,497,151,,3,28,"what similarity laws must be obeyed when constructing aeroelastic models of heated high speed aircraft"
false_negative,bm25(k1=1.2,b=0.75),stopwords+stemming,1,1,102,118,,3,28,"what similarity laws must be obeyed when constructing aeroelastic models of heated high speed aircraft"
false_negative,vector,stopwords+stemming,1,1,858,110,,3,28,"what similarity laws must be obeyed when constructing aeroelastic models of heated high speed aircraft"
false_negative,bm25(k1=1.2,b=0.75),stopwords+stemming,1,1,858,107,,3,28,"what similarity laws must be obeyed when constructing aeroelastic models of heated high speed aircraft"
false_negative,vector,stopwords+stemming,1,1,497,103,,3,28,"what similarity laws must be obeyed when constructing aeroelastic models of heated high speed aircraft"
false_negative,bm25(k1=1.2,b=0.75),stopwords+stemming,1,1,95,97,,3,28,"what similarity laws must be obeyed when constructing aeroelastic models of heated high speed aircraft"
false_negative,vector,stopwords+stemming,1,1,880,75,,3,28,"what similarity laws must be obeyed when constructing aeroelastic models of heated high speed aircraft"
false_negative,vector,stopwords+stemming,1,1,102,62,,3,28,"what similarity laws must be obeyed when constructing aeroelastic models of heated high speed aircraft"
false_negative,bm25(k1=1.2,b=0.75),stopwords+stemming,1,1,880,62,,3,28,"what similarity laws must be obeyed when constructing aeroelastic models of heated high speed aircraft"
false_negative,vector,stopwords+stemming,1,1,876,56,,3,28,"what similarity laws must be obeyed when constructing aeroelastic models of heated high speed aircraft"
false_negative,bm25(k1=1.2,b=0.75),stopwords+stemming,1,1,56,38,,3,28,"what similarity laws must be obeyed when constructing aeroelastic models of heated high speed aircraft"
false_negative,bm25(k1=1.2,b=0.75),stopwords+stemming,1,1,876,27,,3,28,"what similarity laws must be obeyed when constructing aeroelastic models of heated high speed aircraft"
false_negative,bm25(k1=1.2,b=0.75),stopwords+stemming,1,1,879,18,,3,28,"what similarity laws must be obeyed when constructing aeroelastic models of heated high speed aircraft"
false_negative,vector,stopwords+stemming,1,1,56,12,,3,28,"what similarity laws must be obeyed when constructing aeroelastic models of heated high speed aircraft"
false_negative,bm25(k1=1.2,b=0.75),stopwords+stemming,23,41,593,668,,3,32,"what progress has been made in research on unsteady aerodynamics"
false_negative,vector,stopwords+stemming,23,41,593,616,,3,32,"what progress has been made in research on unsteady aerodynamics"
false_negative,bm25(k1=1.2,b=0.75),stopwords+stemming,23,41,749,110,,3,32,"what progress has been made in research on unsteady aerodynamics"
false_negative,vector,stopwords+stemming,23,41,749,109,,3,32,"what progress has been made in research on unsteady aerodynamics"
false_negative,bm25(k1=1.2,b=0.75),stopwords+stemming,23,41,919,97,,3,32,"what progress has been made in research on unsteady aerodynamics"
false_negative,vector,stopwords+stemming,23,41,1290,96,,3,32,"what progress has been made in research on unsteady aerodynamics"
false_negative,vector,stopwords+stemming,23,41,917,74,,3,32,"what progress has been made in research on unsteady aerodynamics"
false_negative,vector,stopwords+stemming,23,41,919,70,,3,32,"what progress has been made in research on unsteady aerodynamics"
false_negative,bm25(k1=1.2,b=0.75),stopwords+stemming,23,41,1290,57,,3,32,"what progress has been made in research on unsteady aerodynamics"
false_negative,bm25(k1=1.2,b=0.75),stopwords+stemming,23,41,917,49,,3,32,"what progress has been made in research on unsteady aerodynamics"
false_negative,bm25(k1=1.2,b=0.75),stopwords+stemming,23,41,903,27,,3,32,"what progress has been made in research on unsteady aerodynamics"
false_negative,vector,stopwords+stemming,23,41,903,16,,3,32,"what progress has been made in research on unsteady aerodynamics"
false_negative,vector,stopwords+stemming,157,232,215,,,3,39,"have flow fields been calculated for blunt-nosed bodies and compared with experiment for a wide range of free stream conditions and body shapes"
false_negative,bm25(k1=1.2,b=0.75),stopwords+stemming,157,232,215,,,3,39,"have flow fields been calculated for blunt-nosed bodies and compared with experiment for a wide range of free stream conditions and body shapes"
false_negative,vector,stopwords+stemming,157,232,1307,1130,,3,39,"have flow fields been calculated for blunt-nosed bodies and compared with experiment for a wide range of free stream conditions and body shapes"
false_negative,bm25(k1=1.2,b=0.75),stopwords+stemming,157,232,1307,1090,,3,39,"have flow fields been calculated for blunt-nosed bodies and compared with experiment for a wide range of free stream conditions and body shapes"
false_negative,vector,stopwords+stemming,157,232,605,941,,3,39,"have flow fields been calculated for blunt-nosed bodies and compared with experiment for a wide range of free stream conditions and body shapes"
false_negative,bm25(k1=1.2,b=0.75),stopwords+stemming,157,232,605,840,,3,39,"have flow fields been calculated for blunt-nosed bodies and compared with experiment for a wide range of free stream conditions and body shapes"
false_negative,vector,stopwords+stemming,157,232,302,839,,3,39,"have flow fields been calculated for blunt-nosed bodies and compared with experiment for a wide range of free stream conditions and body shapes"
false_negative,bm25(k1=1.2,b=0.75),stopwords+stemming,157,232,302,811,,3,39,"have flow fields been calculated for blunt-nosed bodies and compared with experiment for a wide range of free stream conditions and body shapes"
false_negative,bm25(k1=1.2,b=0.75),stopwords+stemming,157,232,655,658,,3,39,"have flow fields been calculated for blunt-nosed bodies and compared with experiment for a wide range of free stream conditions and body shapes"
false_negative,vector,stopwords+stemming,157,232,1011,632,,3,39,"have flow fields been calculated for blunt-nosed bodies and compared with experiment for a wide range of free stream conditions and body shapes"
false_negative,vector,stopwords+stemming,157,232,655,615,,3,39,"have flow fields been calculated for blunt-nosed bodies and compared with experiment for a wide range of free stream conditions and body shapes"
false_negative,bm25(k1=1.2,b=0.75),stopwords+stemming,157,232,1011,563,,3,39,"have flow fields been calculated for blunt-nosed bodies and compared with experiment for a wide range of free stream conditions and body shapes"
false_negative,bm25(k1=1.2,b=0.75),stopwords+stemming,157,232,354,360,,3,39,"have flow fields been calculated for blunt-nosed bodies and compared with experiment for a wide range of free stream conditions and body shapes"
false_negative,vector,stopwords+stemming,157,232,557,320,,3,39,"have flow fields been calculated for blunt-nosed bodies and compared with experiment for a wide range of free stream conditions and body shapes"
false_negative,vector,stopwords+stemming,157,232,689,308,,3,39,"have flow fields been calculated for blunt-nosed bodies and compared with experiment for a wide range of free stream conditions and body shapes"
false_negative,vector,stopwords+stemming,157,232,572,269,,3,39,"have flow fields been calculated for blunt-nosed bodies and compared with experiment for a wide range of free stream conditions and body shapes"
false_negative,bm25(k1=1.2,b=0.75),stopwords+stemming,157,232,93,264,,3,39,"have flow fields been calculated for blunt-nosed bodies and compared with experiment for a wide range of free stream conditions and body shapes"
false_negative,vector,stopwords+stemming,157,232,93,239,,3,39,"have flow fields been calculated for blunt-nosed bodies and compared with experiment for a wide range of free stream conditions and body shapes"
false_negative,bm25(k1=1.2,b=0.75),stopwords+stemming,157,232,557,233,,3,39,"have flow fields been calculated for blunt-nosed bodies and compared with experiment for a wide range of free stream conditions and body shapes"
false_negative,vector,stopwords+stemming,157,232,35,232,,3,39,"have flow fields been calculated for blunt-nosed bodies and compared with experiment for a wide range of free stream conditions and body shapes"
false_negative,vector,stopwords+stemming,157,232,161,207,,3,39,"have flow fields been calculated for blunt-nosed bodies and compared with experiment for a wide range of free stream conditions and body shapes"
false_negative,bm25(k1=1.2,b=0.75),stopwords+stemming,157,232,35,205,,3,39,"have flow fields been calculated for blunt-nosed bodies and compared with experiment for a wide range of free stream conditions and body shapes"
false_negative,bm25(k1=1.2,b=0.75),stopwords+stemming,157,232,19,196,,3,39,"have flow fields been calculated for blunt-nosed bodies and compared with experiment for a wide range of free stream conditions and body shapes"
false_negative,bm25(k1=1.2,b=0.75),stopwords+stemming,157,232,572,194,,3,39,"have flow fields been calculated for blunt-nosed bodies and compared with experiment for a wide range of free stream conditions and body shapes"
false_negative,bm25(k1=1.2,b=0.75),stopwords+stemming,157,232,689,191,,3,39,"have flow fields been calculated for blunt-nosed bodies and compared with experiment for a wide range of free stream conditions and body shapes"
false_negative,bm25(k1=1.2,b=0.75),stopwords+stemming,157,232,161,190,,3,39,"have flow fields been calculated for blunt-nosed bodies and compared with experiment for a wide range of free stream conditions and body shapes"
false_negative,vector,stopwords+stemming,157,232,36,156,,3,39,"have flow fields been calculated for blunt-nosed bodies and compared with experiment for a wide range of free stream conditions and body shapes"
false_negative,bm25(k1=1.2,b=0.75),stopwords+stemming,157,232,1304,155,,3,39,"have flow fields been calculated for blunt-nosed bodies and compared with experiment for a wide range of free stream conditions and body shapes"
false_negative,vector,stopwords+stemming,157,232,1304,141,,3,39,"have flow fields been calculated for blunt-nosed bodies and compared with experiment for a wide range of free stream conditions and body shapes"
false_negative,vector,stopwords+stemming,157,232,19,130,,3,39,"have flow fields been calculated for blunt-nosed bodies and compared with experiment for a wide range of free stream conditions and body shapes"
false_negative,bm25(k1=1.2,b=0.75),stopwords+stemming,157,232,423,125,,3,39,"have flow fields been calculated for blunt-nosed bodies and compared with experiment for a wide range of free stream conditions and body shapes"
false_negative,vector,stopwords+stemming,157,232,44,110,,3,39,"have flow fields been calculated for blunt-nosed bodies and compared with experiment for a wide range of free stream conditions and body shapes"
false_negative,bm25(k1=1.2,b=0.75),stopwords+stemming,157,232,36,110,,3,39,"have flow fields been calculated for blunt-nosed bodies and compared with experiment for a wide range of free stream conditions and body shapes"
false_negative,vector,stopwords+stemming,157,232,354,109,,3,39,"have flow fields been calculated for blunt-nosed bodies and compared with experiment for a wide range of free stream conditions and body shapes"
false_negative,vector,stopwords+stemming,157,232,423,108,,3,39,"have flow fields been calculated for blunt-nosed bodies and compared with experiment for a wide range of free stream conditions and body shapes"
false_negative,bm25(k1=1.2,b=0.75),stopwords+stemming,157,232,482,101,,3,39,"have flow fields been calculated for blunt-nosed bodies and compared with experiment for a wide range of free stream conditions and body shapes"
false_negative,vector,stopwords+stemming,157,232,421,75,,3,39,"have flow fields been calculated for blunt-nosed bodies and compared with experiment for a wide range of free stream conditions and body shapes"
false_negative,bm25(k1=1.2,b=0.75),stopwords+stemming,157,232,44,74,,3,39,"have flow fields been calculated for blunt-nosed bodies and compared with experiment for a wide range of free stream conditions and body shapes"
false_negative,bm25(k1=1.2,b=0.75),stopwords+stemming,157,232,421,70,,3,39,"have flow fields been calculated for blunt-nosed bodies and compared with experiment for a wide range of free stream conditions and body shapes"
false_negative,bm25(k1=1.2,b=0.75),stopwords+stemming,157,232,318,54,,3,39,"have flow fields been calculated for blunt-nosed bodies and compared with experiment for a wide range of free stream conditions and body shapes"
false_negative,vector,stopwords+stemming,157,232,318,45,,3,39,"have flow fields been calculated for blunt-nosed bodies and compared with experiment for a wide range of free stream conditions and body shapes"
false_negative,vector,stopwords+stemming,157,232,657,37,,3,39,"have flow fields been calculated for blunt-nosed bodies and compared with experiment for a wide range of free stream conditions and body shapes"
false_negative,vector,stopwords+stemming,157,232,369,27,,3,39,"have flow fields been calculated for blunt-nosed bodies and compared with experiment for a wide range of free stream conditions and body shapes"
false_negative,bm25(k1=1.2,b=0.75),stopwords+stemming,157,232,369,21,,3,39,"have flow fields been calculated for blunt-nosed bodies and compared with experiment for a wide range of free stream conditions and body shapes"
false_negative,bm25(k1=1.2,b=0.75),stopwords+stemming,157,232,657,15,,3,39,"have flow fields been calculated for blunt-nosed bodies and compared with experiment for a wide range of free stream conditions and body shapes"
false_negative,vector,stopwords+stemming,157,232,482,11,,3,39,"have flow fields been calculated for blunt-nosed bodies and compared with experiment for a wide range of free stream conditions and body shapes"
false_negative,vector,stopwords+stemming,31,56,776,,,4,1,"what size of end plate can be safely used to simulate two-dimensional flow conditions over a bluff cylindrical body of finite aspect ratio"
false_negative,bm25(k1=1.2,b=0.75),stopwords+stemming,31,56,776,,,4,1,"what size of end plate can be safely used to simulate two-dimensional flow conditions over a bluff cylindrical body of finite aspect ratio"
false_negative,vector,stopwords+stemming,49,84,478,72,,4,2,"can the three-point boundary-value problem for the blasius equation be integrated numerically using suitable transformations without iteration on the boundary conditions"
false_negative,bm25(k1=1.2,b=0.75),stopwords+stemming,49,84,478,70,,4,2,"can the three-point boundary-value problem for the blasius equation be integrated numerically using suitable transformations without iteration on the boundary conditions"
false_negative,bm25(k1=1.2,b=0.75),stopwords+stemming,14,27,65,66,,4,2,"papers on shock-sound wave interaction"
false_negative,bm25(k1=1.2,b=0.75),stopwords+stemming,215,339,37,60,,4,2,"is it possible to predict the shape of a shroud which will allow simulation of the nose region flow field for a sphere in hypersonic flow"
false_negative,vector,stopwords+stemming,215,339,37,56,,4,2,"is it possible to predict the shape of a shroud which will allow simulation of the nose region flow field for a sphere in hypersonic flow"
false_negative,vector,stopwords+stemming,14,27,65,33,,4,2,"papers on shock-sound wave interaction"
false_negative,vector,stopwords+stemming,215,339,35,20,,4,2,"is it possible to predict the shape of a shroud which will allow simulation of the nose region flow field for a sphere in hypersonic flow"
false_negative,bm25(k1=1.2,b=0.75),stopwords+stemming,215,339,35,15,,4,2,"is it possible to predict the shape of a shroud which will allow simulation of the nose region flow field for a sphere in hypersonic flow"
false_negative,vector,stopwords+stemming,44,79,437,,,4,3,"what are the details of the rigorous kinetic theory of gases chapman-enskog theory"
false_negative,bm25(k1=1.2,b=0.75),stopwords+stemming,44,79,437,,,4,3,"what are the details of the rigorous kinetic theory of gases chapman-enskog theory"
false_negative,bm25(k1=1.2,b=0.75),stopwords+stemming,136,205,1022,51,,4,3,"what are the results for the creep buckling of round tubes under external pressure"
false_negative,vector,stopwords+stemming,136,205,1022,50,,4,3,"what are the results for the creep buckling of round tubes under external pressure"
false_negative,vector,stopwords+stemming,136,205,1034,29,,4,3,"what are the results for the creep buckling of round tubes under external pressure"
false_negative,vector,stopwords+stemming,13,26,311,,,4,4,"what is the basic mechanism of the transonic aileron buzz"
false_negative,vector,stopwords+stemming,13,26,65,,,4,4,"what is the basic mechanism of the transonic aileron buzz"
false_negative,bm25(k1=1.2,b=0.75),stopwords+stemming,13,26,311,,,4,4,"what is the basic mechanism of the transonic aileron buzz"
false_negative,bm25(k1=1.2,b=0.75),stopwords+stemming,13,26,65,,,4,4,"what is the basic mechanism of the transonic aileron buzz"
false_negative,bm25(k1=1.2,b=0.75),stopwords+stemming,115,168,874,981,,4,4,"is the problem of similarity for representative investigations of aeroelastic effects in heated flow as intractable as previous investigations imply"
false_negative,vector,stopwords+stemming,115,168,874,969,,4,4,"is the problem of similarity for representative investigations of aeroelastic effects in heated flow as intractable as previous investigations imply"
false_negative,bm25(k1=1.2,b=0.75),stopwords+stemming,102,152,911,194,,4,4,"basic dynamic characteristics of structures continuous over many spans"
false_negative,vector,stopwords+stemming,102,152,911,186,,4,4,"basic dynamic characteristics of structures continuous over many spans"
false_negative,bm25(k1=1.2,b=0.75),stopwords+stemming,139,209,1037,184,,4,4,"has the effect of the change of initial pressure due to deformation on the frequencies of vibration of circular cylindrical shells been investigated"
false_negative,bm25(k1=1.2,b=0.75),stopwords+stemming,110,161,1174,133,,4,4,"can increasing the edge loading of a plate beyond the critical value for buckling change the buckling mode"
false_negative,vector,stopwords+stemming,110,161,1174,132,,4,4,"can increasing the edge loading of a plate beyond the critical value for buckling change the buckling mode"
false_negative,vector,stopwords+stemming,139,209,1037,89,,4,4,"has the effect of the change of initial pressure due to deformation on the frequencies of vibration of circular cylindrical shells been investigated"
false_negative,bm25(k1=1.2,b=0.75),stopwords+stemming,178,269,588,45,,4,4,"has a criterion been established for determining the axial compressor choking line"
false_negative,vector,stopwords+stemming,178,269,588,29,,4,4,"has a criterion been established for determining the axial compressor choking line"
false_negative,vector,stopwords+stemming,207,323,879,,,4,5,"how do large changes in new mass ratio quantitatively affect wing-flutter boundaries"
false_negative,bm25(k1=1.2,b=0.75),stopwords+stemming,207,323,879,,,4,5,"how do large changes in new mass ratio quantitatively affect wing-flutter boundaries"
false_negative,vector,stopwords+stemming,98,147,709,690,,4,5,"will forward or apex located controls be effective at low subsonic speeds and how do they compare with conventional trailing-edge flaps"
false_negative,bm25(k1=1.2,b=0.75),stopwords+stemming,98,147,709,681,,4,5,"will forward or apex located controls be effective at low subsonic speeds and how do they compare with conventional trailing-edge flaps"
false_negative,bm25(k1=1.2,b=0.75),stopwords+stemming,174,265,423,650,,4,5,"obtain all papers and reports that contain shock detachment distance data"
false_negative,vector,stopwords+stemming,174,265,423,629,,4,5,"obtain all papers and reports that contain shock detachment distance data"
false_negative,vector,stopwords+stemming,42,72,775,565,,4,5,"what is a criterion that the transonic flow around an airfoil with a round leading edge be validly analyzed by the linearized transonic flow theory"
false_negative,bm25(k1=1.2,b=0.75),stopwords+stemming,42,72,775,551,,4,5,"what is a criterion that the transonic flow around an airfoil with a round leading edge be validly analyzed by the linearized transonic flow theory"
false_negative,vector,stopwords+stemming,151,224,1077,446,,4,5,"what is the best theoretical method for calculating pressure on the surface of a wing alone"
false_negative,vector,stopwords+stemming,79,122,713,401,,4,5,"have any aerodynamic derivatives been measured at hypersonic mach numbers and comparison been made with theoretical work"
false_negative,bm25(k1=1.2,b=0.75),stopwords+stemming,151,224,1077,372,,4,5,"what is the best theoretical method for calculating pressure on the surface of a wing alone"
false_negative,bm25(k1=1.2,b=0.75),stopwords+stemming,127,187,983,348,,4,5,"is it possible to obtain a reasonably simple analytical solution to the heat equation for an exponential in time heat input"
false_negative,vector,stopwords+stemming,116,169,492,337,,4,5,"what is the magnitude and distribution of lift over the cone and the cylindrical portion of a cone-cylinder configuration"
false_negative,vector,stopwords+stemming,61,102,661,276,,4,5,"does there exist a closed-form expression for the local heat transfer around a yawed cylinder"
false_negative,bm25(k1=1.2,b=0.75),stopwords+stemming,116,169,492,276,,4,5,"what is the magnitude and distribution of lift over the cone and the cylindrical portion of a cone-cylinder configuration"
false_negative,vector,stopwords+stemming,127,187,983,254,,4,5,"is it possible to obtain a reasonably simple analytical solution to the heat equation for an exponential in time heat input"
false_negative,bm25(k1=1.2,b=0.75),stopwords+stemming,79,122,713,212,,4,5,"have any aerodynamic derivatives been measured at hypersonic mach numbers and comparison been made with theoretical work"
false_negative,vector,stopwords+stemming,69,110,336,196,,4,5,"what is known regarding asymptotic solutions to the exact boundary layer equations"
false_negative,bm25(k1=1.2,b=0.75),stopwords+stemming,69,110,336,196,,4,5,"what is known regarding asymptotic solutions to the exact boundary layer equations"
false_negative,bm25(k1=1.2,b=0.75),stopwords+stemming,160,241,1135,191,,4,5,"compressive circumferential stresses in a torispherical shell reveal the possibility of buckling under internal pressure has anyone investigated for which ranges of shell parameters these stresses are sufficiently large to cause elastic buckling"
false_negative,bm25(k1=1.2,b=0.75),stopwords+stemming,7,12,19,189,,4,5,"is it possible to relate the available pressure distributions for an ogive forebody at zero angle of attack to the lower surface pressures of an equivalent ogive forebody at angle of attack"
false_negative,bm25(k1=1.2,b=0.75),stopwords+stemming,61,102,661,183,,4,5,"does there exist a closed-form expression for the local heat transfer around a yawed cylinder"
false_negative,vector,stopwords+stemming,127,187,982,182,,4,5,"is it possible to obtain a reasonably simple analytical solution to the heat equation for an exponential in time heat input"
false_negative,vector,stopwords+stemming,160,241,1135,164,,4,5,"compressive circumferential stresses in a torispherical shell reveal the possibility of buckling under internal pressure has anyone investigated for which ranges of shell parameters these stresses are sufficiently large to cause elastic buckling"
false_negative,bm25(k1=1.2,b=0.75),stopwords+stemming,79,122,708,145,,4,5,"have any aerodynamic derivatives been measured at hypersonic mach numbers and comparison been made with theoretical work"
false_negative,vector,stopwords+stemming,98,147,708,124,,4,5,"will forward or apex located controls be effective at low subsonic speeds and how do they compare with conventional trailing-edge flaps"
false_negative,vector,stopwords+stemming,105,155,845,119,,4,5,"what is the effect of an internal liquid column on the breathing vibrations of a cylindrical shell"
false_negative,bm25(k1=1.2,b=0.75),stopwords+stemming,98,147,708,117,,4,5,"will forward or apex located controls be effective at low subsonic speeds and how do they compare with conventional trailing-edge flaps"
false_negative,bm25(k1=1.2,b=0.75),stopwords+stemming,105,155,845,117,,4,5,"what is the effect of an internal liquid column on the breathing vibrations of a cylindrical shell"
false_negative,vector,stopwords+stemming,7,12,19,106,,4,5,"is it possible to relate the available pressure distributions for an ogive forebody at zero angle of attack to the lower surface pressures of an equivalent ogive forebody at angle of attack"
false_negative,bm25(k1=1.2,b=0.75),stopwords+stemming,127,187,982,99,,4,5,"is it possible to obtain a reasonably simple analytical solution to the heat equation for an exponential in time heat input"
false_negative,vector,stopwords+stemming,98,147,711,98,,4,5,"will forward or apex located controls be effective at low subsonic speeds and how do they compare with conventional trailing-edge flaps"
false_negative,bm25(k1=1.2,b=0.75),stopwords+stemming,160,241,1136,90,,4,5,"compressive circumferential stresses in a torispherical shell reveal the possibility of buckling under internal pressure has anyone investigated for which ranges of shell parameters these stresses are sufficiently large to cause elastic buckling"
false_negative,bm25(k1=1.2,b=0.75),stopwords+stemming,12,23,649,85,,4,5,"how can the aerodynamic performance of channel flow ground effect machines be calculated"
false_negative,vector,stopwords+stemming,98,147,712,84,,4,5,"will forward or apex located controls be effective at low subsonic speeds and how do they compare with conventional trailing-edge flaps"
false_negative,vector,stopwords+stemming,160,241,1136,69,,4,5,"compressive circumferential stresses in a torispherical shell reveal the possibility of buckling under internal pressure has anyone investigated for which ranges of shell parameters these stresses are sufficiently large to cause elastic buckling"
false_negative,vector,stopwords+stemming,79,122,708,61,,4,5,"have any aerodynamic derivatives been measured at hypersonic mach numbers and comparison been made with theoretical work"
false_negative,vector,stopwords+stemming,60,101,478,55,,4,5,"is there any simple but practical method for numerical integration of the mixing problem ie the blasius problem with three-point boundary conditions"
false_negative,bm25(k1=1.2,b=0.75),stopwords+stemming,60,101,478,53,,4,5,"is there any simple but practical method for numerical integration of the mixing problem ie the blasius problem with three-point boundary conditions"
false_negative,bm25(k1=1.2,b=0.75),stopwords+stemming,79,122,688,49,,4,5,"have any aerodynamic derivatives been measured at hypersonic mach numbers and comparison been made with theoretical work"
false_negative,vector,stopwords+stemming,12,23,649,41,,4,5,"how can the aerodynamic performance of channel flow ground effect machines be calculated"
false_negative,vector,stopwords+stemming,151,224,1075,41,,4,5,"what is the best theoretical method for calculating pressure on the surface of a wing alone"
false_negative,bm25(k1=1.2,b=0.75),stopwords+stemming,98,147,712,38,,4,5,"will forward or apex located controls be effective at low subsonic speeds and how do they compare with conventional trailing-edge flaps"
false_negative,vector,stopwords+stemming,79,122,688,36,,4,5,"have any aerodynamic derivatives been measured at hypersonic mach numbers and comparison been made with theoretical work"
false_negative,vector,stopwords+stemming,105,155,844,36,,4,5,"what is the effect of an internal liquid column on the breathing vibrations of a cylindrical shell"
false_negative,bm25(k1=1.2,b=0.75),stopwords+stemming,151,224,1075,32,,4,5,"what is the best theoretical method for calculating pressure on the surface of a wing alone"
false_negative,vector,stopwords+stemming,106,156,845,28,,4,5,"experimental techniques in shell vibration"
false_negative,bm25(k1=1.2,b=0.75),stopwords+stemming,105,155,844,23,,4,5,"what is the effect of an internal liquid column on the breathing vibrations of a cylindrical shell"
false_negative,bm25(k1=1.2,b=0.75),stopwords+stemming,98,147,711,19,,4,5,"will forward or apex located controls be effective at low subsonic speeds and how do they compare with conventional trailing-edge flaps"
false_negative,bm25(k1=1.2,b=0.75),stopwords+stemming,106,156,845,18,,4,5,"experimental techniques in shell vibration"
false_negative,bm25(k1=1.2,b=0.75),stopwords+stemming,152,225,687,887,,4,6,"how can the effect of the boundary-layer on wing pressure be calculated and what is its magnitude"
false_negative,vector,stopwords+stemming,152,225,687,745,,4,6,"how can the effect of the boundary-layer on wing pressure be calculated and what is its magnitude"
false_negative,vector,stopwords+stemming,50,85,21,463,,4,6,"what are the effects of small amounts of gas rarefaction on the characteristics of the boundary layers on slender bodies of revolution"
false_negative,vector,stopwords+stemming,50,85,306,396,,4,6,"what are the effects of small amounts of gas rarefaction on the characteristics of the boundary layers on slender bodies of revolution"
false_negative,bm25(k1=1.2,b=0.75),stopwords+stemming,74,116,578,374,,4,6,"how significant is the possible pressure of a dissociated free stream with respect to the realization of hypersonic simulation in high enthalpy wind tunnels"
false_negative,bm25(k1=1.2,b=0.75),stopwords+stemming,50,85,21,362,,4,6,"what are the effects of small amounts of gas rarefaction on the characteristics of the boundary layers on slender bodies of revolution"
false_negative,vector,stopwords+stemming,50,85,94,337,,4,6,"what are the effects of small amounts of gas rarefaction on the characteristics of the boundary layers on slender bodies of revolution"
false_negative,bm25(k1=1.2,b=0.75),stopwords+stemming,50,85,306,333,,4,6,"what are the effects of small amounts of gas rarefaction on the characteristics of the boundary layers on slender bodies of revolution"
false_negative,vector,stopwords+stemming,74,116,578,303,,4,6,"how significant is the possible pressure of a dissociated free stream with respect to the realization of hypersonic simulation in high enthalpy wind tunnels"
false_negative,bm25(k1=1.2,b=0.75),stopwords+stemming,50,85,94,253,,4,6,"what are the effects of small amounts of gas rarefaction on the characteristics of the boundary layers on slender bodies of revolution"
false_negative,bm25(k1=1.2,b=0.75),stopwords+stemming,140,210,1044,221,,4,6,"what are the discontinuity stresses at junctions in pressurized structures"
false_negative,vector,stopwords+stemming,140,210,1044,211,,4,6,"what are the discontinuity stresses at junctions in pressurized structures"
false_negative,vector,stopwords+stemming,140,210,1043,198,,4,6,"what are the discontinuity stresses at junctions in pressurized structures"
false_negative,bm25(k1=1.2,b=0.75),stopwords+stemming,161,245,996,192,,4,6,"is there an integral method to give a single and sufficiently accurate method of calculating the laminar separate point for various incompressible and compressible boundary layers with zero heat transfer"
false_negative,vector,stopwords+stemming,50,85,22,180,,4,6,"what are the effects of small amounts of gas rarefaction on the characteristics of the boundary layers on slender bodies of revolution"
false_negative,bm25(k1=1.2,b=0.75),stopwords+stemming,140,210,1043,177,,4,6,"what are the discontinuity stresses at junctions in pressurized structures"
false_negative,vector,stopwords+stemming,161,245,996,160,,4,6,"is there an integral method to give a single and sufficiently accurate method of calculating the laminar separate point for various incompressible and compressible boundary layers with zero heat transfer"
false_negative,vector,stopwords+stemming,32,57,247,145,,4,6,"to find an approximate correction for thickness in slender thin-wing theory"
false_negative,bm25(k1=1.2,b=0.75),stopwords+stemming,32,57,247,134,,4,6,"to find an approximate correction for thickness in slender thin-wing theory"
false_negative,bm25(k1=1.2,b=0.75),stopwords+stemming,50,85,22,86,,4,6,"what are the effects of small amounts of gas rarefaction on the characteristics of the boundary layers on slender bodies of revolution"
false_negative,bm25(k1=1.2,b=0.75),stopwords+stemming,32,57,250,82,,4,6,"to find an approximate correction for thickness in slender thin-wing theory"
false_negative,vector,stopwords+stemming,208,327,164,79,,4,6,"what is the effect of the shape of the drag polar of a lifting spacecraft on the amount of reduction in maximum deceleration obtainable by continuously varying the aerodynamic coefficients during re-entry"
false_negative,bm25(k1=1.2,b=0.75),stopwords+stemming,210,332,1030,72,,4,6,"has anyone analytically investigated the stabilizing influence of soft elastic cores on the buckling strength of cylindrical shells subjected to non-uniform external pressure"
false_negative,vector,stopwords+stemming,32,57,250,71,,4,6,"to find an approximate correction for thickness in slender thin-wing theory"
false_negative,vector,stopwords+stemming,208,327,1347,69,,4,6,"what is the effect of the shape of the drag polar of a lifting spacecraft on the amount of reduction in maximum deceleration obtainable by continuously varying the aerodynamic coefficients during re-entry"
false_negative,vector,stopwords+stemming,89,137,795,63,,4,6,"how is the flow at transonic speeds about a delta wing different from that on a closely-related tapered sweptback wing"
false_negative,bm25(k1=1.2,b=0.75),stopwords+stemming,74,116,317,58,,4,6,"how significant is the possible pressure of a dissociated free stream with respect to the realization of hypersonic simulation in high enthalpy wind tunnels"
false_negative,bm25(k1=1.2,b=0.75),stopwords+stemming,208,327,164,49,,4,6,"what is the effect of the shape of the drag polar of a lifting spacecraft on the amount of reduction in maximum deceleration obtainable by continuously varying the aerodynamic coefficients during re-entry"
false_negative,vector,stopwords+stemming,210,332,1030,45,,4,6,"has anyone analytically investigated the stabilizing influence of soft elastic cores on the buckling strength of cylindrical shells subjected to non-uniform external pressure"
false_negative,vector,stopwords+stemming,89,137,796,44,,4,6,"how is the flow at transonic speeds about a delta wing different from that on a closely-related tapered sweptback wing"
false_negative,vector,stopwords+stemming,74,116,574,42,,4,6,"how significant is the possible pressure of a dissociated free stream with respect to the realization of hypersonic simulation in high enthalpy wind tunnels"
false_negative,bm25(k1=1.2,b=0.75),stopwords+stemming,89,137,795,41,,4,6,"how is the flow at transonic speeds about a delta wing different from that on a closely-related tapered sweptback wing"
false_negative,bm25(k1=1.2,b=0.75),stopwords+stemming,74,116,574,39,,4,6,"how significant is the possible pressure of a dissociated free stream with respect to the realization of hypersonic simulation in high enthalpy wind tunnels"
false_negative,vector,stopwords+stemming,74,116,317,35,,4,6,"how significant is the possible pressure of a dissociated free stream with respect to the realization of hypersonic simulation in high enthalpy wind tunnels"
false_negative,bm25(k1=1.2,b=0.75),stopwords+stemming,194,297,741,34,,4,6,"how can the analytical solution of the buckling strength of a uniform circular cylinder loaded in axial compression be refined so as to lower the buckling load"
false_negative,bm25(k1=1.2,b=0.75),stopwords+stemming,208,327,1347,27,,4,6,"what is the effect of the shape of the drag polar of a lifting spacecraft on the amount of reduction in maximum deceleration obtainable by continuously varying the aerodynamic coefficients during re-entry"
false_negative,vector,stopwords+stemming,194,297,741,23,,4,6,"how can the analytical solution of the buckling strength of a uniform circular cylinder loaded in axial compression be refined so as to lower the buckling load"
false_negative,bm25(k1=1.2,b=0.75),stopwords+stemming,89,137,796,23,,4,6,"how is the flow at transonic speeds about a delta wing different from that on a closely-related tapered sweptback wing"
false_negative,vector,stopwords+stemming,187,288,743,18,,4,6,"has anyone analytically or experimentally investigated the effects of internal pressure on the buckling of circular-cylindrical shells under bending"
false_negative,bm25(k1=1.2,b=0.75),stopwords+stemming,89,137,420,16,,4,6,"how is the flow at transonic speeds about a delta wing different from that on a closely-related tapered sweptback wing"
false_negative,vector,stopwords+stemming,89,137,420,14,,4,6,"how is the flow at transonic speeds about a delta wing different from that on a closely-related tapered sweptback wing"
false_negative,bm25(k1=1.2,b=0.75),stopwords+stemming,155,230,1099,14,,4,6,"technical report on measurement of ablation during flight"
false_negative,vector,stopwords+stemming,153,226,1080,,,4,7,"how should the navier-stokes difference equations be solved"
false_negative,bm25(k1=1.2,b=0.75),stopwords+stemming,153,226,1080,,,4,7,"how should the navier-stokes difference equations be solved"
false_negative,vector,stopwords+stemming,129,190,986,335,,4,7,"has anyone derived simplified pump design equation from the fundamental three-dimensional equations for incompressible nonviscous flow"
false_negative,bm25(k1=1.2,b=0.75),stopwords+stemming,129,190,986,277,,4,7,"has anyone derived simplified pump design equation from the fundamental three-dimensional equations for incompressible nonviscous flow"
false_negative,vector,stopwords+stemming,30,55,793,156,,4,7,"papers on flow visualization on slender conical wings"
false_negative,vector,stopwords+stemming,184,283,717,119,,4,7,"work on small-oscillation re-entry motions"
false_negative,bm25(k1=1.2,b=0.75),stopwords+stemming,107,157,75,118,,4,7,"in summarizing theoretical and experimental work on the behaviour of a typical aircraft structure in a noise environment is it possible to develop a design procedure"
false_negative,bm25(k1=1.2,b=0.75),stopwords+stemming,30,55,793,111,,4,7,"papers on flow visualization on slender conical wings"
false_negative,bm25(k1=1.2,b=0.75),stopwords+stemming,184,283,717,100,,4,7,"work on small-oscillation re-entry motions"
false_negative,vector,stopwords+stemming,107,157,75,98,,4,7,"in summarizing theoretical and experimental work on the behaviour of a typical aircraft structure in a noise environment is it possible to develop a design procedure"
false_negative,vector,stopwords+stemming,11,22,160,92,,4,7,"is it possible to find an analytical similar solution of the strong blast wave problem in the newtonian approximation"
false_negative,bm25(k1=1.2,b=0.75),stopwords+stemming,11,22,20,76,,4,7,"is it possible to find an analytical similar solution of the strong blast wave problem in the newtonian approximation"
false_negative,vector,stopwords+stemming,11,22,20,68,,4,7,"is it possible to find an analytical similar solution of the strong blast wave problem in the newtonian approximation"
false_negative,vector,stopwords+stemming,145,215,852,61,,4,7,"what are the best experimental data and classical small deflection theory analyses available for pressurized cylinders in bending"
false_negative,bm25(k1=1.2,b=0.75),stopwords+stemming,11,22,160,40,,4,7,"is it possible to find an analytical similar solution of the strong blast wave problem in the newtonian approximation"
false_negative,bm25(k1=1.2,b=0.75),stopwords+stemming,176,267,978,35,,4,7,"some approximate analytical heat conduction solutions using methods other than biots principle"
false_negative,bm25(k1=1.2,b=0.75),stopwords+stemming,145,215,852,32,,4,7,"what are the best experimental data and classical small deflection theory analyses available for pressurized cylinders in bending"
false_negative,vector,stopwords+stemming,133,202,1016,30,,4,7,"experimental studies of creep buckling"
false_negative,vector,stopwords+stemming,180,273,1150,24,,4,7,"how does scale height vary with altitude in an atmosphere"
false_negative,vector,stopwords+stemming,133,202,1022,20,,4,7,"experimental studies of creep buckling"
false_negative,bm25(k1=1.2,b=0.75),stopwords+stemming,133,202,1022,20,,4,7,"experimental studies of creep buckling"
false_negative,vector,stopwords+stemming,176,267,978,19,,4,7,"some approximate analytical heat conduction solutions using methods other than biots principle"
false_negative,bm25(k1=1.2,b=0.75),stopwords+stemming,133,202,1016,16,,4,7,"experimental studies of creep buckling"
false_negative,bm25(k1=1.2,b=0.75),stopwords+stemming,108,158,723,14,,4,7,"what data is there on the fatigue of structures under acoustic loading"
false_negative,bm25(k1=1.2,b=0.75),stopwords+stemming,133,202,1012,13,,4,7,"experimental studies of creep buckling"
false_negative,vector,stopwords+stemming,108,158,723,12,,4,7,"what data is there on the fatigue of structures under acoustic loading"
false_negative,bm25(k1=1.2,b=0.75),stopwords+stemming,180,273,1150,12,,4,7,"how does scale height vary with altitude in an atmosphere"
false_negative,vector,stopwords+stemming,158,233,556,,,4,8,"what are the available properties of high-temperature air"
false_negative,vector,stopwords+stemming,158,233,273,,,4,8,"what are the available properties of high-temperature air"
false_negative,vector,stopwords+stemming,164,250,335,,,4,8,"what determines the onset of shock-induced boundary-layer separation"
false_negative,bm25(k1=1.2,b=0.75),stopwords+stemming,158,233,556,,,4,8,"what are the available properties of high-temperature air"
false_negative,bm25(k1=1.2,b=0.75),stopwords+stemming,158,233,273,,,4,8,"what are the available properties of high-temperature air"
false_negative,bm25(k1=1.2,b=0.75),stopwords+stemming,164,250,335,,,4,8,"what determines the onset of shock-induced boundary-layer separation"
false_negative,bm25(k1=1.2,b=0.75),stopwords+stemming,87,135,609,830,,4,8,"what effect has the boundary layer in modifying the basic inviscid flow behind the shock neglecting effects of leading edge and corner"
false_negative,vector,stopwords+stemming,87,135,609,503,,4,8,"what effect has the boundary layer in modifying the basic inviscid flow behind the shock neglecting effects of leading edge and corner"
false_negative,bm25(k1=1.2,b=0.75),stopwords+stemming,87,135,236,449,,4,8,"what effect has the boundary layer in modifying the basic inviscid flow behind the shock neglecting effects of leading edge and corner"
false_negative,vector,stopwords+stemming,87,135,50,401,,4,8,"what effect has the boundary layer in modifying the basic inviscid flow behind the shock neglecting effects of leading edge and corner"
false_negative,vector,stopwords+stemming,87,135,406,391,,4,8,"what effect has the boundary layer in modifying the basic inviscid flow behind the shock neglecting effects of leading edge and corner"
false_negative,bm25(k1=1.2,b=0.75),stopwords+stemming,87,135,50,356,,4,8,"what effect has the boundary layer in modifying the basic inviscid flow behind the shock neglecting effects of leading edge and corner"
false_negative,vector,stopwords+stemming,159,234,1114,287,,4,8,"what is the magnitude of aerodynamic damping in flexible vibration modes of a slender body of revolution characteristic of launch vehicles"
false_negative,bm25(k1=1.2,b=0.75),stopwords+stemming,87,135,406,248,,4,8,"what effect has the boundary layer in modifying the basic inviscid flow behind the shock neglecting effects of leading edge and corner"
false_negative,bm25(k1=1.2,b=0.75),stopwords+stemming,159,234,1114,227,,4,8,"what is the magnitude of aerodynamic damping in flexible vibration modes of a slender body of revolution characteristic of launch vehicles"
false_negative,vector,stopwords+stemming,87,135,236,158,,4,8,"what effect has the boundary layer in modifying the basic inviscid flow behind the shock neglecting effects of leading edge and corner"
false_negative,bm25(k1=1.2,b=0.75),stopwords+stemming,71,112,798,117,,4,8,"experimental results on hypersonic viscous interaction"
false_negative,bm25(k1=1.2,b=0.75),stopwords+stemming,87,135,612,101,,4,8,"what effect has the boundary layer in modifying the basic inviscid flow behind the shock neglecting effects of leading edge and corner"
false_negative,vector,stopwords+stemming,71,112,798,87,,4,8,"experimental results on hypersonic viscous interaction"
false_negative,vector,stopwords+stemming,87,135,612,76,,4,8,"what effect has the boundary layer in modifying the basic inviscid flow behind the shock neglecting effects of leading edge and corner"
false_negative,vector,stopwords+stemming,224,360,1316,24,,4,8,"in practice how close to reality are the assumptions that the flow in a hypersonic shock tube using nitrogen is non-viscous and in thermodynamic equilibrium"
false_negative,vector,stopwords+stemming,135,204,950,20,,4,8,"what are the experimental results for the creep buckling of columns"
false_negative,vector,stopwords+stemming,135,204,1016,19,,4,8,"what are the experimental results for the creep buckling of columns"
false_negative,bm25(k1=1.2,b=0.75),stopwords+stemming,135,204,950,16,,4,8,"what are the experimental results for the creep buckling of columns"
false_negative,vector,stopwords+stemming,135,204,1025,15,,4,8,"what are the experimental results for the creep buckling of columns"
false_negative,bm25(k1=1.2,b=0.75),stopwords+stemming,135,204,1025,14,,4,8,"what are the experimental results for the creep buckling of columns"
false_negative,bm25(k1=1.2,b=0.75),stopwords+stemming,135,204,1024,13,,4,8,"what are the experimental results for the creep buckling of columns"
false_negative,vector,stopwords+stemming,135,204,1024,11,,4,8,"what are the experimental results for the creep buckling of columns"
false_negative,vector,stopwords+stemming,19,34,719,,,4,9,"does there exist a good basic treatment of the dynamics of re-entry combining consideration of realistic effects with relative simplicity of results"
false_negative,vector,stopwords+stemming,91,139,793,,,4,9,"what interference effects are likely at transonic speeds"
false_negative,bm25(k1=1.2,b=0.75),stopwords+stemming,19,34,719,,,4,9,"does there exist a good basic treatment of the dynamics of re-entry combining consideration of realistic effects with relative simplicity of results"
false_negative,bm25(k1=1.2,b=0.75),stopwords+stemming,91,139,793,,,4,9,"what interference effects are likely at transonic speeds"
false_negative,bm25(k1=1.2,b=0.75),stopwords+stemming,91,139,794,669,,4,9,"what interference effects are likely at transonic speeds"
false_negative,vector,stopwords+stemming,91,139,794,651,,4,9,"what interference effects are likely at transonic speeds"
false_negative,bm25(k1=1.2,b=0.75),stopwords+stemming,58,99,382,516,,4,9,"is it possible to determine rates of forced convective heat transfer from heated cylinders of non-circular cross-section the fluid flow being along the generators"
false_negative,vector,stopwords+stemming,193,296,731,386,,4,9,"general methods of solving clamped plate problems"
false_negative,bm25(k1=1.2,b=0.75),stopwords+stemming,193,296,731,278,,4,9,"general methods of solving clamped plate problems"
false_negative,bm25(k1=1.2,b=0.75),stopwords+stemming,54,94,628,246,,4,9,"how is the heat transfer downstream of the mass transfer region effected by mass transfer at the nose of a blunted cone"
false_negative,vector,stopwords+stemming,54,94,628,201,,4,9,"how is the heat transfer downstream of the mass transfer region effected by mass transfer at the nose of a blunted cone"
false_negative,bm25(k1=1.2,b=0.75),stopwords+stemming,58,99,381,180,,4,9,"is it possible to determine rates of forced convective heat transfer from heated cylinders of non-circular cross-section the fluid flow being along the generators"
false_negative,vector,stopwords+stemming,58,99,381,168,,4,9,"is it possible to determine rates of forced convective heat transfer from heated cylinders of non-circular cross-section the fluid flow being along the generators"
false_negative,vector,stopwords+stemming,54,94,661,164,,4,9,"how is the heat transfer downstream of the mass transfer region effected by mass transfer at the nose of a blunted cone"
false_negative,bm25(k1=1.2,b=0.75),stopwords+stemming,19,34,1379,159,,4,9,"does there exist a good basic treatment of the dynamics of re-entry combining consideration of realistic effects with relative simplicity of results"
false_negative,vector,stopwords+stemming,29,54,466,97,,4,9,"what is the effect of cross sectional shape on the flow over simple delta wings with sharp leading edges"
false_negative,vector,stopwords+stemming,58,99,382,90,,4,9,"is it possible to determine rates of forced convective heat transfer from heated cylinders of non-circular cross-section the fluid flow being along the generators"
false_negative,bm25(k1=1.2,b=0.75),stopwords+stemming,54,94,661,88,,4,9,"how is the heat transfer downstream of the mass transfer region effected by mass transfer at the nose of a blunted cone"
false_negative,vector,stopwords+stemming,19,34,1379,82,,4,9,"does there exist a good basic treatment of the dynamics of re-entry combining consideration of realistic effects with relative simplicity of results"
false_negative,bm25(k1=1.2,b=0.75),stopwords+stemming,29,54,466,43,,4,9,"what is the effect of cross sectional shape on the flow over simple delta wings with sharp leading edges"
false_negative,vector,stopwords+stemming,222,355,1392,32,,4,9,"has anyone investigated the shear buckling of stiffened plates"
false_negative,vector,stopwords+stemming,120,175,889,30,,4,9,"are previous analyses of circumferential thermal buckling of circular cylindrical shells unnecessarily involved or even inaccurate due to the assumed forms of buckling mode"
false_negative,bm25(k1=1.2,b=0.75),stopwords+stemming,222,355,1392,28,,4,9,"has anyone investigated the shear buckling of stiffened plates"
false_negative,vector,stopwords+stemming,189,292,867,27,,4,9,"is there a design method for calculating thermal fatigue endurances of components of various types and sizes in a variety of circumstances"
false_negative,bm25(k1=1.2,b=0.75),stopwords+stemming,120,175,889,26,,4,9,"are previous analyses of circumferential thermal buckling of circular cylindrical shells unnecessarily involved or even inaccurate due to the assumed forms of buckling mode"
false_negative,vector,stopwords+stemming,58,99,23,25,,4,9,"is it possible to determine rates of forced convective heat transfer from heated cylinders of non-circular cross-section the fluid flow being along the generators"
false_negative,bm25(k1=1.2,b=0.75),stopwords+stemming,189,292,867,25,,4,9,"is there a design method for calculating thermal fatigue endurances of components of various types and sizes in a variety of circumstances"
false_negative,vector,stopwords+stemming,58,99,784,23,,4,9,"is it possible to determine rates of forced convective heat transfer from heated cylinders of non-circular cross-section the fluid flow being along the generators"
false_negative,vector,stopwords+stemming,222,355,412,23,,4,9,"has anyone investigated the shear buckling of stiffened plates"
false_negative,bm25(k1=1.2,b=0.75),stopwords+stemming,58,99,23,18,,4,9,"is it possible to determine rates of forced convective heat transfer from heated cylinders of non-circular cross-section the fluid flow being along the generators"
false_negative,bm25(k1=1.2,b=0.75),stopwords+stemming,122,177,935,17,,4,9,"what analytical investigations have been made of the stability of conical shells how do the results compare with experiment"
false_negative,vector,stopwords+stemming,185,284,894,16,,4,9,"experimental studies on panel flutter"
false_negative,bm25(k1=1.2,b=0.75),stopwords+stemming,58,99,784,16,,4,9,"is it possible to determine rates of forced convective heat transfer from heated cylinders of non-circular cross-section the fluid flow being along the generators"
false_negative,bm25(k1=1.2,b=0.75),stopwords+stemming,185,284,15,16,,4,9,"experimental studies on panel flutter"
false_negative,vector,stopwords+stemming,122,177,935,14,,4,9,"what analytical investigations have been made of the stability of conical shells how do the results compare with experiment"
false_negative,bm25(k1=1.2,b=0.75),stopwords+stemming,185,284,894,14,,4,9,"experimental studies on panel flutter"
false_negative,bm25(k1=1.2,b=0.75),stopwords+stemming,222,355,412,13,,4,9,"has anyone investigated the shear buckling of stiffened plates"
false_negative,vector,stopwords+stemming,58,99,789,12,,4,9,"is it possible to determine rates of forced convective heat transfer from heated cylinders of non-circular cross-section the fluid flow being along the generators"
false_negative,bm25(k1=1.2,b=0.75),stopwords+stemming,185,284,285,12,,4,9,"experimental studies on panel flutter"
false_negative,vector,stopwords+stemming,29,54,464,11,,4,9,"what is the effect of cross sectional shape on the flow over simple delta wings with sharp leading edges"
false_negative,vector,stopwords+stemming,185,284,15,11,,4,9,"experimental studies on panel flutter"
false_negative,bm25(k1=1.2,b=0.75),stopwords+stemming,91,139,672,11,,4,9,"what interference effects are likely at transonic speeds"
false_negative,bm25(k1=1.2,b=0.75),stopwords+stemming,122,177,931,11,,4,9,"what analytical investigations have been made of the stability of conical shells how do the results compare with experiment"
false_negative,vector,stopwords+stemming,56,97,779,,,4,10,"to what extent can readily available steady-state aerodynamic data be utilized to predict lifting-surface flutter characteristics"
false_negative,vector,stopwords+stemming,147,217,926,,,4,10,"what are the equations which define the stability of simply supported corrugated core sandwich cylinders"
false_negative,bm25(k1=1.2,b=0.75),stopwords+stemming,56,97,779,,,4,10,"to what extent can readily available steady-state aerodynamic data be utilized to predict lifting-surface flutter characteristics"
false_negative,bm25(k1=1.2,b=0.75),stopwords+stemming,147,217,926,,,4,10,"what are the equations which define the stability of simply supported corrugated core sandwich cylinders"
false_negative,vector,stopwords+stemming,56,97,705,761,,4,10,"to what extent can readily available steady-state aerodynamic data be utilized to predict lifting-surface flutter characteristics"
false_negative,bm25(k1=1.2,b=0.75),stopwords+stemming,56,97,705,760,,4,10,"to what extent can readily available steady-state aerodynamic data be utilized to predict lifting-surface flutter characteristics"
false_negative,bm25(k1=1.2,b=0.75),stopwords+stemming,53,93,448,562,,4,10,"what investigations have been made of the flow field about a body moving through a rarefied partially ionized gas in the presence of a magnetic field"
false_negative,bm25(k1=1.2,b=0.75),stopwords+stemming,56,97,379,553,,4,10,"to what extent can readily available steady-state aerodynamic data be utilized to predict lifting-surface flutter characteristics"
false_negative,vector,stopwords+stemming,56,97,379,532,,4,10,"to what extent can readily available steady-state aerodynamic data be utilized to predict lifting-surface flutter characteristics"
false_negative,vector,stopwords+stemming,53,93,448,480,,4,10,"what investigations have been made of the flow field about a body moving through a rarefied partially ionized gas in the presence of a magnetic field"
false_negative,vector,stopwords+stemming,38,67,557,369,,4,10,"does transition in the hypersonic wake depend on body geometry and size"
false_negative,vector,stopwords+stemming,51,86,63,312,,4,10,"what is the available information pertaining to boundary layers on very slender bodies of revolution in continuum flow the transverse curvature effect"
false_negative,vector,stopwords+stemming,147,217,822,253,,4,10,"what are the equations which define the stability of simply supported corrugated core sandwich cylinders"
false_negative,bm25(k1=1.2,b=0.75),stopwords+stemming,38,67,557,236,,4,10,"does transition in the hypersonic wake depend on body geometry and size"
false_negative,bm25(k1=1.2,b=0.75),stopwords+stemming,51,86,63,236,,4,10,"what is the available information pertaining to boundary layers on very slender bodies of revolution in continuum flow the transverse curvature effect"
false_negative,bm25(k1=1.2,b=0.75),stopwords+stemming,97,146,1339,218,,4,10,"what information is available for dynamic response of airplanes to gusts or blasts in the subsonic regime"
false_negative,vector,stopwords+stemming,97,146,1339,214,,4,10,"what information is available for dynamic response of airplanes to gusts or blasts in the subsonic regime"
false_negative,bm25(k1=1.2,b=0.75),stopwords+stemming,53,93,446,205,,4,10,"what investigations have been made of the flow field about a body moving through a rarefied partially ionized gas in the presence of a magnetic field"
false_negative,bm25(k1=1.2,b=0.75),stopwords+stemming,147,217,822,182,,4,10,"what are the equations which define the stability of simply supported corrugated core sandwich cylinders"
false_negative,vector,stopwords+stemming,56,97,780,170,,4,10,"to what extent can readily available steady-state aerodynamic data be utilized to predict lifting-surface flutter characteristics"
false_negative,vector,stopwords+stemming,53,93,446,169,,4,10,"what investigations have been made of the flow field about a body moving through a rarefied partially ionized gas in the presence of a magnetic field"
false_negative,vector,stopwords+stemming,147,217,1047,168,,4,10,"what are the equations which define the stability of simply supported corrugated core sandwich cylinders"
false_negative,bm25(k1=1.2,b=0.75),stopwords+stemming,56,97,643,147,,4,10,"to what extent can readily available steady-state aerodynamic data be utilized to predict lifting-surface flutter characteristics"
false_negative,bm25(k1=1.2,b=0.75),stopwords+stemming,53,93,299,138,,4,10,"what investigations have been made of the flow field about a body moving through a rarefied partially ionized gas in the presence of a magnetic field"
false_negative,vector,stopwords+stemming,53,93,299,89,,4,10,"what investigations have been made of the flow field about a body moving through a rarefied partially ionized gas in the presence of a magnetic field"
false_negative,bm25(k1=1.2,b=0.75),stopwords+stemming,147,217,1047,82,,4,10,"what are the equations which define the stability of simply supported corrugated core sandwich cylinders"
false_negative,vector,stopwords+stemming,70,111,24,77,,4,10,"previous solutions to the boundary layer similarity equations"
false_negative,bm25(k1=1.2,b=0.75),stopwords+stemming,56,97,780,71,,4,10,"to what extent can readily available steady-state aerodynamic data be utilized to predict lifting-surface flutter characteristics"
false_negative,vector,stopwords+stemming,53,93,449,69,,4,10,"what investigations have been made of the flow field about a body moving through a rarefied partially ionized gas in the presence of a magnetic field"
false_negative,bm25(k1=1.2,b=0.75),stopwords+stemming,53,93,449,67,,4,10,"what investigations have been made of the flow field about a body moving through a rarefied partially ionized gas in the presence of a magnetic field"
false_negative,vector,stopwords+stemming,56,97,643,66,,4,10,"to what extent can readily available steady-state aerodynamic data be utilized to predict lifting-surface flutter characteristics"
false_negative,vector,stopwords+stemming,38,67,558,61,,4,10,"does transition in the hypersonic wake depend on body geometry and size"
false_negative,vector,stopwords+stemming,147,217,1051,50,,4,10,"what are the equations which define the stability of simply supported corrugated core sandwich cylinders"
false_negative,vector,stopwords+stemming,56,97,686,43,,4,10,"to what extent can readily available steady-state aerodynamic data be utilized to predict lifting-surface flutter characteristics"
false_negative,bm25(k1=1.2,b=0.75),stopwords+stemming,97,146,698,43,,4,10,"what information is available for dynamic response of airplanes to gusts or blasts in the subsonic regime"
false_negative,bm25(k1=1.2,b=0.75),stopwords+stemming,38,67,558,39,,4,10,"does transition in the hypersonic wake depend on body geometry and size"
false_negative,bm25(k1=1.2,b=0.75),stopwords+stemming,70,111,24,39,,4,10,"previous solutions to the boundary layer similarity equations"
false_negative,bm25(k1=1.2,b=0.75),stopwords+stemming,147,217,1051,39,,4,10,"what are the equations which define the stability of simply supported corrugated core sandwich cylinders"
false_negative,vector,stopwords+stemming,55,95,377,29,,4,10,"to what extent can the available information for incompressible boundary layers be applied to problems involving compressible boundary layers"
false_negative,bm25(k1=1.2,b=0.75),stopwords+stemming,56,97,686,28,,4,10,"to what extent can readily available steady-state aerodynamic data be utilized to predict lifting-surface flutter characteristics"
false_negative,bm25(k1=1.2,b=0.75),stopwords+stemming,53,93,447,24,,4,10,"what investigations have been made of the flow field about a body moving through a rarefied partially ionized gas in the presence of a magnetic field"
false_negative,vector,stopwords+stemming,53,93,447,20,,4,10,"what investigations have been made of the flow field about a body moving through a rarefied partially ionized gas in the presence of a magnetic field"
false_negative,vector,stopwords+stemming,53,93,297,19,,4,10,"what investigations have been made of the flow field about a body moving through a rarefied partially ionized gas in the presence of a magnetic field"
false_negative,bm25(k1=1.2,b=0.75),stopwords+stemming,53,93,297,19,,4,10,"what investigations have been made of the flow field about a body moving through a rarefied partially ionized gas in the presence of a magnetic field"
false_negative,vector,stopwords+stemming,97,146,698,18,,4,10,"what information is available for dynamic response of airplanes to gusts or blasts in the subsonic regime"
false_negative,bm25(k1=1.2,b=0.75),stopwords+stemming,53,93,298,12,,4,10,"what investigations have been made of the flow field about a body moving through a rarefied partially ionized gas in the presence of a magnetic field"
false_negative,vector,stopwords+stemming,48,83,314,,,4,11,"what controls leading-edge attachment at transonic speeds"
false_negative,bm25(k1=1.2,b=0.75),stopwords+stemming,48,83,314,,,4,11,"what controls leading-edge attachment at transonic speeds"
false_negative,bm25(k1=1.2,b=0.75),stopwords+stemming,84,131,354,429,,4,11,"references on the methods available for accurately estimating aerodynamic heat transfer to conical bodies for both laminar and turbulent flow"
false_negative,vector,stopwords+stemming,84,131,354,273,,4,11,"references on the methods available for accurately estimating aerodynamic heat transfer to conical bodies for both laminar and turbulent flow"
false_negative,bm25(k1=1.2,b=0.75),stopwords+stemming,211,333,1030,273,,4,11,"what papers are available on the buckling of empty cylindrical shells under non-uniform pressure"
false_negative,vector,stopwords+stemming,211,333,1033,233,,4,11,"what papers are available on the buckling of empty cylindrical shells under non-uniform pressure"
false_negative,vector,stopwords+stemming,211,333,1030,194,,4,11,"what papers are available on the buckling of empty cylindrical shells under non-uniform pressure"
false_negative,bm25(k1=1.2,b=0.75),stopwords+stemming,48,83,794,192,,4,11,"what controls leading-edge attachment at transonic speeds"
false_negative,bm25(k1=1.2,b=0.75),stopwords+stemming,211,333,1033,189,,4,11,"what papers are available on the buckling of empty cylindrical shells under non-uniform pressure"
false_negative,bm25(k1=1.2,b=0.75),stopwords+stemming,211,333,1031,152,,4,11,"what papers are available on the buckling of empty cylindrical shells under non-uniform pressure"
false_negative,vector,stopwords+stemming,211,333,1031,151,,4,11,"what papers are available on the buckling of empty cylindrical shells under non-uniform pressure"
false_negative,vector,stopwords+stemming,48,83,794,146,,4,11,"what controls leading-edge attachment at transonic speeds"
false_negative,bm25(k1=1.2,b=0.75),stopwords+stemming,149,219,1052,134,,4,11,"has anyone developed an analysis which accurately establishes the large deflection behaviour of conical shells"
false_negative,bm25(k1=1.2,b=0.75),stopwords+stemming,188,291,726,123,,4,11,"what theoretical and experimental work has been done on the excitation and response of typical structures in a noise environment"
false_negative,vector,stopwords+stemming,149,219,1052,97,,4,11,"has anyone developed an analysis which accurately establishes the large deflection behaviour of conical shells"
false_negative,vector,stopwords+stemming,48,83,187,80,,4,11,"what controls leading-edge attachment at transonic speeds"
false_negative,vector,stopwords+stemming,188,291,726,77,,4,11,"what theoretical and experimental work has been done on the excitation and response of typical structures in a noise environment"
false_negative,bm25(k1=1.2,b=0.75),stopwords+stemming,48,83,265,71,,4,11,"what controls leading-edge attachment at transonic speeds"
false_negative,bm25(k1=1.2,b=0.75),stopwords+stemming,48,83,187,65,,4,11,"what controls leading-edge attachment at transonic speeds"
false_negative,vector,stopwords+stemming,48,83,315,57,,4,11,"what controls leading-edge attachment at transonic speeds"
false_negative,bm25(k1=1.2,b=0.75),stopwords+stemming,211,333,1052,56,,4,11,"what papers are available on the buckling of empty cylindrical shells under non-uniform pressure"
false_negative,vector,stopwords+stemming,211,333,1052,54,,4,11,"what papers are available on the buckling of empty cylindrical shells under non-uniform pressure"
false_negative,bm25(k1=1.2,b=0.75),stopwords+stemming,211,333,769,36,,4,11,"what papers are available on the buckling of empty cylindrical shells under non-uniform pressure"
false_negative,vector,stopwords+stemming,48,83,265,35,,4,11,"what controls leading-edge attachment at transonic speeds"
false_negative,bm25(k1=1.2,b=0.75),stopwords+stemming,48,83,315,34,,4,11,"what controls leading-edge attachment at transonic speeds"
false_negative,vector,stopwords+stemming,188,291,724,22,,4,11,"what theoretical and experimental work has been done on the excitation and response of typical structures in a noise environment"
false_negative,vector,stopwords+stemming,211,333,769,18,,4,11,"what papers are available on the buckling of empty cylindrical shells under non-uniform pressure"
false_negative,bm25(k1=1.2,b=0.75),stopwords+stemming,188,291,724,18,,4,11,"what theoretical and experimental work has been done on the excitation and response of typical structures in a noise environment"
false_negative,bm25(k1=1.2,b=0.75),stopwords+stemming,213,336,1177,18,,4,11,"what is the effect on cylinder buckling of a circumferential stress system that varies in the axial direction"
false_negative,vector,stopwords+stemming,213,336,1177,17,,4,11,"what is the effect on cylinder buckling of a circumferential stress system that varies in the axial direction"
false_negative,bm25(k1=1.2,b=0.75),stopwords+stemming,45,80,1226,665,,4,12,"has anyone investigated the effect of surface mass transfer on hypersonic viscous interactions"
false_negative,vector,stopwords+stemming,45,80,1226,551,,4,12,"has anyone investigated the effect of surface mass transfer on hypersonic viscous interactions"
false_negative,bm25(k1=1.2,b=0.75),stopwords+stemming,40,69,557,400,,4,12,"how can one detect transition phenomena in hypersonic wakes"
false_negative,vector,stopwords+stemming,40,69,557,368,,4,12,"how can one detect transition phenomena in hypersonic wakes"
false_negative,vector,stopwords+stemming,94,142,690,298,,4,12,"what is the theoretical heat transfer rate at the stagnation point of a blunt body"
false_negative,bm25(k1=1.2,b=0.75),stopwords+stemming,94,142,354,233,,4,12,"what is the theoretical heat transfer rate at the stagnation point of a blunt body"
false_negative,vector,stopwords+stemming,45,80,1355,195,,4,12,"has anyone investigated the effect of surface mass transfer on hypersonic viscous interactions"
false_negative,vector,stopwords+stemming,94,142,354,194,,4,12,"what is the theoretical heat transfer rate at the stagnation point of a blunt body"
false_negative,bm25(k1=1.2,b=0.75),stopwords+stemming,94,142,690,187,,4,12,"what is the theoretical heat transfer rate at the stagnation point of a blunt body"
false_negative,bm25(k1=1.2,b=0.75),stopwords+stemming,45,80,1355,153,,4,12,"has anyone investigated the effect of surface mass transfer on hypersonic viscous interactions"
false_negative,bm25(k1=1.2,b=0.75),stopwords+stemming,209,331,316,147,,4,12,"what are the physical significance and characteristics of separated laminar and turbulent boundary layer flows"
false_negative,vector,stopwords+stemming,209,331,316,97,,4,12,"what are the physical significance and characteristics of separated laminar and turbulent boundary layer flows"
false_negative,vector,stopwords+stemming,94,142,1395,61,,4,12,"what is the theoretical heat transfer rate at the stagnation point of a blunt body"
false_negative,vector,stopwords+stemming,40,69,558,52,,4,12,"how can one detect transition phenomena in hypersonic wakes"
false_negative,bm25(k1=1.2,b=0.75),stopwords+stemming,94,142,1395,44,,4,12,"what is the theoretical heat transfer rate at the stagnation point of a blunt body"
false_negative,vector,stopwords+stemming,209,331,45,42,,4,12,"what are the physical significance and characteristics of separated laminar and turbulent boundary layer flows"
false_negative,vector,stopwords+stemming,94,142,689,41,,4,12,"what is the theoretical heat transfer rate at the stagnation point of a blunt body"
false_negative,bm25(k1=1.2,b=0.75),stopwords+stemming,209,331,1106,40,,4,12,"what are the physical significance and characteristics of separated laminar and turbulent boundary layer flows"
false_negative,vector,stopwords+stemming,209,331,1106,35,,4,12,"what are the physical significance and characteristics of separated laminar and turbulent boundary layer flows"
false_negative,bm25(k1=1.2,b=0.75),stopwords+stemming,94,142,689,35,,4,12,"what is the theoretical heat transfer rate at the stagnation point of a blunt body"
false_negative,bm25(k1=1.2,b=0.75),stopwords+stemming,40,69,558,27,,4,12,"how can one detect transition phenomena in hypersonic wakes"
false_negative,bm25(k1=1.2,b=0.75),stopwords+stemming,209,331,45,27,,4,12,"what are the physical significance and characteristics of separated laminar and turbulent boundary layer flows"
false_negative,vector,stopwords+stemming,209,331,1228,26,,4,12,"what are the physical significance and characteristics of separated laminar and turbulent boundary layer flows"
false_negative,bm25(k1=1.2,b=0.75),stopwords+stemming,209,331,1228,26,,4,12,"what are the physical significance and characteristics of separated laminar and turbulent boundary layer flows"
false_negative,vector,stopwords+stemming,94,142,101,20,,4,12,"what is the theoretical heat transfer rate at the stagnation point of a blunt body"
false_negative,bm25(k1=1.2,b=0.75),stopwords+stemming,196,299,12,13,,4,12,"the problem of similarity for representative investigation of aeroelastic effects in a flow with the absence of heating effects"
false_negative,vector,stopwords+stemming,94,142,1104,12,,4,12,"what is the theoretical heat transfer rate at the stagnation point of a blunt body"
false_negative,bm25(k1=1.2,b=0.75),stopwords+stemming,94,142,101,11,,4,12,"what is the theoretical heat transfer rate at the stagnation point of a blunt body"
false_negative,vector,stopwords+stemming,39,68,557,,,4,13,"how can one detect transition phenomena in boundary layers"
false_negative,vector,stopwords+stemming,90,138,800,,,4,13,"recent data on shock-induced boundary-layer separation"
false_negative,bm25(k1=1.2,b=0.75),stopwords+stemming,39,68,557,,,4,13,"how can one detect transition phenomena in boundary layers"
false_negative,bm25(k1=1.2,b=0.75),stopwords+stemming,90,138,800,,,4,13,"recent data on shock-induced boundary-layer separation"
false_negative,vector,stopwords+stemming,96,145,792,293,,4,13,"has anyone investigated the unsteady lift distributions on finite wings in subsonic flow"
false_negative,bm25(k1=1.2,b=0.75),stopwords+stemming,96,145,706,288,,4,13,"has anyone investigated the unsteady lift distributions on finite wings in subsonic flow"
false_negative,vector,stopwords+stemming,96,145,706,242,,4,13,"has anyone investigated the unsteady lift distributions on finite wings in subsonic flow"
false_negative,bm25(k1=1.2,b=0.75),stopwords+stemming,96,145,792,225,,4,13,"has anyone investigated the unsteady lift distributions on finite wings in subsonic flow"
false_negative,bm25(k1=1.2,b=0.75),stopwords+stemming,96,145,702,125,,4,13,"has anyone investigated the unsteady lift distributions on finite wings in subsonic flow"
false_negative,vector,stopwords+stemming,96,145,702,124,,4,13,"has anyone investigated the unsteady lift distributions on finite wings in subsonic flow"
false_negative,bm25(k1=1.2,b=0.75),stopwords+stemming,90,138,1367,98,,4,13,"recent data on shock-induced boundary-layer separation"
false_negative,bm25(k1=1.2,b=0.75),stopwords+stemming,96,145,701,85,,4,13,"has anyone investigated the unsteady lift distributions on finite wings in subsonic flow"
false_negative,vector,stopwords+stemming,96,145,701,75,,4,13,"has anyone investigated the unsteady lift distributions on finite wings in subsonic flow"
false_negative,bm25(k1=1.2,b=0.75),stopwords+stemming,183,277,810,45,,4,13,"what factors have been shown to have a primary influence on sonic boom strength"
false_negative,vector,stopwords+stemming,90,138,1367,34,,4,13,"recent data on shock-induced boundary-layer separation"
false_negative,vector,stopwords+stemming,96,145,1339,29,,4,13,"has anyone investigated the unsteady lift distributions on finite wings in subsonic flow"
false_negative,bm25(k1=1.2,b=0.75),stopwords+stemming,191,294,390,28,,4,13,"what is the criterion for true panel flutter as opposed to small amplitude vibration arising from acoustic disturbances"
false_negative,bm25(k1=1.2,b=0.75),stopwords+stemming,183,277,1247,25,,4,13,"what factors have been shown to have a primary influence on sonic boom strength"
false_negative,vector,stopwords+stemming,191,294,390,22,,4,13,"what is the criterion for true panel flutter as opposed to small amplitude vibration arising from acoustic disturbances"
false_negative,bm25(k1=1.2,b=0.75),stopwords+stemming,92,140,805,21,,4,13,"given complete freedom in the design of an airplane what procedure would be used in order to minimize sonic boom intensity and is there a limit to the degree of minimizing that can be accomplished"
false_negative,bm25(k1=1.2,b=0.75),stopwords+stemming,183,277,805,21,,4,13,"what factors have been shown to have a primary influence on sonic boom strength"
false_negative,bm25(k1=1.2,b=0.75),stopwords+stemming,92,140,1243,20,,4,13,"given complete freedom in the design of an airplane what procedure would be used in order to minimize sonic boom intensity and is there a limit to the degree of minimizing that can be accomplished"
false_negative,bm25(k1=1.2,b=0.75),stopwords+stemming,92,140,807,18,,4,13,"given complete freedom in the design of an airplane what procedure would be used in order to minimize sonic boom intensity and is there a limit to the degree of minimizing that can be accomplished"
false_negative,bm25(k1=1.2,b=0.75),stopwords+stemming,191,294,1008,17,,4,13,"what is the criterion for true panel flutter as opposed to small amplitude vibration arising from acoustic disturbances"
false_negative,vector,stopwords+stemming,92,140,807,15,,4,13,"given complete freedom in the design of an airplane what procedure would be used in order to minimize sonic boom intensity and is there a limit to the degree of minimizing that can be accomplished"
false_negative,vector,stopwords+stemming,96,145,699,13,,4,13,"has anyone investigated the unsteady lift distributions on finite wings in subsonic flow"
false_negative,bm25(k1=1.2,b=0.75),stopwords+stemming,96,145,1339,12,,4,13,"has anyone investigated the unsteady lift distributions on finite wings in subsonic flow"
false_negative,bm25(k1=1.2,b=0.75),stopwords+stemming,183,277,806,12,,4,13,"what factors have been shown to have a primary influence on sonic boom strength"
false_negative,vector,stopwords+stemming,92,140,805,11,,4,13,"given complete freedom in the design of an airplane what procedure would be used in order to minimize sonic boom intensity and is there a limit to the degree of minimizing that can be accomplished"
false_negative,vector,stopwords+stemming,57,98,12,,,4,14,"what are the significant steady and non-steady flow characteristics which affect the flutter mechanism"
false_negative,vector,stopwords+stemming,203,315,323,,,4,14,"are simple empirical methods of any use for estimating pressure distribution in cones"
false_negative,vector,stopwords+stemming,204,316,1305,,,4,14,"do viscous effects seriously modify pressure distributions"
false_negative,bm25(k1=1.2,b=0.75),stopwords+stemming,57,98,12,,,4,14,"what are the significant steady and non-steady flow characteristics which affect the flutter mechanism"
false_negative,bm25(k1=1.2,b=0.75),stopwords+stemming,203,315,323,,,4,14,"are simple empirical methods of any use for estimating pressure distribution in cones"
false_negative,bm25(k1=1.2,b=0.75),stopwords+stemming,204,316,1305,,,4,14,"do viscous effects seriously modify pressure distributions"
false_negative,bm25(k1=1.2,b=0.75),stopwords+stemming,203,315,604,905,,4,14,"are simple empirical methods of any use for estimating pressure distribution in cones"
false_negative,vector,stopwords+stemming,203,315,604,891,,4,14,"are simple empirical methods of any use for estimating pressure distribution in cones"
false_negative,vector,stopwords+stemming,57,98,779,736,,4,14,"what are the significant steady and non-steady flow characteristics which affect the flutter mechanism"
false_negative,vector,stopwords+stemming,204,316,603,730,,4,14,"do viscous effects seriously modify pressure distributions"
false_negative,vector,stopwords+stemming,203,315,602,704,,4,14,"are simple empirical methods of any use for estimating pressure distribution in cones"
false_negative,vector,stopwords+stemming,203,315,1188,677,,4,14,"are simple empirical methods of any use for estimating pressure distribution in cones"
false_negative,bm25(k1=1.2,b=0.75),stopwords+stemming,57,98,779,665,,4,14,"what are the significant steady and non-steady flow characteristics which affect the flutter mechanism"
false_negative,vector,stopwords+stemming,204,316,602,663,,4,14,"do viscous effects seriously modify pressure distributions"
false_negative,vector,stopwords+stemming,202,314,602,661,,4,14,"how accurate are existing analytical theories in estimating pressure distributions on cones at incidence at hypersonic speeds"
false_negative,bm25(k1=1.2,b=0.75),stopwords+stemming,202,314,602,581,,4,14,"how accurate are existing analytical theories in estimating pressure distributions on cones at incidence at hypersonic speeds"
false_negative,vector,stopwords+stemming,203,315,603,512,,4,14,"are simple empirical methods of any use for estimating pressure distribution in cones"
false_negative,vector,stopwords+stemming,204,316,604,505,,4,14,"do viscous effects seriously modify pressure distributions"
false_negative,bm25(k1=1.2,b=0.75),stopwords+stemming,204,316,603,505,,4,14,"do viscous effects seriously modify pressure distributions"
false_negative,bm25(k1=1.2,b=0.75),stopwords+stemming,203,315,602,503,,4,14,"are simple empirical methods of any use for estimating pressure distribution in cones"
false_negative,bm25(k1=1.2,b=0.75),stopwords+stemming,204,316,602,499,,4,14,"do viscous effects seriously modify pressure distributions"
false_negative,bm25(k1=1.2,b=0.75),stopwords+stemming,203,315,1188,497,,4,14,"are simple empirical methods of any use for estimating pressure distribution in cones"
false_negative,bm25(k1=1.2,b=0.75),stopwords+stemming,203,315,603,478,,4,14,"are simple empirical methods of any use for estimating pressure distribution in cones"
false_negative,bm25(k1=1.2,b=0.75),stopwords+stemming,204,316,604,438,,4,14,"do viscous effects seriously modify pressure distributions"
false_negative,vector,stopwords+stemming,202,314,604,437,,4,14,"how accurate are existing analytical theories in estimating pressure distributions on cones at incidence at hypersonic speeds"
false_negative,vector,stopwords+stemming,204,316,1213,428,,4,14,"do viscous effects seriously modify pressure distributions"
false_negative,bm25(k1=1.2,b=0.75),stopwords+stemming,204,316,1213,415,,4,14,"do viscous effects seriously modify pressure distributions"
false_negative,bm25(k1=1.2,b=0.75),stopwords+stemming,202,314,604,410,,4,14,"how accurate are existing analytical theories in estimating pressure distributions on cones at incidence at hypersonic speeds"
false_negative,bm25(k1=1.2,b=0.75),stopwords+stemming,203,315,688,399,,4,14,"are simple empirical methods of any use for estimating pressure distribution in cones"
false_negative,vector,stopwords+stemming,203,315,688,367,,4,14,"are simple empirical methods of any use for estimating pressure distribution in cones"
false_negative,bm25(k1=1.2,b=0.75),stopwords+stemming,57,98,780,361,,4,14,"what are the significant steady and non-steady flow characteristics which affect the flutter mechanism"
false_negative,vector,stopwords+stemming,57,98,780,311,,4,14,"what are the significant steady and non-steady flow characteristics which affect the flutter mechanism"
false_negative,vector,stopwords+stemming,202,314,603,311,,4,14,"how accurate are existing analytical theories in estimating pressure distributions on cones at incidence at hypersonic speeds"
false_negative,vector,stopwords+stemming,57,98,705,285,,4,14,"what are the significant steady and non-steady flow characteristics which affect the flutter mechanism"
false_negative,vector,stopwords+stemming,204,316,1355,252,,4,14,"do viscous effects seriously modify pressure distributions"
false_negative,vector,stopwords+stemming,204,316,1188,207,,4,14,"do viscous effects seriously modify pressure distributions"
false_negative,bm25(k1=1.2,b=0.75),stopwords+stemming,57,98,705,185,,4,14,"what are the significant steady and non-steady flow characteristics which affect the flutter mechanism"
false_negative,bm25(k1=1.2,b=0.75),stopwords+stemming,204,316,68,184,,4,14,"do viscous effects seriously modify pressure distributions"
false_negative,bm25(k1=1.2,b=0.75),stopwords+stemming,202,314,48,183,,4,14,"how accurate are existing analytical theories in estimating pressure distributions on cones at incidence at hypersonic speeds"
false_negative,vector,stopwords+stemming,204,316,655,167,,4,14,"do viscous effects seriously modify pressure distributions"
false_negative,vector,stopwords+stemming,204,316,68,159,,4,14,"do viscous effects seriously modify pressure distributions"
false_negative,bm25(k1=1.2,b=0.75),stopwords+stemming,204,316,1355,159,,4,14,"do viscous effects seriously modify pressure distributions"
false_negative,bm25(k1=1.2,b=0.75),stopwords+stemming,57,98,14,125,,4,14,"what are the significant steady and non-steady flow characteristics which affect the flutter mechanism"
false_negative,bm25(k1=1.2,b=0.75),stopwords+stemming,202,314,603,122,,4,14,"how accurate are existing analytical theories in estimating pressure distributions on cones at incidence at hypersonic speeds"
false_negative,bm25(k1=1.2,b=0.75),stopwords+stemming,204,316,1188,121,,4,14,"do viscous effects seriously modify pressure distributions"
false_negative,vector,stopwords+stemming,57,98,14,115,,4,14,"what are the significant steady and non-steady flow characteristics which affect the flutter mechanism"
false_negative,bm25(k1=1.2,b=0.75),stopwords+stemming,204,316,655,114,,4,14,"do viscous effects seriously modify pressure distributions"
false_negative,vector,stopwords+stemming,212,335,841,113,,4,14,"what effect do thermal stresses have on the compressive buckling strength of ring-stiffened cylinders"
false_negative,vector,stopwords+stemming,156,231,982,109,,4,14,"what qualitative and quantitative material is available on ablation materials research"
false_negative,vector,stopwords+stemming,204,316,307,104,,4,14,"do viscous effects seriously modify pressure distributions"
false_negative,bm25(k1=1.2,b=0.75),stopwords+stemming,212,335,841,94,,4,14,"what effect do thermal stresses have on the compressive buckling strength of ring-stiffened cylinders"
false_negative,bm25(k1=1.2,b=0.75),stopwords+stemming,204,316,307,91,,4,14,"do viscous effects seriously modify pressure distributions"
false_negative,bm25(k1=1.2,b=0.75),stopwords+stemming,57,98,15,90,,4,14,"what are the significant steady and non-steady flow characteristics which affect the flutter mechanism"
false_negative,vector,stopwords+stemming,203,315,232,88,,4,14,"are simple empirical methods of any use for estimating pressure distribution in cones"
false_negative,bm25(k1=1.2,b=0.75),stopwords+stemming,156,231,1103,83,,4,14,"what qualitative and quantitative material is available on ablation materials research"
false_negative,vector,stopwords+stemming,57,98,704,77,,4,14,"what are the significant steady and non-steady flow characteristics which affect the flutter mechanism"
false_negative,vector,stopwords+stemming,57,98,859,69,,4,14,"what are the significant steady and non-steady flow characteristics which affect the flutter mechanism"
false_negative,bm25(k1=1.2,b=0.75),stopwords+stemming,156,231,982,68,,4,14,"what qualitative and quantitative material is available on ablation materials research"
false_negative,bm25(k1=1.2,b=0.75),stopwords+stemming,57,98,859,65,,4,14,"what are the significant steady and non-steady flow characteristics which affect the flutter mechanism"
false_negative,vector,stopwords+stemming,156,231,1103,56,,4,14,"what qualitative and quantitative material is available on ablation materials research"
false_negative,bm25(k1=1.2,b=0.75),stopwords+stemming,57,98,704,53,,4,14,"what are the significant steady and non-steady flow characteristics which affect the flutter mechanism"
false_negative,bm25(k1=1.2,b=0.75),stopwords+stemming,203,315,232,43,,4,14,"are simple empirical methods of any use for estimating pressure distribution in cones"
false_negative,vector,stopwords+stemming,202,314,48,37,,4,14,"how accurate are existing analytical theories in estimating pressure distributions on cones at incidence at hypersonic speeds"
false_negative,bm25(k1=1.2,b=0.75),stopwords+stemming,202,314,1305,31,,4,14,"how accurate are existing analytical theories in estimating pressure distributions on cones at incidence at hypersonic speeds"
false_negative,vector,stopwords+stemming,57,98,857,27,,4,14,"what are the significant steady and non-steady flow characteristics which affect the flutter mechanism"
false_negative,bm25(k1=1.2,b=0.75),stopwords+stemming,57,98,857,22,,4,14,"what are the significant steady and non-steady flow characteristics which affect the flutter mechanism"
false_negative,vector,stopwords+stemming,57,98,15,18,,4,14,"what are the significant steady and non-steady flow characteristics which affect the flutter mechanism"
false_negative,bm25(k1=1.2,b=0.75),stopwords+stemming,57,98,379,16,,4,14,"what are the significant steady and non-steady flow characteristics which affect the flutter mechanism"
false_negative,vector,stopwords+stemming,47,82,308,14,,4,14,"what are the existing solutions for hypersonic viscous interactions over an insulated flat plate"
false_negative,bm25(k1=1.2,b=0.75),stopwords+stemming,47,82,308,14,,4,14,"what are the existing solutions for hypersonic viscous interactions over an insulated flat plate"
false_negative,vector,stopwords+stemming,46,81,1226,313,,4,15,"what is the combined effect of surface heat and mass transfer on hypersonic flow"
false_negative,bm25(k1=1.2,b=0.75),stopwords+stemming,46,81,1226,267,,4,15,"what is the combined effect of surface heat and mass transfer on hypersonic flow"
false_negative,vector,stopwords+stemming,218,348,1258,222,,4,15,"what is the heat transfer to a blunt body in the absence of vorticity"
false_negative,bm25(k1=1.2,b=0.75),stopwords+stemming,218,348,1258,191,,4,15,"what is the heat transfer to a blunt body in the absence of vorticity"
false_negative,bm25(k1=1.2,b=0.75),stopwords+stemming,46,81,663,171,,4,15,"what is the combined effect of surface heat and mass transfer on hypersonic flow"
false_negative,bm25(k1=1.2,b=0.75),stopwords+stemming,65,106,418,156,,4,15,"does the boundary layer on a flat plate in a shear flow induce a pressure gradient"
false_negative,vector,stopwords+stemming,217,347,1391,124,,4,15,"has anyone investigated the effect of shock generated vorticity on heat transfer to a blunt body"
false_negative,vector,stopwords+stemming,46,81,629,121,,4,15,"what is the combined effect of surface heat and mass transfer on hypersonic flow"
false_negative,bm25(k1=1.2,b=0.75),stopwords+stemming,217,347,1391,108,,4,15,"has anyone investigated the effect of shock generated vorticity on heat transfer to a blunt body"
false_negative,vector,stopwords+stemming,46,81,572,104,,4,15,"what is the combined effect of surface heat and mass transfer on hypersonic flow"
false_negative,vector,stopwords+stemming,46,81,663,101,,4,15,"what is the combined effect of surface heat and mass transfer on hypersonic flow"
false_negative,vector,stopwords+stemming,46,81,1355,93,,4,15,"what is the combined effect of surface heat and mass transfer on hypersonic flow"
false_negative,bm25(k1=1.2,b=0.75),stopwords+stemming,46,81,1355,80,,4,15,"what is the combined effect of surface heat and mass transfer on hypersonic flow"
false_negative,bm25(k1=1.2,b=0.75),stopwords+stemming,46,81,629,54,,4,15,"what is the combined effect of surface heat and mass transfer on hypersonic flow"
false_negative,bm25(k1=1.2,b=0.75),stopwords+stemming,46,81,572,51,,4,15,"what is the combined effect of surface heat and mass transfer on hypersonic flow"
false_negative,vector,stopwords+stemming,65,106,418,42,,4,15,"does the boundary layer on a flat plate in a shear flow induce a pressure gradient"
false_negative,vector,stopwords+stemming,132,201,1019,32,,4,15,"theoretical studies of creep buckling"
false_negative,bm25(k1=1.2,b=0.75),stopwords+stemming,132,201,1019,25,,4,15,"theoretical studies of creep buckling"
false_negative,vector,stopwords+stemming,132,201,1020,24,,4,15,"theoretical studies of creep buckling"
false_negative,bm25(k1=1.2,b=0.75),stopwords+stemming,132,201,1020,24,,4,15,"theoretical studies of creep buckling"
false_negative,bm25(k1=1.2,b=0.75),stopwords+stemming,132,201,1024,19,,4,15,"theoretical studies of creep buckling"
false_negative,vector,stopwords+stemming,132,201,1018,17,,4,15,"theoretical studies of creep buckling"
false_negative,vector,stopwords+stemming,132,201,1024,15,,4,15,"theoretical studies of creep buckling"
false_negative,bm25(k1=1.2,b=0.75),stopwords+stemming,132,201,1012,15,,4,15,"theoretical studies of creep buckling"
false_negative,vector,stopwords+stemming,132,201,952,12,,4,15,"theoretical studies of creep buckling"
false_negative,bm25(k1=1.2,b=0.75),stopwords+stemming,132,201,952,11,,4,15,"theoretical studies of creep buckling"
false_negative,vector,stopwords+stemming,186,285,1379,,,4,16,"how can wing-body flow field interference effects be approximated rationally"
false_negative,bm25(k1=1.2,b=0.75),stopwords+stemming,186,285,1379,,,4,16,"how can wing-body flow field interference effects be approximated rationally"
false_negative,bm25(k1=1.2,b=0.75),stopwords+stemming,186,285,421,1117,,4,16,"how can wing-body flow field interference effects be approximated rationally"
false_negative,vector,stopwords+stemming,186,285,421,1110,,4,16,"how can wing-body flow field interference effects be approximated rationally"
false_negative,bm25(k1=1.2,b=0.75),stopwords+stemming,186,285,161,1056,,4,16,"how can wing-body flow field interference effects be approximated rationally"
false_negative,vector,stopwords+stemming,186,285,161,1052,,4,16,"how can wing-body flow field interference effects be approximated rationally"
false_negative,bm25(k1=1.2,b=0.75),stopwords+stemming,186,285,1380,690,,4,16,"how can wing-body flow field interference effects be approximated rationally"
false_negative,vector,stopwords+stemming,186,285,1380,660,,4,16,"how can wing-body flow field interference effects be approximated rationally"
false_negative,bm25(k1=1.2,b=0.75),stopwords+stemming,201,306,1304,631,,4,16,"what are the nonequilibrium chemical constituents in the viscous shock layer ahead of a blunt re-entry vehicle"
false_negative,vector,stopwords+stemming,201,306,1304,619,,4,16,"what are the nonequilibrium chemical constituents in the viscous shock layer ahead of a blunt re-entry vehicle"
false_negative,vector,stopwords+stemming,201,306,160,368,,4,16,"what are the nonequilibrium chemical constituents in the viscous shock layer ahead of a blunt re-entry vehicle"
false_negative,vector,stopwords+stemming,201,306,110,349,,4,16,"what are the nonequilibrium chemical constituents in the viscous shock layer ahead of a blunt re-entry vehicle"
false_negative,bm25(k1=1.2,b=0.75),stopwords+stemming,201,306,160,349,,4,16,"what are the nonequilibrium chemical constituents in the viscous shock layer ahead of a blunt re-entry vehicle"
false_negative,bm25(k1=1.2,b=0.75),stopwords+stemming,201,306,482,337,,4,16,"what are the nonequilibrium chemical constituents in the viscous shock layer ahead of a blunt re-entry vehicle"
false_negative,bm25(k1=1.2,b=0.75),stopwords+stemming,201,306,110,326,,4,16,"what are the nonequilibrium chemical constituents in the viscous shock layer ahead of a blunt re-entry vehicle"
false_negative,vector,stopwords+stemming,201,306,482,263,,4,16,"what are the nonequilibrium chemical constituents in the viscous shock layer ahead of a blunt re-entry vehicle"
false_negative,bm25(k1=1.2,b=0.75),stopwords+stemming,186,285,1377,197,,4,16,"how can wing-body flow field interference effects be approximated rationally"
false_negative,vector,stopwords+stemming,201,306,423,109,,4,16,"what are the nonequilibrium chemical constituents in the viscous shock layer ahead of a blunt re-entry vehicle"
false_negative,vector,stopwords+stemming,201,306,369,106,,4,16,"what are the nonequilibrium chemical constituents in the viscous shock layer ahead of a blunt re-entry vehicle"
false_negative,vector,stopwords+stemming,186,285,1377,104,,4,16,"how can wing-body flow field interference effects be approximated rationally"
false_negative,bm25(k1=1.2,b=0.75),stopwords+stemming,201,306,369,97,,4,16,"what are the nonequilibrium chemical constituents in the viscous shock layer ahead of a blunt re-entry vehicle"
false_negative,bm25(k1=1.2,b=0.75),stopwords+stemming,201,306,423,85,,4,16,"what are the nonequilibrium chemical constituents in the viscous shock layer ahead of a blunt re-entry vehicle"
false_negative,vector,stopwords+stemming,201,306,1391,37,,4,16,"what are the nonequilibrium chemical constituents in the viscous shock layer ahead of a blunt re-entry vehicle"
false_negative,bm25(k1=1.2,b=0.75),stopwords+stemming,201,306,1391,22,,4,16,"what are the nonequilibrium chemical constituents in the viscous shock layer ahead of a blunt re-entry vehicle"
false_negative,bm25(k1=1.2,b=0.75),stopwords+stemming,72,113,655,1160,,4,17,"what has been done about viscous interactions in relatively low reynolds number flows particularly at high mach numbers"
false_negative,vector,stopwords+stemming,72,113,655,1140,,4,17,"what has been done about viscous interactions in relatively low reynolds number flows particularly at high mach numbers"
false_negative,vector,stopwords+stemming,72,113,388,1117,,4,17,"what has been done about viscous interactions in relatively low reynolds number flows particularly at high mach numbers"
false_negative,bm25(k1=1.2,b=0.75),stopwords+stemming,72,113,388,1091,,4,17,"what has been done about viscous interactions in relatively low reynolds number flows particularly at high mach numbers"
false_negative,vector,stopwords+stemming,125,183,974,637,,4,17,"jet interference with supersonic flow -dash experimental papers"
false_negative,bm25(k1=1.2,b=0.75),stopwords+stemming,125,183,974,595,,4,17,"jet interference with supersonic flow -dash experimental papers"
false_negative,vector,stopwords+stemming,72,113,62,309,,4,17,"what has been done about viscous interactions in relatively low reynolds number flows particularly at high mach numbers"
false_negative,bm25(k1=1.2,b=0.75),stopwords+stemming,72,113,62,271,,4,17,"what has been done about viscous interactions in relatively low reynolds number flows particularly at high mach numbers"
false_negative,bm25(k1=1.2,b=0.75),stopwords+stemming,72,113,128,267,,4,17,"what has been done about viscous interactions in relatively low reynolds number flows particularly at high mach numbers"
false_negative,vector,stopwords+stemming,72,113,128,240,,4,17,"what has been done about viscous interactions in relatively low reynolds number flows particularly at high mach numbers"
false_negative,vector,stopwords+stemming,72,113,571,201,,4,17,"what has been done about viscous interactions in relatively low reynolds number flows particularly at high mach numbers"
false_negative,bm25(k1=1.2,b=0.75),stopwords+stemming,72,113,305,175,,4,17,"what has been done about viscous interactions in relatively low reynolds number flows particularly at high mach numbers"
false_negative,bm25(k1=1.2,b=0.75),stopwords+stemming,72,113,323,164,,4,17,"what has been done about viscous interactions in relatively low reynolds number flows particularly at high mach numbers"
false_negative,bm25(k1=1.2,b=0.75),stopwords+stemming,72,113,571,141,,4,17,"what has been done about viscous interactions in relatively low reynolds number flows particularly at high mach numbers"
false_negative,vector,stopwords+stemming,125,183,177,50,,4,17,"jet interference with supersonic flow -dash experimental papers"
false_negative,bm25(k1=1.2,b=0.75),stopwords+stemming,72,113,309,41,,4,17,"what has been done about viscous interactions in relatively low reynolds number flows particularly at high mach numbers"
false_negative,bm25(k1=1.2,b=0.75),stopwords+stemming,125,183,177,41,,4,17,"jet interference with supersonic flow -dash experimental papers"
false_negative,vector,stopwords+stemming,72,113,309,35,,4,17,"what has been done about viscous interactions in relatively low reynolds number flows particularly at high mach numbers"
false_negative,vector,stopwords+stemming,72,113,323,32,,4,17,"what has been done about viscous interactions in relatively low reynolds number flows particularly at high mach numbers"
false_negative,bm25(k1=1.2,b=0.75),stopwords+stemming,72,113,663,24,,4,17,"what has been done about viscous interactions in relatively low reynolds number flows particularly at high mach numbers"
false_negative,vector,stopwords+stemming,72,113,305,16,,4,17,"what has been done about viscous interactions in relatively low reynolds number flows particularly at high mach numbers"
false_negative,vector,stopwords+stemming,72,113,663,15,,4,17,"what has been done about viscous interactions in relatively low reynolds number flows particularly at high mach numbers"
false_negative,bm25(k1=1.2,b=0.75),stopwords+stemming,221,353,1384,449,,4,18,"papers applicable to this problem calculation procedures for laminar incompressible flow with arbitrary pressure gradient"
false_negative,vector,stopwords+stemming,221,353,1384,335,,4,18,"papers applicable to this problem calculation procedures for laminar incompressible flow with arbitrary pressure gradient"
false_negative,bm25(k1=1.2,b=0.75),stopwords+stemming,221,353,241,103,,4,18,"papers applicable to this problem calculation procedures for laminar incompressible flow with arbitrary pressure gradient"
false_negative,vector,stopwords+stemming,221,353,241,90,,4,18,"papers applicable to this problem calculation procedures for laminar incompressible flow with arbitrary pressure gradient"
false_negative,vector,stopwords+stemming,221,353,1370,27,,4,18,"papers applicable to this problem calculation procedures for laminar incompressible flow with arbitrary pressure gradient"
false_negative,bm25(k1=1.2,b=0.75),stopwords+stemming,221,353,1370,25,,4,18,"papers applicable to this problem calculation procedures for laminar incompressible flow with arbitrary pressure gradient"
false_negative,bm25(k1=1.2,b=0.75),stopwords+stemming,221,353,1386,11,,4,18,"papers applicable to this problem calculation procedures for laminar incompressible flow with arbitrary pressure gradient"
false_negative,vector,stopwords+stemming,220,352,1370,172,,4,19,"find a calculation procedure applicable to all incompressible laminar boundary layer flow problems having good accuracy and reasonable computation time"
false_negative,vector,stopwords+stemming,220,352,1386,171,,4,19,"find a calculation procedure applicable to all incompressible laminar boundary layer flow problems having good accuracy and reasonable computation time"
false_negative,bm25(k1=1.2,b=0.75),stopwords+stemming,220,352,1370,161,,4,19,"find a calculation procedure applicable to all incompressible laminar boundary layer flow problems having good accuracy and reasonable computation time"
false_negative,bm25(k1=1.2,b=0.75),stopwords+stemming,220,352,1386,139,,4,19,"find a calculation procedure applicable to all incompressible laminar boundary layer flow problems having good accuracy and reasonable computation time"
false_negative,vector,stopwords+stemming,220,352,479,77,,4,19,"find a calculation procedure applicable to all incompressible laminar boundary layer flow problems having good accuracy and reasonable computation time"
false_negative,bm25(k1=1.2,b=0.75),stopwords+stemming,220,352,977,56,,4,19,"find a calculation procedure applicable to all incompressible laminar boundary layer flow problems having good accuracy and reasonable computation time"
false_negative,bm25(k1=1.2,b=0.75),stopwords+stemming,220,352,479,55,,4,19,"find a calculation procedure applicable to all incompressible laminar boundary layer flow problems having good accuracy and reasonable computation time"
false_negative,vector,stopwords+stemming,220,352,977,35,,4,19,"find a calculation procedure applicable to all incompressible laminar boundary layer flow problems having good accuracy and reasonable computation time"
false_negative,vector,stopwords+stemming,220,352,111,18,,4,19,"find a calculation procedure applicable to all incompressible laminar boundary layer flow problems having good accuracy and reasonable computation time"
false_negative,bm25(k1=1.2,b=0.75),stopwords+stemming,220,352,111,17,,4,19,"find a calculation procedure applicable to all incompressible laminar boundary layer flow problems having good accuracy and reasonable computation time"
false_negative,vector,stopwords+stemming,220,352,458,16,,4,19,"find a calculation procedure applicable to all incompressible laminar boundary layer flow problems having good accuracy and reasonable computation time"
false_negative,vector,stopwords+stemming,73,114,1355,822,,4,20,"what role does the effect of chemical reaction particularly when out of equilibrium play in the similitude laws governing hypersonic flows over slender aerodynamic bodies"
false_negative,bm25(k1=1.2,b=0.75),stopwords+stemming,73,114,1355,808,,4,20,"what role does the effect of chemical reaction particularly when out of equilibrium play in the similitude laws governing hypersonic flows over slender aerodynamic bodies"
false_negative,bm25(k1=1.2,b=0.75),stopwords+stemming,73,114,655,215,,4,20,"what role does the effect of chemical reaction particularly when out of equilibrium play in the similitude laws governing hypersonic flows over slender aerodynamic bodies"
false_negative,vector,stopwords+stemming,73,114,655,178,,4,20,"what role does the effect of chemical reaction particularly when out of equilibrium play in the similitude laws governing hypersonic flows over slender aerodynamic bodies"
false_negative,vector,stopwords+stemming,73,114,317,120,,4,20,"what role does the effect of chemical reaction particularly when out of equilibrium play in the similitude laws governing hypersonic flows over slender aerodynamic bodies"
false_negative,vector,stopwords+stemming,73,114,25,76,,4,20,"what role does the effect of chemical reaction particularly when out of equilibrium play in the similitude laws governing hypersonic flows over slender aerodynamic bodies"
false_negative,vector,stopwords+stemming,73,114,1198,66,,4,20,"what role does the effect of chemical reaction particularly when out of equilibrium play in the similitude laws governing hypersonic flows over slender aerodynamic bodies"
false_negative,bm25(k1=1.2,b=0.75),stopwords+stemming,73,114,317,66,,4,20,"what role does the effect of chemical reaction particularly when out of equilibrium play in the similitude laws governing hypersonic flows over slender aerodynamic bodies"
false_negative,bm25(k1=1.2,b=0.75),stopwords+stemming,73,114,1198,47,,4,20,"what role does the effect of chemical reaction particularly when out of equilibrium play in the similitude laws governing hypersonic flows over slender aerodynamic bodies"
false_negative,bm25(k1=1.2,b=0.75),stopwords+stemming,73,114,25,34,,4,20,"what role does the effect of chemical reaction particularly when out of equilibrium play in the similitude laws governing hypersonic flows over slender aerodynamic bodies"
false_negative,vector,stopwords+stemming,225,365,1377,,,4,24,"what design factors can be used to control lift-drag ratios at mach numbers above 5"
false_negative,bm25(k1=1.2,b=0.75),stopwords+stemming,225,365,1377,,,4,24,"what design factors can be used to control lift-drag ratios at mach numbers above 5"
false_negative,bm25(k1=1.2,b=0.75),stopwords+stemming,2,2,442,686,,4,24,"what are the structural and aeroelastic problems associated with flight of high speed aircraft"
false_negative,vector,stopwords+stemming,2,2,442,644,,4,24,"what are the structural and aeroelastic problems associated with flight of high speed aircraft"
false_negative,vector,stopwords+stemming,225,365,161,637,,4,24,"what design factors can be used to control lift-drag ratios at mach numbers above 5"
false_negative,bm25(k1=1.2,b=0.75),stopwords+stemming,225,365,161,615,,4,24,"what design factors can be used to control lift-drag ratios at mach numbers above 5"
false_negative,vector,stopwords+stemming,2,2,380,612,,4,24,"what are the structural and aeroelastic problems associated with flight of high speed aircraft"
false_negative,bm25(k1=1.2,b=0.75),stopwords+stemming,2,2,380,528,,4,24,"what are the structural and aeroelastic problems associated with flight of high speed aircraft"
false_negative,bm25(k1=1.2,b=0.75),stopwords+stemming,2,2,52,151,,4,24,"what are the structural and aeroelastic problems associated with flight of high speed aircraft"
false_negative,vector,stopwords+stemming,2,2,52,150,,4,24,"what are the structural and aeroelastic problems associated with flight of high speed aircraft"
false_negative,vector,stopwords+stemming,225,365,421,68,,4,24,"what design factors can be used to control lift-drag ratios at mach numbers above 5"
false_negative,bm25(k1=1.2,b=0.75),stopwords+stemming,225,365,421,47,,4,24,"what design factors can be used to control lift-drag ratios at mach numbers above 5"
false_negative,bm25(k1=1.2,b=0.75),stopwords+stemming,2,2,14,11,,4,24,"what are the structural and aeroelastic problems associated with flight of high speed aircraft"
false_negative,vector,stopwords+stemming,1,1,15,,,4,28,"what similarity laws must be obeyed when constructing aeroelastic models of heated high speed aircraft"
false_negative,bm25(k1=1.2,b=0.75),stopwords+stemming,1,1,15,,,4,28,"what similarity laws must be obeyed when constructing aeroelastic models of heated high speed aircraft"
false_negative,vector,stopwords+stemming,1,1,462,731,,4,28,"what similarity laws must be obeyed when constructing aeroelastic models of heated high speed aircraft"
false_negative,bm25(k1=1.2,b=0.75),stopwords+stemming,1,1,462,704,,4,28,"what similarity laws must be obeyed when constructing aeroelastic models of heated high speed aircraft"
false_negative,vector,stopwords+stemming,1,1,52,218,,4,28,"what similarity laws must be obeyed when constructing aeroelastic models of heated high speed aircraft"
false_negative,bm25(k1=1.2,b=0.75),stopwords+stemming,1,1,52,215,,4,28,"what similarity laws must be obeyed when constructing aeroelastic models of heated high speed aircraft"
false_negative,vector,stopwords+stemming,1,1,142,174,,4,28,"what similarity laws must be obeyed when constructing aeroelastic models of heated high speed aircraft"
false_negative,bm25(k1=1.2,b=0.75),stopwords+stemming,1,1,195,165,,4,28,"what similarity laws must be obeyed when constructing aeroelastic models of heated high speed aircraft"
false_negative,vector,stopwords+stemming,1,1,195,157,,4,28,"what similarity laws must be obeyed when constructing aeroelastic models of heated high speed aircraft"
false_negative,bm25(k1=1.2,b=0.75),stopwords+stemming,1,1,142,111,,4,28,"what similarity laws must be obeyed when constructing aeroelastic models of heated high speed aircraft"
false_negative,vector,stopwords+stemming,1,1,14,19,,4,28,"what similarity laws must be obeyed when constructing aeroelastic models of heated high speed aircraft"
false_negative,bm25(k1=1.2,b=0.75),stopwords+stemming,1,1,14,17,,4,28,"what similarity laws must be obeyed when constructing aeroelastic models of heated high speed aircraft"
false_negative,bm25(k1=1.2,b=0.75),stopwords+stemming,1,1,13,15,,4,28,"what similarity laws must be obeyed when constructing aeroelastic models of heated high speed aircraft"
false_negative,vector,stopwords+stemming,1,1,13,13,,4,28,"what similarity laws must be obeyed when constructing aeroelastic models of heated high speed aircraft"
false_negative,bm25(k1=1.2,b=0.75),stopwords+stemming,23,41,594,515,,4,32,"what progress has been made in research on unsteady aerodynamics"
false_negative,vector,stopwords+stemming,23,41,594,456,,4,32,"what progress has been made in research on unsteady aerodynamics"
false_negative,bm25(k1=1.2,b=0.75),stopwords+stemming,23,41,1333,331,,4,32,"what progress has been made in research on unsteady aerodynamics"
false_negative,vector,stopwords+stemming,23,41,199,326,,4,32,"what progress has been made in research on unsteady aerodynamics"
false_negative,bm25(k1=1.2,b=0.75),stopwords+stemming,23,41,199,249,,4,32,"what progress has been made in research on unsteady aerodynamics"
false_negative,vector,stopwords+stemming,23,41,1333,197,,4,32,"what progress has been made in research on unsteady aerodynamics"
false_negative,bm25(k1=1.2,b=0.75),stopwords+stemming,157,232,1355,694,,4,39,"have flow fields been calculated for blunt-nosed bodies and compared with experiment for a wide range of free stream conditions and body shapes"
false_negative,vector,stopwords+stemming,157,232,1355,380,,4,39,"have flow fields been calculated for blunt-nosed bodies and compared with experiment for a wide range of free stream conditions and body shapes"
false_negative,bm25(k1=1.2,b=0.75),stopwords+stemming,157,232,666,31,,4,39,"have flow fields been calculated for blunt-nosed bodies and compared with experiment for a wide range of free stream conditions and body shapes"
false_negative,vector,stopwords+stemming,157,232,122,21,,4,39,"have flow fields been calculated for blunt-nosed bodies and compared with experiment for a wide range of free stream conditions and body shapes"
false_negative,vector,stopwords+stemming,157,232,666,15,,4,39,"have flow fields been calculated for blunt-nosed bodies and compared with experiment for a wide range of free stream conditions and body shapes"
