preprocessing,model,k1,b,query,P@10,R@10,F1@10,AP@all,AP@10,RR,NDCG@10
raw,vector,,,1,0.5000,0.1786,0.2632,0.2261,0.1347,1.0000,0.3870
raw,vector,,,2,0.4000,0.1667,0.2353,0.1949,0.1488,1.0000,0.5473
raw,vector,,,3,0.5000,0.6250,0.5556,0.6507,0.5330,1.0000,0.7036
raw,vector,,,4,0.2000,1.0000,0.3333,0.6000,0.6000,1.0000,0.7904
raw,vector,,,5,0.1000,0.2500,0.1429,0.1268,0.0500,0.2000,0.1845
raw,vector,,,6,0.1000,0.2500,0.1429,0.0480,0.0312,0.1250,0.1030
raw,vector,,,7,0.2000,0.4000,0.2667,0.2517,0.2333,0.5000,0.3474
raw,vector,,,8,0.1000,0.0909,0.0952,0.0959,0.0182,0.2000,0.1033
raw,vector,,,9,0.2000,0.6667,0.3077,0.4238,0.4167,1.0000,0.6173
raw,vector,,,10,0.2000,0.2500,0.2222,0.1120,0.0729,0.2500,0.2023
raw,vector,,,11,0.2000,0.2857,0.2353,0.1639,0.1032,0.5000,0.1989
raw,vector,,,12,0.1000,0.2000,0.1333,0.0988,0.0250,0.1250,0.1172
raw,vector,,,13,0.0000,0.0000,0.0000,0.0034,0.0000,0.0038,0.0000
raw,vector,,,14,0.1000,0.5000,0.1667,0.0928,0.0625,0.1250,0.2725
raw,vector,,,15,0.2000,1.0000,0.3333,0.8333,0.8333,1.0000,0.7602
raw,vector,,,16,0.1000,0.3333,0.1538,0.1947,0.1667,0.5000,0.2398
raw,vector,,,17,0.1000,0.5000,0.1667,0.5118,0.5000,1.0000,0.7039
raw,vector,,,18,0.1000,0.3333,0.1538,0.0916,0.0667,0.2000,0.1815
raw,vector,,,19,0.0000,0.0000,0.0000,0.0162,0.0000,0.0769,0.0000
raw,vector,,,20,0.5000,0.5556,0.5263,0.4506,0.3028,0.3333,0.4676
raw,vector,,,21,0.1000,0.2500,0.1429,0.2261,0.1250,0.5000,0.3058
raw,vector,,,22,0.0000,0.0000,0.0000,0.0018,0.0000,0.0018,0.0000
raw,vector,,,23,0.3000,0.0938,0.1429,0.1397,0.0430,0.5000,0.3120
raw,vector,,,24,0.2000,0.6667,0.3077,0.5023,0.5000,1.0000,0.7284
raw,vector,,,25,0.4000,0.4444,0.4211,0.4756,0.3611,1.0000,0.5000
raw,vector,,,26,0.2000,0.3333,0.2500,0.1635,0.0893,0.2500,0.2647
raw,vector,,,27,0.1000,0.3333,0.1538,0.1219,0.1111,0.3333,0.2851
raw,vector,,,28,0.0000,0.0000,0.0000,0.0018,0.0000,0.0017,0.0000
raw,vector,,,29,0.4000,0.4444,0.4211,0.4516,0.3778,1.0000,0.4626
raw,vector,,,30,0.0000,0.0000,0.0000,0.0529,0.0000,0.0588,0.0000
raw,vector,,,31,0.0000,0.0000,0.0000,0.0007,0.0000,0.0007,0.0000
raw,vector,,,32,0.0000,0.0000,0.0000,0.0196,0.0000,0.0208,0.0000
raw,vector,,,33,0.2000,0.6667,0.3077,0.4274,0.3889,0.5000,0.4683
raw,vector,,,34,0.1000,0.1667,0.1250,0.1641,0.0278,0.1667,0.0827
raw,vector,,,35,0.0000,0.0000,0.0000,0.0240,0.0000,0.0357,0.0000
raw,vector,,,36,0.0000,0.0000,0.0000,0.0404,0.0000,0.0769,0.0000
raw,vector,,,37,0.3000,0.3333,0.3158,0.1808,0.0929,0.2500,0.2406
raw,vector,,,38,0.0000,0.0000,0.0000,0.0404,0.0000,0.0526,0.0000
raw,vector,,,39,0.3000,0.2308,0.2609,0.2158,0.1615,1.0000,0.2532
raw,vector,,,40,0.0000,0.0000,0.0000,0.0239,0.0000,0.0233,0.0000
raw,vector,,,41,0.3000,1.0000,0.4615,0.8333,0.8333,1.0000,0.9120
raw,vector,,,42,0.3000,0.6000,0.4000,0.1992,0.1917,0.2500,0.3934
raw,vector,,,43,0.4000,0.6667,0.5000,0.4517,0.3730,0.5000,0.6043
raw,vector,,,44,0.0000,0.0000,0.0000,0.0024,0.0000,0.0015,0.0000
raw,vector,,,45,0.2000,0.1667,0.1818,0.1219,0.0694,0.5000,0.2431
raw,vector,,,46,0.4000,0.2667,0.3200,0.2737,0.1811,0.5000,0.3211
raw,vector,,,47,0.4000,0.2857,0.3333,0.2341,0.1088,0.2500,0.3084
raw,vector,,,48,0.2000,0.1818,0.1905,0.1472,0.1061,0.5000,0.2556
raw,vector,,,49,0.1000,0.5000,0.1667,0.2682,0.2500,0.5000,0.4796
raw,vector,,,50,0.1000,0.1667,0.1250,0.0283,0.0167,0.1000,0.1321
raw,vector,,,51,0.4000,0.4000,0.4000,0.4364,0.3417,1.0000,0.4228
raw,vector,,,52,0.4000,1.0000,0.5714,0.8611,0.8611,1.0000,0.7761
raw,vector,,,53,0.2000,0.2000,0.2000,0.2712,0.1667,1.0000,0.2429
raw,vector,,,54,0.2000,0.2222,0.2105,0.1549,0.0926,0.5000,0.2930
raw,vector,,,55,0.2000,0.2000,0.2000,0.2221,0.1400,1.0000,0.3063
raw,vector,,,56,0.1000,0.1000,0.1000,0.0870,0.0111,0.1111,0.0392
raw,vector,,,57,0.1000,0.0714,0.0833,0.0928,0.0179,0.2500,0.0531
raw,vector,,,58,0.1000,0.1111,0.1053,0.1030,0.0370,0.3333,0.1919
raw,vector,,,59,0.0000,0.0000,0.0000,0.0390,0.0000,0.0909,0.0000
raw,vector,,,60,0.3000,0.6000,0.4000,0.5375,0.5200,1.0000,0.5600
raw,vector,,,61,0.2000,0.4000,0.2667,0.2054,0.1667,0.3333,0.3307
raw,vector,,,62,0.0000,0.0000,0.0000,0.0431,0.0000,0.0909,0.0000
raw,vector,,,63,0.0000,0.0000,0.0000,0.0049,0.0000,0.0044,0.0000
raw,vector,,,64,0.2000,1.0000,0.3333,0.3750,0.3750,0.5000,0.5889
raw,vector,,,65,0.5000,0.3333,0.4000,0.3983,0.3010,1.0000,0.5890
raw,vector,,,66,0.2000,0.4000,0.2667,0.1637,0.1111,0.3333,0.3192
raw,vector,,,67,0.8000,0.5714,0.6667,0.6481,0.5482,1.0000,0.8180
raw,vector,,,68,0.2000,0.4000,0.2667,0.1668,0.1500,0.5000,0.3659
raw,vector,,,69,0.0000,0.0000,0.0000,0.0310,0.0000,0.0256,0.0000
raw,vector,,,70,0.0000,0.0000,0.0000,0.0644,0.0000,0.0625,0.0000
raw,vector,,,71,0.0000,0.0000,0.0000,0.0361,0.0000,0.0238,0.0000
raw,vector,,,72,0.0000,0.0000,0.0000,0.0347,0.0000,0.0909,0.0000
raw,vector,,,73,0.5000,0.2500,0.3333,0.2999,0.1965,1.0000,0.5476
raw,vector,,,74,0.0000,0.0000,0.0000,0.0486,0.0000,0.0714,0.0000
raw,vector,,,75,0.1000,0.2000,0.1333,0.0818,0.0400,0.2000,0.1122
raw,vector,,,76,0.2000,0.2857,0.2353,0.1823,0.1000,0.5000,0.2390
raw,vector,,,77,0.5000,0.8333,0.6250,0.7338,0.6750,1.0000,0.6454
raw,vector,,,78,0.3000,1.0000,0.4615,0.4206,0.4206,0.5000,0.5653
raw,vector,,,79,0.1000,0.2000,0.1333,0.0683,0.0500,0.2500,0.1881
raw,vector,,,80,0.0000,0.0000,0.0000,0.0338,0.0000,0.0500,0.0000
raw,vector,,,81,0.1000,0.5000,0.1667,0.1603,0.0833,0.1667,0.0769
raw,vector,,,82,0.3000,0.6000,0.4000,0.5810,0.5500,1.0000,0.6888
raw,vector,,,83,0.1000,0.2500,0.1429,0.2570,0.2500,1.0000,0.3904
raw,vector,,,84,0.2000,0.1818,0.1905,0.1205,0.0384,0.2000,0.1358
raw,vector,,,85,0.1000,0.2500,0.1429,0.0652,0.0500,0.2000,0.0998
raw,vector,,,86,0.2000,1.0000,0.3333,0.5833,0.5833,0.5000,0.6934
raw,vector,,,87,0.0000,0.0000,0.0000,0.0119,0.0000,0.0093,0.0000
raw,vector,,,88,0.6000,1.0000,0.7500,0.6746,0.6746,0.5000,0.6985
raw,vector,,,89,0.2000,0.3333,0.2500,0.3021,0.2037,1.0000,0.4671
raw,vector,,,90,0.3000,0.2308,0.2609,0.2709,0.1474,0.5000,0.2140
raw,vector,,,91,0.2000,0.2222,0.2105,0.1735,0.0617,0.3333,0.2287
raw,vector,,,92,0.6000,0.4615,0.5217,0.5573,0.4377,1.0000,0.5035
raw,vector,,,93,0.1000,1.0000,0.1818,0.5000,0.5000,0.5000,0.6309
raw,vector,,,94,0.4000,0.3333,0.3636,0.4216,0.2662,1.0000,0.4524
raw,vector,,,95,0.1000,0.5000,0.1667,0.2121,0.1667,0.3333,0.1080
raw,vector,,,96,0.4000,0.3077,0.3478,0.2849,0.1573,0.5000,0.2910
raw,vector,,,97,0.2000,0.2000,0.2000,0.1371,0.1222,1.0000,0.2812
raw,vector,,,98,0.0000,0.0000,0.0000,0.0094,0.0000,0.0164,0.0000
raw,vector,,,99,0.2000,0.5000,0.2857,0.2507,0.2083,0.5000,0.3857
raw,vector,,,100,0.2000,0.2222,0.2105,0.2200,0.1296,0.5000,0.3065
raw,vector,,,101,0.5000,0.8333,0.6250,0.6236,0.5569,0.5000,0.6592
raw,vector,,,102,0.2000,0.5000,0.2857,0.4464,0.4167,1.0000,0.5462
raw,vector,,,103,0.0000,0.0000,0.0000,0.0137,0.0000,0.0250,0.0000
raw,vector,,,104,0.1000,0.2000,0.1333,0.0740,0.0250,0.1250,0.1070
raw,vector,,,105,0.2000,0.4000,0.2667,0.3794,0.3333,1.0000,0.6332
raw,vector,,,106,0.3000,0.6000,0.4000,0.1610,0.1505,0.1667,0.3182
raw,vector,,,107,0.2000,0.2857,0.2353,0.2241,0.1667,0.5000,0.2721
raw,vector,,,108,0.6000,0.8571,0.7059,0.9137,0.8367,1.0000,0.8256
raw,vector,,,109,0.0000,0.0000,0.0000,0.0230,0.0000,0.0417,0.0000
raw,vector,,,110,0.0000,0.0000,0.0000,0.0230,0.0000,0.0294,0.0000
raw,vector,,,111,0.2000,0.2857,0.2353,0.2669,0.0833,0.2500,0.2131
raw,vector,,,112,0.1000,0.5000,0.1667,0.2803,0.2500,0.5000,0.2398
raw,vector,,,113,0.2000,0.5000,0.2857,0.3895,0.3750,1.0000,0.5585
raw,vector,,,114,0.0000,0.0000,0.0000,0.0712,0.0000,0.0909,0.0000
raw,vector,,,115,0.0000,0.0000,0.0000,0.0196,0.0000,0.0182,0.0000
raw,vector,,,116,0.0000,0.0000,0.0000,0.0415,0.0000,0.0833,0.0000
raw,vector,,,117,0.0000,0.0000,0.0000,0.0256,0.0000,0.0294,0.0000
raw,vector,,,118,0.1000,0.3333,0.1538,0.1299,0.0370,0.1111,0.1144
raw,vector,,,119,0.0000,0.0000,0.0000,0.0625,0.0000,0.0625,0.0000
raw,vector,,,120,0.5000,0.5556,0.5263,0.5070,0.3713,0.5000,0.5654
raw,vector,,,121,0.5000,0.7143,0.5882,0.6251,0.5245,1.0000,0.6724
raw,vector,,,122,0.3000,0.3333,0.3158,0.1975,0.0966,0.2500,0.1903
raw,vector,,,123,0.0000,0.0000,0.0000,0.0693,0.0000,0.0909,0.0000
raw,vector,,,124,0.0000,0.0000,0.0000,0.0039,0.0000,0.0062,0.0000
raw,vector,,,125,0.2000,0.1176,0.1481,0.1770,0.0278,0.2500,0.1529
raw,vector,,,126,0.2000,0.2500,0.2222,0.2039,0.1875,1.0000,0.4500
raw,vector,,,127,0.1000,0.2000,0.1333,0.0899,0.0667,0.3333,0.1490
raw,vector,,,128,0.0000,0.0000,0.0000,0.0163,0.0000,0.0244,0.0000
raw,vector,,,129,0.4000,0.5714,0.4706,0.4807,0.4405,1.0000,0.6253
raw,vector,,,130,0.3000,0.6000,0.4000,0.5080,0.4533,1.0000,0.6032
raw,vector,,,131,0.2000,0.2500,0.2222,0.2301,0.0625,0.2500,0.2085
raw,vector,,,132,0.8000,0.5333,0.6400,0.6910,0.4474,1.0000,0.7402
raw,vector,,,133,0.1000,0.1429,0.1176,0.1841,0.0159,0.1111,0.0323
raw,vector,,,134,0.0000,0.0000,0.0000,0.0940,0.0000,0.0769,0.0000
raw,vector,,,135,0.3000,0.3750,0.3333,0.4354,0.2344,1.0000,0.2511
raw,vector,,,136,0.1000,0.3333,0.1538,0.2105,0.1667,0.5000,0.4919
raw,vector,,,137,0.2000,0.5000,0.2857,0.2786,0.1625,0.2500,0.2670
raw,vector,,,138,0.1000,0.5000,0.1667,0.0558,0.0500,0.1000,0.1772
raw,vector,,,139,0.0000,0.0000,0.0000,0.0058,0.0000,0.0033,0.0000
raw,vector,,,140,0.1000,0.1667,0.1250,0.1137,0.0833,0.5000,0.2509
raw,vector,,,141,0.2000,0.3333,0.2500,0.3930,0.3333,1.0000,0.5455
raw,vector,,,142,0.0000,0.0000,0.0000,0.0013,0.0000,0.0013,0.0000
raw,vector,,,143,0.1000,0.5000,0.1667,0.1268,0.0833,0.1667,0.2184
raw,vector,,,144,0.5000,0.8333,0.6250,0.7519,0.6750,1.0000,0.8135
raw,vector,,,145,0.4000,0.5714,0.4706,0.5065,0.4667,1.0000,0.6441
raw,vector,,,146,0.2000,1.0000,0.3333,0.7500,0.7500,1.0000,0.7075
raw,vector,,,147,0.3000,0.3000,0.3000,0.2729,0.1667,0.5000,0.3128
raw,vector,,,148,0.3000,0.5000,0.3750,0.4343,0.3611,1.0000,0.5964
raw,vector,,,149,0.4000,0.3636,0.3810,0.4023,0.2182,1.0000,0.4531
raw,vector,,,150,0.2000,1.0000,0.3333,0.5833,0.5833,0.5000,0.6934
raw,vector,,,151,0.0000,0.0000,0.0000,0.0146,0.0000,0.0133,0.0000
raw,vector,,,152,0.0000,0.0000,0.0000,0.0142,0.0000,0.0370,0.0000
raw,vector,,,153,0.3000,0.4286,0.3529,0.1901,0.1660,0.3333,0.2775
raw,vector,,,154,0.2000,1.0000,0.3333,0.3929,0.3929,0.5000,0.5307
raw,vector,,,155,0.3000,0.5000,0.3750,0.4656,0.4583,1.0000,0.4000
raw,vector,,,156,0.6000,0.4286,0.5000,0.5451,0.4286,1.0000,0.5471
raw,vector,,,157,0.5000,0.1282,0.2041,0.2141,0.0659,0.5000,0.3701
raw,vector,,,158,0.1000,0.1250,0.1111,0.1842,0.1250,1.0000,0.3630
raw,vector,,,159,0.0000,0.0000,0.0000,0.0425,0.0000,0.0833,0.0000
raw,vector,,,160,0.1000,0.2000,0.1333,0.0596,0.0333,0.1667,0.1403
raw,vector,,,161,0.3000,0.5000,0.3750,0.4339,0.4167,1.0000,0.7001
raw,vector,,,162,0.3000,0.3750,0.3333,0.2106,0.1542,0.5000,0.2654
raw,vector,,,163,0.2000,0.6667,0.3077,0.3948,0.3889,0.5000,0.5307
raw,vector,,,164,0.3000,0.3750,0.3333,0.3265,0.2208,0.5000,0.3971
raw,vector,,,165,0.1000,0.5000,0.1667,0.2576,0.1667,0.3333,0.3066
raw,vector,,,166,0.0000,0.0000,0.0000,0.0202,0.0000,0.0500,0.0000
raw,vector,,,167,0.1000,0.5000,0.1667,0.1125,0.0625,0.1250,0.2221
raw,vector,,,168,0.1000,0.5000,0.1667,0.1266,0.1250,0.2500,0.2641
raw,vector,,,169,0.2000,0.5000,0.2857,0.1868,0.1833,0.3333,0.3462
raw,vector,,,170,0.4000,0.6667,0.5000,0.4345,0.4241,1.0000,0.6030
raw,vector,,,171,0.2000,0.6667,0.3077,0.5435,0.5000,1.0000,0.6308
raw,vector,,,172,0.4000,1.0000,0.5714,0.6792,0.6792,0.5000,0.7180
raw,vector,,,173,0.2000,1.0000,0.3333,0.6111,0.6111,1.0000,0.7977
raw,vector,,,174,0.0000,0.0000,0.0000,0.0518,0.0000,0.0833,0.0000
raw,vector,,,175,0.1000,0.2000,0.1333,0.0451,0.0286,0.1429,0.1246
raw,vector,,,176,0.1000,0.1429,0.1176,0.0792,0.0286,0.2000,0.1282
raw,vector,,,177,0.3000,0.6000,0.4000,0.5761,0.4200,1.0000,0.4835
raw,vector,,,178,0.3000,0.7500,0.4286,0.5095,0.4750,1.0000,0.8284
raw,vector,,,179,0.2000,0.5000,0.2857,0.2309,0.2250,0.5000,0.3973
raw,vector,,,180,0.3000,0.4286,0.3529,0.2958,0.2286,0.5000,0.3208
raw,vector,,,181,0.1000,0.2000,0.1333,0.1287,0.0667,0.3333,0.1246
raw,vector,,,182,0.2000,1.0000,0.3333,0.4500,0.4500,0.5000,0.6267
raw,vector,,,183,0.6000,0.4615,0.5217,0.4999,0.4615,1.0000,0.3871
raw,vector,,,184,0.1000,0.1429,0.1176,0.0695,0.0143,0.1000,0.0833
raw,vector,,,185,0.7000,0.7778,0.7368,0.7291,0.6019,1.0000,0.7026
raw,vector,,,186,0.5000,0.3125,0.3846,0.2284,0.2059,1.0000,0.5482
raw,vector,,,187,0.2000,0.3333,0.2500,0.1476,0.1083,0.2500,0.2615
raw,vector,,,188,0.3000,0.2727,0.2857,0.3108,0.2273,1.0000,0.4507
raw,vector,,,189,0.1000,0.1111,0.1053,0.0654,0.0139,0.1250,0.0610
raw,vector,,,190,0.3000,0.6000,0.4000,0.5582,0.4833,1.0000,0.5925
raw,vector,,,191,0.5000,0.3846,0.4348,0.4848,0.2641,1.0000,0.3634
raw,vector,,,192,0.2000,0.5000,0.2857,0.2630,0.2083,0.5000,0.3854
raw,vector,,,193,0.8000,0.8889,0.8421,0.7804,0.7783,1.0000,0.7534
raw,vector,,,194,0.2000,0.3333,0.2500,0.2010,0.1111,0.3333,0.1539
raw,vector,,,195,0.0000,0.0000,0.0000,0.0428,0.0000,0.0476,0.0000
raw,vector,,,196,0.2000,0.1667,0.1818,0.1805,0.1250,1.0000,0.2735
raw,vector,,,197,0.3000,1.0000,0.4615,0.7917,0.7917,1.0000,0.8597
raw,vector,,,198,0.2000,0.5000,0.2857,0.2790,0.2083,0.3333,0.3849
raw,vector,,,199,0.2000,0.2500,0.2222,0.1101,0.0667,0.2000,0.1652
raw,vector,,,200,0.1000,0.3333,0.1538,0.2340,0.1667,0.5000,0.2961
raw,vector,,,201,0.4000,0.2500,0.3077,0.2897,0.1607,1.0000,0.4795
raw,vector,,,202,0.3000,0.2143,0.2500,0.1181,0.0750,0.5000,0.1150
raw,vector,,,203,0.4000,0.2857,0.3333,0.1776,0.1429,0.5000,0.4237
raw,vector,,,204,0.1000,0.0714,0.0833,0.0411,0.0119,0.1667,0.1223
raw,vector,,,205,0.0000,0.0000,0.0000,0.0205,0.0000,0.0286,0.0000
raw,vector,,,206,0.2000,0.6667,0.3077,0.1960,0.1944,0.2500,0.4006
raw,vector,,,207,0.0000,0.0000,0.0000,0.0063,0.0000,0.0039,0.0000
raw,vector,,,208,0.3000,0.5000,0.3750,0.3205,0.2500,0.5000,0.4834
raw,vector,,,209,0.4000,0.3333,0.3636,0.1775,0.1340,0.3333,0.2325
raw,vector,,,210,0.2000,0.3333,0.2500,0.3445,0.2778,1.0000,0.4826
raw,vector,,,211,0.1000,0.0909,0.0952,0.1766,0.0909,1.0000,0.1096
raw,vector,,,212,0.5000,0.3571,0.4167,0.5087,0.3046,1.0000,0.5249
raw,vector,,,213,0.6000,0.5455,0.5714,0.5096,0.4341,1.0000,0.7248
raw,vector,,,214,0.1000,0.2500,0.1429,0.1758,0.1250,0.5000,0.2463
raw,vector,,,215,0.0000,0.0000,0.0000,0.0210,0.0000,0.0217,0.0000
raw,vector,,,216,0.0000,0.0000,0.0000,0.0025,0.0000,0.0025,0.0000
raw,vector,,,217,0.2000,0.1333,0.1600,0.1014,0.0389,0.2500,0.1719
raw,vector,,,218,0.2000,0.1333,0.1600,0.0995,0.0356,0.2000,0.1113
raw,vector,,,219,0.0000,0.0000,0.0000,0.0331,0.0000,0.0213,0.0000
raw,vector,,,220,0.2000,0.1053,0.1379,0.1186,0.0207,0.1429,0.0916
raw,vector,,,221,0.2000,0.1111,0.1429,0.1084,0.0361,0.2500,0.1113
raw,vector,,,222,0.4000,0.4444,0.4211,0.2936,0.2407,0.5000,0.4323
raw,vector,,,223,0.1000,0.2500,0.1429,0.3241,0.2500,1.0000,0.3904
raw,vector,,,224,0.1000,0.1250,0.1111,0.1217,0.0125,0.1000,0.0762
raw,vector,,,225,0.2000,0.0833,0.1176,0.0650,0.0417,0.5000,0.1330
raw,bm25,0.5,0,1,0.5000,0.1786,0.2632,0.1496,0.0868,0.3333,0.2563
raw,bm25,0.5,0,2,0.4000,0.1667,0.2353,0.1527,0.1183,1.0000,0.4677
raw,bm25,0.5,0,3,0.4000,0.5000,0.4444,0.3950,0.3536,1.0000,0.5700
raw,bm25,0.5,0,4,0.1000,0.5000,0.1667,0.5417,0.5000,1.0000,0.6131
raw,bm25,0.5,0,5,0.2000,0.5000,0.2857,0.1894,0.1214,0.2000,0.2640
raw,bm25,0.5,0,6,0.1000,0.2500,0.1429,0.1504,0.1250,0.5000,0.2061
raw,bm25,0.5,0,7,0.2000,0.4000,0.2667,0.1922,0.1800,0.5000,0.3127
raw,bm25,0.5,0,8,0.1000,0.0909,0.0952,0.1367,0.0909,1.0000,0.2670
raw,bm25,0.5,0,9,0.2000,0.6667,0.3077,0.1725,0.1619,0.2000,0.3380
raw,bm25,0.5,0,10,0.1000,0.1250,0.1111,0.0923,0.0625,0.5000,0.1323
raw,bm25,0.5,0,11,0.2000,0.2857,0.2353,0.1301,0.0762,0.3333,0.2079
raw,bm25,0.5,0,12,0.0000,0.0000,0.0000,0.0325,0.0000,0.0256,0.0000
raw,bm25,0.5,0,13,0.0000,0.0000,0.0000,0.0029,0.0000,0.0016,0.0000
raw,bm25,0.5,0,14,0.1000,0.5000,0.1667,0.0591,0.0500,0.1000,0.2497
raw,bm25,0.5,0,15,0.2000,1.0000,0.3333,1.0000,1.0000,1.0000,0.8597
raw,bm25,0.5,0,16,0.1000,0.3333,0.1538,0.1397,0.0667,0.2000,0.1470
raw,bm25,0.5,0,17,0.0000,0.0000,0.0000,0.0405,0.0000,0.0588,0.0000
raw,bm25,0.5,0,18,0.1000,0.3333,0.1538,0.2075,0.1667,0.5000,0.2961
raw,bm25,0.5,0,19,0.0000,0.0000,0.0000,0.0099,0.0000,0.0303,0.0000
raw,bm25,0.5,0,20,0.1000,0.1111,0.1053,0.1732,0.0556,0.5000,0.1483
raw,bm25,0.5,0,21,0.0000,0.0000,0.0000,0.0418,0.0000,0.0556,0.0000
raw,bm25,0.5,0,22,0.0000,0.0000,0.0000,0.0016,0.0000,0.0016,0.0000
raw,bm25,0.5,0,23,0.1000,0.0312,0.0476,0.1085,0.0312,1.0000,0.2621
raw,bm25,0.5,0,24,0.2000,0.6667,0.3077,0.2256,0.2222,0.3333,0.4359
raw,bm25,0.5,0,25,0.4000,0.4444,0.4211,0.5337,0.3944,1.0000,0.5150
raw,bm25,0.5,0,26,0.2000,0.3333,0.2500,0.1979,0.1667,0.5000,0.3678
raw,bm25,0.5,0,27,0.0000,0.0000,0.0000,0.0400,0.0000,0.0714,0.0000
raw,bm25,0.5,0,28,0.0000,0.0000,0.0000,0.0015,0.0000,0.0012,0.0000
raw,bm25,0.5,0,29,0.3000,0.3333,0.3158,0.2535,0.1476,0.5000,0.2582
raw,bm25,0.5,0,30,0.2000,0.2857,0.2353,0.0912,0.0643,0.2500,0.1905
raw,bm25,0.5,0,31,0.0000,0.0000,0.0000,0.0007,0.0000,0.0007,0.0000
raw,bm25,0.5,0,32,0.0000,0.0000,0.0000,0.0126,0.0000,0.0071,0.0000
raw,bm25,0.5,0,33,0.3000,1.0000,0.4615,0.4333,0.4333,0.5000,0.6036
raw,bm25,0.5,0,34,0.2000,0.3333,0.2500,0.1625,0.0754,0.1667,0.1602
raw,bm25,0.5,0,35,0.0000,0.0000,0.0000,0.0241,0.0000,0.0385,0.0000
raw,bm25,0.5,0,36,0.1000,0.5000,0.1667,0.0735,0.0714,0.1429,0.1564
raw,bm25,0.5,0,37,0.1000,0.1111,0.1053,0.1060,0.0159,0.1429,0.0986
raw,bm25,0.5,0,38,0.0000,0.0000,0.0000,0.0655,0.0000,0.0714,0.0000
raw,bm25,0.5,0,39,0.3000,0.2308,0.2609,0.1004,0.0630,0.2000,0.1842
raw,bm25,0.5,0,40,0.0000,0.0000,0.0000,0.0415,0.0000,0.0357,0.0000
raw,bm25,0.5,0,41,0.3000,1.0000,0.4615,0.8095,0.8095,1.0000,0.9006
raw,bm25,0.5,0,42,0.2000,0.4000,0.2667,0.1268,0.0786,0.1429,0.2505
raw,bm25,0.5,0,43,0.3000,0.5000,0.3750,0.3109,0.2500,0.5000,0.4715
raw,bm25,0.5,0,44,0.0000,0.0000,0.0000,0.0021,0.0000,0.0013,0.0000
raw,bm25,0.5,0,45,0.1000,0.0833,0.0909,0.0769,0.0208,0.2500,0.1205
raw,bm25,0.5,0,46,0.5000,0.3333,0.4000,0.3761,0.2594,1.0000,0.4459
raw,bm25,0.5,0,47,0.3000,0.2143,0.2500,0.2520,0.0680,0.3333,0.2438
raw,bm25,0.5,0,48,0.3000,0.2727,0.2857,0.2731,0.2197,1.0000,0.4364
raw,bm25,0.5,0,49,0.0000,0.0000,0.0000,0.0506,0.0000,0.0833,0.0000
raw,bm25,0.5,0,50,0.0000,0.0000,0.0000,0.0153,0.0000,0.0200,0.0000
raw,bm25,0.5,0,51,0.3000,0.3000,0.3000,0.2754,0.1586,1.0000,0.2901
raw,bm25,0.5,0,52,0.1000,0.2500,0.1429,0.1252,0.0500,0.2000,0.1701
raw,bm25,0.5,0,53,0.3000,0.3000,0.3000,0.2499,0.1700,1.0000,0.3809
raw,bm25,0.5,0,54,0.3000,0.3333,0.3158,0.2009,0.1370,0.5000,0.3401
raw,bm25,0.5,0,55,0.2000,0.2000,0.2000,0.1437,0.0452,0.1667,0.1226
raw,bm25,0.5,0,56,0.2000,0.2000,0.2000,0.1341,0.0900,0.5000,0.1830
raw,bm25,0.5,0,57,0.0000,0.0000,0.0000,0.0676,0.0000,0.0714,0.0000
raw,bm25,0.5,0,58,0.2000,0.2222,0.2105,0.1008,0.0648,0.3333,0.2726
raw,bm25,0.5,0,59,0.1000,0.2500,0.1429,0.0693,0.0312,0.1250,0.1030
raw,bm25,0.5,0,60,0.2000,0.4000,0.2667,0.3227,0.2667,1.0000,0.3876
raw,bm25,0.5,0,61,0.2000,0.4000,0.2667,0.4534,0.4000,1.0000,0.5451
raw,bm25,0.5,0,62,0.0000,0.0000,0.0000,0.0175,0.0000,0.0303,0.0000
raw,bm25,0.5,0,63,0.0000,0.0000,0.0000,0.0052,0.0000,0.0041,0.0000
raw,bm25,0.5,0,64,0.0000,0.0000,0.0000,0.0233,0.0000,0.0345,0.0000
raw,bm25,0.5,0,65,0.1000,0.0667,0.0800,0.0973,0.0074,0.1111,0.0750
raw,bm25,0.5,0,66,0.0000,0.0000,0.0000,0.0484,0.0000,0.0769,0.0000
raw,bm25,0.5,0,67,0.1000,0.0714,0.0833,0.1304,0.0238,0.3333,0.1337
raw,bm25,0.5,0,68,0.1000,0.2000,0.1333,0.1098,0.0500,0.2500,0.1873
raw,bm25,0.5,0,69,0.1000,0.2000,0.1333,0.0560,0.0286,0.1429,0.1400
raw,bm25,0.5,0,70,0.1000,0.1000,0.1000,0.0827,0.0250,0.2500,0.1045
raw,bm25,0.5,0,71,0.1000,0.1250,0.1111,0.0751,0.0312,0.2500,0.1402
raw,bm25,0.5,0,72,0.0000,0.0000,0.0000,0.0247,0.0000,0.0556,0.0000
raw,bm25,0.5,0,73,0.4000,0.2000,0.2667,0.3156,0.1597,1.0000,0.5639
raw,bm25,0.5,0,74,0.1000,0.1667,0.1250,0.0969,0.0556,0.3333,0.2123
raw,bm25,0.5,0,75,0.0000,0.0000,0.0000,0.0195,0.0000,0.0125,0.0000
raw,bm25,0.5,0,76,0.4000,0.5714,0.4706,0.2835,0.2778,0.5000,0.4568
raw,bm25,0.5,0,77,0.3000,0.5000,0.3750,0.3204,0.2500,0.5000,0.2692
raw,bm25,0.5,0,78,0.2000,0.6667,0.3077,0.5833,0.5000,1.0000,0.6256
raw,bm25,0.5,0,79,0.1000,0.2000,0.1333,0.0305,0.0200,0.1000,0.1262
raw,bm25,0.5,0,80,0.0000,0.0000,0.0000,0.0055,0.0000,0.0040,0.0000
raw,bm25,0.5,0,81,0.1000,0.5000,0.1667,0.5357,0.5000,1.0000,0.2159
raw,bm25,0.5,0,82,0.3000,0.6000,0.4000,0.3490,0.3171,1.0000,0.6023
raw,bm25,0.5,0,83,0.1000,0.2500,0.1429,0.0716,0.0625,0.2500,0.1681
raw,bm25,0.5,0,84,0.2000,0.1818,0.1905,0.2041,0.1061,0.5000,0.1740
raw,bm25,0.5,0,85,0.1000,0.2500,0.1429,0.0466,0.0357,0.1429,0.0860
raw,bm25,0.5,0,86,0.2000,1.0000,0.3333,0.5000,0.5000,0.5000,0.6509
raw,bm25,0.5,0,87,0.0000,0.0000,0.0000,0.0104,0.0000,0.0056,0.0000
raw,bm25,0.5,0,88,0.6000,1.0000,0.7500,0.5494,0.5494,0.3333,0.6385
raw,bm25,0.5,0,89,0.2000,0.3333,0.2500,0.2197,0.1083,0.2500,0.2923
raw,bm25,0.5,0,90,0.3000,0.2308,0.2609,0.2423,0.1227,0.5000,0.2371
raw,bm25,0.5,0,91,0.3000,0.3333,0.3158,0.3028,0.1481,0.5000,0.3652
raw,bm25,0.5,0,92,0.4000,0.3077,0.3478,0.2983,0.1816,0.5000,0.2847
raw,bm25,0.5,0,93,0.1000,1.0000,0.1818,0.3333,0.3333,0.3333,0.5000
raw,bm25,0.5,0,94,0.5000,0.4167,0.4545,0.4530,0.3011,1.0000,0.3595
raw,bm25,0.5,0,95,0.2000,1.0000,0.3333,0.6429,0.6429,1.0000,0.5039
raw,bm25,0.5,0,96,0.7000,0.5385,0.6087,0.4512,0.3929,0.5000,0.6436
raw,bm25,0.5,0,97,0.2000,0.2000,0.2000,0.1665,0.1400,1.0000,0.2917
raw,bm25,0.5,0,98,0.0000,0.0000,0.0000,0.0145,0.0000,0.0385,0.0000
raw,bm25,0.5,0,99,0.1000,0.2500,0.1429,0.0793,0.0625,0.2500,0.1913
raw,bm25,0.5,0,100,0.3000,0.3333,0.3158,0.3034,0.2519,1.0000,0.4764
raw,bm25,0.5,0,101,0.5000,0.8333,0.6250,0.5066,0.4511,1.0000,0.6705
raw,bm25,0.5,0,102,0.1000,0.2500,0.1429,0.1666,0.1250,0.5000,0.1723
raw,bm25,0.5,0,103,0.0000,0.0000,0.0000,0.0400,0.0000,0.0769,0.0000
raw,bm25,0.5,0,104,0.1000,0.2000,0.1333,0.0774,0.0667,0.3333,0.1696
raw,bm25,0.5,0,105,0.2000,0.4000,0.2667,0.3104,0.2333,0.5000,0.4462
raw,bm25,0.5,0,106,0.2000,0.4000,0.2667,0.1933,0.0971,0.2000,0.1733
raw,bm25,0.5,0,107,0.2000,0.2857,0.2353,0.1477,0.0694,0.2000,0.1908
raw,bm25,0.5,0,108,0.5000,0.7143,0.5882,0.7481,0.6321,1.0000,0.7156
raw,bm25,0.5,0,109,0.0000,0.0000,0.0000,0.0257,0.0000,0.0417,0.0000
raw,bm25,0.5,0,110,0.0000,0.0000,0.0000,0.0071,0.0000,0.0058,0.0000
raw,bm25,0.5,0,111,0.1000,0.1429,0.1176,0.1281,0.0357,0.2500,0.0916
raw,bm25,0.5,0,112,0.2000,1.0000,0.3333,0.3500,0.3500,0.5000,0.4596
raw,bm25,0.5,0,113,0.1000,0.2500,0.1429,0.1011,0.0500,0.2000,0.1510
raw,bm25,0.5,0,114,0.0000,0.0000,0.0000,0.0172,0.0000,0.0303,0.0000
raw,bm25,0.5,0,115,0.0000,0.0000,0.0000,0.0533,0.0000,0.0769,0.0000
raw,bm25,0.5,0,116,0.1000,0.2000,0.1333,0.0579,0.0333,0.1667,0.0949
raw,bm25,0.5,0,117,0.0000,0.0000,0.0000,0.0197,0.0000,0.0233,0.0000
raw,bm25,0.5,0,118,0.2000,0.6667,0.3077,0.2059,0.1944,0.2500,0.3668
raw,bm25,0.5,0,119,0.0000,0.0000,0.0000,0.0500,0.0000,0.0500,0.0000
raw,bm25,0.5,0,120,0.2000,0.2222,0.2105,0.3169,0.1296,0.5000,0.3150
raw,bm25,0.5,0,121,0.4000,0.5714,0.4706,0.4192,0.3554,0.5000,0.5096
raw,bm25,0.5,0,122,0.1000,0.1111,0.1053,0.0692,0.0159,0.1429,0.0329
raw,bm25,0.5,0,123,0.0000,0.0000,0.0000,0.0224,0.0000,0.0238,0.0000
raw,bm25,0.5,0,124,0.0000,0.0000,0.0000,0.0034,0.0000,0.0038,0.0000
raw,bm25,0.5,0,125,0.3000,0.1765,0.2222,0.2469,0.1103,1.0000,0.3973
raw,bm25,0.5,0,126,0.2000,0.2500,0.2222,0.2640,0.2500,1.0000,0.5130
raw,bm25,0.5,0,127,0.1000,0.2000,0.1333,0.1054,0.0400,0.2000,0.1153
raw,bm25,0.5,0,128,0.0000,0.0000,0.0000,0.0183,0.0000,0.0294,0.0000
raw,bm25,0.5,0,129,0.4000,0.5714,0.4706,0.3739,0.3452,0.5000,0.5249
raw,bm25,0.5,0,130,0.4000,0.8000,0.5333,0.5357,0.5343,1.0000,0.6862
raw,bm25,0.5,0,131,0.1000,0.1250,0.1111,0.1456,0.0250,0.2000,0.0839
raw,bm25,0.5,0,132,0.5000,0.3333,0.4000,0.5522,0.1963,1.0000,0.4124
raw,bm25,0.5,0,133,0.2000,0.2857,0.2353,0.2700,0.0794,0.3333,0.1930
raw,bm25,0.5,0,134,0.1000,0.5000,0.1667,0.1022,0.0833,0.1667,0.1672
raw,bm25,0.5,0,135,0.5000,0.6250,0.5556,0.4253,0.2316,0.2000,0.2371
raw,bm25,0.5,0,136,0.2000,0.6667,0.3077,0.2569,0.2444,0.3333,0.4652
raw,bm25,0.5,0,137,0.1000,0.2500,0.1429,0.1799,0.1250,0.5000,0.2061
raw,bm25,0.5,0,138,0.1000,0.5000,0.1667,0.1710,0.1667,0.3333,0.3066
raw,bm25,0.5,0,139,0.0000,0.0000,0.0000,0.0052,0.0000,0.0063,0.0000
raw,bm25,0.5,0,140,0.1000,0.1667,0.1250,0.1078,0.0833,0.5000,0.2509
raw,bm25,0.5,0,141,0.2000,0.3333,0.2500,0.4002,0.3333,1.0000,0.5455
raw,bm25,0.5,0,142,0.0000,0.0000,0.0000,0.0013,0.0000,0.0013,0.0000
raw,bm25,0.5,0,143,0.1000,0.5000,0.1667,0.5455,0.5000,1.0000,0.6131
raw,bm25,0.5,0,144,0.4000,0.6667,0.5000,0.3001,0.2194,0.2500,0.3693
raw,bm25,0.5,0,145,0.2000,0.2857,0.2353,0.2110,0.1190,0.3333,0.2485
raw,bm25,0.5,0,146,0.2000,1.0000,0.3333,0.3750,0.3750,0.5000,0.4796
raw,bm25,0.5,0,147,0.4000,0.4000,0.4000,0.2677,0.2171,0.5000,0.4182
raw,bm25,0.5,0,148,0.2000,0.3333,0.2500,0.1431,0.0889,0.2000,0.2550
raw,bm25,0.5,0,149,0.2000,0.1818,0.1905,0.2291,0.1169,1.0000,0.2935
raw,bm25,0.5,0,150,0.2000,1.0000,0.3333,1.0000,1.0000,1.0000,1.0000
raw,bm25,0.5,0,151,0.0000,0.0000,0.0000,0.0133,0.0000,0.0147,0.0000
raw,bm25,0.5,0,152,0.0000,0.0000,0.0000,0.0116,0.0000,0.0133,0.0000
raw,bm25,0.5,0,153,0.1000,0.1429,0.1176,0.1007,0.0476,0.3333,0.0807
raw,bm25,0.5,0,154,0.1000,0.5000,0.1667,0.5417,0.5000,1.0000,0.4693
raw,bm25,0.5,0,155,0.1000,0.1667,0.1250,0.1206,0.0833,0.5000,0.1420
raw,bm25,0.5,0,156,0.6000,0.4286,0.5000,0.4946,0.3683,1.0000,0.5543
raw,bm25,0.5,0,157,0.4000,0.1026,0.1633,0.1995,0.0701,1.0000,0.4155
raw,bm25,0.5,0,158,0.1000,0.1250,0.1111,0.1813,0.1250,1.0000,0.3630
raw,bm25,0.5,0,159,0.0000,0.0000,0.0000,0.0321,0.0000,0.0833,0.0000
raw,bm25,0.5,0,160,0.1000,0.2000,0.1333,0.1239,0.1000,0.5000,0.2484
raw,bm25,0.5,0,161,0.2000,0.3333,0.2500,0.3890,0.3333,1.0000,0.6526
raw,bm25,0.5,0,162,0.2000,0.2500,0.2222,0.1683,0.0729,0.2500,0.1401
raw,bm25,0.5,0,163,0.2000,0.6667,0.3077,0.3100,0.3000,0.5000,0.4776
raw,bm25,0.5,0,164,0.5000,0.6250,0.5556,0.5790,0.5531,1.0000,0.7604
raw,bm25,0.5,0,165,0.2000,1.0000,0.3333,0.3929,0.3929,0.5000,0.5912
raw,bm25,0.5,0,166,0.0000,0.0000,0.0000,0.0313,0.0000,0.0909,0.0000
raw,bm25,0.5,0,167,0.2000,1.0000,0.3333,0.5833,0.5833,0.5000,0.6788
raw,bm25,0.5,0,168,0.0000,0.0000,0.0000,0.0467,0.0000,0.0909,0.0000
raw,bm25,0.5,0,169,0.2000,0.5000,0.2857,0.4184,0.4167,1.0000,0.5856
raw,bm25,0.5,0,170,0.2000,0.3333,0.2500,0.2006,0.1167,0.5000,0.2233
raw,bm25,0.5,0,171,0.1000,0.3333,0.1538,0.4513,0.3333,1.0000,0.5695
raw,bm25,0.5,0,172,0.4000,1.0000,0.5714,0.6792,0.6792,0.5000,0.7345
raw,bm25,0.5,0,173,0.2000,1.0000,0.3333,1.0000,1.0000,1.0000,1.0000
raw,bm25,0.5,0,174,0.0000,0.0000,0.0000,0.0384,0.0000,0.0588,0.0000
raw,bm25,0.5,0,175,0.1000,0.2000,0.1333,0.0477,0.0400,0.2000,0.1446
raw,bm25,0.5,0,176,0.1000,0.1429,0.1176,0.0461,0.0238,0.1667,0.1181
raw,bm25,0.5,0,177,0.3000,0.6000,0.4000,0.2272,0.1817,0.2000,0.3563
raw,bm25,0.5,0,178,0.2000,0.5000,0.2857,0.1826,0.1339,0.2500,0.2849
raw,bm25,0.5,0,179,0.2000,0.5000,0.2857,0.1178,0.1125,0.2000,0.2742
raw,bm25,0.5,0,180,0.3000,0.4286,0.3529,0.2605,0.1964,0.5000,0.3109
raw,bm25,0.5,0,181,0.1000,0.2000,0.1333,0.2442,0.2000,1.0000,0.2491
raw,bm25,0.5,0,182,0.2000,1.0000,0.3333,0.3500,0.3500,0.5000,0.5895
raw,bm25,0.5,0,183,0.2000,0.1538,0.1739,0.1657,0.0940,1.0000,0.2489
raw,bm25,0.5,0,184,0.0000,0.0000,0.0000,0.0539,0.0000,0.0625,0.0000
raw,bm25,0.5,0,185,0.6000,0.6667,0.6316,0.8036,0.6111,1.0000,0.8201
raw,bm25,0.5,0,186,0.4000,0.2500,0.3077,0.1368,0.0970,0.3333,0.3309
raw,bm25,0.5,0,187,0.1000,0.1667,0.1250,0.1182,0.0833,0.5000,0.2018
raw,bm25,0.5,0,188,0.3000,0.2727,0.2857,0.1904,0.1250,0.5000,0.3322
raw,bm25,0.5,0,189,0.2000,0.2222,0.2105,0.0984,0.0593,0.2000,0.1782
raw,bm25,0.5,0,190,0.2000,0.4000,0.2667,0.2860,0.2571,1.0000,0.3451
raw,bm25,0.5,0,191,0.2000,0.1538,0.1739,0.2045,0.0346,0.2000,0.1028
raw,bm25,0.5,0,192,0.3000,0.7500,0.4286,0.2791,0.2771,0.3333,0.4694
raw,bm25,0.5,0,193,0.6000,0.6667,0.6316,0.7367,0.6101,1.0000,0.6721
raw,bm25,0.5,0,194,0.3000,0.5000,0.3750,0.4010,0.3194,0.5000,0.4599
raw,bm25,0.5,0,195,0.1000,0.3333,0.1538,0.1119,0.0833,0.2500,0.2021
raw,bm25,0.5,0,196,0.1000,0.0833,0.0909,0.0544,0.0139,0.1667,0.0592
raw,bm25,0.5,0,197,0.2000,0.6667,0.3077,0.4365,0.3889,0.5000,0.5498
raw,bm25,0.5,0,198,0.2000,0.5000,0.2857,0.2351,0.2083,0.5000,0.3591
raw,bm25,0.5,0,199,0.0000,0.0000,0.0000,0.0186,0.0000,0.0250,0.0000
raw,bm25,0.5,0,200,0.2000,0.6667,0.3077,0.4704,0.4667,1.0000,0.6508
raw,bm25,0.5,0,201,0.4000,0.2500,0.3077,0.3668,0.2188,1.0000,0.5849
raw,bm25,0.5,0,202,0.2000,0.1429,0.1667,0.1413,0.1000,1.0000,0.1291
raw,bm25,0.5,0,203,0.2000,0.1429,0.1667,0.1384,0.0833,0.5000,0.2765
raw,bm25,0.5,0,204,0.0000,0.0000,0.0000,0.0333,0.0000,0.0667,0.0000
raw,bm25,0.5,0,205,0.0000,0.0000,0.0000,0.0449,0.0000,0.0714,0.0000
raw,bm25,0.5,0,206,0.2000,0.6667,0.3077,0.2465,0.2444,0.3333,0.4515
raw,bm25,0.5,0,207,0.0000,0.0000,0.0000,0.0059,0.0000,0.0034,0.0000
raw,bm25,0.5,0,208,0.4000,0.6667,0.5000,0.4045,0.3685,0.5000,0.5541
raw,bm25,0.5,0,209,0.1000,0.0833,0.0909,0.1187,0.0417,0.5000,0.1286
raw,bm25,0.5,0,210,0.2000,0.3333,0.2500,0.3216,0.2333,1.0000,0.4358
raw,bm25,0.5,0,211,0.1000,0.0909,0.0952,0.1380,0.0455,0.5000,0.0692
raw,bm25,0.5,0,212,0.6000,0.4286,0.5000,0.5365,0.3589,1.0000,0.5683
raw,bm25,0.5,0,213,0.5000,0.4545,0.4762,0.5178,0.3985,1.0000,0.6020
raw,bm25,0.5,0,214,0.1000,0.2500,0.1429,0.0984,0.0833,0.3333,0.1952
raw,bm25,0.5,0,215,0.0000,0.0000,0.0000,0.0193,0.0000,0.0217,0.0000
raw,bm25,0.5,0,216,0.0000,0.0000,0.0000,0.0024,0.0000,0.0024,0.0000
raw,bm25,0.5,0,217,0.2000,0.1333,0.1600,0.1371,0.0778,0.5000,0.2303
raw,bm25,0.5,0,218,0.4000,0.2667,0.3200,0.1737,0.0971,0.2500,0.2580
raw,bm25,0.5,0,219,0.0000,0.0000,0.0000,0.0275,0.0000,0.0208,0.0000
raw,bm25,0.5,0,220,0.3000,0.1579,0.2069,0.1660,0.0789,0.5000,0.1925
raw,bm25,0.5,0,221,0.4000,0.2222,0.2857,0.1866,0.1111,0.5000,0.2714
raw,bm25,0.5,0,222,0.4000,0.4444,0.4211,0.3314,0.2407,0.5000,0.4311
raw,bm25,0.5,0,223,0.4000,1.0000,0.5714,0.6667,0.6667,1.0000,0.8478
raw,bm25,0.5,0,224,0.3000,0.3750,0.3333,0.2562,0.1510,0.3333,0.2624
raw,bm25,0.5,0,225,0.2000,0.0833,0.1176,0.0731,0.0486,0.5000,0.1454
raw,bm25,0.5,0.75,1,0.5000,0.1786,0.2632,0.1771,0.0988,0.5000,0.2872
raw,bm25,0.5,0.75,2,0.4000,0.1667,0.2353,0.1614,0.1250,1.0000,0.5232
raw,bm25,0.5,0.75,3,0.4000,0.5000,0.4444,0.5554,0.5000,1.0000,0.6479
raw,bm25,0.5,0.75,4,0.1000,0.5000,0.1667,0.5526,0.5000,1.0000,0.6131
raw,bm25,0.5,0.75,5,0.1000,0.2500,0.1429,0.1865,0.0625,0.2500,0.2054
raw,bm25,0.5,0.75,6,0.1000,0.2500,0.1429,0.1060,0.0833,0.3333,0.1633
raw,bm25,0.5,0.75,7,0.2000,0.4000,0.2667,0.2490,0.2333,0.5000,0.3474
raw,bm25,0.5,0.75,8,0.1000,0.0909,0.0952,0.1451,0.0909,1.0000,0.2670
raw,bm25,0.5,0.75,9,0.2000,0.6667,0.3077,0.2589,0.2444,0.3333,0.4162
raw,bm25,0.5,0.75,10,0.1000,0.1250,0.1111,0.1085,0.0625,0.5000,0.1323
raw,bm25,0.5,0.75,11,0.2000,0.2857,0.2353,0.1418,0.0794,0.3333,0.1778
raw,bm25,0.5,0.75,12,0.0000,0.0000,0.0000,0.0490,0.0000,0.0625,0.0000
raw,bm25,0.5,0.75,13,0.0000,0.0000,0.0000,0.0030,0.0000,0.0026,0.0000
raw,bm25,0.5,0.75,14,0.1000,0.5000,0.1667,0.0816,0.0714,0.1429,0.2879
raw,bm25,0.5,0.75,15,0.2000,1.0000,0.3333,1.0000,1.0000,1.0000,0.8597
raw,bm25,0.5,0.75,16,0.1000,0.3333,0.1538,0.1868,0.1111,0.3333,0.1900
raw,bm25,0.5,0.75,17,0.1000,0.5000,0.1667,0.1383,0.1250,0.2500,0.3032
raw,bm25,0.5,0.75,18,0.1000,0.3333,0.1538,0.1199,0.0833,0.2500,0.2021
raw,bm25,0.5,0.75,19,0.0000,0.0000,0.0000,0.0142,0.0000,0.0667,0.0000
raw,bm25,0.5,0.75,20,0.3000,0.3333,0.3158,0.2490,0.1333,0.5000,0.3072
raw,bm25,0.5,0.75,21,0.1000,0.2500,0.1429,0.0783,0.0278,0.1111,0.1459
raw,bm25,0.5,0.75,22,0.0000,0.0000,0.0000,0.0016,0.0000,0.0016,0.0000
raw,bm25,0.5,0.75,23,0.1000,0.0312,0.0476,0.1162,0.0312,1.0000,0.2621
raw,bm25,0.5,0.75,24,0.2000,0.6667,0.3077,0.2810,0.2778,0.5000,0.5025
raw,bm25,0.5,0.75,25,0.5000,0.5556,0.5263,0.5222,0.4269,1.0000,0.5538
raw,bm25,0.5,0.75,26,0.2000,0.3333,0.2500,0.2321,0.1944,0.5000,0.3918
raw,bm25,0.5,0.75,27,0.1000,0.3333,0.1538,0.1028,0.0833,0.2500,0.2455
raw,bm25,0.5,0.75,28,0.0000,0.0000,0.0000,0.0016,0.0000,0.0015,0.0000
raw,bm25,0.5,0.75,29,0.3000,0.3333,0.3158,0.3112,0.1963,0.5000,0.2746
raw,bm25,0.5,0.75,30,0.2000,0.2857,0.2353,0.0839,0.0556,0.1667,0.1780
raw,bm25,0.5,0.75,31,0.0000,0.0000,0.0000,0.0007,0.0000,0.0007,0.0000
raw,bm25,0.5,0.75,32,0.0000,0.0000,0.0000,0.0143,0.0000,0.0122,0.0000
raw,bm25,0.5,0.75,33,0.2000,0.6667,0.3077,0.4798,0.3889,0.5000,0.4683
raw,bm25,0.5,0.75,34,0.2000,0.3333,0.2500,0.1822,0.0833,0.2500,0.1733
raw,bm25,0.5,0.75,35,0.0000,0.0000,0.0000,0.0185,0.0000,0.0213,0.0000
raw,bm25,0.5,0.75,36,0.0000,0.0000,0.0000,0.0476,0.0000,0.0909,0.0000
raw,bm25,0.5,0.75,37,0.2000,0.2222,0.2105,0.1355,0.0469,0.2000,0.1738
raw,bm25,0.5,0.75,38,0.0000,0.0000,0.0000,0.0662,0.0000,0.0714,0.0000
raw,bm25,0.5,0.75,39,0.2000,0.1538,0.1739,0.0987,0.0449,0.2500,0.1096
raw,bm25,0.5,0.75,40,0.0000,0.0000,0.0000,0.0351,0.0000,0.0303,0.0000
raw,bm25,0.5,0.75,41,0.3000,1.0000,0.4615,0.8333,0.8333,1.0000,0.9120
raw,bm25,0.5,0.75,42,0.2000,0.4000,0.2667,0.1673,0.1067,0.2000,0.2830
raw,bm25,0.5,0.75,43,0.4000,0.6667,0.5000,0.5548,0.5324,1.0000,0.7901
raw,bm25,0.5,0.75,44,0.0000,0.0000,0.0000,0.0026,0.0000,0.0016,0.0000
raw,bm25,0.5,0.75,45,0.1000,0.0833,0.0909,0.0892,0.0208,0.2500,0.1205
raw,bm25,0.5,0.75,46,0.3000,0.2000,0.2400,0.2767,0.1111,0.5000,0.2994
raw,bm25,0.5,0.75,47,0.5000,0.3571,0.4167,0.2974,0.1635,0.3333,0.4136
raw,bm25,0.5,0.75,48,0.2000,0.1818,0.1905,0.1561,0.1061,0.5000,0.2556
raw,bm25,0.5,0.75,49,0.1000,0.5000,0.1667,0.0983,0.0833,0.1667,0.2708
raw,bm25,0.5,0.75,50,0.0000,0.0000,0.0000,0.0236,0.0000,0.0556,0.0000
raw,bm25,0.5,0.75,51,0.3000,0.3000,0.3000,0.4174,0.2750,1.0000,0.3253
raw,bm25,0.5,0.75,52,0.2000,0.5000,0.2857,0.2895,0.2083,0.3333,0.4092
raw,bm25,0.5,0.75,53,0.3000,0.3000,0.3000,0.2528,0.1550,1.0000,0.3110
raw,bm25,0.5,0.75,54,0.3000,0.3333,0.3158,0.1846,0.1290,0.5000,0.3588
raw,bm25,0.5,0.75,55,0.2000,0.2000,0.2000,0.1808,0.0650,0.2500,0.1518
raw,bm25,0.5,0.75,56,0.2000,0.2000,0.2000,0.1292,0.0750,0.5000,0.1644
raw,bm25,0.5,0.75,57,0.0000,0.0000,0.0000,0.0679,0.0000,0.0714,0.0000
raw,bm25,0.5,0.75,58,0.2000,0.2222,0.2105,0.1179,0.0648,0.3333,0.2726
raw,bm25,0.5,0.75,59,0.1000,0.2500,0.1429,0.0932,0.0357,0.1429,0.1089
raw,bm25,0.5,0.75,60,0.3000,0.6000,0.4000,0.3765,0.3600,1.0000,0.4949
raw,bm25,0.5,0.75,61,0.2000,0.4000,0.2667,0.2822,0.2333,0.5000,0.4051
raw,bm25,0.5,0.75,62,0.0000,0.0000,0.0000,0.0215,0.0000,0.0435,0.0000
raw,bm25,0.5,0.75,63,0.0000,0.0000,0.0000,0.0051,0.0000,0.0042,0.0000
raw,bm25,0.5,0.75,64,0.0000,0.0000,0.0000,0.0537,0.0000,0.0909,0.0000
raw,bm25,0.5,0.75,65,0.3000,0.2000,0.2400,0.1674,0.0613,0.3333,0.2558
raw,bm25,0.5,0.75,66,0.1000,0.2000,0.1333,0.0777,0.0333,0.1667,0.1420
raw,bm25,0.5,0.75,67,0.4000,0.2857,0.3333,0.3209,0.1695,1.0000,0.4545
raw,bm25,0.5,0.75,68,0.1000,0.2000,0.1333,0.1222,0.0667,0.3333,0.2175
raw,bm25,0.5,0.75,69,0.1000,0.2000,0.1333,0.0520,0.0222,0.1111,0.1265
raw,bm25,0.5,0.75,70,0.1000,0.1000,0.1000,0.0826,0.0167,0.1667,0.0865
raw,bm25,0.5,0.75,71,0.1000,0.1250,0.1111,0.0547,0.0156,0.1250,0.1027
raw,bm25,0.5,0.75,72,0.1000,0.0588,0.0741,0.0297,0.0084,0.1429,0.0941
raw,bm25,0.5,0.75,73,0.5000,0.2500,0.3333,0.3128,0.1921,1.0000,0.5658
raw,bm25,0.5,0.75,74,0.1000,0.1667,0.1250,0.0807,0.0417,0.2500,0.1828
raw,bm25,0.5,0.75,75,0.0000,0.0000,0.0000,0.0273,0.0000,0.0345,0.0000
raw,bm25,0.5,0.75,76,0.3000,0.4286,0.3529,0.3262,0.2738,0.5000,0.4068
raw,bm25,0.5,0.75,77,0.4000,0.6667,0.5000,0.3969,0.3500,0.5000,0.4407
raw,bm25,0.5,0.75,78,0.3000,1.0000,0.4615,0.5778,0.5778,1.0000,0.7151
raw,bm25,0.5,0.75,79,0.1000,0.2000,0.1333,0.0622,0.0500,0.2500,0.1881
raw,bm25,0.5,0.75,80,0.0000,0.0000,0.0000,0.0065,0.0000,0.0047,0.0000
raw,bm25,0.5,0.75,81,0.1000,0.5000,0.1667,0.5769,0.5000,1.0000,0.2159
raw,bm25,0.5,0.75,82,0.3000,0.6000,0.4000,0.4356,0.4000,1.0000,0.6549
raw,bm25,0.5,0.75,83,0.1000,0.2500,0.1429,0.2588,0.2500,1.0000,0.3904
raw,bm25,0.5,0.75,84,0.3000,0.2727,0.2857,0.2966,0.2197,1.0000,0.3387
raw,bm25,0.5,0.75,85,0.1000,0.2500,0.1429,0.0621,0.0500,0.2000,0.0998
raw,bm25,0.5,0.75,86,0.2000,1.0000,0.3333,0.5833,0.5833,0.5000,0.6934
raw,bm25,0.5,0.75,87,0.0000,0.0000,0.0000,0.0104,0.0000,0.0052,0.0000
raw,bm25,0.5,0.75,88,0.6000,1.0000,0.7500,0.5653,0.5653,0.3333,0.6419
raw,bm25,0.5,0.75,89,0.2000,0.3333,0.2500,0.3476,0.2222,1.0000,0.5254
raw,bm25,0.5,0.75,90,0.3000,0.2308,0.2609,0.2263,0.1227,0.5000,0.1972
raw,bm25,0.5,0.75,91,0.4000,0.4444,0.4211,0.3623,0.2481,1.0000,0.5171
raw,bm25,0.5,0.75,92,0.5000,0.3846,0.4348,0.4548,0.3301,1.0000,0.4238
raw,bm25,0.5,0.75,93,0.1000,1.0000,0.1818,0.5000,0.5000,0.5000,0.6309
raw,bm25,0.5,0.75,94,0.6000,0.5000,0.5455,0.4490,0.3359,0.5000,0.4085
raw,bm25,0.5,0.75,95,0.2000,1.0000,0.3333,0.6429,0.6429,1.0000,0.5039
raw,bm25,0.5,0.75,96,0.6000,0.4615,0.5217,0.3866,0.2742,0.3333,0.5057
raw,bm25,0.5,0.75,97,0.2000,0.2000,0.2000,0.1518,0.1286,1.0000,0.2852
raw,bm25,0.5,0.75,98,0.0000,0.0000,0.0000,0.0131,0.0000,0.0294,0.0000
raw,bm25,0.5,0.75,99,0.1000,0.2500,0.1429,0.0610,0.0357,0.1429,0.1481
raw,bm25,0.5,0.75,100,0.3000,0.3333,0.3158,0.3163,0.2685,1.0000,0.4843
raw,bm25,0.5,0.75,101,0.5000,0.8333,0.6250,0.5670,0.5045,1.0000,0.7025
raw,bm25,0.5,0.75,102,0.2000,0.5000,0.2857,0.3383,0.3214,1.0000,0.4096
raw,bm25,0.5,0.75,103,0.0000,0.0000,0.0000,0.0179,0.0000,0.0333,0.0000
raw,bm25,0.5,0.75,104,0.1000,0.2000,0.1333,0.0823,0.0667,0.3333,0.1696
raw,bm25,0.5,0.75,105,0.2000,0.4000,0.2667,0.3944,0.3333,1.0000,0.6332
raw,bm25,0.5,0.75,106,0.3000,0.6000,0.4000,0.2186,0.1900,0.2500,0.3408
raw,bm25,0.5,0.75,107,0.2000,0.2857,0.2353,0.2300,0.1286,0.5000,0.2911
raw,bm25,0.5,0.75,108,0.5000,0.7143,0.5882,0.7958,0.6619,1.0000,0.7296
raw,bm25,0.5,0.75,109,0.0000,0.0000,0.0000,0.0275,0.0000,0.0455,0.0000
raw,bm25,0.5,0.75,110,0.0000,0.0000,0.0000,0.0089,0.0000,0.0080,0.0000
raw,bm25,0.5,0.75,111,0.1000,0.1429,0.1176,0.1814,0.0476,0.3333,0.1063
raw,bm25,0.5,0.75,112,0.1000,0.5000,0.1667,0.3333,0.2500,0.5000,0.2398
raw,bm25,0.5,0.75,113,0.2000,0.5000,0.2857,0.1949,0.1667,0.3333,0.3342
raw,bm25,0.5,0.75,114,0.0000,0.0000,0.0000,0.0238,0.0000,0.0400,0.0000
raw,bm25,0.5,0.75,115,0.0000,0.0000,0.0000,0.0508,0.0000,0.0455,0.0000
raw,bm25,0.5,0.75,116,0.0000,0.0000,0.0000,0.0429,0.0000,0.0500,0.0000
raw,bm25,0.5,0.75,117,0.0000,0.0000,0.0000,0.0284,0.0000,0.0370,0.0000
raw,bm25,0.5,0.75,118,0.2000,0.6667,0.3077,0.2144,0.1944,0.2500,0.3668
raw,bm25,0.5,0.75,119,0.0000,0.0000,0.0000,0.0455,0.0000,0.0455,0.0000
raw,bm25,0.5,0.75,120,0.3000,0.3333,0.3158,0.3493,0.1772,0.5000,0.3769
raw,bm25,0.5,0.75,121,0.4000,0.5714,0.4706,0.4713,0.3881,0.5000,0.5209
raw,bm25,0.5,0.75,122,0.1000,0.1111,0.1053,0.1034,0.0185,0.1667,0.0352
raw,bm25,0.5,0.75,123,0.0000,0.0000,0.0000,0.0234,0.0000,0.0217,0.0000
raw,bm25,0.5,0.75,124,0.0000,0.0000,0.0000,0.0036,0.0000,0.0044,0.0000
raw,bm25,0.5,0.75,125,0.3000,0.1765,0.2222,0.2581,0.1157,1.0000,0.4098
raw,bm25,0.5,0.75,126,0.2000,0.2500,0.2222,0.2228,0.2083,1.0000,0.4718
raw,bm25,0.5,0.75,127,0.1000,0.2000,0.1333,0.1503,0.1000,0.5000,0.1880
raw,bm25,0.5,0.75,128,0.0000,0.0000,0.0000,0.0209,0.0000,0.0345,0.0000
raw,bm25,0.5,0.75,129,0.4000,0.5714,0.4706,0.4010,0.3690,0.5000,0.5392
raw,bm25,0.5,0.75,130,0.4000,0.8000,0.5333,0.5215,0.5200,1.0000,0.6746
raw,bm25,0.5,0.75,131,0.2000,0.2500,0.2222,0.2166,0.0813,0.2500,0.2192
raw,bm25,0.5,0.75,132,0.6000,0.4000,0.4800,0.5301,0.2085,0.5000,0.4255
raw,bm25,0.5,0.75,133,0.2000,0.2857,0.2353,0.2481,0.0643,0.2500,0.1391
raw,bm25,0.5,0.75,134,0.1000,0.5000,0.1667,0.1323,0.1000,0.2000,0.1815
raw,bm25,0.5,0.75,135,0.3000,0.3750,0.3333,0.4554,0.2000,0.5000,0.2083
raw,bm25,0.5,0.75,136,0.2000,0.6667,0.3077,0.4833,0.4667,1.0000,0.8550
raw,bm25,0.5,0.75,137,0.2000,0.5000,0.2857,0.1530,0.1339,0.2500,0.2495
raw,bm25,0.5,0.75,138,0.1000,0.5000,0.1667,0.1303,0.1250,0.2500,0.2641
raw,bm25,0.5,0.75,139,0.0000,0.0000,0.0000,0.0051,0.0000,0.0043,0.0000
raw,bm25,0.5,0.75,140,0.1000,0.1667,0.1250,0.1093,0.0833,0.5000,0.2509
raw,bm25,0.5,0.75,141,0.2000,0.3333,0.2500,0.4136,0.3333,1.0000,0.5455
raw,bm25,0.5,0.75,142,0.0000,0.0000,0.0000,0.0014,0.0000,0.0014,0.0000
raw,bm25,0.5,0.75,143,0.1000,0.5000,0.1667,0.5526,0.5000,1.0000,0.6131
raw,bm25,0.5,0.75,144,0.5000,0.8333,0.6250,0.4616,0.4542,0.3333,0.5680
raw,bm25,0.5,0.75,145,0.3000,0.4286,0.3529,0.2532,0.1905,0.5000,0.3637
raw,bm25,0.5,0.75,146,0.2000,1.0000,0.3333,0.6667,0.6667,1.0000,0.6509
raw,bm25,0.5,0.75,147,0.4000,0.4000,0.4000,0.2781,0.2338,0.5000,0.4274
raw,bm25,0.5,0.75,148,0.2000,0.3333,0.2500,0.1889,0.1389,0.3333,0.3194
raw,bm25,0.5,0.75,149,0.3000,0.2727,0.2857,0.3220,0.1818,1.0000,0.3933
raw,bm25,0.5,0.75,150,0.2000,1.0000,0.3333,0.5833,0.5833,0.5000,0.6934
raw,bm25,0.5,0.75,151,0.0000,0.0000,0.0000,0.0156,0.0000,0.0154,0.0000
raw,bm25,0.5,0.75,152,0.0000,0.0000,0.0000,0.0144,0.0000,0.0323,0.0000
raw,bm25,0.5,0.75,153,0.1000,0.1429,0.1176,0.1346,0.0714,0.5000,0.1018
raw,bm25,0.5,0.75,154,0.1000,0.5000,0.1667,0.5556,0.5000,1.0000,0.4693
raw,bm25,0.5,0.75,155,0.1000,0.1667,0.1250,0.1261,0.0833,0.5000,0.1420
raw,bm25,0.5,0.75,156,0.6000,0.4286,0.5000,0.4868,0.3780,1.0000,0.5242
raw,bm25,0.5,0.75,157,0.5000,0.1282,0.2041,0.2196,0.0935,1.0000,0.5059
raw,bm25,0.5,0.75,158,0.1000,0.1250,0.1111,0.1954,0.1250,1.0000,0.3630
raw,bm25,0.5,0.75,159,0.1000,0.1250,0.1111,0.0434,0.0208,0.1667,0.0982
raw,bm25,0.5,0.75,160,0.1000,0.2000,0.1333,0.0648,0.0400,0.2000,0.1523
raw,bm25,0.5,0.75,161,0.3000,0.5000,0.3750,0.4504,0.4333,1.0000,0.7042
raw,bm25,0.5,0.75,162,0.2000,0.2500,0.2222,0.2893,0.1750,1.0000,0.2740
raw,bm25,0.5,0.75,163,0.2000,0.6667,0.3077,0.2909,0.2778,0.3333,0.4367
raw,bm25,0.5,0.75,164,0.4000,0.5000,0.4444,0.5276,0.4750,1.0000,0.6703
raw,bm25,0.5,0.75,165,0.2000,1.0000,0.3333,0.4167,0.4167,0.5000,0.6053
raw,bm25,0.5,0.75,166,0.1000,0.1250,0.1111,0.0324,0.0125,0.1000,0.0731
raw,bm25,0.5,0.75,167,0.2000,1.0000,0.3333,0.4500,0.4500,0.5000,0.6257
raw,bm25,0.5,0.75,168,0.1000,0.5000,0.1667,0.0847,0.0833,0.1667,0.2184
raw,bm25,0.5,0.75,169,0.2000,0.5000,0.2857,0.2934,0.2917,0.5000,0.4415
raw,bm25,0.5,0.75,170,0.4000,0.6667,0.5000,0.4110,0.4074,1.0000,0.5956
raw,bm25,0.5,0.75,171,0.2000,0.6667,0.3077,0.4874,0.4286,1.0000,0.6170
raw,bm25,0.5,0.75,172,0.4000,1.0000,0.5714,0.8042,0.8042,1.0000,0.8940
raw,bm25,0.5,0.75,173,0.2000,1.0000,0.3333,1.0000,1.0000,1.0000,1.0000
raw,bm25,0.5,0.75,174,0.0000,0.0000,0.0000,0.0449,0.0000,0.0667,0.0000
raw,bm25,0.5,0.75,175,0.1000,0.2000,0.1333,0.0631,0.0500,0.2500,0.1609
raw,bm25,0.5,0.75,176,0.1000,0.1429,0.1176,0.0682,0.0357,0.2500,0.1428
raw,bm25,0.5,0.75,177,0.3000,0.6000,0.4000,0.3008,0.2300,0.2500,0.3725
raw,bm25,0.5,0.75,178,0.2000,0.5000,0.2857,0.2327,0.1625,0.2500,0.3194
raw,bm25,0.5,0.75,179,0.2000,0.5000,0.2857,0.2136,0.2083,0.5000,0.3854
raw,bm25,0.5,0.75,180,0.3000,0.4286,0.3529,0.3239,0.2286,0.5000,0.3208
raw,bm25,0.5,0.75,181,0.1000,0.2000,0.1333,0.2616,0.2000,1.0000,0.2491
raw,bm25,0.5,0.75,182,0.2000,1.0000,0.3333,0.3500,0.3500,0.5000,0.5895
raw,bm25,0.5,0.75,183,0.4000,0.3077,0.3478,0.1956,0.1590,1.0000,0.3119
raw,bm25,0.5,0.75,184,0.1000,0.1429,0.1176,0.0663,0.0143,0.1000,0.0833
raw,bm25,0.5,0.75,185,0.6000,0.6667,0.6316,0.7494,0.5537,1.0000,0.7800
raw,bm25,0.5,0.75,186,0.4000,0.2500,0.3077,0.1656,0.1232,0.5000,0.3758
raw,bm25,0.5,0.75,187,0.1000,0.1667,0.1250,0.1014,0.0556,0.3333,0.1599
raw,bm25,0.5,0.75,188,0.3000,0.2727,0.2857,0.2700,0.1905,1.0000,0.4423
raw,bm25,0.5,0.75,189,0.1000,0.1111,0.1053,0.1037,0.0370,0.3333,0.0967
raw,bm25,0.5,0.75,190,0.2000,0.4000,0.2667,0.4428,0.4000,1.0000,0.4684
raw,bm25,0.5,0.75,191,0.2000,0.1538,0.1739,0.2674,0.0564,0.3333,0.1298
raw,bm25,0.5,0.75,192,0.3000,0.7500,0.4286,0.2806,0.2771,0.3333,0.4694
raw,bm25,0.5,0.75,193,0.7000,0.7778,0.7368,0.7452,0.6795,1.0000,0.7049
raw,bm25,0.5,0.75,194,0.2000,0.3333,0.2500,0.3117,0.1667,0.5000,0.2897
raw,bm25,0.5,0.75,195,0.1000,0.3333,0.1538,0.0700,0.0417,0.1250,0.1480
raw,bm25,0.5,0.75,196,0.2000,0.1667,0.1818,0.0796,0.0405,0.2000,0.1474
raw,bm25,0.5,0.75,197,0.2000,0.6667,0.3077,0.4603,0.3889,0.5000,0.5498
raw,bm25,0.5,0.75,198,0.2000,0.5000,0.2857,0.4210,0.3750,1.0000,0.5323
raw,bm25,0.5,0.75,199,0.0000,0.0000,0.0000,0.0263,0.0000,0.0357,0.0000
raw,bm25,0.5,0.75,200,0.2000,0.6667,0.3077,0.4710,0.4667,1.0000,0.6508
raw,bm25,0.5,0.75,201,0.5000,0.3125,0.3846,0.4023,0.2639,1.0000,0.6319
raw,bm25,0.5,0.75,202,0.2000,0.1429,0.1667,0.1684,0.1190,1.0000,0.1396
raw,bm25,0.5,0.75,203,0.3000,0.2143,0.2500,0.1305,0.0863,0.3333,0.3046
raw,bm25,0.5,0.75,204,0.0000,0.0000,0.0000,0.0360,0.0000,0.0526,0.0000
raw,bm25,0.5,0.75,205,0.0000,0.0000,0.0000,0.0438,0.0000,0.0714,0.0000
raw,bm25,0.5,0.75,206,0.2000,0.6667,0.3077,0.3024,0.3000,0.5000,0.5181
raw,bm25,0.5,0.75,207,0.0000,0.0000,0.0000,0.0062,0.0000,0.0034,0.0000
raw,bm25,0.5,0.75,208,0.4000,0.6667,0.5000,0.4223,0.3611,0.5000,0.5667
raw,bm25,0.5,0.75,209,0.3000,0.2500,0.2727,0.1532,0.1007,0.5000,0.2292
raw,bm25,0.5,0.75,210,0.2000,0.3333,0.2500,0.3361,0.2500,1.0000,0.4539
raw,bm25,0.5,0.75,211,0.1000,0.0909,0.0952,0.1905,0.0909,1.0000,0.1096
raw,bm25,0.5,0.75,212,0.7000,0.5000,0.5833,0.5692,0.4201,1.0000,0.6252
raw,bm25,0.5,0.75,213,0.5000,0.4545,0.4762,0.5582,0.4212,1.0000,0.5922
raw,bm25,0.5,0.75,214,0.1000,0.2500,0.1429,0.1475,0.1250,0.5000,0.2463
raw,bm25,0.5,0.75,215,0.0000,0.0000,0.0000,0.0231,0.0000,0.0263,0.0000
raw,bm25,0.5,0.75,216,0.0000,0.0000,0.0000,0.0021,0.0000,0.0021,0.0000
raw,bm25,0.5,0.75,217,0.2000,0.1333,0.1600,0.1602,0.0933,1.0000,0.3370
raw,bm25,0.5,0.75,218,0.2000,0.1333,0.1600,0.1442,0.0357,0.2500,0.1145
raw,bm25,0.5,0.75,219,0.0000,0.0000,0.0000,0.0281,0.0000,0.0227,0.0000
raw,bm25,0.5,0.75,220,0.2000,0.1053,0.1379,0.1791,0.0614,0.5000,0.1644
raw,bm25,0.5,0.75,221,0.3000,0.1667,0.2143,0.2385,0.1528,1.0000,0.3292
raw,bm25,0.5,0.75,222,0.4000,0.4444,0.4211,0.3740,0.3019,0.5000,0.4716
raw,bm25,0.5,0.75,223,0.3000,0.7500,0.4286,0.4893,0.4417,0.5000,0.5925
raw,bm25,0.5,0.75,224,0.3000,0.3750,0.3333,0.2665,0.1458,0.5000,0.2563
raw,bm25,0.5,0.75,225,0.2000,0.0833,0.1176,0.0744,0.0486,0.5000,0.1454
raw,bm25,0.5,1,1,0.4000,0.1429,0.2105,0.1917,0.0923,0.5000,0.2857
raw,bm25,0.5,1,2,0.4000,0.1667,0.2353,0.1623,0.1250,1.0000,0.5232
raw,bm25,0.5,1,3,0.4000,0.5000,0.4444,0.5613,0.5000,1.0000,0.6479
raw,bm25,0.5,1,4,0.1000,0.5000,0.1667,0.5625,0.5000,1.0000,0.6131
raw,bm25,0.5,1,5,0.1000,0.2500,0.1429,0.1773,0.0625,0.2500,0.2054
raw,bm25,0.5,1,6,0.1000,0.2500,0.1429,0.1459,0.1250,0.5000,0.2061
raw,bm25,0.5,1,7,0.2000,0.4000,0.2667,0.2501,0.2333,0.5000,0.3474
raw,bm25,0.5,1,8,0.1000,0.0909,0.0952,0.1475,0.0909,1.0000,0.2670
raw,bm25,0.5,1,9,0.2000,0.6667,0.3077,0.2617,0.2444,0.3333,0.4162
raw,bm25,0.5,1,10,0.2000,0.2500,0.2222,0.1237,0.0938,0.5000,0.2315
raw,bm25,0.5,1,11,0.1000,0.1429,0.1176,0.1304,0.0476,0.3333,0.0807
raw,bm25,0.5,1,12,0.1000,0.2000,0.1333,0.0601,0.0222,0.1111,0.1119
raw,bm25,0.5,1,13,0.0000,0.0000,0.0000,0.0032,0.0000,0.0035,0.0000
raw,bm25,0.5,1,14,0.1000,0.5000,0.1667,0.0938,0.0833,0.1667,0.3077
raw,bm25,0.5,1,15,0.2000,1.0000,0.3333,1.0000,1.0000,1.0000,0.8597
raw,bm25,0.5,1,16,0.1000,0.3333,0.1538,0.2355,0.1667,0.5000,0.2398
raw,bm25,0.5,1,17,0.1000,0.5000,0.1667,0.1804,0.1667,0.3333,0.3520
raw,bm25,0.5,1,18,0.1000,0.3333,0.1538,0.1198,0.0833,0.2500,0.2021
raw,bm25,0.5,1,19,0.0000,0.0000,0.0000,0.0162,0.0000,0.0833,0.0000
raw,bm25,0.5,1,20,0.3000,0.3333,0.3158,0.2631,0.1417,0.5000,0.3134
raw,bm25,0.5,1,21,0.1000,0.2500,0.1429,0.1039,0.0500,0.2000,0.1875
raw,bm25,0.5,1,22,0.0000,0.0000,0.0000,0.0017,0.0000,0.0017,0.0000
raw,bm25,0.5,1,23,0.1000,0.0312,0.0476,0.1181,0.0312,1.0000,0.2621
raw,bm25,0.5,1,24,0.2000,0.6667,0.3077,0.4317,0.4286,1.0000,0.6788
raw,bm25,0.5,1,25,0.5000,0.5556,0.5263,0.5047,0.4120,1.0000,0.5473
raw,bm25,0.5,1,26,0.2000,0.3333,0.2500,0.2325,0.1944,0.5000,0.3918
raw,bm25,0.5,1,27,0.1000,0.3333,0.1538,0.1026,0.0833,0.2500,0.2455
raw,bm25,0.5,1,28,0.0000,0.0000,0.0000,0.0017,0.0000,0.0017,0.0000
raw,bm25,0.5,1,29,0.4000,0.4444,0.4211,0.3216,0.2407,0.5000,0.3603
raw,bm25,0.5,1,30,0.2000,0.2857,0.2353,0.0784,0.0496,0.1250,0.1691
raw,bm25,0.5,1,31,0.0000,0.0000,0.0000,0.0007,0.0000,0.0007,0.0000
raw,bm25,0.5,1,32,0.0000,0.0000,0.0000,0.0153,0.0000,0.0161,0.0000
raw,bm25,0.5,1,33,0.2000,0.6667,0.3077,0.4514,0.3889,0.5000,0.4335
raw,bm25,0.5,1,34,0.2000,0.3333,0.2500,0.1793,0.0750,0.2000,0.1632
raw,bm25,0.5,1,35,0.0000,0.0000,0.0000,0.0175,0.0000,0.0185,0.0000
raw,bm25,0.5,1,36,0.0000,0.0000,0.0000,0.0477,0.0000,0.0909,0.0000
raw,bm25,0.5,1,37,0.2000,0.2222,0.2105,0.1280,0.0406,0.1429,0.1580
raw,bm25,0.5,1,38,0.0000,0.0000,0.0000,0.0645,0.0000,0.0714,0.0000
raw,bm25,0.5,1,39,0.2000,0.1538,0.1739,0.0940,0.0412,0.2500,0.1064
raw,bm25,0.5,1,40,0.0000,0.0000,0.0000,0.0330,0.0000,0.0263,0.0000
raw,bm25,0.5,1,41,0.3000,1.0000,0.4615,0.8333,0.8333,1.0000,0.9120
raw,bm25,0.5,1,42,0.2000,0.4000,0.2667,0.1676,0.1067,0.2000,0.2830
raw,bm25,0.5,1,43,0.4000,0.6667,0.5000,0.5559,0.5324,1.0000,0.7901
raw,bm25,0.5,1,44,0.0000,0.0000,0.0000,0.0027,0.0000,0.0018,0.0000
raw,bm25,0.5,1,45,0.1000,0.0833,0.0909,0.1127,0.0417,0.5000,0.1766
raw,bm25,0.5,1,46,0.3000,0.2000,0.2400,0.2552,0.0933,0.5000,0.2871
raw,bm25,0.5,1,47,0.5000,0.3571,0.4167,0.3150,0.1778,0.3333,0.4312
raw,bm25,0.5,1,48,0.2000,0.1818,0.1905,0.1486,0.1061,0.5000,0.2556
raw,bm25,0.5,1,49,0.1000,0.5000,0.1667,0.1422,0.1250,0.2500,0.3274
raw,bm25,0.5,1,50,0.1000,0.1667,0.1250,0.0363,0.0208,0.1250,0.1441
raw,bm25,0.5,1,51,0.3000,0.3000,0.3000,0.4486,0.3000,1.0000,0.3308
raw,bm25,0.5,1,52,0.2000,0.5000,0.2857,0.3907,0.2917,0.5000,0.4972
raw,bm25,0.5,1,53,0.2000,0.2000,0.2000,0.2604,0.1286,1.0000,0.2699
raw,bm25,0.5,1,54,0.3000,0.3333,0.3158,0.1823,0.1296,0.5000,0.3607
raw,bm25,0.5,1,55,0.2000,0.2000,0.2000,0.1973,0.0833,0.3333,0.1746
raw,bm25,0.5,1,56,0.2000,0.2000,0.2000,0.1141,0.0583,0.3333,0.1474
raw,bm25,0.5,1,57,0.0000,0.0000,0.0000,0.0671,0.0000,0.0714,0.0000
raw,bm25,0.5,1,58,0.2000,0.2222,0.2105,0.1183,0.0617,0.3333,0.2689
raw,bm25,0.5,1,59,0.1000,0.2500,0.1429,0.0915,0.0312,0.1250,0.1030
raw,bm25,0.5,1,60,0.2000,0.4000,0.2667,0.3699,0.3000,1.0000,0.3998
raw,bm25,0.5,1,61,0.2000,0.4000,0.2667,0.2746,0.2333,0.5000,0.4051
raw,bm25,0.5,1,62,0.0000,0.0000,0.0000,0.0231,0.0000,0.0500,0.0000
raw,bm25,0.5,1,63,0.0000,0.0000,0.0000,0.0050,0.0000,0.0041,0.0000
raw,bm25,0.5,1,64,0.1000,0.5000,0.1667,0.0713,0.0625,0.1250,0.2141
raw,bm25,0.5,1,65,0.4000,0.2667,0.3200,0.2413,0.1471,1.0000,0.4435
raw,bm25,0.5,1,66,0.1000,0.2000,0.1333,0.1145,0.0667,0.3333,0.1993
raw,bm25,0.5,1,67,0.6000,0.4286,0.5000,0.4293,0.3266,1.0000,0.6606
raw,bm25,0.5,1,68,0.1000,0.2000,0.1333,0.1549,0.1000,0.5000,0.2744
raw,bm25,0.5,1,69,0.1000,0.2000,0.1333,0.0500,0.0200,0.1000,0.1214
raw,bm25,0.5,1,70,0.1000,0.1000,0.1000,0.0783,0.0125,0.1250,0.0766
raw,bm25,0.5,1,71,0.0000,0.0000,0.0000,0.0479,0.0000,0.0909,0.0000
raw,bm25,0.5,1,72,0.1000,0.0588,0.0741,0.0336,0.0118,0.2000,0.1092
raw,bm25,0.5,1,73,0.5000,0.2500,0.3333,0.3141,0.1965,1.0000,0.5615
raw,bm25,0.5,1,74,0.1000,0.1667,0.1250,0.0791,0.0417,0.2500,0.1828
raw,bm25,0.5,1,75,0.0000,0.0000,0.0000,0.0362,0.0000,0.0714,0.0000
raw,bm25,0.5,1,76,0.3000,0.4286,0.3529,0.3243,0.2738,0.5000,0.4068
raw,bm25,0.5,1,77,0.4000,0.6667,0.5000,0.5032,0.4452,1.0000,0.5560
raw,bm25,0.5,1,78,0.3000,1.0000,0.4615,0.5397,0.5397,1.0000,0.6846
raw,bm25,0.5,1,79,0.1000,0.2000,0.1333,0.0626,0.0500,0.2500,0.1881
raw,bm25,0.5,1,80,0.0000,0.0000,0.0000,0.0068,0.0000,0.0050,0.0000
raw,bm25,0.5,1,81,0.2000,1.0000,0.3333,0.6429,0.6429,1.0000,0.5039
raw,bm25,0.5,1,82,0.3000,0.6000,0.4000,0.4332,0.4000,1.0000,0.6549
raw,bm25,0.5,1,83,0.1000,0.2500,0.1429,0.2586,0.2500,1.0000,0.3904
raw,bm25,0.5,1,84,0.3000,0.2727,0.2857,0.3265,0.2500,1.0000,0.3646
raw,bm25,0.5,1,85,0.1000,0.2500,0.1429,0.0485,0.0357,0.1429,0.0860
raw,bm25,0.5,1,86,0.2000,1.0000,0.3333,0.5833,0.5833,0.5000,0.6934
raw,bm25,0.5,1,87,0.0000,0.0000,0.0000,0.0104,0.0000,0.0051,0.0000
raw,bm25,0.5,1,88,0.6000,1.0000,0.7500,0.6218,0.6218,0.5000,0.6813
raw,bm25,0.5,1,89,0.2000,0.3333,0.2500,0.3389,0.2083,1.0000,0.5138
raw,bm25,0.5,1,90,0.3000,0.2308,0.2609,0.2157,0.1186,0.5000,0.1942
raw,bm25,0.5,1,91,0.4000,0.4444,0.4211,0.3478,0.2481,1.0000,0.5158
raw,bm25,0.5,1,92,0.5000,0.3846,0.4348,0.4490,0.3178,1.0000,0.4163
raw,bm25,0.5,1,93,0.1000,1.0000,0.1818,0.5000,0.5000,0.5000,0.6309
raw,bm25,0.5,1,94,0.6000,0.5000,0.5455,0.4222,0.3104,0.5000,0.3875
raw,bm25,0.5,1,95,0.2000,1.0000,0.3333,0.6667,0.6667,1.0000,0.5236
raw,bm25,0.5,1,96,0.6000,0.4615,0.5217,0.3741,0.2558,0.3333,0.4939
raw,bm25,0.5,1,97,0.2000,0.2000,0.2000,0.1016,0.0786,0.5000,0.1950
raw,bm25,0.5,1,98,0.0000,0.0000,0.0000,0.0123,0.0000,0.0244,0.0000
raw,bm25,0.5,1,99,0.1000,0.2500,0.1429,0.0583,0.0312,0.1250,0.1401
raw,bm25,0.5,1,100,0.3000,0.3333,0.3158,0.2989,0.2519,1.0000,0.4764
raw,bm25,0.5,1,101,0.5000,0.8333,0.6250,0.5601,0.5045,1.0000,0.7025
raw,bm25,0.5,1,102,0.2000,0.5000,0.2857,0.3308,0.3125,1.0000,0.4023
raw,bm25,0.5,1,103,0.0000,0.0000,0.0000,0.0151,0.0000,0.0278,0.0000
raw,bm25,0.5,1,104,0.1000,0.2000,0.1333,0.0849,0.0667,0.3333,0.1696
raw,bm25,0.5,1,105,0.2000,0.4000,0.2667,0.3912,0.3333,1.0000,0.6332
raw,bm25,0.5,1,106,0.3000,0.6000,0.4000,0.2190,0.1924,0.2000,0.3453
raw,bm25,0.5,1,107,0.2000,0.2857,0.2353,0.2693,0.1667,0.5000,0.3056
raw,bm25,0.5,1,108,0.6000,0.8571,0.7059,0.7940,0.7274,1.0000,0.7846
raw,bm25,0.5,1,109,0.0000,0.0000,0.0000,0.0279,0.0000,0.0417,0.0000
raw,bm25,0.5,1,110,0.0000,0.0000,0.0000,0.0096,0.0000,0.0090,0.0000
raw,bm25,0.5,1,111,0.3000,0.4286,0.3529,0.2186,0.1301,0.2500,0.2295
raw,bm25,0.5,1,112,0.1000,0.5000,0.1667,0.3333,0.2500,0.5000,0.2398
raw,bm25,0.5,1,113,0.2000,0.5000,0.2857,0.1938,0.1625,0.2500,0.3191
raw,bm25,0.5,1,114,0.0000,0.0000,0.0000,0.0263,0.0000,0.0455,0.0000
raw,bm25,0.5,1,115,0.0000,0.0000,0.0000,0.0508,0.0000,0.0370,0.0000
raw,bm25,0.5,1,116,0.0000,0.0000,0.0000,0.0405,0.0000,0.0455,0.0000
raw,bm25,0.5,1,117,0.0000,0.0000,0.0000,0.0288,0.0000,0.0385,0.0000
raw,bm25,0.5,1,118,0.2000,0.6667,0.3077,0.2516,0.2222,0.3333,0.3931
raw,bm25,0.5,1,119,0.0000,0.0000,0.0000,0.0435,0.0000,0.0435,0.0000
raw,bm25,0.5,1,120,0.4000,0.4444,0.4211,0.3607,0.2217,0.5000,0.4575
raw,bm25,0.5,1,121,0.4000,0.5714,0.4706,0.4725,0.3881,0.5000,0.5130
raw,bm25,0.5,1,122,0.1000,0.1111,0.1053,0.1219,0.0185,0.1667,0.0352
raw,bm25,0.5,1,123,0.0000,0.0000,0.0000,0.0234,0.0000,0.0204,0.0000
raw,bm25,0.5,1,124,0.0000,0.0000,0.0000,0.0036,0.0000,0.0045,0.0000
raw,bm25,0.5,1,125,0.3000,0.1765,0.2222,0.2639,0.1176,1.0000,0.4117
raw,bm25,0.5,1,126,0.2000,0.2500,0.2222,0.2230,0.2083,1.0000,0.4718
raw,bm25,0.5,1,127,0.1000,0.2000,0.1333,0.1132,0.0667,0.3333,0.1490
raw,bm25,0.5,1,128,0.0000,0.0000,0.0000,0.0202,0.0000,0.0333,0.0000
raw,bm25,0.5,1,129,0.4000,0.5714,0.4706,0.4016,0.3690,0.5000,0.5392
raw,bm25,0.5,1,130,0.4000,0.8000,0.5333,0.4904,0.4889,1.0000,0.6571
raw,bm25,0.5,1,131,0.3000,0.3750,0.3333,0.2142,0.1104,0.2500,0.2487
raw,bm25,0.5,1,132,0.6000,0.4000,0.4800,0.5218,0.2085,0.5000,0.4813
raw,bm25,0.5,1,133,0.1000,0.1429,0.1176,0.2635,0.0714,0.5000,0.0676
raw,bm25,0.5,1,134,0.1000,0.5000,0.1667,0.1370,0.1000,0.2000,0.1815
raw,bm25,0.5,1,135,0.3000,0.3750,0.3333,0.5065,0.2625,1.0000,0.2614
raw,bm25,0.5,1,136,0.2000,0.6667,0.3077,0.4474,0.4286,1.0000,0.8446
raw,bm25,0.5,1,137,0.2000,0.5000,0.2857,0.1677,0.1458,0.2500,0.2570
raw,bm25,0.5,1,138,0.1000,0.5000,0.1667,0.1308,0.1250,0.2500,0.2641
raw,bm25,0.5,1,139,0.0000,0.0000,0.0000,0.0052,0.0000,0.0038,0.0000
raw,bm25,0.5,1,140,0.1000,0.1667,0.1250,0.1097,0.0833,0.5000,0.2509
raw,bm25,0.5,1,141,0.3000,0.5000,0.3750,0.4162,0.3833,1.0000,0.6526
raw,bm25,0.5,1,142,0.0000,0.0000,0.0000,0.0014,0.0000,0.0014,0.0000
raw,bm25,0.5,1,143,0.1000,0.5000,0.1667,0.5476,0.5000,1.0000,0.6131
raw,bm25,0.5,1,144,0.5000,0.8333,0.6250,0.4773,0.4690,0.3333,0.5745
raw,bm25,0.5,1,145,0.3000,0.4286,0.3529,0.3356,0.2612,1.0000,0.4378
raw,bm25,0.5,1,146,0.2000,1.0000,0.3333,0.6667,0.6667,1.0000,0.6509
raw,bm25,0.5,1,147,0.4000,0.4000,0.4000,0.2705,0.2267,0.5000,0.4226
raw,bm25,0.5,1,148,0.2000,0.3333,0.2500,0.1896,0.1389,0.3333,0.3194
raw,bm25,0.5,1,149,0.4000,0.3636,0.3810,0.3522,0.2374,1.0000,0.4748
raw,bm25,0.5,1,150,0.2000,1.0000,0.3333,0.5833,0.5833,0.5000,0.6934
raw,bm25,0.5,1,151,0.0000,0.0000,0.0000,0.0162,0.0000,0.0152,0.0000
raw,bm25,0.5,1,152,0.0000,0.0000,0.0000,0.0156,0.0000,0.0400,0.0000
raw,bm25,0.5,1,153,0.1000,0.1429,0.1176,0.1015,0.0357,0.2500,0.0695
raw,bm25,0.5,1,154,0.1000,0.5000,0.1667,0.5667,0.5000,1.0000,0.4693
raw,bm25,0.5,1,155,0.1000,0.1667,0.1250,0.1266,0.0833,0.5000,0.1420
raw,bm25,0.5,1,156,0.6000,0.4286,0.5000,0.4810,0.3796,1.0000,0.5242
raw,bm25,0.5,1,157,0.6000,0.1538,0.2449,0.2177,0.1064,0.5000,0.4814
raw,bm25,0.5,1,158,0.1000,0.1250,0.1111,0.1972,0.1250,1.0000,0.3630
raw,bm25,0.5,1,159,0.1000,0.1250,0.1111,0.0439,0.0208,0.1667,0.0982
raw,bm25,0.5,1,160,0.1000,0.2000,0.1333,0.0586,0.0333,0.1667,0.1403
raw,bm25,0.5,1,161,0.3000,0.5000,0.3750,0.4499,0.4333,1.0000,0.7042
raw,bm25,0.5,1,162,0.3000,0.3750,0.3333,0.3015,0.2219,1.0000,0.3427
raw,bm25,0.5,1,163,0.2000,0.6667,0.3077,0.2929,0.2778,0.3333,0.4367
raw,bm25,0.5,1,164,0.4000,0.5000,0.4444,0.5227,0.4750,1.0000,0.6703
raw,bm25,0.5,1,165,0.2000,1.0000,0.3333,0.3929,0.3929,0.5000,0.5912
raw,bm25,0.5,1,166,0.1000,0.1250,0.1111,0.0323,0.0125,0.1000,0.0731
raw,bm25,0.5,1,167,0.2000,1.0000,0.3333,0.3333,0.3333,0.3333,0.5191
raw,bm25,0.5,1,168,0.1000,0.5000,0.1667,0.0847,0.0833,0.1667,0.2184
raw,bm25,0.5,1,169,0.2000,0.5000,0.2857,0.2935,0.2917,0.5000,0.4415
raw,bm25,0.5,1,170,0.4000,0.6667,0.5000,0.4602,0.4563,1.0000,0.6326
raw,bm25,0.5,1,171,0.2000,0.6667,0.3077,0.4786,0.4286,1.0000,0.6170
raw,bm25,0.5,1,172,0.4000,1.0000,0.5714,0.8042,0.8042,1.0000,0.8940
raw,bm25,0.5,1,173,0.2000,1.0000,0.3333,1.0000,1.0000,1.0000,1.0000
raw,bm25,0.5,1,174,0.0000,0.0000,0.0000,0.0473,0.0000,0.0714,0.0000
raw,bm25,0.5,1,175,0.1000,0.2000,0.1333,0.0647,0.0500,0.2500,0.1609
raw,bm25,0.5,1,176,0.1000,0.1429,0.1176,0.0848,0.0476,0.3333,0.1658
raw,bm25,0.5,1,177,0.3000,0.6000,0.4000,0.3710,0.2800,0.5000,0.4005
raw,bm25,0.5,1,178,0.2000,0.5000,0.2857,0.2477,0.1667,0.3333,0.3805
raw,bm25,0.5,1,179,0.2000,0.5000,0.2857,0.2305,0.2250,0.5000,0.3973
raw,bm25,0.5,1,180,0.3000,0.4286,0.3529,0.3371,0.2286,0.5000,0.3208
raw,bm25,0.5,1,181,0.2000,0.4000,0.2667,0.2751,0.2500,1.0000,0.3670
raw,bm25,0.5,1,182,0.2000,1.0000,0.3333,0.3500,0.3500,0.5000,0.5895
raw,bm25,0.5,1,183,0.4000,0.3077,0.3478,0.1609,0.1237,0.5000,0.2556
raw,bm25,0.5,1,184,0.1000,0.1429,0.1176,0.0727,0.0179,0.1250,0.0909
raw,bm25,0.5,1,185,0.6000,0.6667,0.6316,0.7604,0.5704,1.0000,0.7212
raw,bm25,0.5,1,186,0.4000,0.2500,0.3077,0.1645,0.1215,0.5000,0.3783
raw,bm25,0.5,1,187,0.1000,0.1667,0.1250,0.1059,0.0556,0.3333,0.1599
raw,bm25,0.5,1,188,0.3000,0.2727,0.2857,0.2728,0.1905,1.0000,0.4423
raw,bm25,0.5,1,189,0.1000,0.1111,0.1053,0.1013,0.0370,0.3333,0.0967
raw,bm25,0.5,1,190,0.2000,0.4000,0.2667,0.4514,0.4000,1.0000,0.4684
raw,bm25,0.5,1,191,0.2000,0.1538,0.1739,0.2898,0.0641,0.3333,0.1362
raw,bm25,0.5,1,192,0.3000,0.7500,0.4286,0.2650,0.2604,0.3333,0.4574
raw,bm25,0.5,1,193,0.7000,0.7778,0.7368,0.7223,0.6568,1.0000,0.7018
raw,bm25,0.5,1,194,0.2000,0.3333,0.2500,0.2806,0.1500,0.5000,0.2748
raw,bm25,0.5,1,195,0.0000,0.0000,0.0000,0.0524,0.0000,0.0769,0.0000
raw,bm25,0.5,1,196,0.2000,0.1667,0.1818,0.0920,0.0542,0.2500,0.1716
raw,bm25,0.5,1,197,0.2000,0.6667,0.3077,0.4658,0.3889,0.5000,0.5498
raw,bm25,0.5,1,198,0.2000,0.5000,0.2857,0.3960,0.3500,1.0000,0.5202
raw,bm25,0.5,1,199,0.0000,0.0000,0.0000,0.0290,0.0000,0.0435,0.0000
raw,bm25,0.5,1,200,0.2000,0.6667,0.3077,0.4712,0.4667,1.0000,0.6508
raw,bm25,0.5,1,201,0.6000,0.3750,0.4615,0.3950,0.2858,1.0000,0.6732
raw,bm25,0.5,1,202,0.2000,0.1429,0.1667,0.1252,0.0714,0.5000,0.0988
raw,bm25,0.5,1,203,0.3000,0.2143,0.2500,0.1488,0.0982,0.5000,0.3366
raw,bm25,0.5,1,204,0.0000,0.0000,0.0000,0.0370,0.0000,0.0714,0.0000
raw,bm25,0.5,1,205,0.0000,0.0000,0.0000,0.0416,0.0000,0.0667,0.0000
raw,bm25,0.5,1,206,0.2000,0.6667,0.3077,0.3358,0.3333,0.5000,0.5405
raw,bm25,0.5,1,207,0.0000,0.0000,0.0000,0.0066,0.0000,0.0034,0.0000
raw,bm25,0.5,1,208,0.4000,0.6667,0.5000,0.4308,0.3611,0.5000,0.5667
raw,bm25,0.5,1,209,0.3000,0.2500,0.2727,0.1608,0.1052,0.5000,0.2352
raw,bm25,0.5,1,210,0.2000,0.3333,0.2500,0.3613,0.2778,1.0000,0.4826
raw,bm25,0.5,1,211,0.1000,0.0909,0.0952,0.1938,0.0909,1.0000,0.1096
raw,bm25,0.5,1,212,0.7000,0.5000,0.5833,0.5482,0.4022,1.0000,0.5798
raw,bm25,0.5,1,213,0.5000,0.4545,0.4762,0.5520,0.4212,1.0000,0.5922
raw,bm25,0.5,1,214,0.1000,0.2500,0.1429,0.1503,0.1250,0.5000,0.2463
raw,bm25,0.5,1,215,0.0000,0.0000,0.0000,0.0242,0.0000,0.0278,0.0000
raw,bm25,0.5,1,216,0.0000,0.0000,0.0000,0.0020,0.0000,0.0020,0.0000
raw,bm25,0.5,1,217,0.2000,0.1333,0.1600,0.1525,0.0833,1.0000,0.3269
raw,bm25,0.5,1,218,0.2000,0.1333,0.1600,0.1408,0.0267,0.2000,0.1013
raw,bm25,0.5,1,219,0.0000,0.0000,0.0000,0.0279,0.0000,0.0208,0.0000
raw,bm25,0.5,1,220,0.3000,0.1579,0.2069,0.1841,0.0772,0.5000,0.1914
raw,bm25,0.5,1,221,0.3000,0.1667,0.2143,0.2337,0.1528,1.0000,0.3292
raw,bm25,0.5,1,222,0.4000,0.4444,0.4211,0.3698,0.3019,0.5000,0.4716
raw,bm25,0.5,1,223,0.3000,0.7500,0.4286,0.4271,0.3854,0.5000,0.5646
raw,bm25,0.5,1,224,0.4000,0.5000,0.4444,0.2440,0.1750,0.3333,0.3152
raw,bm25,0.5,1,225,0.2000,0.0833,0.1176,0.0749,0.0486,0.5000,0.1454
raw,bm25,1.2,0,1,0.5000,0.1786,0.2632,0.1528,0.0868,0.3333,0.2563
raw,bm25,1.2,0,2,0.4000,0.1667,0.2353,0.1628,0.1285,1.0000,0.4831
raw,bm25,1.2,0,3,0.4000,0.5000,0.4444,0.3959,0.3458,1.0000,0.5571
raw,bm25,1.2,0,4,0.1000,0.5000,0.1667,0.5556,0.5000,1.0000,0.6131
raw,bm25,1.2,0,5,0.2000,0.5000,0.2857,0.2290,0.1667,0.3333,0.3235
raw,bm25,1.2,0,6,0.1000,0.2500,0.1429,0.1562,0.1250,0.5000,0.2061
raw,bm25,1.2,0,7,0.2000,0.4000,0.2667,0.1796,0.1667,0.3333,0.2859
raw,bm25,1.2,0,8,0.1000,0.0909,0.0952,0.1477,0.0909,1.0000,0.2670
raw,bm25,1.2,0,9,0.2000,0.6667,0.3077,0.1594,0.1500,0.2000,0.3296
raw,bm25,1.2,0,10,0.1000,0.1250,0.1111,0.0934,0.0625,0.5000,0.1323
raw,bm25,1.2,0,11,0.2000,0.2857,0.2353,0.1660,0.1071,0.5000,0.2544
raw,bm25,1.2,0,12,0.0000,0.0000,0.0000,0.0284,0.0000,0.0250,0.0000
raw,bm25,1.2,0,13,0.0000,0.0000,0.0000,0.0029,0.0000,0.0016,0.0000
raw,bm25,1.2,0,14,0.1000,0.5000,0.1667,0.0997,0.0833,0.1667,0.3077
raw,bm25,1.2,0,15,0.2000,1.0000,0.3333,1.0000,1.0000,1.0000,0.8597
raw,bm25,1.2,0,16,0.2000,0.6667,0.3077,0.1571,0.1333,0.2000,0.3118
raw,bm25,1.2,0,17,0.0000,0.0000,0.0000,0.0390,0.0000,0.0526,0.0000
raw,bm25,1.2,0,18,0.1000,0.3333,0.1538,0.2053,0.1667,0.5000,0.2961
raw,bm25,1.2,0,19,0.0000,0.0000,0.0000,0.0090,0.0000,0.0238,0.0000
raw,bm25,1.2,0,20,0.1000,0.1111,0.1053,0.1911,0.0556,0.5000,0.1483
raw,bm25,1.2,0,21,0.0000,0.0000,0.0000,0.0436,0.0000,0.0556,0.0000
raw,bm25,1.2,0,22,0.0000,0.0000,0.0000,0.0016,0.0000,0.0016,0.0000
raw,bm25,1.2,0,23,0.1000,0.0312,0.0476,0.1128,0.0312,1.0000,0.2621
raw,bm25,1.2,0,24,0.2000,0.6667,0.3077,0.1977,0.1944,0.3333,0.4152
raw,bm25,1.2,0,25,0.4000,0.4444,0.4211,0.5868,0.4222,1.0000,0.5296
raw,bm25,1.2,0,26,0.2000,0.3333,0.2500,0.1985,0.1667,0.5000,0.3678
raw,bm25,1.2,0,27,0.0000,0.0000,0.0000,0.0274,0.0000,0.0400,0.0000
raw,bm25,1.2,0,28,0.0000,0.0000,0.0000,0.0015,0.0000,0.0012,0.0000
raw,bm25,1.2,0,29,0.3000,0.3333,0.3158,0.2390,0.1402,0.3333,0.2237
raw,bm25,1.2,0,30,0.2000,0.2857,0.2353,0.0747,0.0464,0.1250,0.1680
raw,bm25,1.2,0,31,0.0000,0.0000,0.0000,0.0007,0.0000,0.0007,0.0000
raw,bm25,1.2,0,32,0.0000,0.0000,0.0000,0.0135,0.0000,0.0069,0.0000
raw,bm25,1.2,0,33,0.3000,1.0000,0.4615,0.6250,0.6250,1.0000,0.8139
raw,bm25,1.2,0,34,0.3000,0.5000,0.3750,0.2453,0.1889,0.3333,0.3505
raw,bm25,1.2,0,35,0.0000,0.0000,0.0000,0.0211,0.0000,0.0323,0.0000
raw,bm25,1.2,0,36,0.1000,0.5000,0.1667,0.1019,0.1000,0.2000,0.1815
raw,bm25,1.2,0,37,0.1000,0.1111,0.1053,0.1262,0.0222,0.2000,0.1145
raw,bm25,1.2,0,38,0.1000,0.1000,0.1000,0.0607,0.0111,0.1111,0.0496
raw,bm25,1.2,0,39,0.3000,0.2308,0.2609,0.1043,0.0641,0.2000,0.1977
raw,bm25,1.2,0,40,0.0000,0.0000,0.0000,0.0436,0.0000,0.0769,0.0000
raw,bm25,1.2,0,41,0.3000,1.0000,0.4615,0.8333,0.8333,1.0000,0.9120
raw,bm25,1.2,0,42,0.3000,0.6000,0.4000,0.1487,0.1433,0.1667,0.3499
raw,bm25,1.2,0,43,0.2000,0.3333,0.2500,0.4032,0.2778,1.0000,0.5519
raw,bm25,1.2,0,44,0.0000,0.0000,0.0000,0.0021,0.0000,0.0013,0.0000
raw,bm25,1.2,0,45,0.1000,0.0833,0.0909,0.0865,0.0278,0.3333,0.1400
raw,bm25,1.2,0,46,0.5000,0.3333,0.4000,0.4326,0.3089,1.0000,0.5450
raw,bm25,1.2,0,47,0.3000,0.2143,0.2500,0.2646,0.0744,0.3333,0.2514
raw,bm25,1.2,0,48,0.3000,0.2727,0.2857,0.2738,0.2197,1.0000,0.4364
raw,bm25,1.2,0,49,0.0000,0.0000,0.0000,0.0466,0.0000,0.0769,0.0000
raw,bm25,1.2,0,50,0.0000,0.0000,0.0000,0.0138,0.0000,0.0154,0.0000
raw,bm25,1.2,0,51,0.3000,0.3000,0.3000,0.3051,0.1775,1.0000,0.3723
raw,bm25,1.2,0,52,0.1000,0.2500,0.1429,0.1615,0.0833,0.3333,0.2198
raw,bm25,1.2,0,53,0.2000,0.2000,0.2000,0.2333,0.1400,1.0000,0.2873
raw,bm25,1.2,0,54,0.2000,0.2222,0.2105,0.2057,0.1000,0.5000,0.2724
raw,bm25,1.2,0,55,0.2000,0.2000,0.2000,0.1306,0.0367,0.1667,0.1228
raw,bm25,1.2,0,56,0.3000,0.3000,0.3000,0.1557,0.1233,0.5000,0.2223
raw,bm25,1.2,0,57,0.0000,0.0000,0.0000,0.0794,0.0000,0.0833,0.0000
raw,bm25,1.2,0,58,0.1000,0.1111,0.1053,0.0824,0.0370,0.3333,0.1919
raw,bm25,1.2,0,59,0.1000,0.2500,0.1429,0.0600,0.0278,0.1111,0.0983
raw,bm25,1.2,0,60,0.2000,0.4000,0.2667,0.3078,0.2444,1.0000,0.3785
raw,bm25,1.2,0,61,0.2000,0.4000,0.2667,0.4504,0.4000,1.0000,0.5451
raw,bm25,1.2,0,62,0.0000,0.0000,0.0000,0.0208,0.0000,0.0333,0.0000
raw,bm25,1.2,0,63,0.0000,0.0000,0.0000,0.0052,0.0000,0.0048,0.0000
raw,bm25,1.2,0,64,0.0000,0.0000,0.0000,0.0240,0.0000,0.0303,0.0000
raw,bm25,1.2,0,65,0.0000,0.0000,0.0000,0.0976,0.0000,0.0625,0.0000
raw,bm25,1.2,0,66,0.0000,0.0000,0.0000,0.0479,0.0000,0.0500,0.0000
raw,bm25,1.2,0,67,0.1000,0.0714,0.0833,0.1439,0.0357,0.5000,0.1688
raw,bm25,1.2,0,68,0.1000,0.2000,0.1333,0.1576,0.1000,0.5000,0.2744
raw,bm25,1.2,0,69,0.1000,0.2000,0.1333,0.0580,0.0222,0.1111,0.1265
raw,bm25,1.2,0,70,0.1000,0.1000,0.1000,0.0950,0.0250,0.2500,0.1045
raw,bm25,1.2,0,71,0.1000,0.1250,0.1111,0.0805,0.0312,0.2500,0.1402
raw,bm25,1.2,0,72,0.0000,0.0000,0.0000,0.0234,0.0000,0.0370,0.0000
raw,bm25,1.2,0,73,0.5000,0.2500,0.3333,0.3101,0.1681,1.0000,0.6043
raw,bm25,1.2,0,74,0.1000,0.1667,0.1250,0.1239,0.0833,0.5000,0.2679
raw,bm25,1.2,0,75,0.0000,0.0000,0.0000,0.0205,0.0000,0.0154,0.0000
raw,bm25,1.2,0,76,0.4000,0.5714,0.4706,0.3499,0.3452,0.5000,0.4923
raw,bm25,1.2,0,77,0.3000,0.5000,0.3750,0.3423,0.2659,0.5000,0.2861
raw,bm25,1.2,0,78,0.2000,0.6667,0.3077,0.5500,0.4667,1.0000,0.6007
raw,bm25,1.2,0,79,0.1000,0.2000,0.1333,0.0308,0.0200,0.1000,0.1262
raw,bm25,1.2,0,80,0.0000,0.0000,0.0000,0.0058,0.0000,0.0049,0.0000
raw,bm25,1.2,0,81,0.1000,0.5000,0.1667,0.5294,0.5000,1.0000,0.2159
raw,bm25,1.2,0,82,0.2000,0.4000,0.2667,0.3279,0.2667,1.0000,0.4932
raw,bm25,1.2,0,83,0.1000,0.2500,0.1429,0.0715,0.0625,0.2500,0.1681
raw,bm25,1.2,0,84,0.2000,0.1818,0.1905,0.2500,0.1515,1.0000,0.1975
raw,bm25,1.2,0,85,0.1000,0.2500,0.1429,0.0428,0.0312,0.1250,0.0814
raw,bm25,1.2,0,86,0.2000,1.0000,0.3333,0.5000,0.5000,0.5000,0.6509
raw,bm25,1.2,0,87,0.0000,0.0000,0.0000,0.0108,0.0000,0.0061,0.0000
raw,bm25,1.2,0,88,0.6000,1.0000,0.7500,0.5653,0.5653,0.3333,0.6502
raw,bm25,1.2,0,89,0.3000,0.5000,0.3750,0.2478,0.1798,0.2500,0.4276
raw,bm25,1.2,0,90,0.3000,0.2308,0.2609,0.2326,0.1186,0.5000,0.2325
raw,bm25,1.2,0,91,0.4000,0.4444,0.4211,0.3753,0.2713,1.0000,0.5668
raw,bm25,1.2,0,92,0.5000,0.3846,0.4348,0.3451,0.2726,1.0000,0.3695
raw,bm25,1.2,0,93,0.1000,1.0000,0.1818,0.5000,0.5000,0.5000,0.6309
raw,bm25,1.2,0,94,0.5000,0.4167,0.4545,0.4184,0.2477,0.5000,0.3139
raw,bm25,1.2,0,95,0.1000,0.5000,0.1667,0.5833,0.5000,1.0000,0.2159
raw,bm25,1.2,0,96,0.7000,0.5385,0.6087,0.4389,0.3712,0.5000,0.6333
raw,bm25,1.2,0,97,0.2000,0.2000,0.2000,0.1521,0.1250,1.0000,0.2830
raw,bm25,1.2,0,98,0.0000,0.0000,0.0000,0.0193,0.0000,0.0588,0.0000
raw,bm25,1.2,0,99,0.1000,0.2500,0.1429,0.1032,0.0833,0.3333,0.2221
raw,bm25,1.2,0,100,0.3000,0.3333,0.3158,0.3341,0.2778,1.0000,0.5063
raw,bm25,1.2,0,101,0.5000,0.8333,0.6250,0.5033,0.4444,0.5000,0.5766
raw,bm25,1.2,0,102,0.1000,0.2500,0.1429,0.2847,0.2500,1.0000,0.2731
raw,bm25,1.2,0,103,0.0000,0.0000,0.0000,0.0265,0.0000,0.0500,0.0000
raw,bm25,1.2,0,104,0.1000,0.2000,0.1333,0.0763,0.0667,0.3333,0.1696
raw,bm25,1.2,0,105,0.3000,0.6000,0.4000,0.3236,0.3000,0.5000,0.5225
raw,bm25,1.2,0,106,0.2000,0.4000,0.2667,0.1720,0.0971,0.2000,0.1733
raw,bm25,1.2,0,107,0.2000,0.2857,0.2353,0.1206,0.0603,0.2000,0.1867
raw,bm25,1.2,0,108,0.5000,0.7143,0.5882,0.7481,0.6321,1.0000,0.7156
raw,bm25,1.2,0,109,0.0000,0.0000,0.0000,0.0255,0.0000,0.0476,0.0000
raw,bm25,1.2,0,110,0.0000,0.0000,0.0000,0.0078,0.0000,0.0074,0.0000
raw,bm25,1.2,0,111,0.1000,0.1429,0.1176,0.1461,0.0476,0.3333,0.1063
raw,bm25,1.2,0,112,0.2000,1.0000,0.3333,0.3750,0.3750,0.5000,0.4796
raw,bm25,1.2,0,113,0.1000,0.2500,0.1429,0.1253,0.0833,0.3333,0.1952
raw,bm25,1.2,0,114,0.0000,0.0000,0.0000,0.0214,0.0000,0.0455,0.0000
raw,bm25,1.2,0,115,0.0000,0.0000,0.0000,0.0466,0.0000,0.0667,0.0000
raw,bm25,1.2,0,116,0.1000,0.2000,0.1333,0.0522,0.0222,0.1111,0.0802
raw,bm25,1.2,0,117,0.0000,0.0000,0.0000,0.0218,0.0000,0.0250,0.0000
raw,bm25,1.2,0,118,0.2000,0.6667,0.3077,0.1872,0.1786,0.2500,0.3537
raw,bm25,1.2,0,119,0.0000,0.0000,0.0000,0.0476,0.0000,0.0476,0.0000
raw,bm25,1.2,0,120,0.3000,0.3333,0.3158,0.3217,0.1630,0.5000,0.3419
raw,bm25,1.2,0,121,0.4000,0.5714,0.4706,0.4340,0.3452,0.5000,0.5059
raw,bm25,1.2,0,122,0.1000,0.1111,0.1053,0.0718,0.0185,0.1667,0.0352
raw,bm25,1.2,0,123,0.0000,0.0000,0.0000,0.0301,0.0000,0.0312,0.0000
raw,bm25,1.2,0,124,0.0000,0.0000,0.0000,0.0034,0.0000,0.0043,0.0000
raw,bm25,1.2,0,125,0.3000,0.1765,0.2222,0.2741,0.1134,1.0000,0.4002
raw,bm25,1.2,0,126,0.2000,0.2500,0.2222,0.2641,0.2500,1.0000,0.5130
raw,bm25,1.2,0,127,0.1000,0.2000,0.1333,0.1165,0.0333,0.1667,0.1062
raw,bm25,1.2,0,128,0.0000,0.0000,0.0000,0.0210,0.0000,0.0345,0.0000
raw,bm25,1.2,0,129,0.4000,0.5714,0.4706,0.3717,0.3452,0.5000,0.5249
raw,bm25,1.2,0,130,0.4000,0.8000,0.5333,0.5881,0.5867,1.0000,0.7229
raw,bm25,1.2,0,131,0.2000,0.2500,0.2222,0.1667,0.0607,0.2000,0.1562
raw,bm25,1.2,0,132,0.7000,0.4667,0.5600,0.6599,0.3665,1.0000,0.5580
raw,bm25,1.2,0,133,0.3000,0.4286,0.3529,0.2319,0.1024,0.1667,0.2103
raw,bm25,1.2,0,134,0.1000,0.5000,0.1667,0.1042,0.0833,0.1667,0.1672
raw,bm25,1.2,0,135,0.3000,0.3750,0.3333,0.4144,0.1452,0.3333,0.1755
raw,bm25,1.2,0,136,0.2000,0.6667,0.3077,0.1886,0.1778,0.2000,0.3710
raw,bm25,1.2,0,137,0.1000,0.2500,0.1429,0.1851,0.1250,0.5000,0.2061
raw,bm25,1.2,0,138,0.1000,0.5000,0.1667,0.1713,0.1667,0.3333,0.3066
raw,bm25,1.2,0,139,0.0000,0.0000,0.0000,0.0047,0.0000,0.0051,0.0000
raw,bm25,1.2,0,140,0.1000,0.1667,0.1250,0.1092,0.0833,0.5000,0.2509
raw,bm25,1.2,0,141,0.2000,0.3333,0.2500,0.3532,0.2778,1.0000,0.4629
raw,bm25,1.2,0,142,0.0000,0.0000,0.0000,0.0012,0.0000,0.0012,0.0000
raw,bm25,1.2,0,143,0.1000,0.5000,0.1667,0.5588,0.5000,1.0000,0.6131
raw,bm25,1.2,0,144,0.3000,0.5000,0.3750,0.4253,0.2889,1.0000,0.4097
raw,bm25,1.2,0,145,0.2000,0.2857,0.2353,0.2303,0.1429,0.5000,0.2898
raw,bm25,1.2,0,146,0.2000,1.0000,0.3333,0.2500,0.2500,0.2500,0.4035
raw,bm25,1.2,0,147,0.4000,0.4000,0.4000,0.2507,0.1971,0.5000,0.4041
raw,bm25,1.2,0,148,0.2000,0.3333,0.2500,0.1563,0.0893,0.2500,0.2622
raw,bm25,1.2,0,149,0.2000,0.1818,0.1905,0.2483,0.1273,1.0000,0.3052
raw,bm25,1.2,0,150,0.2000,1.0000,0.3333,1.0000,1.0000,1.0000,1.0000
raw,bm25,1.2,0,151,0.0000,0.0000,0.0000,0.0134,0.0000,0.0189,0.0000
raw,bm25,1.2,0,152,0.0000,0.0000,0.0000,0.0104,0.0000,0.0091,0.0000
raw,bm25,1.2,0,153,0.1000,0.1429,0.1176,0.1055,0.0476,0.3333,0.0807
raw,bm25,1.2,0,154,0.2000,1.0000,0.3333,0.6111,0.6111,1.0000,0.6812
raw,bm25,1.2,0,155,0.1000,0.1667,0.1250,0.1434,0.0833,0.5000,0.1420
raw,bm25,1.2,0,156,0.7000,0.5000,0.5833,0.5181,0.4344,1.0000,0.5992
raw,bm25,1.2,0,157,0.4000,0.1026,0.1633,0.1871,0.0723,1.0000,0.3981
raw,bm25,1.2,0,158,0.1000,0.1250,0.1111,0.1866,0.1250,1.0000,0.3630
raw,bm25,1.2,0,159,0.1000,0.1250,0.1111,0.0383,0.0156,0.1250,0.0869
raw,bm25,1.2,0,160,0.1000,0.2000,0.1333,0.1232,0.1000,0.5000,0.2484
raw,bm25,1.2,0,161,0.2000,0.3333,0.2500,0.3315,0.2778,1.0000,0.6002
raw,bm25,1.2,0,162,0.3000,0.3750,0.3333,0.1478,0.0940,0.1667,0.1680
raw,bm25,1.2,0,163,0.2000,0.6667,0.3077,0.3418,0.3333,0.5000,0.4982
raw,bm25,1.2,0,164,0.5000,0.6250,0.5556,0.5505,0.5246,1.0000,0.7561
raw,bm25,1.2,0,165,0.2000,1.0000,0.3333,0.2429,0.2429,0.2000,0.4416
raw,bm25,1.2,0,166,0.1000,0.1250,0.1111,0.0376,0.0139,0.1111,0.0761
raw,bm25,1.2,0,167,0.2000,1.0000,0.3333,0.4500,0.4500,0.5000,0.6257
raw,bm25,1.2,0,168,0.0000,0.0000,0.0000,0.0467,0.0000,0.0909,0.0000
raw,bm25,1.2,0,169,0.2000,0.5000,0.2857,0.5018,0.5000,1.0000,0.6367
raw,bm25,1.2,0,170,0.2000,0.3333,0.2500,0.1940,0.1167,0.5000,0.2233
raw,bm25,1.2,0,171,0.1000,0.3333,0.1538,0.4560,0.3333,1.0000,0.5695
raw,bm25,1.2,0,172,0.4000,1.0000,0.5714,0.6792,0.6792,0.5000,0.6867
raw,bm25,1.2,0,173,0.2000,1.0000,0.3333,0.8333,0.8333,1.0000,0.9197
raw,bm25,1.2,0,174,0.0000,0.0000,0.0000,0.0369,0.0000,0.0625,0.0000
raw,bm25,1.2,0,175,0.0000,0.0000,0.0000,0.0247,0.0000,0.0833,0.0000
raw,bm25,1.2,0,176,0.1000,0.1429,0.1176,0.0457,0.0238,0.1667,0.1181
raw,bm25,1.2,0,177,0.3000,0.6000,0.4000,0.2555,0.2083,0.3333,0.4039
raw,bm25,1.2,0,178,0.2000,0.5000,0.2857,0.2364,0.1667,0.3333,0.3108
raw,bm25,1.2,0,179,0.2000,0.5000,0.2857,0.1238,0.1181,0.2500,0.2856
raw,bm25,1.2,0,180,0.3000,0.4286,0.3529,0.2764,0.2143,0.5000,0.3378
raw,bm25,1.2,0,181,0.1000,0.2000,0.1333,0.2548,0.2000,1.0000,0.2491
raw,bm25,1.2,0,182,0.2000,1.0000,0.3333,0.3500,0.3500,0.5000,0.5895
raw,bm25,1.2,0,183,0.3000,0.2308,0.2609,0.2017,0.1355,1.0000,0.2919
raw,bm25,1.2,0,184,0.0000,0.0000,0.0000,0.0440,0.0000,0.0667,0.0000
raw,bm25,1.2,0,185,0.6000,0.6667,0.6316,0.8092,0.6204,1.0000,0.8244
raw,bm25,1.2,0,186,0.4000,0.2500,0.3077,0.1650,0.1253,0.3333,0.3633
raw,bm25,1.2,0,187,0.1000,0.1667,0.1250,0.1179,0.0833,0.5000,0.2018
raw,bm25,1.2,0,188,0.3000,0.2727,0.2857,0.2064,0.1364,0.5000,0.3454
raw,bm25,1.2,0,189,0.2000,0.2222,0.2105,0.1029,0.0617,0.3333,0.1841
raw,bm25,1.2,0,190,0.2000,0.4000,0.2667,0.2787,0.2444,1.0000,0.3317
raw,bm25,1.2,0,191,0.4000,0.3077,0.3478,0.2586,0.0970,0.2000,0.2169
raw,bm25,1.2,0,192,0.3000,0.7500,0.4286,0.3458,0.3438,0.5000,0.5376
raw,bm25,1.2,0,193,0.6000,0.6667,0.6316,0.7200,0.5823,1.0000,0.6620
raw,bm25,1.2,0,194,0.3000,0.5000,0.3750,0.4034,0.3194,0.5000,0.4599
raw,bm25,1.2,0,195,0.1000,0.3333,0.1538,0.1118,0.0833,0.2500,0.2021
raw,bm25,1.2,0,196,0.1000,0.0833,0.0909,0.0486,0.0119,0.1429,0.0554
raw,bm25,1.2,0,197,0.2000,0.6667,0.3077,0.4556,0.3889,0.5000,0.5498
raw,bm25,1.2,0,198,0.2000,0.5000,0.2857,0.2447,0.2083,0.5000,0.3591
raw,bm25,1.2,0,199,0.0000,0.0000,0.0000,0.0228,0.0000,0.0270,0.0000
raw,bm25,1.2,0,200,0.2000,0.6667,0.3077,0.5046,0.5000,1.0000,0.6714
raw,bm25,1.2,0,201,0.4000,0.2500,0.3077,0.3427,0.1969,1.0000,0.5611
raw,bm25,1.2,0,202,0.2000,0.1429,0.1667,0.1485,0.1071,1.0000,0.1332
raw,bm25,1.2,0,203,0.3000,0.2143,0.2500,0.1491,0.1101,0.5000,0.3536
raw,bm25,1.2,0,204,0.1000,0.0714,0.0833,0.0358,0.0071,0.1000,0.0993
raw,bm25,1.2,0,205,0.0000,0.0000,0.0000,0.0516,0.0000,0.0769,0.0000
raw,bm25,1.2,0,206,0.2000,0.6667,0.3077,0.2797,0.2778,0.3333,0.4738
raw,bm25,1.2,0,207,0.0000,0.0000,0.0000,0.0065,0.0000,0.0048,0.0000
raw,bm25,1.2,0,208,0.3000,0.5000,0.3750,0.3400,0.2444,0.5000,0.4841
raw,bm25,1.2,0,209,0.1000,0.0833,0.0909,0.1030,0.0278,0.3333,0.1019
raw,bm25,1.2,0,210,0.2000,0.3333,0.2500,0.2860,0.2037,1.0000,0.4003
raw,bm25,1.2,0,211,0.1000,0.0909,0.0952,0.1371,0.0455,0.5000,0.0692
raw,bm25,1.2,0,212,0.5000,0.3571,0.4167,0.5320,0.3224,1.0000,0.5200
raw,bm25,1.2,0,213,0.5000,0.4545,0.4762,0.5672,0.4212,1.0000,0.6243
raw,bm25,1.2,0,214,0.1000,0.2500,0.1429,0.0993,0.0833,0.3333,0.1952
raw,bm25,1.2,0,215,0.0000,0.0000,0.0000,0.0218,0.0000,0.0238,0.0000
raw,bm25,1.2,0,216,0.0000,0.0000,0.0000,0.0027,0.0000,0.0027,0.0000
raw,bm25,1.2,0,217,0.2000,0.1333,0.1600,0.1242,0.0667,0.5000,0.2107
raw,bm25,1.2,0,218,0.4000,0.2667,0.3200,0.2034,0.1148,0.2500,0.2757
raw,bm25,1.2,0,219,0.0000,0.0000,0.0000,0.0306,0.0000,0.0286,0.0000
raw,bm25,1.2,0,220,0.3000,0.1579,0.2069,0.1735,0.0811,0.5000,0.1938
raw,bm25,1.2,0,221,0.3000,0.1667,0.2143,0.1892,0.0889,0.5000,0.2238
raw,bm25,1.2,0,222,0.4000,0.4444,0.4211,0.3506,0.2487,0.5000,0.4361
raw,bm25,1.2,0,223,0.3000,0.7500,0.4286,0.6667,0.5833,1.0000,0.7542
raw,bm25,1.2,0,224,0.3000,0.3750,0.3333,0.3023,0.2000,0.5000,0.3249
raw,bm25,1.2,0,225,0.2000,0.0833,0.1176,0.0731,0.0486,0.5000,0.1454
raw,bm25,1.2,0.75,1,0.4000,0.1429,0.2105,0.2241,0.1149,1.0000,0.3250
raw,bm25,1.2,0.75,2,0.4000,0.1667,0.2353,0.1651,0.1280,1.0000,0.5273
raw,bm25,1.2,0.75,3,0.4000,0.5000,0.4444,0.5885,0.5000,1.0000,0.6479
raw,bm25,1.2,0.75,4,0.1000,0.5000,0.1667,0.5833,0.5000,1.0000,0.6131
raw,bm25,1.2,0.75,5,0.1000,0.2500,0.1429,0.1664,0.0625,0.2500,0.2054
raw,bm25,1.2,0.75,6,0.1000,0.2500,0.1429,0.1509,0.1250,0.5000,0.2061
raw,bm25,1.2,0.75,7,0.2000,0.4000,0.2667,0.2505,0.2333,0.5000,0.3474
raw,bm25,1.2,0.75,8,0.1000,0.0909,0.0952,0.1593,0.0909,1.0000,0.2670
raw,bm25,1.2,0.75,9,0.2000,0.6667,0.3077,0.2906,0.2778,0.5000,0.4632
raw,bm25,1.2,0.75,10,0.2000,0.2500,0.2222,0.1282,0.0938,0.5000,0.2315
raw,bm25,1.2,0.75,11,0.2000,0.2857,0.2353,0.1630,0.1000,0.5000,0.1950
raw,bm25,1.2,0.75,12,0.0000,0.0000,0.0000,0.0555,0.0000,0.0769,0.0000
raw,bm25,1.2,0.75,13,0.0000,0.0000,0.0000,0.0030,0.0000,0.0026,0.0000
raw,bm25,1.2,0.75,14,0.1000,0.5000,0.1667,0.1227,0.1000,0.2000,0.3341
raw,bm25,1.2,0.75,15,0.2000,1.0000,0.3333,1.0000,1.0000,1.0000,0.8597
raw,bm25,1.2,0.75,16,0.2000,0.6667,0.3077,0.2627,0.2333,0.5000,0.4046
raw,bm25,1.2,0.75,17,0.1000,0.5000,0.1667,0.1823,0.1667,0.3333,0.3520
raw,bm25,1.2,0.75,18,0.1000,0.3333,0.1538,0.1198,0.0833,0.2500,0.2021
raw,bm25,1.2,0.75,19,0.0000,0.0000,0.0000,0.0168,0.0000,0.0909,0.0000
raw,bm25,1.2,0.75,20,0.4000,0.4444,0.4211,0.3213,0.2022,0.5000,0.3944
raw,bm25,1.2,0.75,21,0.2000,0.5000,0.2857,0.1112,0.0972,0.1667,0.2820
raw,bm25,1.2,0.75,22,0.0000,0.0000,0.0000,0.0018,0.0000,0.0018,0.0000
raw,bm25,1.2,0.75,23,0.1000,0.0312,0.0476,0.1197,0.0312,1.0000,0.2621
raw,bm25,1.2,0.75,24,0.2000,0.6667,0.3077,0.2808,0.2778,0.5000,0.5025
raw,bm25,1.2,0.75,25,0.5000,0.5556,0.5263,0.5086,0.4120,1.0000,0.5473
raw,bm25,1.2,0.75,26,0.2000,0.3333,0.2500,0.3215,0.2778,1.0000,0.5197
raw,bm25,1.2,0.75,27,0.1000,0.3333,0.1538,0.1014,0.0833,0.2500,0.2455
raw,bm25,1.2,0.75,28,0.0000,0.0000,0.0000,0.0016,0.0000,0.0016,0.0000
raw,bm25,1.2,0.75,29,0.4000,0.4444,0.4211,0.4126,0.3383,1.0000,0.4862
raw,bm25,1.2,0.75,30,0.1000,0.1429,0.1176,0.0763,0.0286,0.2000,0.1279
raw,bm25,1.2,0.75,31,0.0000,0.0000,0.0000,0.0007,0.0000,0.0007,0.0000
raw,bm25,1.2,0.75,32,0.0000,0.0000,0.0000,0.0170,0.0000,0.0156,0.0000
raw,bm25,1.2,0.75,33,0.2000,0.6667,0.3077,0.4603,0.3889,0.5000,0.4683
raw,bm25,1.2,0.75,34,0.2000,0.3333,0.2500,0.2135,0.0893,0.2500,0.1775
raw,bm25,1.2,0.75,35,0.0000,0.0000,0.0000,0.0153,0.0000,0.0141,0.0000
raw,bm25,1.2,0.75,36,0.1000,0.5000,0.1667,0.0521,0.0500,0.1000,0.1357
raw,bm25,1.2,0.75,37,0.2000,0.2222,0.2105,0.1638,0.0593,0.2000,0.1847
raw,bm25,1.2,0.75,38,0.0000,0.0000,0.0000,0.0621,0.0000,0.0833,0.0000
raw,bm25,1.2,0.75,39,0.2000,0.1538,0.1739,0.1101,0.0449,0.2500,0.1096
raw,bm25,1.2,0.75,40,0.0000,0.0000,0.0000,0.0337,0.0000,0.0500,0.0000
raw,bm25,1.2,0.75,41,0.3000,1.0000,0.4615,0.9167,0.9167,1.0000,0.9491
raw,bm25,1.2,0.75,42,0.3000,0.6000,0.4000,0.1967,0.1900,0.2500,0.4061
raw,bm25,1.2,0.75,43,0.4000,0.6667,0.5000,0.6038,0.5417,1.0000,0.7954
raw,bm25,1.2,0.75,44,0.0000,0.0000,0.0000,0.0026,0.0000,0.0016,0.0000
raw,bm25,1.2,0.75,45,0.2000,0.1667,0.1818,0.1127,0.0583,0.5000,0.2305
raw,bm25,1.2,0.75,46,0.5000,0.3333,0.4000,0.2885,0.1807,0.5000,0.3713
raw,bm25,1.2,0.75,47,0.6000,0.4286,0.5000,0.3262,0.2257,0.3333,0.4752
raw,bm25,1.2,0.75,48,0.2000,0.1818,0.1905,0.1427,0.1061,0.5000,0.2556
raw,bm25,1.2,0.75,49,0.1000,0.5000,0.1667,0.1439,0.1250,0.2500,0.3274
raw,bm25,1.2,0.75,50,0.1000,0.1667,0.1250,0.0354,0.0208,0.1250,0.1441
raw,bm25,1.2,0.75,51,0.4000,0.4000,0.4000,0.4775,0.3500,1.0000,0.4066
raw,bm25,1.2,0.75,52,0.2000,0.5000,0.2857,0.4223,0.2917,0.5000,0.4972
raw,bm25,1.2,0.75,53,0.1000,0.1000,0.1000,0.2378,0.1000,1.0000,0.1620
raw,bm25,1.2,0.75,54,0.2000,0.2222,0.2105,0.1609,0.0833,0.5000,0.2838
raw,bm25,1.2,0.75,55,0.3000,0.3000,0.3000,0.1883,0.1067,0.3333,0.1978
raw,bm25,1.2,0.75,56,0.2000,0.2000,0.2000,0.1333,0.0619,0.3333,0.1520
raw,bm25,1.2,0.75,57,0.0000,0.0000,0.0000,0.0796,0.0000,0.0769,0.0000
raw,bm25,1.2,0.75,58,0.1000,0.1111,0.1053,0.1010,0.0278,0.2500,0.1653
raw,bm25,1.2,0.75,59,0.0000,0.0000,0.0000,0.0745,0.0000,0.0909,0.0000
raw,bm25,1.2,0.75,60,0.3000,0.6000,0.4000,0.3874,0.3667,1.0000,0.4989
raw,bm25,1.2,0.75,61,0.2000,0.4000,0.2667,0.2771,0.2333,0.5000,0.4051
raw,bm25,1.2,0.75,62,0.0000,0.0000,0.0000,0.0291,0.0000,0.0625,0.0000
raw,bm25,1.2,0.75,63,0.0000,0.0000,0.0000,0.0049,0.0000,0.0048,0.0000
raw,bm25,1.2,0.75,64,0.1000,0.5000,0.1667,0.0861,0.0714,0.1429,0.2263
raw,bm25,1.2,0.75,65,0.5000,0.3333,0.4000,0.2512,0.1818,0.5000,0.4307
raw,bm25,1.2,0.75,66,0.1000,0.2000,0.1333,0.1084,0.0500,0.2500,0.1716
raw,bm25,1.2,0.75,67,0.6000,0.4286,0.5000,0.5168,0.3988,1.0000,0.6497
raw,bm25,1.2,0.75,68,0.1000,0.2000,0.1333,0.1457,0.1000,0.5000,0.2744
raw,bm25,1.2,0.75,69,0.0000,0.0000,0.0000,0.0565,0.0000,0.0833,0.0000
raw,bm25,1.2,0.75,70,0.1000,0.1000,0.1000,0.0923,0.0167,0.1667,0.0865
raw,bm25,1.2,0.75,71,0.0000,0.0000,0.0000,0.0465,0.0000,0.0833,0.0000
raw,bm25,1.2,0.75,72,0.1000,0.0588,0.0741,0.0333,0.0098,0.1667,0.1005
raw,bm25,1.2,0.75,73,0.5000,0.2500,0.3333,0.3312,0.2025,1.0000,0.5627
raw,bm25,1.2,0.75,74,0.1000,0.1667,0.1250,0.0683,0.0333,0.2000,0.1642
raw,bm25,1.2,0.75,75,0.0000,0.0000,0.0000,0.0494,0.0000,0.0667,0.0000
raw,bm25,1.2,0.75,76,0.3000,0.4286,0.3529,0.3322,0.2738,0.5000,0.4215
raw,bm25,1.2,0.75,77,0.4000,0.6667,0.5000,0.5691,0.5139,1.0000,0.5825
raw,bm25,1.2,0.75,78,0.3000,1.0000,0.4615,0.5397,0.5397,1.0000,0.6846
raw,bm25,1.2,0.75,79,0.1000,0.2000,0.1333,0.0649,0.0500,0.2500,0.1881
raw,bm25,1.2,0.75,80,0.0000,0.0000,0.0000,0.0080,0.0000,0.0069,0.0000
raw,bm25,1.2,0.75,81,0.2000,1.0000,0.3333,0.6111,0.6111,1.0000,0.4760
raw,bm25,1.2,0.75,82,0.3000,0.6000,0.4000,0.4368,0.4000,1.0000,0.6549
raw,bm25,1.2,0.75,83,0.1000,0.2500,0.1429,0.2587,0.2500,1.0000,0.3904
raw,bm25,1.2,0.75,84,0.4000,0.3636,0.3810,0.3733,0.3182,1.0000,0.4026
raw,bm25,1.2,0.75,85,0.0000,0.0000,0.0000,0.0344,0.0000,0.0833,0.0000
raw,bm25,1.2,0.75,86,0.2000,1.0000,0.3333,0.5833,0.5833,0.5000,0.6934
raw,bm25,1.2,0.75,87,0.0000,0.0000,0.0000,0.0110,0.0000,0.0054,0.0000
raw,bm25,1.2,0.75,88,0.6000,1.0000,0.7500,0.6218,0.6218,0.5000,0.6813
raw,bm25,1.2,0.75,89,0.2000,0.3333,0.2500,0.3825,0.2500,1.0000,0.5464
raw,bm25,1.2,0.75,90,0.3000,0.2308,0.2609,0.2162,0.1227,0.5000,0.1972
raw,bm25,1.2,0.75,91,0.3000,0.3333,0.3158,0.3620,0.2222,1.0000,0.4680
raw,bm25,1.2,0.75,92,0.6000,0.4615,0.5217,0.4699,0.3832,1.0000,0.4551
raw,bm25,1.2,0.75,93,0.1000,1.0000,0.1818,0.5000,0.5000,0.5000,0.6309
raw,bm25,1.2,0.75,94,0.6000,0.5000,0.5455,0.4421,0.3179,0.5000,0.4090
raw,bm25,1.2,0.75,95,0.1000,0.5000,0.1667,0.5909,0.5000,1.0000,0.2159
raw,bm25,1.2,0.75,96,0.6000,0.4615,0.5217,0.3414,0.2244,0.3333,0.4278
raw,bm25,1.2,0.75,97,0.2000,0.2000,0.2000,0.0761,0.0533,0.3333,0.1576
raw,bm25,1.2,0.75,98,0.0000,0.0000,0.0000,0.0156,0.0000,0.0345,0.0000
raw,bm25,1.2,0.75,99,0.1000,0.2500,0.1429,0.0803,0.0417,0.1667,0.1582
raw,bm25,1.2,0.75,100,0.3000,0.3333,0.3158,0.2897,0.2407,1.0000,0.4708
raw,bm25,1.2,0.75,101,0.5000,0.8333,0.6250,0.6082,0.5494,1.0000,0.7235
raw,bm25,1.2,0.75,102,0.1000,0.2500,0.1429,0.3222,0.2500,1.0000,0.2731
raw,bm25,1.2,0.75,103,0.0000,0.0000,0.0000,0.0114,0.0000,0.0204,0.0000
raw,bm25,1.2,0.75,104,0.1000,0.2000,0.1333,0.0857,0.0667,0.3333,0.1696
raw,bm25,1.2,0.75,105,0.2000,0.4000,0.2667,0.3951,0.3333,1.0000,0.6332
raw,bm25,1.2,0.75,106,0.3000,0.6000,0.4000,0.2311,0.2157,0.2500,0.3626
raw,bm25,1.2,0.75,107,0.2000,0.2857,0.2353,0.2566,0.1667,0.5000,0.3056
raw,bm25,1.2,0.75,108,0.6000,0.8571,0.7059,0.8286,0.7571,1.0000,0.7987
raw,bm25,1.2,0.75,109,0.0000,0.0000,0.0000,0.0295,0.0000,0.0526,0.0000
raw,bm25,1.2,0.75,110,0.0000,0.0000,0.0000,0.0124,0.0000,0.0114,0.0000
raw,bm25,1.2,0.75,111,0.2000,0.2857,0.2353,0.2103,0.0833,0.3333,0.1734
raw,bm25,1.2,0.75,112,0.1000,0.5000,0.1667,0.3409,0.2500,0.5000,0.2398
raw,bm25,1.2,0.75,113,0.2000,0.5000,0.2857,0.3740,0.3500,1.0000,0.5414
raw,bm25,1.2,0.75,114,0.0000,0.0000,0.0000,0.0406,0.0000,0.0909,0.0000
raw,bm25,1.2,0.75,115,0.0000,0.0000,0.0000,0.0427,0.0000,0.0345,0.0000
raw,bm25,1.2,0.75,116,0.0000,0.0000,0.0000,0.0391,0.0000,0.0588,0.0000
raw,bm25,1.2,0.75,117,0.0000,0.0000,0.0000,0.0346,0.0000,0.0435,0.0000
raw,bm25,1.2,0.75,118,0.2000,0.6667,0.3077,0.2149,0.1944,0.2500,0.3668
raw,bm25,1.2,0.75,119,0.0000,0.0000,0.0000,0.0455,0.0000,0.0455,0.0000
raw,bm25,1.2,0.75,120,0.5000,0.5556,0.5263,0.4509,0.3426,0.5000,0.5479
raw,bm25,1.2,0.75,121,0.4000,0.5714,0.4706,0.5177,0.3881,0.5000,0.5179
raw,bm25,1.2,0.75,122,0.1000,0.1111,0.1053,0.1437,0.0185,0.1667,0.0352
raw,bm25,1.2,0.75,123,0.0000,0.0000,0.0000,0.0317,0.0000,0.0263,0.0000
raw,bm25,1.2,0.75,124,0.0000,0.0000,0.0000,0.0038,0.0000,0.0056,0.0000
raw,bm25,1.2,0.75,125,0.3000,0.1765,0.2222,0.2790,0.1103,1.0000,0.3973
raw,bm25,1.2,0.75,126,0.2000,0.2500,0.2222,0.2231,0.2083,1.0000,0.4718
raw,bm25,1.2,0.75,127,0.1000,0.2000,0.1333,0.1030,0.0500,0.2500,0.1284
raw,bm25,1.2,0.75,128,0.0000,0.0000,0.0000,0.0248,0.0000,0.0417,0.0000
raw,bm25,1.2,0.75,129,0.4000,0.5714,0.4706,0.4001,0.3690,0.5000,0.5392
raw,bm25,1.2,0.75,130,0.4000,0.8000,0.5333,0.5848,0.5833,1.0000,0.7138
raw,bm25,1.2,0.75,131,0.4000,0.5000,0.4444,0.2445,0.1698,0.2500,0.3171
raw,bm25,1.2,0.75,132,0.7000,0.4667,0.5600,0.5959,0.3110,0.5000,0.5798
raw,bm25,1.2,0.75,133,0.1000,0.1429,0.1176,0.2218,0.0143,0.1000,0.0310
raw,bm25,1.2,0.75,134,0.1000,0.5000,0.1667,0.1333,0.0833,0.1667,0.1672
raw,bm25,1.2,0.75,135,0.5000,0.6250,0.5556,0.4134,0.2633,0.3333,0.2603
raw,bm25,1.2,0.75,136,0.2000,0.6667,0.3077,0.4185,0.4000,1.0000,0.8359
raw,bm25,1.2,0.75,137,0.2000,0.5000,0.2857,0.1950,0.1625,0.2500,0.2670
raw,bm25,1.2,0.75,138,0.1000,0.5000,0.1667,0.1318,0.1250,0.2500,0.2641
raw,bm25,1.2,0.75,139,0.0000,0.0000,0.0000,0.0048,0.0000,0.0032,0.0000
raw,bm25,1.2,0.75,140,0.1000,0.1667,0.1250,0.1095,0.0833,0.5000,0.2509
raw,bm25,1.2,0.75,141,0.2000,0.3333,0.2500,0.4169,0.3333,1.0000,0.5455
raw,bm25,1.2,0.75,142,0.0000,0.0000,0.0000,0.0014,0.0000,0.0014,0.0000
raw,bm25,1.2,0.75,143,0.1000,0.5000,0.1667,0.5667,0.5000,1.0000,0.6131
raw,bm25,1.2,0.75,144,0.5000,0.8333,0.6250,0.5631,0.5496,0.5000,0.6391
raw,bm25,1.2,0.75,145,0.4000,0.5714,0.4706,0.3788,0.3565,1.0000,0.5647
raw,bm25,1.2,0.75,146,0.2000,1.0000,0.3333,0.6667,0.6667,1.0000,0.6509
raw,bm25,1.2,0.75,147,0.3000,0.3000,0.3000,0.2600,0.1767,0.5000,0.3384
raw,bm25,1.2,0.75,148,0.2000,0.3333,0.2500,0.1970,0.1389,0.3333,0.3194
raw,bm25,1.2,0.75,149,0.5000,0.4545,0.4762,0.3905,0.2864,1.0000,0.5392
raw,bm25,1.2,0.75,150,0.2000,1.0000,0.3333,0.5833,0.5833,0.5000,0.6934
raw,bm25,1.2,0.75,151,0.0000,0.0000,0.0000,0.0171,0.0000,0.0189,0.0000
raw,bm25,1.2,0.75,152,0.0000,0.0000,0.0000,0.0144,0.0000,0.0333,0.0000
raw,bm25,1.2,0.75,153,0.3000,0.4286,0.3529,0.1521,0.1369,0.2500,0.2287
raw,bm25,1.2,0.75,154,0.2000,1.0000,0.3333,0.6250,0.6250,1.0000,0.6913
raw,bm25,1.2,0.75,155,0.2000,0.3333,0.2500,0.2459,0.2000,1.0000,0.2577
raw,bm25,1.2,0.75,156,0.6000,0.4286,0.5000,0.5122,0.3988,1.0000,0.5326
raw,bm25,1.2,0.75,157,0.6000,0.1538,0.2449,0.2124,0.1016,0.5000,0.4714
raw,bm25,1.2,0.75,158,0.1000,0.1250,0.1111,0.2079,0.1250,1.0000,0.3630
raw,bm25,1.2,0.75,159,0.1000,0.1250,0.1111,0.0557,0.0312,0.2500,0.1187
raw,bm25,1.2,0.75,160,0.1000,0.2000,0.1333,0.0531,0.0286,0.1429,0.1312
raw,bm25,1.2,0.75,161,0.3000,0.5000,0.3750,0.4217,0.4048,1.0000,0.6971
raw,bm25,1.2,0.75,162,0.2000,0.2500,0.2222,0.2665,0.1667,1.0000,0.2954
raw,bm25,1.2,0.75,163,0.2000,0.6667,0.3077,0.2901,0.2778,0.3333,0.4367
raw,bm25,1.2,0.75,164,0.4000,0.5000,0.4444,0.4774,0.4271,1.0000,0.6545
raw,bm25,1.2,0.75,165,0.2000,1.0000,0.3333,0.3929,0.3929,0.5000,0.5912
raw,bm25,1.2,0.75,166,0.1000,0.1250,0.1111,0.0353,0.0139,0.1111,0.0761
raw,bm25,1.2,0.75,167,0.2000,1.0000,0.3333,0.3333,0.3333,0.3333,0.5191
raw,bm25,1.2,0.75,168,0.1000,0.5000,0.1667,0.1015,0.1000,0.2000,0.2372
raw,bm25,1.2,0.75,169,0.2000,0.5000,0.2857,0.2937,0.2917,0.5000,0.4415
raw,bm25,1.2,0.75,170,0.4000,0.6667,0.5000,0.4482,0.4444,1.0000,0.6310
raw,bm25,1.2,0.75,171,0.2000,0.6667,0.3077,0.5033,0.4444,1.0000,0.6202
raw,bm25,1.2,0.75,172,0.4000,1.0000,0.5714,0.8042,0.8042,1.0000,0.8940
raw,bm25,1.2,0.75,173,0.2000,1.0000,0.3333,1.0000,1.0000,1.0000,1.0000
raw,bm25,1.2,0.75,174,0.1000,0.2000,0.1333,0.0532,0.0222,0.1111,0.1180
raw,bm25,1.2,0.75,175,0.1000,0.2000,0.1333,0.0651,0.0500,0.2500,0.1609
raw,bm25,1.2,0.75,176,0.1000,0.1429,0.1176,0.1088,0.0714,0.5000,0.2092
raw,bm25,1.2,0.75,177,0.3000,0.6000,0.4000,0.3705,0.2800,0.5000,0.4005
raw,bm25,1.2,0.75,178,0.3000,0.7500,0.4286,0.3519,0.3333,0.5000,0.5743
raw,bm25,1.2,0.75,179,0.2000,0.5000,0.2857,0.2143,0.2083,0.5000,0.3854
raw,bm25,1.2,0.75,180,0.3000,0.4286,0.3529,0.3569,0.2524,0.5000,0.3497
raw,bm25,1.2,0.75,181,0.2000,0.4000,0.2667,0.3088,0.2800,1.0000,0.3937
raw,bm25,1.2,0.75,182,0.1000,0.5000,0.1667,0.3333,0.2500,0.5000,0.4796
raw,bm25,1.2,0.75,183,0.4000,0.3077,0.3478,0.2550,0.2090,0.5000,0.3007
raw,bm25,1.2,0.75,184,0.1000,0.1429,0.1176,0.0648,0.0159,0.1111,0.0867
raw,bm25,1.2,0.75,185,0.6000,0.6667,0.6316,0.8221,0.6222,1.0000,0.8183
raw,bm25,1.2,0.75,186,0.5000,0.3125,0.3846,0.2043,0.1868,0.5000,0.4807
raw,bm25,1.2,0.75,187,0.2000,0.3333,0.2500,0.1203,0.0926,0.3333,0.2562
raw,bm25,1.2,0.75,188,0.3000,0.2727,0.2857,0.2759,0.1905,1.0000,0.4423
raw,bm25,1.2,0.75,189,0.1000,0.1111,0.1053,0.1215,0.0556,0.5000,0.1220
raw,bm25,1.2,0.75,190,0.2000,0.4000,0.2667,0.3664,0.3000,1.0000,0.3854
raw,bm25,1.2,0.75,191,0.3000,0.2308,0.2609,0.3453,0.0853,0.3333,0.1990
raw,bm25,1.2,0.75,192,0.3000,0.7500,0.4286,0.2702,0.2667,0.3333,0.4637
raw,bm25,1.2,0.75,193,0.7000,0.7778,0.7368,0.7129,0.6425,1.0000,0.6665
raw,bm25,1.2,0.75,194,0.3000,0.5000,0.3750,0.2961,0.1944,0.5000,0.2985
raw,bm25,1.2,0.75,195,0.0000,0.0000,0.0000,0.0536,0.0000,0.0833,0.0000
raw,bm25,1.2,0.75,196,0.2000,0.1667,0.1818,0.0952,0.0542,0.2500,0.1716
raw,bm25,1.2,0.75,197,0.3000,1.0000,0.4615,0.4889,0.4889,0.5000,0.6596
raw,bm25,1.2,0.75,198,0.2000,0.5000,0.2857,0.3832,0.3125,1.0000,0.5005
raw,bm25,1.2,0.75,199,0.0000,0.0000,0.0000,0.0386,0.0000,0.0476,0.0000
raw,bm25,1.2,0.75,200,0.2000,0.6667,0.3077,0.4733,0.4667,1.0000,0.6508
raw,bm25,1.2,0.75,201,0.6000,0.3750,0.4615,0.3733,0.2649,1.0000,0.6637
raw,bm25,1.2,0.75,202,0.3000,0.2143,0.2500,0.1484,0.1071,0.5000,0.1333
raw,bm25,1.2,0.75,203,0.4000,0.2857,0.3333,0.1997,0.1670,0.5000,0.4525
raw,bm25,1.2,0.75,204,0.1000,0.0714,0.0833,0.0455,0.0143,0.2000,0.1328
raw,bm25,1.2,0.75,205,0.0000,0.0000,0.0000,0.0424,0.0000,0.0625,0.0000
raw,bm25,1.2,0.75,206,0.2000,0.6667,0.3077,0.3913,0.3889,0.5000,0.5758
raw,bm25,1.2,0.75,207,0.0000,0.0000,0.0000,0.0070,0.0000,0.0045,0.0000
raw,bm25,1.2,0.75,208,0.3000,0.5000,0.3750,0.3927,0.2778,0.5000,0.5070
raw,bm25,1.2,0.75,209,0.3000,0.2500,0.2727,0.1934,0.1333,0.5000,0.2513
raw,bm25,1.2,0.75,210,0.2000,0.3333,0.2500,0.3345,0.2500,1.0000,0.4539
raw,bm25,1.2,0.75,211,0.1000,0.0909,0.0952,0.1991,0.0909,1.0000,0.1096
raw,bm25,1.2,0.75,212,0.7000,0.5000,0.5833,0.5514,0.3958,1.0000,0.5753
raw,bm25,1.2,0.75,213,0.6000,0.5455,0.5714,0.5898,0.4818,1.0000,0.7382
raw,bm25,1.2,0.75,214,0.1000,0.2500,0.1429,0.1507,0.1250,0.5000,0.2463
raw,bm25,1.2,0.75,215,0.0000,0.0000,0.0000,0.0289,0.0000,0.0333,0.0000
raw,bm25,1.2,0.75,216,0.0000,0.0000,0.0000,0.0021,0.0000,0.0021,0.0000
raw,bm25,1.2,0.75,217,0.1000,0.0667,0.0800,0.1166,0.0333,0.5000,0.1781
raw,bm25,1.2,0.75,218,0.2000,0.1333,0.1600,0.1457,0.0300,0.2500,0.1078
raw,bm25,1.2,0.75,219,0.0000,0.0000,0.0000,0.0318,0.0000,0.0278,0.0000
raw,bm25,1.2,0.75,220,0.2000,0.1053,0.1379,0.1879,0.0614,0.5000,0.1644
raw,bm25,1.2,0.75,221,0.3000,0.1667,0.2143,0.2157,0.1343,1.0000,0.3058
raw,bm25,1.2,0.75,222,0.4000,0.4444,0.4211,0.3709,0.3019,0.5000,0.4716
raw,bm25,1.2,0.75,223,0.2000,0.5000,0.2857,0.4369,0.3500,1.0000,0.5414
raw,bm25,1.2,0.75,224,0.3000,0.3750,0.3333,0.2520,0.1229,0.2500,0.2380
raw,bm25,1.2,0.75,225,0.2000,0.0833,0.1176,0.0756,0.0486,0.5000,0.1454
raw,bm25,1.2,1,1,0.5000,0.1786,0.2632,0.2285,0.1324,1.0000,0.3891
raw,bm25,1.2,1,2,0.4000,0.1667,0.2353,0.1612,0.1220,1.0000,0.5228
raw,bm25,1.2,1,3,0.4000,0.5000,0.4444,0.5704,0.4750,1.0000,0.6369
raw,bm25,1.2,1,4,0.1000,0.5000,0.1667,0.5769,0.5000,1.0000,0.6131
raw,bm25,1.2,1,5,0.1000,0.2500,0.1429,0.1693,0.0625,0.2500,0.2054
raw,bm25,1.2,1,6,0.1000,0.2500,0.1429,0.1489,0.1250,0.5000,0.2061
raw,bm25,1.2,1,7,0.2000,0.4000,0.2667,0.2517,0.2333,0.5000,0.3474
raw,bm25,1.2,1,8,0.1000,0.0909,0.0952,0.1606,0.0909,1.0000,0.2670
raw,bm25,1.2,1,9,0.2000,0.6667,0.3077,0.3476,0.3333,0.5000,0.4982
raw,bm25,1.2,1,10,0.2000,0.2500,0.2222,0.1332,0.0917,0.3333,0.2265
raw,bm25,1.2,1,11,0.1000,0.1429,0.1176,0.1568,0.0714,0.5000,0.1018
raw,bm25,1.2,1,12,0.1000,0.2000,0.1333,0.0785,0.0333,0.1667,0.1324
raw,bm25,1.2,1,13,0.0000,0.0000,0.0000,0.0032,0.0000,0.0035,0.0000
raw,bm25,1.2,1,14,0.1000,0.5000,0.1667,0.1477,0.1250,0.2500,0.3720
raw,bm25,1.2,1,15,0.2000,1.0000,0.3333,1.0000,1.0000,1.0000,0.8597
raw,bm25,1.2,1,16,0.1000,0.3333,0.1538,0.2500,0.1667,0.5000,0.2398
raw,bm25,1.2,1,17,0.1000,0.5000,0.1667,0.2656,0.2500,0.5000,0.4441
raw,bm25,1.2,1,18,0.1000,0.3333,0.1538,0.1072,0.0667,0.2000,0.1815
raw,bm25,1.2,1,19,0.1000,0.1111,0.1053,0.0193,0.0123,0.1111,0.0601
raw,bm25,1.2,1,20,0.4000,0.4444,0.4211,0.3615,0.2333,0.5000,0.4146
raw,bm25,1.2,1,21,0.2000,0.5000,0.2857,0.1320,0.1181,0.2500,0.3181
raw,bm25,1.2,1,22,0.0000,0.0000,0.0000,0.0019,0.0000,0.0019,0.0000
raw,bm25,1.2,1,23,0.1000,0.0312,0.0476,0.1198,0.0312,1.0000,0.2621
raw,bm25,1.2,1,24,0.2000,0.6667,0.3077,0.4197,0.4167,1.0000,0.6697
raw,bm25,1.2,1,25,0.4000,0.4444,0.4211,0.4475,0.3153,1.0000,0.4670
raw,bm25,1.2,1,26,0.2000,0.3333,0.2500,0.1867,0.1389,0.3333,0.3225
raw,bm25,1.2,1,27,0.1000,0.3333,0.1538,0.1016,0.0833,0.2500,0.2455
raw,bm25,1.2,1,28,0.0000,0.0000,0.0000,0.0017,0.0000,0.0018,0.0000
raw,bm25,1.2,1,29,0.4000,0.4444,0.4211,0.4303,0.3524,1.0000,0.4958
raw,bm25,1.2,1,30,0.1000,0.1429,0.1176,0.0704,0.0238,0.1667,0.1178
raw,bm25,1.2,1,31,0.0000,0.0000,0.0000,0.0007,0.0000,0.0007,0.0000
raw,bm25,1.2,1,32,0.0000,0.0000,0.0000,0.0191,0.0000,0.0270,0.0000
raw,bm25,1.2,1,33,0.2000,0.6667,0.3077,0.4365,0.3889,0.5000,0.4335
raw,bm25,1.2,1,34,0.2000,0.3333,0.2500,0.1898,0.0704,0.2000,0.1598
raw,bm25,1.2,1,35,0.0000,0.0000,0.0000,0.0140,0.0000,0.0128,0.0000
raw,bm25,1.2,1,36,0.0000,0.0000,0.0000,0.0315,0.0000,0.0588,0.0000
raw,bm25,1.2,1,37,0.2000,0.2222,0.2105,0.1677,0.0648,0.3333,0.1920
raw,bm25,1.2,1,38,0.0000,0.0000,0.0000,0.0593,0.0000,0.0714,0.0000
raw,bm25,1.2,1,39,0.2000,0.1538,0.1739,0.1026,0.0374,0.2000,0.1003
raw,bm25,1.2,1,40,0.0000,0.0000,0.0000,0.0303,0.0000,0.0385,0.0000
raw,bm25,1.2,1,41,0.3000,1.0000,0.4615,0.9167,0.9167,1.0000,0.9491
raw,bm25,1.2,1,42,0.2000,0.4000,0.2667,0.1920,0.1300,0.2500,0.3106
raw,bm25,1.2,1,43,0.4000,0.6667,0.5000,0.6537,0.5952,1.0000,0.8147
raw,bm25,1.2,1,44,0.0000,0.0000,0.0000,0.0027,0.0000,0.0017,0.0000
raw,bm25,1.2,1,45,0.2000,0.1667,0.1818,0.1142,0.0583,0.5000,0.2305
raw,bm25,1.2,1,46,0.3000,0.2000,0.2400,0.2237,0.0722,0.5000,0.2733
raw,bm25,1.2,1,47,0.6000,0.4286,0.5000,0.3178,0.2206,0.3333,0.4700
raw,bm25,1.2,1,48,0.2000,0.1818,0.1905,0.1386,0.1061,0.5000,0.2556
raw,bm25,1.2,1,49,0.1000,0.5000,0.1667,0.1923,0.1667,0.3333,0.3801
raw,bm25,1.2,1,50,0.1000,0.1667,0.1250,0.0718,0.0556,0.3333,0.2284
raw,bm25,1.2,1,51,0.4000,0.4000,0.4000,0.4743,0.3500,1.0000,0.4066
raw,bm25,1.2,1,52,0.3000,0.7500,0.4286,0.5667,0.5000,1.0000,0.7036
raw,bm25,1.2,1,53,0.2000,0.2000,0.2000,0.2488,0.1286,1.0000,0.2159
raw,bm25,1.2,1,54,0.2000,0.2222,0.2105,0.1512,0.0873,0.5000,0.2878
raw,bm25,1.2,1,55,0.3000,0.3000,0.3000,0.2163,0.1329,0.5000,0.2363
raw,bm25,1.2,1,56,0.2000,0.2000,0.2000,0.1168,0.0486,0.2000,0.1373
raw,bm25,1.2,1,57,0.0000,0.0000,0.0000,0.0766,0.0000,0.0667,0.0000
raw,bm25,1.2,1,58,0.1000,0.1111,0.1053,0.0870,0.0185,0.1667,0.1367
raw,bm25,1.2,1,59,0.0000,0.0000,0.0000,0.0671,0.0000,0.0833,0.0000
raw,bm25,1.2,1,60,0.3000,0.6000,0.4000,0.3948,0.3667,1.0000,0.4989
raw,bm25,1.2,1,61,0.2000,0.4000,0.2667,0.2406,0.2000,0.5000,0.3857
raw,bm25,1.2,1,62,0.0000,0.0000,0.0000,0.0302,0.0000,0.0667,0.0000
raw,bm25,1.2,1,63,0.0000,0.0000,0.0000,0.0047,0.0000,0.0047,0.0000
raw,bm25,1.2,1,64,0.1000,0.5000,0.1667,0.1006,0.0833,0.1667,0.2418
raw,bm25,1.2,1,65,0.5000,0.3333,0.4000,0.3088,0.2321,1.0000,0.5318
raw,bm25,1.2,1,66,0.1000,0.2000,0.1333,0.1811,0.1000,0.5000,0.2514
raw,bm25,1.2,1,67,0.6000,0.4286,0.5000,0.5852,0.4286,1.0000,0.6668
raw,bm25,1.2,1,68,0.1000,0.2000,0.1333,0.1460,0.1000,0.5000,0.2744
raw,bm25,1.2,1,69,0.0000,0.0000,0.0000,0.0511,0.0000,0.0556,0.0000
raw,bm25,1.2,1,70,0.1000,0.1000,0.1000,0.0838,0.0125,0.1250,0.0766
raw,bm25,1.2,1,71,0.0000,0.0000,0.0000,0.0382,0.0000,0.0526,0.0000
raw,bm25,1.2,1,72,0.1000,0.0588,0.0741,0.0390,0.0147,0.2500,0.1216
raw,bm25,1.2,1,73,0.6000,0.3000,0.4000,0.3231,0.2325,1.0000,0.5993
raw,bm25,1.2,1,74,0.1000,0.1667,0.1250,0.0509,0.0185,0.1111,0.1278
raw,bm25,1.2,1,75,0.1000,0.2000,0.1333,0.0601,0.0200,0.1000,0.0838
raw,bm25,1.2,1,76,0.3000,0.4286,0.3529,0.3185,0.2381,0.5000,0.3901
raw,bm25,1.2,1,77,0.4000,0.6667,0.5000,0.6246,0.5361,1.0000,0.6086
raw,bm25,1.2,1,78,0.3000,1.0000,0.4615,0.3869,0.3869,0.5000,0.5464
raw,bm25,1.2,1,79,0.1000,0.2000,0.1333,0.0853,0.0667,0.3333,0.2184
raw,bm25,1.2,1,80,0.0000,0.0000,0.0000,0.0097,0.0000,0.0085,0.0000
raw,bm25,1.2,1,81,0.2000,1.0000,0.3333,0.4167,0.4167,0.5000,0.4439
raw,bm25,1.2,1,82,0.3000,0.6000,0.4000,0.2988,0.2667,0.3333,0.4556
raw,bm25,1.2,1,83,0.1000,0.2500,0.1429,0.2584,0.2500,1.0000,0.3904
raw,bm25,1.2,1,84,0.4000,0.3636,0.3810,0.3411,0.2904,1.0000,0.3943
raw,bm25,1.2,1,85,0.0000,0.0000,0.0000,0.0287,0.0000,0.0625,0.0000
raw,bm25,1.2,1,86,0.2000,1.0000,0.3333,0.5833,0.5833,0.5000,0.6934
raw,bm25,1.2,1,87,0.0000,0.0000,0.0000,0.0110,0.0000,0.0059,0.0000
raw,bm25,1.2,1,88,0.6000,1.0000,0.7500,0.6746,0.6746,0.5000,0.7165
raw,bm25,1.2,1,89,0.3000,0.5000,0.3750,0.3984,0.3167,1.0000,0.5801
raw,bm25,1.2,1,90,0.3000,0.2308,0.2609,0.1967,0.1099,0.5000,0.1853
raw,bm25,1.2,1,91,0.3000,0.3333,0.3158,0.3274,0.2083,1.0000,0.4545
raw,bm25,1.2,1,92,0.5000,0.3846,0.4348,0.4455,0.3205,1.0000,0.4143
raw,bm25,1.2,1,93,0.1000,1.0000,0.1818,0.5000,0.5000,0.5000,0.6309
raw,bm25,1.2,1,94,0.5000,0.4167,0.4545,0.4041,0.2491,0.5000,0.3601
raw,bm25,1.2,1,95,0.1000,0.5000,0.1667,0.5909,0.5000,1.0000,0.2159
raw,bm25,1.2,1,96,0.5000,0.3846,0.4348,0.3248,0.1783,0.3333,0.3506
raw,bm25,1.2,1,97,0.1000,0.1000,0.1000,0.0619,0.0250,0.2500,0.1053
raw,bm25,1.2,1,98,0.0000,0.0000,0.0000,0.0153,0.0000,0.0294,0.0000
raw,bm25,1.2,1,99,0.0000,0.0000,0.0000,0.0676,0.0000,0.0909,0.0000
raw,bm25,1.2,1,100,0.3000,0.3333,0.3158,0.2519,0.2037,1.0000,0.4421
raw,bm25,1.2,1,101,0.5000,0.8333,0.6250,0.6230,0.5605,1.0000,0.7462
raw,bm25,1.2,1,102,0.2000,0.5000,0.2857,0.3366,0.3000,1.0000,0.3915
raw,bm25,1.2,1,103,0.0000,0.0000,0.0000,0.0065,0.0000,0.0106,0.0000
raw,bm25,1.2,1,104,0.1000,0.2000,0.1333,0.0924,0.0667,0.3333,0.1696
raw,bm25,1.2,1,105,0.2000,0.4000,0.2667,0.3938,0.3333,1.0000,0.6332
raw,bm25,1.2,1,106,0.3000,0.6000,0.4000,0.2145,0.2024,0.2500,0.3563
raw,bm25,1.2,1,107,0.2000,0.2857,0.2353,0.2657,0.1667,0.5000,0.3056
raw,bm25,1.2,1,108,0.6000,0.8571,0.7059,0.8044,0.7211,1.0000,0.7802
raw,bm25,1.2,1,109,0.0000,0.0000,0.0000,0.0298,0.0000,0.0476,0.0000
raw,bm25,1.2,1,110,0.0000,0.0000,0.0000,0.0139,0.0000,0.0139,0.0000
raw,bm25,1.2,1,111,0.3000,0.4286,0.3529,0.2257,0.1170,0.2000,0.2171
raw,bm25,1.2,1,112,0.1000,0.5000,0.1667,0.3167,0.2500,0.5000,0.2398
raw,bm25,1.2,1,113,0.2000,0.5000,0.2857,0.3208,0.2917,0.5000,0.4415
raw,bm25,1.2,1,114,0.0000,0.0000,0.0000,0.0430,0.0000,0.0909,0.0000
raw,bm25,1.2,1,115,0.0000,0.0000,0.0000,0.0373,0.0000,0.0435,0.0000
raw,bm25,1.2,1,116,0.0000,0.0000,0.0000,0.0377,0.0000,0.0500,0.0000
raw,bm25,1.2,1,117,0.0000,0.0000,0.0000,0.0339,0.0000,0.0435,0.0000
raw,bm25,1.2,1,118,0.2000,0.6667,0.3077,0.2489,0.2167,0.2500,0.3926
raw,bm25,1.2,1,119,0.0000,0.0000,0.0000,0.0476,0.0000,0.0476,0.0000
raw,bm25,1.2,1,120,0.5000,0.5556,0.5263,0.4665,0.3713,0.5000,0.5614
raw,bm25,1.2,1,121,0.4000,0.5714,0.4706,0.5284,0.3881,0.5000,0.5038
raw,bm25,1.2,1,122,0.3000,0.3333,0.3158,0.1764,0.0770,0.1429,0.1498
raw,bm25,1.2,1,123,0.0000,0.0000,0.0000,0.0310,0.0000,0.0213,0.0000
raw,bm25,1.2,1,124,0.0000,0.0000,0.0000,0.0039,0.0000,0.0057,0.0000
raw,bm25,1.2,1,125,0.4000,0.2353,0.2963,0.2672,0.1279,1.0000,0.4333
raw,bm25,1.2,1,126,0.2000,0.2500,0.2222,0.2243,0.2083,1.0000,0.4718
raw,bm25,1.2,1,127,0.1000,0.2000,0.1333,0.0938,0.0500,0.2500,0.1284
raw,bm25,1.2,1,128,0.0000,0.0000,0.0000,0.0248,0.0000,0.0417,0.0000
raw,bm25,1.2,1,129,0.4000,0.5714,0.4706,0.3995,0.3690,0.5000,0.5392
raw,bm25,1.2,1,130,0.4000,0.8000,0.5333,0.5548,0.5533,1.0000,0.6947
raw,bm25,1.2,1,131,0.4000,0.5000,0.4444,0.2432,0.1586,0.2500,0.3090
raw,bm25,1.2,1,132,0.6000,0.4000,0.4800,0.5647,0.2539,0.5000,0.5256
raw,bm25,1.2,1,133,0.1000,0.1429,0.1176,0.2093,0.0204,0.1429,0.0357
raw,bm25,1.2,1,134,0.1000,0.5000,0.1667,0.1213,0.0625,0.1250,0.1480
raw,bm25,1.2,1,135,0.5000,0.6250,0.5556,0.4814,0.3399,1.0000,0.3297
raw,bm25,1.2,1,136,0.1000,0.3333,0.1538,0.4014,0.3333,1.0000,0.7796
raw,bm25,1.2,1,137,0.2000,0.5000,0.2857,0.1976,0.1625,0.2500,0.2670
raw,bm25,1.2,1,138,0.1000,0.5000,0.1667,0.0700,0.0625,0.1250,0.1934
raw,bm25,1.2,1,139,0.0000,0.0000,0.0000,0.0050,0.0000,0.0028,0.0000
raw,bm25,1.2,1,140,0.1000,0.1667,0.1250,0.1096,0.0833,0.5000,0.2509
raw,bm25,1.2,1,141,0.2000,0.3333,0.2500,0.4090,0.3333,1.0000,0.5455
raw,bm25,1.2,1,142,0.0000,0.0000,0.0000,0.0015,0.0000,0.0015,0.0000
raw,bm25,1.2,1,143,0.1000,0.5000,0.1667,0.5588,0.5000,1.0000,0.6131
raw,bm25,1.2,1,144,0.5000,0.8333,0.6250,0.5885,0.5718,0.5000,0.6708
raw,bm25,1.2,1,145,0.4000,0.5714,0.4706,0.3864,0.3628,1.0000,0.5685
raw,bm25,1.2,1,146,0.2000,1.0000,0.3333,0.6667,0.6667,1.0000,0.6509
raw,bm25,1.2,1,147,0.3000,0.3000,0.3000,0.2388,0.1667,0.5000,0.3303
raw,bm25,1.2,1,148,0.2000,0.3333,0.2500,0.2227,0.1667,0.5000,0.3644
raw,bm25,1.2,1,149,0.5000,0.4545,0.4762,0.4009,0.2879,1.0000,0.5416
raw,bm25,1.2,1,150,0.2000,1.0000,0.3333,0.5833,0.5833,0.5000,0.6934
raw,bm25,1.2,1,151,0.0000,0.0000,0.0000,0.0180,0.0000,0.0175,0.0000
raw,bm25,1.2,1,152,0.0000,0.0000,0.0000,0.0171,0.0000,0.0476,0.0000
raw,bm25,1.2,1,153,0.3000,0.4286,0.3529,0.1352,0.1182,0.1667,0.2196
raw,bm25,1.2,1,154,0.2000,1.0000,0.3333,0.6250,0.6250,1.0000,0.6913
raw,bm25,1.2,1,155,0.2000,0.3333,0.2500,0.2464,0.2000,1.0000,0.2577
raw,bm25,1.2,1,156,0.6000,0.4286,0.5000,0.5066,0.3988,1.0000,0.5326
raw,bm25,1.2,1,157,0.6000,0.1538,0.2449,0.2125,0.0976,0.5000,0.4657
raw,bm25,1.2,1,158,0.2000,0.2500,0.2222,0.2176,0.1500,1.0000,0.4679
raw,bm25,1.2,1,159,0.1000,0.1250,0.1111,0.0513,0.0250,0.2000,0.1066
raw,bm25,1.2,1,160,0.1000,0.2000,0.1333,0.0471,0.0222,0.1111,0.1185
raw,bm25,1.2,1,161,0.3000,0.5000,0.3750,0.4207,0.4048,1.0000,0.6971
raw,bm25,1.2,1,162,0.2000,0.2500,0.2222,0.2760,0.1875,1.0000,0.3116
raw,bm25,1.2,1,163,0.2000,0.6667,0.3077,0.2904,0.2778,0.3333,0.4367
raw,bm25,1.2,1,164,0.4000,0.5000,0.4444,0.4623,0.4152,1.0000,0.6490
raw,bm25,1.2,1,165,0.2000,1.0000,0.3333,0.3929,0.3929,0.5000,0.5912
raw,bm25,1.2,1,166,0.1000,0.1250,0.1111,0.0348,0.0125,0.1000,0.0731
raw,bm25,1.2,1,167,0.2000,1.0000,0.3333,0.2429,0.2429,0.2000,0.4287
raw,bm25,1.2,1,168,0.1000,0.5000,0.1667,0.1016,0.1000,0.2000,0.2372
raw,bm25,1.2,1,169,0.2000,0.5000,0.2857,0.2521,0.2500,0.5000,0.4144
raw,bm25,1.2,1,170,0.4000,0.6667,0.5000,0.4928,0.4881,1.0000,0.6703
raw,bm25,1.2,1,171,0.2000,0.6667,0.3077,0.5500,0.5000,1.0000,0.6308
raw,bm25,1.2,1,172,0.4000,1.0000,0.5714,0.8042,0.8042,1.0000,0.8940
raw,bm25,1.2,1,173,0.2000,1.0000,0.3333,0.8333,0.8333,1.0000,0.9197
raw,bm25,1.2,1,174,0.1000,0.2000,0.1333,0.0541,0.0222,0.1111,0.1180
raw,bm25,1.2,1,175,0.1000,0.2000,0.1333,0.0557,0.0400,0.2000,0.1446
raw,bm25,1.2,1,176,0.1000,0.1429,0.1176,0.1151,0.0714,0.5000,0.2092
raw,bm25,1.2,1,177,0.4000,0.8000,0.5333,0.4000,0.3600,0.5000,0.4815
raw,bm25,1.2,1,178,0.3000,0.7500,0.4286,0.4515,0.4333,1.0000,0.8056
raw,bm25,1.2,1,179,0.2000,0.5000,0.2857,0.2313,0.2250,0.5000,0.3973
raw,bm25,1.2,1,180,0.3000,0.4286,0.3529,0.3916,0.2738,0.5000,0.3558
raw,bm25,1.2,1,181,0.2000,0.4000,0.2667,0.3610,0.3333,1.0000,0.4360
raw,bm25,1.2,1,182,0.1000,0.5000,0.1667,0.3214,0.2500,0.5000,0.4796
raw,bm25,1.2,1,183,0.4000,0.3077,0.3478,0.2166,0.1722,0.5000,0.2503
raw,bm25,1.2,1,184,0.1000,0.1429,0.1176,0.0776,0.0159,0.1111,0.0867
raw,bm25,1.2,1,185,0.6000,0.6667,0.6316,0.8196,0.6296,1.0000,0.7555
raw,bm25,1.2,1,186,0.4000,0.2500,0.3077,0.1874,0.1399,0.5000,0.4007
raw,bm25,1.2,1,187,0.2000,0.3333,0.2500,0.1238,0.0926,0.3333,0.2562
raw,bm25,1.2,1,188,0.3000,0.2727,0.2857,0.3200,0.2208,1.0000,0.4738
raw,bm25,1.2,1,189,0.1000,0.1111,0.1053,0.1181,0.0556,0.5000,0.1220
raw,bm25,1.2,1,190,0.3000,0.6000,0.4000,0.4294,0.4000,1.0000,0.5388
raw,bm25,1.2,1,191,0.3000,0.2308,0.2609,0.4036,0.1026,0.5000,0.2214
raw,bm25,1.2,1,192,0.3000,0.7500,0.4286,0.2463,0.2417,0.3333,0.4471
raw,bm25,1.2,1,193,0.7000,0.7778,0.7368,0.7058,0.6230,1.0000,0.6459
raw,bm25,1.2,1,194,0.3000,0.5000,0.3750,0.2794,0.1865,0.5000,0.2834
raw,bm25,1.2,1,195,0.0000,0.0000,0.0000,0.0424,0.0000,0.0500,0.0000
raw,bm25,1.2,1,196,0.2000,0.1667,0.1818,0.1170,0.0750,0.5000,0.2216
raw,bm25,1.2,1,197,0.3000,1.0000,0.4615,0.4889,0.4889,0.5000,0.6348
raw,bm25,1.2,1,198,0.2000,0.5000,0.2857,0.3922,0.3214,1.0000,0.5055
raw,bm25,1.2,1,199,0.0000,0.0000,0.0000,0.0406,0.0000,0.0500,0.0000
raw,bm25,1.2,1,200,0.2000,0.6667,0.3077,0.3078,0.3000,0.5000,0.4776
raw,bm25,1.2,1,201,0.5000,0.3125,0.3846,0.3544,0.2240,1.0000,0.6086
raw,bm25,1.2,1,202,0.3000,0.2143,0.2500,0.1330,0.0911,0.5000,0.1241
raw,bm25,1.2,1,203,0.4000,0.2857,0.3333,0.2287,0.1940,0.5000,0.4763
raw,bm25,1.2,1,204,0.1000,0.0714,0.0833,0.0485,0.0179,0.2500,0.1479
raw,bm25,1.2,1,205,0.0000,0.0000,0.0000,0.0365,0.0000,0.0526,0.0000
raw,bm25,1.2,1,206,0.2000,0.6667,0.3077,0.3915,0.3889,0.5000,0.5758
raw,bm25,1.2,1,207,0.0000,0.0000,0.0000,0.0073,0.0000,0.0045,0.0000
raw,bm25,1.2,1,208,0.3000,0.5000,0.3750,0.3814,0.2778,0.5000,0.5070
raw,bm25,1.2,1,209,0.3000,0.2500,0.2727,0.1941,0.1333,0.5000,0.2558
raw,bm25,1.2,1,210,0.2000,0.3333,0.2500,0.3597,0.2778,1.0000,0.4826
raw,bm25,1.2,1,211,0.1000,0.0909,0.0952,0.1994,0.0909,1.0000,0.1096
raw,bm25,1.2,1,212,0.7000,0.5000,0.5833,0.5526,0.3986,1.0000,0.5740
raw,bm25,1.2,1,213,0.6000,0.5455,0.5714,0.5736,0.4758,1.0000,0.7363
raw,bm25,1.2,1,214,0.1000,0.2500,0.1429,0.1554,0.1250,0.5000,0.2463
raw,bm25,1.2,1,215,0.0000,0.0000,0.0000,0.0327,0.0000,0.0400,0.0000
raw,bm25,1.2,1,216,0.0000,0.0000,0.0000,0.0020,0.0000,0.0020,0.0000
raw,bm25,1.2,1,217,0.1000,0.0667,0.0800,0.1053,0.0222,0.3333,0.1412
raw,bm25,1.2,1,218,0.2000,0.1333,0.1600,0.1311,0.0259,0.1667,0.0985
raw,bm25,1.2,1,219,0.0000,0.0000,0.0000,0.0316,0.0000,0.0227,0.0000
raw,bm25,1.2,1,220,0.3000,0.1579,0.2069,0.1759,0.0636,0.3333,0.1923
raw,bm25,1.2,1,221,0.3000,0.1667,0.2143,0.2054,0.1343,1.0000,0.2996
raw,bm25,1.2,1,222,0.4000,0.4444,0.4211,0.3636,0.3019,0.5000,0.4716
raw,bm25,1.2,1,223,0.2000,0.5000,0.2857,0.3847,0.3125,1.0000,0.5135
raw,bm25,1.2,1,224,0.3000,0.3750,0.3333,0.2254,0.1024,0.2000,0.2181
raw,bm25,1.2,1,225,0.2000,0.0833,0.1176,0.0658,0.0375,0.5000,0.1252
raw,bm25,2,0,1,0.5000,0.1786,0.2632,0.1519,0.0843,0.3333,0.2540
raw,bm25,2,0,2,0.4000,0.1667,0.2353,0.1634,0.1285,1.0000,0.4831
raw,bm25,2,0,3,0.4000,0.5000,0.4444,0.3917,0.3333,1.0000,0.5493
raw,bm25,2,0,4,0.1000,0.5000,0.1667,0.5625,0.5000,1.0000,0.6131
raw,bm25,2,0,5,0.2000,0.5000,0.2857,0.2282,0.1667,0.3333,0.3235
raw,bm25,2,0,6,0.1000,0.2500,0.1429,0.1599,0.1250,0.5000,0.2061
raw,bm25,2,0,7,0.2000,0.4000,0.2667,0.1798,0.1667,0.3333,0.2859
raw,bm25,2,0,8,0.1000,0.0909,0.0952,0.1538,0.0909,1.0000,0.2670
raw,bm25,2,0,9,0.2000,0.6667,0.3077,0.1423,0.1333,0.2000,0.3172
raw,bm25,2,0,10,0.1000,0.1250,0.1111,0.0920,0.0625,0.5000,0.1323
raw,bm25,2,0,11,0.2000,0.2857,0.2353,0.1715,0.1071,0.5000,0.2544
raw,bm25,2,0,12,0.0000,0.0000,0.0000,0.0268,0.0000,0.0256,0.0000
raw,bm25,2,0,13,0.0000,0.0000,0.0000,0.0029,0.0000,0.0016,0.0000
raw,bm25,2,0,14,0.1000,0.5000,0.1667,0.1026,0.0833,0.1667,0.3077
raw,bm25,2,0,15,0.2000,1.0000,0.3333,0.8333,0.8333,1.0000,0.7602
raw,bm25,2,0,16,0.2000,0.6667,0.3077,0.1553,0.1296,0.1667,0.3070
raw,bm25,2,0,17,0.0000,0.0000,0.0000,0.0409,0.0000,0.0556,0.0000
raw,bm25,2,0,18,0.1000,0.3333,0.1538,0.2000,0.1667,0.5000,0.2961
raw,bm25,2,0,19,0.0000,0.0000,0.0000,0.0085,0.0000,0.0204,0.0000
raw,bm25,2,0,20,0.2000,0.2222,0.2105,0.2018,0.0802,0.5000,0.2191
raw,bm25,2,0,21,0.0000,0.0000,0.0000,0.0479,0.0000,0.0556,0.0000
raw,bm25,2,0,22,0.0000,0.0000,0.0000,0.0016,0.0000,0.0016,0.0000
raw,bm25,2,0,23,0.1000,0.0312,0.0476,0.1143,0.0312,1.0000,0.2621
raw,bm25,2,0,24,0.2000,0.6667,0.3077,0.1884,0.1852,0.3333,0.4078
raw,bm25,2,0,25,0.5000,0.5556,0.5263,0.5229,0.4043,1.0000,0.5443
raw,bm25,2,0,26,0.2000,0.3333,0.2500,0.2260,0.1944,0.5000,0.3918
raw,bm25,2,0,27,0.0000,0.0000,0.0000,0.0243,0.0000,0.0345,0.0000
raw,bm25,2,0,28,0.0000,0.0000,0.0000,0.0015,0.0000,0.0012,0.0000
raw,bm25,2,0,29,0.3000,0.3333,0.3158,0.2101,0.1198,0.2500,0.1988
raw,bm25,2,0,30,0.1000,0.1429,0.1176,0.0744,0.0238,0.1667,0.1178
raw,bm25,2,0,31,0.0000,0.0000,0.0000,0.0007,0.0000,0.0007,0.0000
raw,bm25,2,0,32,0.0000,0.0000,0.0000,0.0138,0.0000,0.0082,0.0000
raw,bm25,2,0,33,0.3000,1.0000,0.4615,0.6429,0.6429,1.0000,0.8234
raw,bm25,2,0,34,0.3000,0.5000,0.3750,0.2688,0.2222,0.3333,0.3817
raw,bm25,2,0,35,0.0000,0.0000,0.0000,0.0203,0.0000,0.0312,0.0000
raw,bm25,2,0,36,0.1000,0.5000,0.1667,0.1019,0.1000,0.2000,0.1815
raw,bm25,2,0,37,0.2000,0.2222,0.2105,0.1369,0.0556,0.2500,0.2208
raw,bm25,2,0,38,0.1000,0.1000,0.1000,0.0558,0.0125,0.1250,0.0520
raw,bm25,2,0,39,0.2000,0.1538,0.1739,0.0988,0.0449,0.2500,0.1696
raw,bm25,2,0,40,0.1000,0.0833,0.0909,0.0496,0.0119,0.1429,0.0524
raw,bm25,2,0,41,0.3000,1.0000,0.4615,0.8667,0.8667,1.0000,0.9273
raw,bm25,2,0,42,0.3000,0.6000,0.4000,0.1708,0.1655,0.1667,0.3635
raw,bm25,2,0,43,0.2000,0.3333,0.2500,0.3875,0.2500,1.0000,0.5264
raw,bm25,2,0,44,0.0000,0.0000,0.0000,0.0021,0.0000,0.0013,0.0000
raw,bm25,2,0,45,0.2000,0.1667,0.1818,0.0892,0.0444,0.3333,0.1939
raw,bm25,2,0,46,0.6000,0.4000,0.4800,0.4317,0.3533,1.0000,0.5868
raw,bm25,2,0,47,0.3000,0.2143,0.2500,0.2630,0.0723,0.2500,0.2379
raw,bm25,2,0,48,0.3000,0.2727,0.2857,0.2450,0.1905,1.0000,0.4144
raw,bm25,2,0,49,0.0000,0.0000,0.0000,0.0407,0.0000,0.0667,0.0000
raw,bm25,2,0,50,0.0000,0.0000,0.0000,0.0130,0.0000,0.0133,0.0000
raw,bm25,2,0,51,0.3000,0.3000,0.3000,0.3267,0.2000,1.0000,0.4068
raw,bm25,2,0,52,0.1000,0.2500,0.1429,0.1526,0.0833,0.3333,0.2198
raw,bm25,2,0,53,0.2000,0.2000,0.2000,0.2222,0.1333,1.0000,0.2773
raw,bm25,2,0,54,0.2000,0.2222,0.2105,0.1759,0.0722,0.2500,0.2323
raw,bm25,2,0,55,0.1000,0.1000,0.1000,0.1229,0.0125,0.1250,0.0856
raw,bm25,2,0,56,0.3000,0.3000,0.3000,0.1721,0.1329,0.5000,0.2265
raw,bm25,2,0,57,0.1000,0.0714,0.0833,0.0932,0.0071,0.1000,0.0357
raw,bm25,2,0,58,0.1000,0.1111,0.1053,0.0790,0.0370,0.3333,0.1919
raw,bm25,2,0,59,0.0000,0.0000,0.0000,0.0464,0.0000,0.0714,0.0000
raw,bm25,2,0,60,0.2000,0.4000,0.2667,0.2990,0.2444,1.0000,0.4280
raw,bm25,2,0,61,0.2000,0.4000,0.2667,0.4444,0.4000,1.0000,0.5451
raw,bm25,2,0,62,0.0000,0.0000,0.0000,0.0242,0.0000,0.0385,0.0000
raw,bm25,2,0,63,0.0000,0.0000,0.0000,0.0052,0.0000,0.0051,0.0000
raw,bm25,2,0,64,0.0000,0.0000,0.0000,0.0247,0.0000,0.0270,0.0000
raw,bm25,2,0,65,0.0000,0.0000,0.0000,0.0919,0.0000,0.0714,0.0000
raw,bm25,2,0,66,0.0000,0.0000,0.0000,0.0474,0.0000,0.0417,0.0000
raw,bm25,2,0,67,0.1000,0.0714,0.0833,0.1428,0.0357,0.5000,0.1688
raw,bm25,2,0,68,0.1000,0.2000,0.1333,0.1551,0.1000,0.5000,0.2744
raw,bm25,2,0,69,0.1000,0.2000,0.1333,0.0799,0.0250,0.1250,0.1325
raw,bm25,2,0,70,0.1000,0.1000,0.1000,0.1037,0.0250,0.2500,0.1045
raw,bm25,2,0,71,0.1000,0.1250,0.1111,0.0786,0.0250,0.2000,0.1260
raw,bm25,2,0,72,0.0000,0.0000,0.0000,0.0231,0.0000,0.0323,0.0000
raw,bm25,2,0,73,0.5000,0.2500,0.3333,0.3151,0.1736,1.0000,0.6099
raw,bm25,2,0,74,0.1000,0.1667,0.1250,0.2070,0.1667,1.0000,0.4245
raw,bm25,2,0,75,0.0000,0.0000,0.0000,0.0213,0.0000,0.0222,0.0000
raw,bm25,2,0,76,0.4000,0.5714,0.4706,0.2996,0.2952,0.5000,0.4697
raw,bm25,2,0,77,0.3000,0.5000,0.3750,0.4237,0.3492,1.0000,0.3398
raw,bm25,2,0,78,0.2000,0.6667,0.3077,0.5500,0.4667,1.0000,0.6007
raw,bm25,2,0,79,0.0000,0.0000,0.0000,0.0291,0.0000,0.0909,0.0000
raw,bm25,2,0,80,0.0000,0.0000,0.0000,0.0061,0.0000,0.0057,0.0000
raw,bm25,2,0,81,0.1000,0.5000,0.1667,0.5213,0.5000,1.0000,0.2159
raw,bm25,2,0,82,0.2000,0.4000,0.2667,0.3233,0.2667,1.0000,0.4932
raw,bm25,2,0,83,0.1000,0.2500,0.1429,0.0597,0.0500,0.2000,0.1510
raw,bm25,2,0,84,0.2000,0.1818,0.1905,0.2822,0.1818,1.0000,0.2233
raw,bm25,2,0,85,0.1000,0.2500,0.1429,0.0393,0.0278,0.1111,0.0776
raw,bm25,2,0,86,0.2000,1.0000,0.3333,0.4500,0.4500,0.5000,0.6241
raw,bm25,2,0,87,0.0000,0.0000,0.0000,0.0110,0.0000,0.0066,0.0000
raw,bm25,2,0,88,0.6000,1.0000,0.7500,0.5653,0.5653,0.3333,0.6456
raw,bm25,2,0,89,0.3000,0.5000,0.3750,0.2437,0.1798,0.2500,0.4276
raw,bm25,2,0,90,0.3000,0.2308,0.2609,0.2159,0.1099,0.5000,0.2311
raw,bm25,2,0,91,0.3000,0.3333,0.3158,0.3655,0.2328,1.0000,0.5078
raw,bm25,2,0,92,0.5000,0.3846,0.4348,0.3389,0.2726,1.0000,0.4071
raw,bm25,2,0,93,0.1000,1.0000,0.1818,0.5000,0.5000,0.5000,0.6309
raw,bm25,2,0,94,0.6000,0.5000,0.5455,0.4773,0.3453,1.0000,0.4682
raw,bm25,2,0,95,0.1000,0.5000,0.1667,0.5556,0.5000,1.0000,0.2159
raw,bm25,2,0,96,0.6000,0.4615,0.5217,0.4095,0.2870,0.5000,0.5137
raw,bm25,2,0,97,0.2000,0.2000,0.2000,0.1483,0.1222,1.0000,0.2812
raw,bm25,2,0,98,0.0000,0.0000,0.0000,0.0223,0.0000,0.0714,0.0000
raw,bm25,2,0,99,0.1000,0.2500,0.1429,0.1454,0.1250,0.5000,0.2802
raw,bm25,2,0,100,0.3000,0.3333,0.3158,0.3383,0.2778,1.0000,0.5063
raw,bm25,2,0,101,0.5000,0.8333,0.6250,0.5000,0.4444,0.5000,0.5766
raw,bm25,2,0,102,0.1000,0.2500,0.1429,0.2820,0.2500,1.0000,0.2731
raw,bm25,2,0,103,0.0000,0.0000,0.0000,0.0208,0.0000,0.0385,0.0000
raw,bm25,2,0,104,0.1000,0.2000,0.1333,0.0756,0.0667,0.3333,0.1696
raw,bm25,2,0,105,0.3000,0.6000,0.4000,0.3568,0.3333,0.5000,0.5364
raw,bm25,2,0,106,0.2000,0.4000,0.2667,0.1597,0.1000,0.2500,0.1746
raw,bm25,2,0,107,0.1000,0.1429,0.1176,0.1062,0.0286,0.2000,0.1482
raw,bm25,2,0,108,0.5000,0.7143,0.5882,0.7413,0.6321,1.0000,0.7156
raw,bm25,2,0,109,0.0000,0.0000,0.0000,0.0236,0.0000,0.0435,0.0000
raw,bm25,2,0,110,0.0000,0.0000,0.0000,0.0084,0.0000,0.0091,0.0000
raw,bm25,2,0,111,0.1000,0.1429,0.1176,0.1499,0.0476,0.3333,0.1063
raw,bm25,2,0,112,0.2000,1.0000,0.3333,0.4167,0.4167,0.5000,0.5106
raw,bm25,2,0,113,0.1000,0.2500,0.1429,0.1135,0.0833,0.3333,0.1952
raw,bm25,2,0,114,0.0000,0.0000,0.0000,0.0227,0.0000,0.0500,0.0000
raw,bm25,2,0,115,0.0000,0.0000,0.0000,0.0399,0.0000,0.0625,0.0000
raw,bm25,2,0,116,0.0000,0.0000,0.0000,0.0466,0.0000,0.0769,0.0000
raw,bm25,2,0,117,0.0000,0.0000,0.0000,0.0218,0.0000,0.0238,0.0000
raw,bm25,2,0,118,0.2000,0.6667,0.3077,0.1576,0.1500,0.2500,0.3285
raw,bm25,2,0,119,0.0000,0.0000,0.0000,0.0476,0.0000,0.0476,0.0000
raw,bm25,2,0,120,0.3000,0.3333,0.3158,0.3025,0.1528,0.5000,0.3250
raw,bm25,2,0,121,0.4000,0.5714,0.4706,0.4562,0.3571,1.0000,0.5723
raw,bm25,2,0,122,0.1000,0.1111,0.1053,0.0758,0.0222,0.2000,0.0382
raw,bm25,2,0,123,0.0000,0.0000,0.0000,0.0344,0.0000,0.0370,0.0000
raw,bm25,2,0,124,0.0000,0.0000,0.0000,0.0034,0.0000,0.0045,0.0000
raw,bm25,2,0,125,0.3000,0.1765,0.2222,0.2807,0.1076,1.0000,0.3852
raw,bm25,2,0,126,0.2000,0.2500,0.2222,0.2637,0.2500,1.0000,0.5130
raw,bm25,2,0,127,0.1000,0.2000,0.1333,0.1122,0.0222,0.1111,0.0897
raw,bm25,2,0,128,0.0000,0.0000,0.0000,0.0231,0.0000,0.0370,0.0000
raw,bm25,2,0,129,0.4000,0.5714,0.4706,0.3705,0.3452,0.5000,0.5330
raw,bm25,2,0,130,0.4000,0.8000,0.5333,0.6181,0.6167,1.0000,0.7357
raw,bm25,2,0,131,0.2000,0.2500,0.2222,0.1806,0.0607,0.2000,0.1562
raw,bm25,2,0,132,0.6000,0.4000,0.4800,0.6637,0.3421,1.0000,0.5186
raw,bm25,2,0,133,0.3000,0.4286,0.3529,0.2189,0.1024,0.1667,0.1987
raw,bm25,2,0,134,0.1000,0.5000,0.1667,0.1061,0.0833,0.1667,0.1672
raw,bm25,2,0,135,0.3000,0.3750,0.3333,0.4150,0.1661,0.5000,0.1943
raw,bm25,2,0,136,0.2000,0.6667,0.3077,0.1618,0.1508,0.1667,0.3427
raw,bm25,2,0,137,0.2000,0.5000,0.2857,0.1979,0.1750,0.5000,0.3005
raw,bm25,2,0,138,0.1000,0.5000,0.1667,0.1714,0.1667,0.3333,0.3066
raw,bm25,2,0,139,0.0000,0.0000,0.0000,0.0045,0.0000,0.0045,0.0000
raw,bm25,2,0,140,0.1000,0.1667,0.1250,0.1104,0.0833,0.5000,0.2509
raw,bm25,2,0,141,0.2000,0.3333,0.2500,0.2292,0.1500,0.5000,0.3185
raw,bm25,2,0,142,0.0000,0.0000,0.0000,0.0012,0.0000,0.0012,0.0000
raw,bm25,2,0,143,0.1000,0.5000,0.1667,0.5667,0.5000,1.0000,0.6131
raw,bm25,2,0,144,0.3000,0.5000,0.3750,0.4020,0.2833,1.0000,0.4068
raw,bm25,2,0,145,0.3000,0.4286,0.3529,0.2224,0.1714,0.5000,0.3718
raw,bm25,2,0,146,0.2000,1.0000,0.3333,0.2500,0.2500,0.2500,0.4035
raw,bm25,2,0,147,0.4000,0.4000,0.4000,0.2444,0.1900,0.5000,0.3994
raw,bm25,2,0,148,0.2000,0.3333,0.2500,0.1577,0.0810,0.2000,0.2472
raw,bm25,2,0,149,0.3000,0.2727,0.2857,0.2149,0.1061,0.5000,0.2835
raw,bm25,2,0,150,0.2000,1.0000,0.3333,1.0000,1.0000,1.0000,1.0000
raw,bm25,2,0,151,0.0000,0.0000,0.0000,0.0136,0.0000,0.0227,0.0000
raw,bm25,2,0,152,0.0000,0.0000,0.0000,0.0094,0.0000,0.0075,0.0000
raw,bm25,2,0,153,0.1000,0.1429,0.1176,0.1087,0.0476,0.3333,0.0807
raw,bm25,2,0,154,0.2000,1.0000,0.3333,0.6667,0.6667,1.0000,0.7200
raw,bm25,2,0,155,0.1000,0.1667,0.1250,0.1562,0.0833,0.5000,0.1420
raw,bm25,2,0,156,0.7000,0.5000,0.5833,0.5418,0.4544,1.0000,0.6068
raw,bm25,2,0,157,0.4000,0.1026,0.1633,0.1845,0.0788,1.0000,0.4129
raw,bm25,2,0,158,0.1000,0.1250,0.1111,0.1892,0.1250,1.0000,0.3630
raw,bm25,2,0,159,0.1000,0.1250,0.1111,0.0397,0.0156,0.1250,0.0869
raw,bm25,2,0,160,0.1000,0.2000,0.1333,0.1230,0.1000,0.5000,0.2484
raw,bm25,2,0,161,0.2000,0.3333,0.2500,0.3323,0.2778,1.0000,0.6002
raw,bm25,2,0,162,0.2000,0.2500,0.2222,0.1300,0.0456,0.1429,0.1163
raw,bm25,2,0,163,0.2000,0.6667,0.3077,0.3068,0.3000,0.5000,0.4776
raw,bm25,2,0,164,0.4000,0.5000,0.4444,0.5250,0.4464,1.0000,0.7179
raw,bm25,2,0,165,0.2000,1.0000,0.3333,0.2262,0.2262,0.1667,0.4228
raw,bm25,2,0,166,0.1000,0.1250,0.1111,0.0409,0.0139,0.1111,0.0761
raw,bm25,2,0,167,0.2000,1.0000,0.3333,0.3250,0.3250,0.2500,0.4744
raw,bm25,2,0,168,0.1000,0.5000,0.1667,0.0513,0.0500,0.1000,0.1772
raw,bm25,2,0,169,0.2000,0.5000,0.2857,0.5019,0.5000,1.0000,0.6367
raw,bm25,2,0,170,0.1000,0.1667,0.1250,0.1734,0.0833,0.5000,0.1531
raw,bm25,2,0,171,0.1000,0.3333,0.1538,0.4560,0.3333,1.0000,0.5695
raw,bm25,2,0,172,0.4000,1.0000,0.5714,0.6458,0.6458,0.5000,0.6794
raw,bm25,2,0,173,0.2000,1.0000,0.3333,0.7500,0.7500,1.0000,0.8772
raw,bm25,2,0,174,0.0000,0.0000,0.0000,0.0402,0.0000,0.0769,0.0000
raw,bm25,2,0,175,0.0000,0.0000,0.0000,0.0199,0.0000,0.0588,0.0000
raw,bm25,2,0,176,0.1000,0.1429,0.1176,0.0415,0.0204,0.1429,0.1105
raw,bm25,2,0,177,0.3000,0.6000,0.4000,0.2999,0.2550,0.5000,0.4718
raw,bm25,2,0,178,0.2000,0.5000,0.2857,0.2458,0.1667,0.3333,0.3108
raw,bm25,2,0,179,0.1000,0.2500,0.1429,0.1103,0.0625,0.2500,0.1681
raw,bm25,2,0,180,0.2000,0.2857,0.2353,0.2619,0.1667,0.5000,0.3324
raw,bm25,2,0,181,0.1000,0.2000,0.1333,0.2585,0.2000,1.0000,0.2491
raw,bm25,2,0,182,0.1000,0.5000,0.1667,0.5769,0.5000,1.0000,0.7602
raw,bm25,2,0,183,0.4000,0.3077,0.3478,0.2346,0.1769,1.0000,0.3185
raw,bm25,2,0,184,0.0000,0.0000,0.0000,0.0388,0.0000,0.0526,0.0000
raw,bm25,2,0,185,0.7000,0.7778,0.7368,0.7788,0.6757,1.0000,0.8474
raw,bm25,2,0,186,0.4000,0.2500,0.3077,0.1589,0.1146,0.3333,0.3527
raw,bm25,2,0,187,0.1000,0.1667,0.1250,0.1192,0.0833,0.5000,0.2018
raw,bm25,2,0,188,0.2000,0.1818,0.1905,0.1975,0.1061,0.5000,0.2728
raw,bm25,2,0,189,0.2000,0.2222,0.2105,0.1032,0.0617,0.3333,0.1841
raw,bm25,2,0,190,0.2000,0.4000,0.2667,0.1399,0.0944,0.2500,0.2138
raw,bm25,2,0,191,0.4000,0.3077,0.3478,0.2873,0.1045,0.2500,0.2508
raw,bm25,2,0,192,0.3000,0.7500,0.4286,0.3270,0.3250,0.5000,0.5273
raw,bm25,2,0,193,0.6000,0.6667,0.6316,0.7305,0.5823,1.0000,0.6650
raw,bm25,2,0,194,0.3000,0.5000,0.3750,0.4061,0.3194,0.5000,0.4599
raw,bm25,2,0,195,0.1000,0.3333,0.1538,0.1101,0.0833,0.2500,0.2021
raw,bm25,2,0,196,0.1000,0.0833,0.0909,0.0405,0.0083,0.1000,0.0480
raw,bm25,2,0,197,0.2000,0.6667,0.3077,0.6389,0.5556,1.0000,0.7602
raw,bm25,2,0,198,0.2000,0.5000,0.2857,0.2301,0.1806,0.5000,0.3439
raw,bm25,2,0,199,0.0000,0.0000,0.0000,0.0250,0.0000,0.0278,0.0000
raw,bm25,2,0,200,0.2000,0.6667,0.3077,0.5603,0.5556,1.0000,0.7039
raw,bm25,2,0,201,0.4000,0.2500,0.3077,0.3354,0.1938,1.0000,0.5539
raw,bm25,2,0,202,0.2000,0.1429,0.1667,0.1475,0.1071,1.0000,0.1332
raw,bm25,2,0,203,0.3000,0.2143,0.2500,0.1514,0.1139,0.5000,0.3579
raw,bm25,2,0,204,0.1000,0.0714,0.0833,0.0365,0.0079,0.1111,0.1034
raw,bm25,2,0,205,0.0000,0.0000,0.0000,0.0616,0.0000,0.0909,0.0000
raw,bm25,2,0,206,0.2000,0.6667,0.3077,0.2797,0.2778,0.3333,0.4738
raw,bm25,2,0,207,0.0000,0.0000,0.0000,0.0070,0.0000,0.0059,0.0000
raw,bm25,2,0,208,0.3000,0.5000,0.3750,0.3324,0.2444,0.5000,0.4841
raw,bm25,2,0,209,0.2000,0.1667,0.1818,0.1056,0.0463,0.3333,0.1326
raw,bm25,2,0,210,0.1000,0.1667,0.1250,0.2719,0.1667,1.0000,0.2757
raw,bm25,2,0,211,0.1000,0.0909,0.0952,0.1421,0.0455,0.5000,0.0692
raw,bm25,2,0,212,0.5000,0.3571,0.4167,0.5252,0.3161,1.0000,0.5826
raw,bm25,2,0,213,0.6000,0.5455,0.5714,0.5600,0.4649,1.0000,0.7248
raw,bm25,2,0,214,0.1000,0.2500,0.1429,0.0779,0.0625,0.2500,0.1681
raw,bm25,2,0,215,0.0000,0.0000,0.0000,0.0227,0.0000,0.0250,0.0000
raw,bm25,2,0,216,0.0000,0.0000,0.0000,0.0029,0.0000,0.0029,0.0000
raw,bm25,2,0,217,0.2000,0.1333,0.1600,0.1122,0.0556,0.3333,0.1922
raw,bm25,2,0,218,0.4000,0.2667,0.3200,0.2240,0.1252,0.3333,0.3005
raw,bm25,2,0,219,0.0000,0.0000,0.0000,0.0330,0.0000,0.0333,0.0000
raw,bm25,2,0,220,0.3000,0.1579,0.2069,0.1752,0.0789,0.5000,0.1925
raw,bm25,2,0,221,0.4000,0.2222,0.2857,0.1878,0.1111,0.5000,0.2714
raw,bm25,2,0,222,0.4000,0.4444,0.4211,0.3179,0.2190,0.5000,0.4204
raw,bm25,2,0,223,0.3000,0.7500,0.4286,0.6603,0.5833,1.0000,0.7542
raw,bm25,2,0,224,0.3000,0.3750,0.3333,0.4094,0.3021,1.0000,0.4428
raw,bm25,2,0,225,0.2000,0.0833,0.1176,0.0733,0.0486,0.5000,0.1454
raw,bm25,2,0.75,1,0.4000,0.1429,0.2105,0.2310,0.1149,1.0000,0.3250
raw,bm25,2,0.75,2,0.4000,0.1667,0.2353,0.1735,0.1354,1.0000,0.5364
raw,bm25,2,0.75,3,0.4000,0.5000,0.4444,0.6131,0.5000,1.0000,0.6479
raw,bm25,2,0.75,4,0.1000,0.5000,0.1667,0.5909,0.5000,1.0000,0.6131
raw,bm25,2,0.75,5,0.1000,0.2500,0.1429,0.1730,0.0625,0.2500,0.2054
raw,bm25,2,0.75,6,0.1000,0.2500,0.1429,0.1529,0.1250,0.5000,0.2061
raw,bm25,2,0.75,7,0.2000,0.4000,0.2667,0.2511,0.2333,0.5000,0.3474
raw,bm25,2,0.75,8,0.1000,0.0909,0.0952,0.1708,0.0909,1.0000,0.2670
raw,bm25,2,0.75,9,0.2000,0.6667,0.3077,0.2901,0.2778,0.5000,0.4632
raw,bm25,2,0.75,10,0.2000,0.2500,0.2222,0.1455,0.1042,0.5000,0.2443
raw,bm25,2,0.75,11,0.2000,0.2857,0.2353,0.1677,0.1032,0.5000,0.1989
raw,bm25,2,0.75,12,0.0000,0.0000,0.0000,0.0548,0.0000,0.0667,0.0000
raw,bm25,2,0.75,13,0.0000,0.0000,0.0000,0.0030,0.0000,0.0026,0.0000
raw,bm25,2,0.75,14,0.1000,0.5000,0.1667,0.2011,0.1667,0.3333,0.4319
raw,bm25,2,0.75,15,0.2000,1.0000,0.3333,1.0000,1.0000,1.0000,0.8597
raw,bm25,2,0.75,16,0.2000,0.6667,0.3077,0.2619,0.2333,0.5000,0.4046
raw,bm25,2,0.75,17,0.1000,0.5000,0.1667,0.2669,0.2500,0.5000,0.4441
raw,bm25,2,0.75,18,0.1000,0.3333,0.1538,0.1013,0.0667,0.2000,0.1815
raw,bm25,2,0.75,19,0.1000,0.1111,0.1053,0.0190,0.0123,0.1111,0.0601
raw,bm25,2,0.75,20,0.5000,0.5556,0.5263,0.3654,0.2587,0.5000,0.4597
raw,bm25,2,0.75,21,0.1000,0.2500,0.1429,0.1176,0.0500,0.2000,0.1875
raw,bm25,2,0.75,22,0.0000,0.0000,0.0000,0.0019,0.0000,0.0019,0.0000
raw,bm25,2,0.75,23,0.1000,0.0312,0.0476,0.1219,0.0312,1.0000,0.2621
raw,bm25,2,0.75,24,0.2000,0.6667,0.3077,0.2808,0.2778,0.5000,0.5025
raw,bm25,2,0.75,25,0.5000,0.5556,0.5263,0.5145,0.4185,1.0000,0.5601
raw,bm25,2,0.75,26,0.2000,0.3333,0.2500,0.3275,0.2778,1.0000,0.5197
raw,bm25,2,0.75,27,0.1000,0.3333,0.1538,0.0999,0.0833,0.2500,0.2455
raw,bm25,2,0.75,28,0.0000,0.0000,0.0000,0.0017,0.0000,0.0017,0.0000
raw,bm25,2,0.75,29,0.4000,0.4444,0.4211,0.4236,0.3524,1.0000,0.4958
raw,bm25,2,0.75,30,0.1000,0.1429,0.1176,0.0833,0.0357,0.2500,0.1424
raw,bm25,2,0.75,31,0.0000,0.0000,0.0000,0.0007,0.0000,0.0007,0.0000
raw,bm25,2,0.75,32,0.0000,0.0000,0.0000,0.0193,0.0000,0.0196,0.0000
raw,bm25,2,0.75,33,0.2000,0.6667,0.3077,0.4514,0.3889,0.5000,0.4335
raw,bm25,2,0.75,34,0.3000,0.5000,0.3750,0.2271,0.1532,0.3333,0.3279
raw,bm25,2,0.75,35,0.0000,0.0000,0.0000,0.0135,0.0000,0.0120,0.0000
raw,bm25,2,0.75,36,0.1000,0.5000,0.1667,0.0576,0.0556,0.1111,0.1413
raw,bm25,2,0.75,37,0.2000,0.2222,0.2105,0.1974,0.0926,0.3333,0.2260
raw,bm25,2,0.75,38,0.0000,0.0000,0.0000,0.0575,0.0000,0.0769,0.0000
raw,bm25,2,0.75,39,0.3000,0.2308,0.2609,0.1204,0.0641,0.2500,0.1878
raw,bm25,2,0.75,40,0.0000,0.0000,0.0000,0.0328,0.0000,0.0714,0.0000
raw,bm25,2,0.75,41,0.3000,1.0000,0.4615,1.0000,1.0000,1.0000,0.9837
raw,bm25,2,0.75,42,0.3000,0.6000,0.4000,0.1974,0.1900,0.2500,0.4061
raw,bm25,2,0.75,43,0.4000,0.6667,0.5000,0.5914,0.5286,1.0000,0.7939
raw,bm25,2,0.75,44,0.0000,0.0000,0.0000,0.0026,0.0000,0.0016,0.0000
raw,bm25,2,0.75,45,0.2000,0.1667,0.1818,0.1177,0.0655,0.5000,0.2388
raw,bm25,2,0.75,46,0.5000,0.3333,0.4000,0.3016,0.2039,0.5000,0.3817
raw,bm25,2,0.75,47,0.6000,0.4286,0.5000,0.3229,0.2257,0.3333,0.4628
raw,bm25,2,0.75,48,0.2000,0.1818,0.1905,0.1397,0.1061,0.5000,0.2556
raw,bm25,2,0.75,49,0.1000,0.5000,0.1667,0.1879,0.1667,0.3333,0.3801
raw,bm25,2,0.75,50,0.1000,0.1667,0.1250,0.0478,0.0333,0.2000,0.1767
raw,bm25,2,0.75,51,0.4000,0.4000,0.4000,0.5319,0.4000,1.0000,0.4343
raw,bm25,2,0.75,52,0.3000,0.7500,0.4286,0.4623,0.3854,0.5000,0.5435
raw,bm25,2,0.75,53,0.2000,0.2000,0.2000,0.2305,0.1222,1.0000,0.2107
raw,bm25,2,0.75,54,0.2000,0.2222,0.2105,0.1507,0.0833,0.5000,0.2838
raw,bm25,2,0.75,55,0.3000,0.3000,0.3000,0.2444,0.1661,1.0000,0.3300
raw,bm25,2,0.75,56,0.3000,0.3000,0.3000,0.1482,0.0967,0.3333,0.1956
raw,bm25,2,0.75,57,0.0000,0.0000,0.0000,0.0909,0.0000,0.0667,0.0000
raw,bm25,2,0.75,58,0.1000,0.1111,0.1053,0.0818,0.0185,0.1667,0.1367
raw,bm25,2,0.75,59,0.0000,0.0000,0.0000,0.0591,0.0000,0.0833,0.0000
raw,bm25,2,0.75,60,0.3000,0.6000,0.4000,0.4074,0.3857,1.0000,0.5095
raw,bm25,2,0.75,61,0.2000,0.4000,0.2667,0.2736,0.2333,0.5000,0.4051
raw,bm25,2,0.75,62,0.0000,0.0000,0.0000,0.0341,0.0000,0.0714,0.0000
raw,bm25,2,0.75,63,0.0000,0.0000,0.0000,0.0049,0.0000,0.0054,0.0000
raw,bm25,2,0.75,64,0.1000,0.5000,0.1667,0.1071,0.0833,0.1667,0.2418
raw,bm25,2,0.75,65,0.5000,0.3333,0.4000,0.2746,0.1987,0.5000,0.4398
raw,bm25,2,0.75,66,0.1000,0.2000,0.1333,0.1166,0.0400,0.2000,0.1542
raw,bm25,2,0.75,67,0.6000,0.4286,0.5000,0.5804,0.4286,1.0000,0.6668
raw,bm25,2,0.75,68,0.1000,0.2000,0.1333,0.1428,0.1000,0.5000,0.2744
raw,bm25,2,0.75,69,0.0000,0.0000,0.0000,0.0659,0.0000,0.0833,0.0000
raw,bm25,2,0.75,70,0.1000,0.1000,0.1000,0.0941,0.0167,0.1667,0.0865
raw,bm25,2,0.75,71,0.0000,0.0000,0.0000,0.0421,0.0000,0.0667,0.0000
raw,bm25,2,0.75,72,0.1000,0.0588,0.0741,0.0375,0.0118,0.2000,0.1092
raw,bm25,2,0.75,73,0.6000,0.3000,0.4000,0.3316,0.2325,1.0000,0.5956
raw,bm25,2,0.75,74,0.1000,0.1667,0.1250,0.0540,0.0208,0.1250,0.1339
raw,bm25,2,0.75,75,0.0000,0.0000,0.0000,0.0700,0.0000,0.0909,0.0000
raw,bm25,2,0.75,76,0.3000,0.4286,0.3529,0.3930,0.3238,1.0000,0.5360
raw,bm25,2,0.75,77,0.4000,0.6667,0.5000,0.6003,0.5361,1.0000,0.5958
raw,bm25,2,0.75,78,0.3000,1.0000,0.4615,0.5397,0.5397,1.0000,0.6784
raw,bm25,2,0.75,79,0.1000,0.2000,0.1333,0.0681,0.0500,0.2500,0.1881
raw,bm25,2,0.75,80,0.0000,0.0000,0.0000,0.0104,0.0000,0.0106,0.0000
raw,bm25,2,0.75,81,0.2000,1.0000,0.3333,0.3500,0.3500,0.5000,0.3859
raw,bm25,2,0.75,82,0.3000,0.6000,0.4000,0.3006,0.2667,0.3333,0.4556
raw,bm25,2,0.75,83,0.1000,0.2500,0.1429,0.2589,0.2500,1.0000,0.3904
raw,bm25,2,0.75,84,0.4000,0.3636,0.3810,0.3797,0.3247,1.0000,0.4043
raw,bm25,2,0.75,85,0.0000,0.0000,0.0000,0.0298,0.0000,0.0625,0.0000
raw,bm25,2,0.75,86,0.2000,1.0000,0.3333,0.5833,0.5833,0.5000,0.6934
raw,bm25,2,0.75,87,0.0000,0.0000,0.0000,0.0116,0.0000,0.0063,0.0000
raw,bm25,2,0.75,88,0.6000,1.0000,0.7500,0.6746,0.6746,0.5000,0.7165
raw,bm25,2,0.75,89,0.3000,0.5000,0.3750,0.5827,0.5000,1.0000,0.6739
raw,bm25,2,0.75,90,0.3000,0.2308,0.2609,0.2056,0.1186,0.5000,0.1942
raw,bm25,2,0.75,91,0.3000,0.3333,0.3158,0.3404,0.2185,1.0000,0.4667
raw,bm25,2,0.75,92,0.6000,0.4615,0.5217,0.4625,0.3741,1.0000,0.4480
raw,bm25,2,0.75,93,0.1000,1.0000,0.1818,0.5000,0.5000,0.5000,0.6309
raw,bm25,2,0.75,94,0.5000,0.4167,0.4545,0.4299,0.2616,0.5000,0.3831
raw,bm25,2,0.75,95,0.1000,0.5000,0.1667,0.5667,0.5000,1.0000,0.2159
raw,bm25,2,0.75,96,0.6000,0.4615,0.5217,0.3276,0.2244,0.3333,0.3965
raw,bm25,2,0.75,97,0.1000,0.1000,0.1000,0.0696,0.0333,0.3333,0.1222
raw,bm25,2,0.75,98,0.0000,0.0000,0.0000,0.0172,0.0000,0.0345,0.0000
raw,bm25,2,0.75,99,0.1000,0.2500,0.1429,0.0759,0.0278,0.1111,0.1337
raw,bm25,2,0.75,100,0.3000,0.3333,0.3158,0.2734,0.2222,1.0000,0.4609
raw,bm25,2,0.75,101,0.5000,0.8333,0.6250,0.6952,0.6327,1.0000,0.7671
raw,bm25,2,0.75,102,0.1000,0.2500,0.1429,0.3463,0.2500,1.0000,0.2731
raw,bm25,2,0.75,103,0.0000,0.0000,0.0000,0.0062,0.0000,0.0101,0.0000
raw,bm25,2,0.75,104,0.1000,0.2000,0.1333,0.0605,0.0400,0.2000,0.1312
raw,bm25,2,0.75,105,0.3000,0.6000,0.4000,0.3180,0.3000,0.5000,0.5225
raw,bm25,2,0.75,106,0.3000,0.6000,0.4000,0.2651,0.2524,0.3333,0.3884
raw,bm25,2,0.75,107,0.2000,0.2857,0.2353,0.2460,0.1667,0.5000,0.3056
raw,bm25,2,0.75,108,0.6000,0.8571,0.7059,0.8235,0.7520,1.0000,0.7941
raw,bm25,2,0.75,109,0.0000,0.0000,0.0000,0.0291,0.0000,0.0476,0.0000
raw,bm25,2,0.75,110,0.0000,0.0000,0.0000,0.0145,0.0000,0.0149,0.0000
raw,bm25,2,0.75,111,0.2000,0.2857,0.2353,0.2214,0.0794,0.3333,0.1703
raw,bm25,2,0.75,112,0.2000,1.0000,0.3333,0.3500,0.3500,0.5000,0.4596
raw,bm25,2,0.75,113,0.2000,0.5000,0.2857,0.3970,0.3750,1.0000,0.5585
raw,bm25,2,0.75,114,0.1000,0.2500,0.1429,0.0507,0.0312,0.1250,0.1221
raw,bm25,2,0.75,115,0.0000,0.0000,0.0000,0.0350,0.0000,0.0357,0.0000
raw,bm25,2,0.75,116,0.0000,0.0000,0.0000,0.0437,0.0000,0.0833,0.0000
raw,bm25,2,0.75,117,0.0000,0.0000,0.0000,0.0323,0.0000,0.0357,0.0000
raw,bm25,2,0.75,118,0.2000,0.6667,0.3077,0.1982,0.1778,0.2000,0.3560
raw,bm25,2,0.75,119,0.0000,0.0000,0.0000,0.0455,0.0000,0.0455,0.0000
raw,bm25,2,0.75,120,0.5000,0.5556,0.5263,0.4991,0.3944,0.5000,0.5689
raw,bm25,2,0.75,121,0.5000,0.7143,0.5882,0.5778,0.4774,0.5000,0.6017
raw,bm25,2,0.75,122,0.2000,0.2222,0.2105,0.1666,0.0444,0.2000,0.0668
raw,bm25,2,0.75,123,0.0000,0.0000,0.0000,0.0377,0.0000,0.0278,0.0000
raw,bm25,2,0.75,124,0.0000,0.0000,0.0000,0.0040,0.0000,0.0067,0.0000
raw,bm25,2,0.75,125,0.3000,0.1765,0.2222,0.2873,0.1118,1.0000,0.3908
raw,bm25,2,0.75,126,0.2000,0.2500,0.2222,0.2655,0.2500,1.0000,0.5130
raw,bm25,2,0.75,127,0.1000,0.2000,0.1333,0.1022,0.0500,0.2500,0.1284
raw,bm25,2,0.75,128,0.0000,0.0000,0.0000,0.0263,0.0000,0.0435,0.0000
raw,bm25,2,0.75,129,0.4000,0.5714,0.4706,0.3996,0.3690,0.5000,0.5392
raw,bm25,2,0.75,130,0.4000,0.8000,0.5333,0.5848,0.5833,1.0000,0.7138
raw,bm25,2,0.75,131,0.4000,0.5000,0.4444,0.2653,0.1750,0.3333,0.3365
raw,bm25,2,0.75,132,0.8000,0.5333,0.6400,0.6277,0.3919,0.5000,0.6236
raw,bm25,2,0.75,133,0.1000,0.1429,0.1176,0.2114,0.0143,0.1000,0.0310
raw,bm25,2,0.75,134,0.1000,0.5000,0.1667,0.1381,0.0714,0.1429,0.1564
raw,bm25,2,0.75,135,0.5000,0.6250,0.5556,0.4936,0.3399,1.0000,0.3297
raw,bm25,2,0.75,136,0.1000,0.3333,0.1538,0.3892,0.3333,1.0000,0.7796
raw,bm25,2,0.75,137,0.2000,0.5000,0.2857,0.2052,0.1625,0.2500,0.2670
raw,bm25,2,0.75,138,0.1000,0.5000,0.1667,0.0910,0.0833,0.1667,0.2184
raw,bm25,2,0.75,139,0.0000,0.0000,0.0000,0.0047,0.0000,0.0027,0.0000
raw,bm25,2,0.75,140,0.1000,0.1667,0.1250,0.1099,0.0833,0.5000,0.2509
raw,bm25,2,0.75,141,0.2000,0.3333,0.2500,0.4150,0.3333,1.0000,0.5455
raw,bm25,2,0.75,142,0.0000,0.0000,0.0000,0.0014,0.0000,0.0014,0.0000
raw,bm25,2,0.75,143,0.1000,0.5000,0.1667,0.5769,0.5000,1.0000,0.6131
raw,bm25,2,0.75,144,0.5000,0.8333,0.6250,0.5927,0.5718,0.5000,0.6465
raw,bm25,2,0.75,145,0.4000,0.5714,0.4706,0.4443,0.4206,1.0000,0.6170
raw,bm25,2,0.75,146,0.2000,1.0000,0.3333,0.4500,0.4500,0.5000,0.5339
raw,bm25,2,0.75,147,0.3000,0.3000,0.3000,0.2556,0.1767,0.5000,0.3384
raw,bm25,2,0.75,148,0.2000,0.3333,0.2500,0.2281,0.1667,0.5000,0.3644
raw,bm25,2,0.75,149,0.5000,0.4545,0.4762,0.4044,0.2778,1.0000,0.5290
raw,bm25,2,0.75,150,0.2000,1.0000,0.3333,0.5833,0.5833,0.5000,0.6934
raw,bm25,2,0.75,151,0.0000,0.0000,0.0000,0.0174,0.0000,0.0204,0.0000
raw,bm25,2,0.75,152,0.0000,0.0000,0.0000,0.0132,0.0000,0.0270,0.0000
raw,bm25,2,0.75,153,0.3000,0.4286,0.3529,0.1800,0.1643,0.2500,0.2588
raw,bm25,2,0.75,154,0.2000,1.0000,0.3333,0.6250,0.6250,1.0000,0.6913
raw,bm25,2,0.75,155,0.2000,0.3333,0.2500,0.2714,0.2222,1.0000,0.2652
raw,bm25,2,0.75,156,0.6000,0.4286,0.5000,0.5365,0.4184,1.0000,0.5404
raw,bm25,2,0.75,157,0.5000,0.1282,0.2041,0.2003,0.0762,0.5000,0.3880
raw,bm25,2,0.75,158,0.2000,0.2500,0.2222,0.2238,0.1500,1.0000,0.4679
raw,bm25,2,0.75,159,0.1000,0.1250,0.1111,0.0575,0.0312,0.2500,0.1187
raw,bm25,2,0.75,160,0.1000,0.2000,0.1333,0.0523,0.0286,0.1429,0.1312
raw,bm25,2,0.75,161,0.3000,0.5000,0.3750,0.4210,0.4048,1.0000,0.6971
raw,bm25,2,0.75,162,0.2000,0.2500,0.2222,0.2526,0.1667,1.0000,0.2954
raw,bm25,2,0.75,163,0.2000,0.6667,0.3077,0.2879,0.2778,0.3333,0.4367
raw,bm25,2,0.75,164,0.4000,0.5000,0.4444,0.4709,0.4152,1.0000,0.6490
raw,bm25,2,0.75,165,0.2000,1.0000,0.3333,0.3929,0.3929,0.5000,0.5912
raw,bm25,2,0.75,166,0.1000,0.1250,0.1111,0.0368,0.0139,0.1111,0.0761
raw,bm25,2,0.75,167,0.2000,1.0000,0.3333,0.2500,0.2500,0.2500,0.4512
raw,bm25,2,0.75,168,0.1000,0.5000,0.1667,0.1016,0.1000,0.2000,0.2372
raw,bm25,2,0.75,169,0.2000,0.5000,0.2857,0.2939,0.2917,0.5000,0.4415
raw,bm25,2,0.75,170,0.4000,0.6667,0.5000,0.4484,0.4444,1.0000,0.6310
raw,bm25,2,0.75,171,0.2000,0.6667,0.3077,0.5667,0.5000,1.0000,0.6308
raw,bm25,2,0.75,172,0.4000,1.0000,0.5714,0.8042,0.8042,1.0000,0.8940
raw,bm25,2,0.75,173,0.2000,1.0000,0.3333,0.8333,0.8333,1.0000,0.9197
raw,bm25,2,0.75,174,0.1000,0.2000,0.1333,0.0602,0.0286,0.1429,0.1307
raw,bm25,2,0.75,175,0.1000,0.2000,0.1333,0.0454,0.0286,0.1429,0.1246
raw,bm25,2,0.75,176,0.1000,0.1429,0.1176,0.1095,0.0714,0.5000,0.2092
raw,bm25,2,0.75,177,0.3000,0.6000,0.4000,0.3933,0.3000,0.5000,0.4189
raw,bm25,2,0.75,178,0.3000,0.7500,0.4286,0.5250,0.5000,1.0000,0.8239
raw,bm25,2,0.75,179,0.2000,0.5000,0.2857,0.2029,0.1964,0.5000,0.3764
raw,bm25,2,0.75,180,0.3000,0.4286,0.3529,0.3563,0.2524,0.5000,0.3497
raw,bm25,2,0.75,181,0.2000,0.4000,0.2667,0.3305,0.3000,1.0000,0.4101
raw,bm25,2,0.75,182,0.2000,1.0000,0.3333,0.3500,0.3500,0.5000,0.5895
raw,bm25,2,0.75,183,0.4000,0.3077,0.3478,0.3037,0.2440,1.0000,0.2987
raw,bm25,2,0.75,184,0.1000,0.1429,0.1176,0.0658,0.0159,0.1111,0.0867
raw,bm25,2,0.75,185,0.6000,0.6667,0.6316,0.8179,0.6222,1.0000,0.8226
raw,bm25,2,0.75,186,0.5000,0.3125,0.3846,0.2053,0.1868,0.5000,0.4787
raw,bm25,2,0.75,187,0.2000,0.3333,0.2500,0.1471,0.1167,0.5000,0.2943
raw,bm25,2,0.75,188,0.3000,0.2727,0.2857,0.3112,0.2159,1.0000,0.4695
raw,bm25,2,0.75,189,0.1000,0.1111,0.1053,0.1188,0.0556,0.5000,0.1220
raw,bm25,2,0.75,190,0.3000,0.6000,0.4000,0.3914,0.3667,1.0000,0.5101
raw,bm25,2,0.75,191,0.5000,0.3846,0.4348,0.4341,0.2023,0.3333,0.3161
raw,bm25,2,0.75,192,0.2000,0.5000,0.2857,0.2862,0.2250,0.5000,0.3973
raw,bm25,2,0.75,193,0.8000,0.8889,0.8421,0.7432,0.7412,1.0000,0.7548
raw,bm25,2,0.75,194,0.3000,0.5000,0.3750,0.2956,0.1889,0.5000,0.2819
raw,bm25,2,0.75,195,0.0000,0.0000,0.0000,0.0473,0.0000,0.0667,0.0000
raw,bm25,2,0.75,196,0.2000,0.1667,0.1818,0.0984,0.0542,0.2500,0.1716
raw,bm25,2,0.75,197,0.3000,1.0000,0.4615,0.6556,0.6556,1.0000,0.7750
raw,bm25,2,0.75,198,0.3000,0.7500,0.4286,0.3997,0.3964,1.0000,0.6311
raw,bm25,2,0.75,199,0.0000,0.0000,0.0000,0.0404,0.0000,0.0455,0.0000
raw,bm25,2,0.75,200,0.2000,0.6667,0.3077,0.4754,0.4667,1.0000,0.6508
raw,bm25,2,0.75,201,0.5000,0.3125,0.3846,0.3563,0.2146,1.0000,0.5903
raw,bm25,2,0.75,202,0.3000,0.2143,0.2500,0.1533,0.1101,0.5000,0.1346
raw,bm25,2,0.75,203,0.4000,0.2857,0.3333,0.2171,0.1845,0.5000,0.4688
raw,bm25,2,0.75,204,0.1000,0.0714,0.0833,0.0537,0.0238,0.3333,0.1717
raw,bm25,2,0.75,205,0.0000,0.0000,0.0000,0.0395,0.0000,0.0556,0.0000
raw,bm25,2,0.75,206,0.2000,0.6667,0.3077,0.3357,0.3333,0.5000,0.5405
raw,bm25,2,0.75,207,0.0000,0.0000,0.0000,0.0076,0.0000,0.0056,0.0000
raw,bm25,2,0.75,208,0.3000,0.5000,0.3750,0.3702,0.2778,0.5000,0.5070
raw,bm25,2,0.75,209,0.3000,0.2500,0.2727,0.1818,0.1194,0.3333,0.2247
raw,bm25,2,0.75,210,0.2000,0.3333,0.2500,0.3350,0.2500,1.0000,0.4539
raw,bm25,2,0.75,211,0.1000,0.0909,0.0952,0.2004,0.0909,1.0000,0.1096
raw,bm25,2,0.75,212,0.7000,0.5000,0.5833,0.5545,0.4022,1.0000,0.5769
raw,bm25,2,0.75,213,0.7000,0.6364,0.6667,0.5784,0.5303,1.0000,0.7752
raw,bm25,2,0.75,214,0.1000,0.2500,0.1429,0.1523,0.1250,0.5000,0.2463
raw,bm25,2,0.75,215,0.0000,0.0000,0.0000,0.0368,0.0000,0.0455,0.0000
raw,bm25,2,0.75,216,0.0000,0.0000,0.0000,0.0022,0.0000,0.0022,0.0000
raw,bm25,2,0.75,217,0.1000,0.0667,0.0800,0.1066,0.0222,0.3333,0.1412
raw,bm25,2,0.75,218,0.2000,0.1333,0.1600,0.1434,0.0389,0.2500,0.1179
raw,bm25,2,0.75,219,0.0000,0.0000,0.0000,0.0348,0.0000,0.0270,0.0000
raw,bm25,2,0.75,220,0.2000,0.1053,0.1379,0.2383,0.1053,1.0000,0.2455
raw,bm25,2,0.75,221,0.3000,0.1667,0.2143,0.2092,0.1343,1.0000,0.2996
raw,bm25,2,0.75,222,0.4000,0.4444,0.4211,0.3681,0.3019,0.5000,0.4716
raw,bm25,2,0.75,223,0.2000,0.5000,0.2857,0.4169,0.3500,1.0000,0.5414
raw,bm25,2,0.75,224,0.3000,0.3750,0.3333,0.2722,0.1281,0.2500,0.2418
raw,bm25,2,0.75,225,0.2000,0.0833,0.1176,0.0765,0.0486,0.5000,0.1454
raw,bm25,2,1,1,0.5000,0.1786,0.2632,0.2395,0.1356,1.0000,0.3933
raw,bm25,2,1,2,0.3000,0.1250,0.1765,0.1629,0.1146,1.0000,0.5144
raw,bm25,2,1,3,0.5000,0.6250,0.5556,0.6117,0.5375,1.0000,0.7100
raw,bm25,2,1,4,0.1000,0.5000,0.1667,0.5769,0.5000,1.0000,0.6131
raw,bm25,2,1,5,0.1000,0.2500,0.1429,0.1528,0.0625,0.2500,0.2054
raw,bm25,2,1,6,0.1000,0.2500,0.1429,0.1521,0.1250,0.5000,0.2061
raw,bm25,2,1,7,0.2000,0.4000,0.2667,0.2524,0.2333,0.5000,0.3474
raw,bm25,2,1,8,0.1000,0.0909,0.0952,0.1705,0.0909,1.0000,0.2670
raw,bm25,2,1,9,0.2000,0.6667,0.3077,0.4797,0.4667,1.0000,0.6508
raw,bm25,2,1,10,0.2000,0.2500,0.2222,0.1559,0.1042,0.3333,0.2476
raw,bm25,2,1,11,0.2000,0.2857,0.2353,0.1612,0.1032,0.5000,0.1989
raw,bm25,2,1,12,0.1000,0.2000,0.1333,0.0784,0.0333,0.1667,0.1324
raw,bm25,2,1,13,0.0000,0.0000,0.0000,0.0032,0.0000,0.0035,0.0000
raw,bm25,2,1,14,0.1000,0.5000,0.1667,0.1583,0.1250,0.2500,0.3720
raw,bm25,2,1,15,0.2000,1.0000,0.3333,1.0000,1.0000,1.0000,0.8597
raw,bm25,2,1,16,0.1000,0.3333,0.1538,0.2500,0.1667,0.5000,0.2398
raw,bm25,2,1,17,0.1000,0.5000,0.1667,0.5147,0.5000,1.0000,0.7039
raw,bm25,2,1,18,0.1000,0.3333,0.1538,0.1012,0.0667,0.2000,0.1815
raw,bm25,2,1,19,0.1000,0.1111,0.1053,0.0255,0.0185,0.1667,0.0711
raw,bm25,2,1,20,0.4000,0.4444,0.4211,0.3852,0.2228,0.3333,0.3880
raw,bm25,2,1,21,0.2000,0.5000,0.2857,0.2022,0.1806,0.5000,0.4152
raw,bm25,2,1,22,0.0000,0.0000,0.0000,0.0020,0.0000,0.0020,0.0000
raw,bm25,2,1,23,0.1000,0.0312,0.0476,0.1028,0.0156,0.5000,0.1654
raw,bm25,2,1,24,0.1000,0.3333,0.1538,0.3969,0.3333,1.0000,0.5091
raw,bm25,2,1,25,0.3000,0.3333,0.3158,0.4109,0.2519,1.0000,0.3969
raw,bm25,2,1,26,0.2000,0.3333,0.2500,0.2497,0.1944,0.5000,0.3918
raw,bm25,2,1,27,0.1000,0.3333,0.1538,0.1005,0.0833,0.2500,0.2455
raw,bm25,2,1,28,0.0000,0.0000,0.0000,0.0018,0.0000,0.0018,0.0000
raw,bm25,2,1,29,0.4000,0.4444,0.4211,0.4284,0.3524,1.0000,0.5064
raw,bm25,2,1,30,0.1000,0.1429,0.1176,0.0776,0.0286,0.2000,0.1279
raw,bm25,2,1,31,0.0000,0.0000,0.0000,0.0007,0.0000,0.0007,0.0000
raw,bm25,2,1,32,0.0000,0.0000,0.0000,0.0217,0.0000,0.0345,0.0000
raw,bm25,2,1,33,0.2000,0.6667,0.3077,0.4306,0.3889,0.5000,0.4335
raw,bm25,2,1,34,0.2000,0.3333,0.2500,0.1796,0.0648,0.1667,0.1527
raw,bm25,2,1,35,0.0000,0.0000,0.0000,0.0120,0.0000,0.0118,0.0000
raw,bm25,2,1,36,0.0000,0.0000,0.0000,0.0333,0.0000,0.0625,0.0000
raw,bm25,2,1,37,0.2000,0.2222,0.2105,0.1821,0.0815,0.3333,0.2131
raw,bm25,2,1,38,0.0000,0.0000,0.0000,0.0563,0.0000,0.0833,0.0000
raw,bm25,2,1,39,0.3000,0.2308,0.2609,0.1084,0.0530,0.1667,0.1318
raw,bm25,2,1,40,0.0000,0.0000,0.0000,0.0293,0.0000,0.0556,0.0000
raw,bm25,2,1,41,0.3000,1.0000,0.4615,0.9167,0.9167,1.0000,0.9491
raw,bm25,2,1,42,0.3000,0.6000,0.4000,0.1982,0.1900,0.2500,0.3994
raw,bm25,2,1,43,0.4000,0.6667,0.5000,0.6742,0.6111,1.0000,0.8231
raw,bm25,2,1,44,0.0000,0.0000,0.0000,0.0027,0.0000,0.0017,0.0000
raw,bm25,2,1,45,0.2000,0.1667,0.1818,0.1197,0.0655,0.5000,0.2388
raw,bm25,2,1,46,0.3000,0.2000,0.2400,0.2037,0.0557,0.2500,0.2085
raw,bm25,2,1,47,0.4000,0.2857,0.3333,0.2910,0.1381,0.3333,0.3263
raw,bm25,2,1,48,0.2000,0.1818,0.1905,0.1360,0.1061,0.5000,0.2556
raw,bm25,2,1,49,0.1000,0.5000,0.1667,0.2803,0.2500,0.5000,0.4796
raw,bm25,2,1,50,0.1000,0.1667,0.1250,0.1831,0.1667,1.0000,0.4569
raw,bm25,2,1,51,0.4000,0.4000,0.4000,0.5240,0.4000,1.0000,0.4343
raw,bm25,2,1,52,0.3000,0.7500,0.4286,0.6381,0.5667,1.0000,0.7162
raw,bm25,2,1,53,0.2000,0.2000,0.2000,0.2396,0.1286,1.0000,0.2159
raw,bm25,2,1,54,0.2000,0.2222,0.2105,0.1328,0.0802,0.5000,0.2806
raw,bm25,2,1,55,0.3000,0.3000,0.3000,0.2775,0.2000,1.0000,0.3424
raw,bm25,2,1,56,0.2000,0.2000,0.2000,0.1201,0.0452,0.1667,0.1333
raw,bm25,2,1,57,0.0000,0.0000,0.0000,0.0810,0.0000,0.0769,0.0000
raw,bm25,2,1,58,0.1000,0.1111,0.1053,0.0703,0.0111,0.1000,0.1109
raw,bm25,2,1,59,0.0000,0.0000,0.0000,0.0537,0.0000,0.0667,0.0000
raw,bm25,2,1,60,0.3000,0.6000,0.4000,0.5117,0.4750,1.0000,0.5365
raw,bm25,2,1,61,0.2000,0.4000,0.2667,0.2028,0.1667,0.3333,0.3307
raw,bm25,2,1,62,0.1000,0.2000,0.1333,0.0399,0.0200,0.1000,0.0640
raw,bm25,2,1,63,0.0000,0.0000,0.0000,0.0047,0.0000,0.0052,0.0000
raw,bm25,2,1,64,0.1000,0.5000,0.1667,0.1218,0.0833,0.1667,0.2418
raw,bm25,2,1,65,0.5000,0.3333,0.4000,0.3263,0.2432,1.0000,0.5434
raw,bm25,2,1,66,0.2000,0.4000,0.2667,0.2100,0.1500,0.5000,0.3772
raw,bm25,2,1,67,0.8000,0.5714,0.6667,0.6372,0.5482,1.0000,0.7670
raw,bm25,2,1,68,0.1000,0.2000,0.1333,0.1368,0.1000,0.5000,0.2744
raw,bm25,2,1,69,0.0000,0.0000,0.0000,0.0555,0.0000,0.0476,0.0000
raw,bm25,2,1,70,0.1000,0.1000,0.1000,0.0822,0.0125,0.1250,0.0766
raw,bm25,2,1,71,0.0000,0.0000,0.0000,0.0335,0.0000,0.0312,0.0000
raw,bm25,2,1,72,0.1000,0.0588,0.0741,0.0357,0.0098,0.1667,0.1005
raw,bm25,2,1,73,0.6000,0.3000,0.4000,0.3062,0.2221,1.0000,0.5855
raw,bm25,2,1,74,0.0000,0.0000,0.0000,0.0441,0.0000,0.0833,0.0000
raw,bm25,2,1,75,0.1000,0.2000,0.1333,0.0903,0.0333,0.1667,0.1033
raw,bm25,2,1,76,0.4000,0.5714,0.4706,0.3018,0.2714,0.5000,0.4426
raw,bm25,2,1,77,0.5000,0.8333,0.6250,0.6647,0.6403,1.0000,0.7207
raw,bm25,2,1,78,0.3000,1.0000,0.4615,0.3778,0.3778,0.5000,0.5400
raw,bm25,2,1,79,0.1000,0.2000,0.1333,0.1254,0.1000,0.5000,0.2756
raw,bm25,2,1,80,0.0000,0.0000,0.0000,0.0129,0.0000,0.0127,0.0000
raw,bm25,2,1,81,0.2000,1.0000,0.3333,0.3333,0.3333,0.3333,0.4156
raw,bm25,2,1,82,0.3000,0.6000,0.4000,0.3111,0.2800,0.5000,0.4637
raw,bm25,2,1,83,0.1000,0.2500,0.1429,0.2585,0.2500,1.0000,0.3904
raw,bm25,2,1,84,0.4000,0.3636,0.3810,0.2950,0.2424,1.0000,0.3625
raw,bm25,2,1,85,0.0000,0.0000,0.0000,0.0253,0.0000,0.0476,0.0000
raw,bm25,2,1,86,0.2000,1.0000,0.3333,0.5833,0.5833,0.5000,0.6934
raw,bm25,2,1,87,0.0000,0.0000,0.0000,0.0113,0.0000,0.0071,0.0000
raw,bm25,2,1,88,0.6000,1.0000,0.7500,0.6746,0.6746,0.5000,0.7165
raw,bm25,2,1,89,0.3000,0.5000,0.3750,0.4182,0.3403,1.0000,0.5846
raw,bm25,2,1,90,0.4000,0.3077,0.3478,0.2040,0.1484,0.5000,0.2395
raw,bm25,2,1,91,0.3000,0.3333,0.3158,0.3131,0.2037,1.0000,0.4529
raw,bm25,2,1,92,0.4000,0.3077,0.3478,0.4391,0.2821,1.0000,0.3554
raw,bm25,2,1,93,0.1000,1.0000,0.1818,0.5000,0.5000,0.5000,0.6309
raw,bm25,2,1,94,0.4000,0.3333,0.3636,0.3500,0.1671,0.3333,0.3025
raw,bm25,2,1,95,0.1000,0.5000,0.1667,0.5625,0.5000,1.0000,0.2159
raw,bm25,2,1,96,0.4000,0.3077,0.3478,0.2769,0.1096,0.2500,0.2414
raw,bm25,2,1,97,0.1000,0.1000,0.1000,0.0550,0.0250,0.2500,0.1053
raw,bm25,2,1,98,0.0000,0.0000,0.0000,0.0171,0.0000,0.0312,0.0000
raw,bm25,2,1,99,0.0000,0.0000,0.0000,0.0657,0.0000,0.0769,0.0000
raw,bm25,2,1,100,0.3000,0.3333,0.3158,0.2473,0.2000,1.0000,0.4399
raw,bm25,2,1,101,0.5000,0.8333,0.6250,0.7166,0.6577,1.0000,0.8053
raw,bm25,2,1,102,0.1000,0.2500,0.1429,0.3588,0.2500,1.0000,0.2731
raw,bm25,2,1,103,0.0000,0.0000,0.0000,0.0047,0.0000,0.0071,0.0000
raw,bm25,2,1,104,0.1000,0.2000,0.1333,0.0578,0.0286,0.1429,0.1131
raw,bm25,2,1,105,0.2000,0.4000,0.2667,0.3918,0.3333,1.0000,0.6332
raw,bm25,2,1,106,0.3000,0.6000,0.4000,0.2257,0.2157,0.2500,0.3858
raw,bm25,2,1,107,0.2000,0.2857,0.2353,0.2570,0.1667,0.5000,0.3056
raw,bm25,2,1,108,0.6000,0.8571,0.7059,0.8290,0.7520,1.0000,0.7941
raw,bm25,2,1,109,0.0000,0.0000,0.0000,0.0289,0.0000,0.0476,0.0000
raw,bm25,2,1,110,0.0000,0.0000,0.0000,0.0182,0.0000,0.0196,0.0000
raw,bm25,2,1,111,0.3000,0.4286,0.3529,0.2422,0.1071,0.2000,0.2415
raw,bm25,2,1,112,0.1000,0.5000,0.1667,0.3167,0.2500,0.5000,0.2398
raw,bm25,2,1,113,0.2000,0.5000,0.2857,0.3168,0.2917,0.5000,0.4415
raw,bm25,2,1,114,0.0000,0.0000,0.0000,0.0441,0.0000,0.0909,0.0000
raw,bm25,2,1,115,0.0000,0.0000,0.0000,0.0307,0.0000,0.0455,0.0000
raw,bm25,2,1,116,0.0000,0.0000,0.0000,0.0399,0.0000,0.0588,0.0000
raw,bm25,2,1,117,0.0000,0.0000,0.0000,0.0308,0.0000,0.0345,0.0000
raw,bm25,2,1,118,0.2000,0.6667,0.3077,0.2119,0.1786,0.2500,0.3722
raw,bm25,2,1,119,0.0000,0.0000,0.0000,0.0476,0.0000,0.0476,0.0000
raw,bm25,2,1,120,0.5000,0.5556,0.5263,0.4808,0.3944,0.5000,0.5730
raw,bm25,2,1,121,0.5000,0.7143,0.5882,0.6325,0.5389,1.0000,0.6663
raw,bm25,2,1,122,0.3000,0.3333,0.3158,0.1978,0.0956,0.2000,0.1682
raw,bm25,2,1,123,0.0000,0.0000,0.0000,0.0361,0.0000,0.0278,0.0000
raw,bm25,2,1,124,0.0000,0.0000,0.0000,0.0041,0.0000,0.0067,0.0000
raw,bm25,2,1,125,0.4000,0.2353,0.2963,0.2725,0.1266,1.0000,0.4234
raw,bm25,2,1,126,0.2000,0.2500,0.2222,0.2243,0.2083,1.0000,0.4718
raw,bm25,2,1,127,0.1000,0.2000,0.1333,0.1089,0.0667,0.3333,0.1490
raw,bm25,2,1,128,0.0000,0.0000,0.0000,0.0274,0.0000,0.0455,0.0000
raw,bm25,2,1,129,0.4000,0.5714,0.4706,0.4170,0.3881,0.5000,0.5499
raw,bm25,2,1,130,0.4000,0.8000,0.5333,0.5548,0.5533,1.0000,0.6947
raw,bm25,2,1,131,0.3000,0.3750,0.3333,0.2474,0.1198,0.2500,0.2516
raw,bm25,2,1,132,0.7000,0.4667,0.5600,0.5875,0.3278,0.5000,0.6021
raw,bm25,2,1,133,0.0000,0.0000,0.0000,0.1945,0.0000,0.0833,0.0000
raw,bm25,2,1,134,0.1000,0.5000,0.1667,0.1222,0.0556,0.1111,0.1413
raw,bm25,2,1,135,0.5000,0.6250,0.5556,0.4640,0.3256,1.0000,0.3220
raw,bm25,2,1,136,0.1000,0.3333,0.1538,0.3840,0.3333,1.0000,0.7796
raw,bm25,2,1,137,0.2000,0.5000,0.2857,0.2083,0.1625,0.2500,0.2670
raw,bm25,2,1,138,0.1000,0.5000,0.1667,0.0637,0.0556,0.1111,0.1846
raw,bm25,2,1,139,0.0000,0.0000,0.0000,0.0049,0.0000,0.0024,0.0000
raw,bm25,2,1,140,0.1000,0.1667,0.1250,0.1100,0.0833,0.5000,0.2509
raw,bm25,2,1,141,0.2000,0.3333,0.2500,0.4097,0.3333,1.0000,0.5455
raw,bm25,2,1,142,0.0000,0.0000,0.0000,0.0016,0.0000,0.0016,0.0000
raw,bm25,2,1,143,0.1000,0.5000,0.1667,0.5667,0.5000,1.0000,0.6131
raw,bm25,2,1,144,0.5000,0.8333,0.6250,0.6815,0.6552,1.0000,0.8052
raw,bm25,2,1,145,0.4000,0.5714,0.4706,0.4530,0.4286,1.0000,0.6216
raw,bm25,2,1,146,0.2000,1.0000,0.3333,0.8333,0.8333,1.0000,0.7602
raw,bm25,2,1,147,0.3000,0.3000,0.3000,0.2246,0.1595,0.5000,0.3241
raw,bm25,2,1,148,0.2000,0.3333,0.2500,0.2257,0.1667,0.5000,0.3644
raw,bm25,2,1,149,0.3000,0.2727,0.2857,0.4374,0.2364,1.0000,0.4441
raw,bm25,2,1,150,0.2000,1.0000,0.3333,0.5833,0.5833,0.5000,0.6934
raw,bm25,2,1,151,0.0000,0.0000,0.0000,0.0180,0.0000,0.0169,0.0000
raw,bm25,2,1,152,0.0000,0.0000,0.0000,0.0180,0.0000,0.0500,0.0000
raw,bm25,2,1,153,0.3000,0.4286,0.3529,0.1485,0.1313,0.3333,0.2617
raw,bm25,2,1,154,0.2000,1.0000,0.3333,0.6250,0.6250,1.0000,0.6913
raw,bm25,2,1,155,0.2000,0.3333,0.2500,0.2829,0.2333,1.0000,0.2687
raw,bm25,2,1,156,0.6000,0.4286,0.5000,0.5295,0.4184,1.0000,0.5404
raw,bm25,2,1,157,0.5000,0.1282,0.2041,0.2056,0.0742,0.5000,0.4086
raw,bm25,2,1,158,0.2000,0.2500,0.2222,0.2224,0.1528,1.0000,0.4722
raw,bm25,2,1,159,0.1000,0.1250,0.1111,0.0541,0.0250,0.2000,0.1066
raw,bm25,2,1,160,0.0000,0.0000,0.0000,0.0405,0.0000,0.0833,0.0000
raw,bm25,2,1,161,0.3000,0.5000,0.3750,0.3640,0.3492,1.0000,0.6447
raw,bm25,2,1,162,0.2000,0.2500,0.2222,0.2582,0.1875,1.0000,0.3116
raw,bm25,2,1,163,0.2000,0.6667,0.3077,0.2881,0.2778,0.3333,0.4367
raw,bm25,2,1,164,0.3000,0.3750,0.3333,0.4352,0.3438,1.0000,0.5682
raw,bm25,2,1,165,0.2000,1.0000,0.3333,0.6429,0.6429,1.0000,0.8175
raw,bm25,2,1,166,0.0000,0.0000,0.0000,0.0345,0.0000,0.0909,0.0000
raw,bm25,2,1,167,0.2000,1.0000,0.3333,0.2262,0.2262,0.1667,0.4072
raw,bm25,2,1,168,0.1000,0.5000,0.1667,0.1268,0.1250,0.2500,0.2641
raw,bm25,2,1,169,0.2000,0.5000,0.2857,0.2524,0.2500,0.5000,0.4144
raw,bm25,2,1,170,0.4000,0.6667,0.5000,0.4887,0.4833,1.0000,0.7170
raw,bm25,2,1,171,0.2000,0.6667,0.3077,0.5990,0.5556,1.0000,0.6407
raw,bm25,2,1,172,0.4000,1.0000,0.5714,0.8042,0.8042,1.0000,0.8940
raw,bm25,2,1,173,0.2000,1.0000,0.3333,0.8333,0.8333,1.0000,0.9197
raw,bm25,2,1,174,0.1000,0.2000,0.1333,0.0664,0.0333,0.1667,0.1397
raw,bm25,2,1,175,0.1000,0.2000,0.1333,0.0477,0.0286,0.1429,0.1246
raw,bm25,2,1,176,0.1000,0.1429,0.1176,0.1145,0.0714,0.5000,0.2092
raw,bm25,2,1,177,0.4000,0.8000,0.5333,0.4143,0.3689,0.5000,0.4848
raw,bm25,2,1,178,0.3000,0.7500,0.4286,0.4776,0.4571,1.0000,0.8161
raw,bm25,2,1,179,0.2000,0.5000,0.2857,0.2032,0.1964,0.5000,0.3764
raw,bm25,2,1,180,0.3000,0.4286,0.3529,0.3878,0.2738,0.5000,0.3558
raw,bm25,2,1,181,0.2000,0.4000,0.2667,0.3626,0.3333,1.0000,0.4360
raw,bm25,2,1,182,0.1000,0.5000,0.1667,0.3409,0.2500,0.5000,0.4796
raw,bm25,2,1,183,0.3000,0.2308,0.2609,0.2480,0.1667,1.0000,0.2272
raw,bm25,2,1,184,0.0000,0.0000,0.0000,0.0676,0.0000,0.0909,0.0000
raw,bm25,2,1,185,0.6000,0.6667,0.6316,0.8011,0.6111,1.0000,0.7464
raw,bm25,2,1,186,0.5000,0.3125,0.3846,0.1881,0.1670,0.5000,0.4558
raw,bm25,2,1,187,0.2000,0.3333,0.2500,0.1229,0.0893,0.2500,0.2444
raw,bm25,2,1,188,0.4000,0.3636,0.3810,0.3239,0.2523,1.0000,0.5160
raw,bm25,2,1,189,0.1000,0.1111,0.1053,0.1128,0.0556,0.5000,0.1220
raw,bm25,2,1,190,0.3000,0.6000,0.4000,0.4438,0.4000,1.0000,0.5388
raw,bm25,2,1,191,0.5000,0.3846,0.4348,0.4840,0.2021,0.5000,0.3467
raw,bm25,2,1,192,0.2000,0.5000,0.2857,0.2010,0.1548,0.3333,0.3253
raw,bm25,2,1,193,0.7000,0.7778,0.7368,0.7177,0.6349,1.0000,0.6592
raw,bm25,2,1,194,0.2000,0.3333,0.2500,0.2242,0.1111,0.3333,0.1539
raw,bm25,2,1,195,0.0000,0.0000,0.0000,0.0371,0.0000,0.0370,0.0000
raw,bm25,2,1,196,0.2000,0.1667,0.1818,0.1585,0.1167,1.0000,0.3135
raw,bm25,2,1,197,0.3000,1.0000,0.4615,0.6667,0.6667,1.0000,0.7796
raw,bm25,2,1,198,0.2000,0.5000,0.2857,0.1966,0.1250,0.2500,0.3086
raw,bm25,2,1,199,0.0000,0.0000,0.0000,0.0448,0.0000,0.0526,0.0000
raw,bm25,2,1,200,0.2000,0.6667,0.3077,0.2718,0.2619,0.5000,0.4525
raw,bm25,2,1,201,0.4000,0.2500,0.3077,0.3207,0.1729,1.0000,0.5287
raw,bm25,2,1,202,0.3000,0.2143,0.2500,0.1347,0.0901,0.5000,0.1229
raw,bm25,2,1,203,0.3000,0.2143,0.2500,0.1853,0.1369,0.5000,0.3817
raw,bm25,2,1,204,0.1000,0.0714,0.0833,0.0536,0.0238,0.3333,0.1717
raw,bm25,2,1,205,0.0000,0.0000,0.0000,0.0334,0.0000,0.0455,0.0000
raw,bm25,2,1,206,0.2000,0.6667,0.3077,0.2804,0.2778,0.5000,0.5025
raw,bm25,2,1,207,0.0000,0.0000,0.0000,0.0080,0.0000,0.0056,0.0000
raw,bm25,2,1,208,0.3000,0.5000,0.3750,0.3614,0.2778,0.5000,0.5070
raw,bm25,2,1,209,0.3000,0.2500,0.2727,0.1943,0.1333,0.5000,0.2513
raw,bm25,2,1,210,0.2000,0.3333,0.2500,0.3552,0.2778,1.0000,0.4826
raw,bm25,2,1,211,0.1000,0.0909,0.0952,0.2045,0.0909,1.0000,0.1096
raw,bm25,2,1,212,0.6000,0.4286,0.5000,0.5414,0.3486,1.0000,0.5225
raw,bm25,2,1,213,0.6000,0.5455,0.5714,0.5531,0.4530,1.0000,0.7278
raw,bm25,2,1,214,0.1000,0.2500,0.1429,0.1549,0.1250,0.5000,0.2463
raw,bm25,2,1,215,0.0000,0.0000,0.0000,0.0373,0.0000,0.0476,0.0000
raw,bm25,2,1,216,0.0000,0.0000,0.0000,0.0020,0.0000,0.0020,0.0000
raw,bm25,2,1,217,0.1000,0.0667,0.0800,0.1077,0.0222,0.3333,0.1412
raw,bm25,2,1,218,0.2000,0.1333,0.1600,0.1193,0.0302,0.1667,0.1033
raw,bm25,2,1,219,0.0000,0.0000,0.0000,0.0346,0.0000,0.0196,0.0000
raw,bm25,2,1,220,0.3000,0.1579,0.2069,0.1669,0.0539,0.2500,0.1753
raw,bm25,2,1,221,0.3000,0.1667,0.2143,0.1817,0.1167,1.0000,0.2856
raw,bm25,2,1,222,0.4000,0.4444,0.4211,0.3609,0.3019,0.5000,0.4716
raw,bm25,2,1,223,0.1000,0.2500,0.1429,0.3499,0.2500,1.0000,0.3904
raw,bm25,2,1,224,0.3000,0.3750,0.3333,0.2158,0.0866,0.1429,0.2032
raw,bm25,2,1,225,0.2000,0.0833,0.1176,0.0609,0.0312,0.5000,0.1125
stopwords,vector,,,1,0.5000,0.1786,0.2632,0.2160,0.1300,1.0000,0.3798
stopwords,vector,,,2,0.4000,0.1667,0.2353,0.1891,0.1488,1.0000,0.5473
stopwords,vector,,,3,0.5000,0.6250,0.5556,0.6402,0.5330,1.0000,0.7036
stopwords,vector,,,4,0.2000,1.0000,0.3333,0.6000,0.6000,1.0000,0.7904
stopwords,vector,,,5,0.1000,0.2500,0.1429,0.1280,0.0500,0.2000,0.1845
stopwords,vector,,,6,0.1000,0.2500,0.1429,0.0475,0.0312,0.1250,0.1030
stopwords,vector,,,7,0.2000,0.4000,0.2667,0.2524,0.2333,0.5000,0.3474
stopwords,vector,,,8,0.1000,0.0909,0.0952,0.0927,0.0182,0.2000,0.1033
stopwords,vector,,,9,0.2000,0.6667,0.3077,0.4237,0.4167,1.0000,0.6173
stopwords,vector,,,10,0.2000,0.2500,0.2222,0.1115,0.0729,0.2500,0.2023
stopwords,vector,,,11,0.2000,0.2857,0.2353,0.1620,0.1032,0.5000,0.1989
stopwords,vector,,,12,0.1000,0.2000,0.1333,0.0995,0.0250,0.1250,0.1172
stopwords,vector,,,13,0.0000,0.0000,0.0000,0.0000,0.0000,0.0000,0.0000
stopwords,vector,,,14,0.1000,0.5000,0.1667,0.0928,0.0625,0.1250,0.2725
stopwords,vector,,,15,0.2000,1.0000,0.3333,0.8333,0.8333,1.0000,0.7602
stopwords,vector,,,16,0.1000,0.3333,0.1538,0.1935,0.1667,0.5000,0.2398
stopwords,vector,,,17,0.1000,0.5000,0.1667,0.5115,0.5000,1.0000,0.7039
stopwords,vector,,,18,0.1000,0.3333,0.1538,0.0894,0.0667,0.2000,0.1815
stopwords,vector,,,19,0.0000,0.0000,0.0000,0.0139,0.0000,0.0769,0.0000
stopwords,vector,,,20,0.5000,0.5556,0.5263,0.4429,0.2951,0.3333,0.4642
stopwords,vector,,,21,0.1000,0.2500,0.1429,0.2226,0.1250,0.5000,0.3058
stopwords,vector,,,22,0.0000,0.0000,0.0000,0.0000,0.0000,0.0000,0.0000
stopwords,vector,,,23,0.3000,0.0938,0.1429,0.1327,0.0430,0.5000,0.3120
stopwords,vector,,,24,0.2000,0.6667,0.3077,0.5022,0.5000,1.0000,0.7284
stopwords,vector,,,25,0.4000,0.4444,0.4211,0.4835,0.3690,1.0000,0.5037
stopwords,vector,,,26,0.2000,0.3333,0.2500,0.1632,0.0833,0.2500,0.2585
stopwords,vector,,,27,0.1000,0.3333,0.1538,0.1216,0.1111,0.3333,0.2851
stopwords,vector,,,28,0.0000,0.0000,0.0000,0.0008,0.0000,0.0017,0.0000
stopwords,vector,,,29,0.4000,0.4444,0.4211,0.4514,0.3778,1.0000,0.4626
stopwords,vector,,,30,0.0000,0.0000,0.0000,0.0508,0.0000,0.0588,0.0000
stopwords,vector,,,31,0.0000,0.0000,0.0000,0.0000,0.0000,0.0000,0.0000
stopwords,vector,,,32,0.0000,0.0000,0.0000,0.0195,0.0000,0.0208,0.0000
stopwords,vector,,,33,0.2000,0.6667,0.3077,0.4274,0.3889,0.5000,0.4683
stopwords,vector,,,34,0.1000,0.1667,0.1250,0.1649,0.0278,0.1667,0.0827
stopwords,vector,,,35,0.0000,0.0000,0.0000,0.0238,0.0000,0.0370,0.0000
stopwords,vector,,,36,0.0000,0.0000,0.0000,0.0404,0.0000,0.0769,0.0000
stopwords,vector,,,37,0.3000,0.3333,0.3158,0.1880,0.0981,0.2500,0.2407
stopwords,vector,,,38,0.0000,0.0000,0.0000,0.0383,0.0000,0.0526,0.0000
stopwords,vector,,,39,0.3000,0.2308,0.2609,0.2132,0.1615,1.0000,0.2532
stopwords,vector,,,40,0.0000,0.0000,0.0000,0.0211,0.0000,0.0233,0.0000
stopwords,vector,,,41,0.3000,1.0000,0.4615,0.8333,0.8333,1.0000,0.9120
stopwords,vector,,,42,0.3000,0.6000,0.4000,0.1994,0.1917,0.2500,0.3934
stopwords,vector,,,43,0.4000,0.6667,0.5000,0.4518,0.3730,0.5000,0.6043
stopwords,vector,,,44,0.0000,0.0000,0.0000,0.0000,0.0000,0.0000,0.0000
stopwords,vector,,,45,0.2000,0.1667,0.1818,0.1275,0.0750,0.5000,0.2488
stopwords,vector,,,46,0.4000,0.2667,0.3200,0.2738,0.1811,0.5000,0.3211
stopwords,vector,,,47,0.4000,0.2857,0.3333,0.2343,0.1088,0.2500,0.3084
stopwords,vector,,,48,0.2000,0.1818,0.1905,0.1395,0.1061,0.5000,0.2556
stopwords,vector,,,49,0.1000,0.5000,0.1667,0.2689,0.2500,0.5000,0.4796
stopwords,vector,,,50,0.0000,0.0000,0.0000,0.0266,0.0000,0.0909,0.0000
stopwords,vector,,,51,0.4000,0.4000,0.4000,0.4385,0.3417,1.0000,0.4228
stopwords,vector,,,52,0.4000,1.0000,0.5714,0.8611,0.8611,1.0000,0.7761
stopwords,vector,,,53,0.2000,0.2000,0.2000,0.2717,0.1667,1.0000,0.2429
stopwords,vector,,,54,0.2000,0.2222,0.2105,0.1547,0.0926,0.5000,0.2930
stopwords,vector,,,55,0.2000,0.2000,0.2000,0.2216,0.1400,1.0000,0.3063
stopwords,vector,,,56,0.1000,0.1000,0.1000,0.0859,0.0111,0.1111,0.0392
stopwords,vector,,,57,0.1000,0.0714,0.0833,0.0911,0.0179,0.2500,0.0531
stopwords,vector,,,58,0.2000,0.2222,0.2105,0.1090,0.0593,0.3333,0.2659
stopwords,vector,,,59,0.1000,0.2500,0.1429,0.0429,0.0278,0.1111,0.0983
stopwords,vector,,,60,0.3000,0.6000,0.4000,0.5395,0.5200,1.0000,0.5600
stopwords,vector,,,61,0.2000,0.4000,0.2667,0.2092,0.1667,0.3333,0.3307
stopwords,vector,,,62,0.0000,0.0000,0.0000,0.0458,0.0000,0.0909,0.0000
stopwords,vector,,,63,0.0000,0.0000,0.0000,0.0049,0.0000,0.0045,0.0000
stopwords,vector,,,64,0.2000,1.0000,0.3333,0.3929,0.3929,0.5000,0.5980
stopwords,vector,,,65,0.5000,0.3333,0.4000,0.3965,0.3010,1.0000,0.5890
stopwords,vector,,,66,0.2000,0.4000,0.2667,0.1679,0.1167,0.3333,0.3250
stopwords,vector,,,67,0.8000,0.5714,0.6667,0.6480,0.5482,1.0000,0.8180
stopwords,vector,,,68,0.2000,0.4000,0.2667,0.1668,0.1500,0.5000,0.3659
stopwords,vector,,,69,0.0000,0.0000,0.0000,0.0313,0.0000,0.0256,0.0000
stopwords,vector,,,70,0.0000,0.0000,0.0000,0.0638,0.0000,0.0625,0.0000
stopwords,vector,,,71,0.0000,0.0000,0.0000,0.0347,0.0000,0.0238,0.0000
stopwords,vector,,,72,0.0000,0.0000,0.0000,0.0343,0.0000,0.0909,0.0000
stopwords,vector,,,73,0.5000,0.2500,0.3333,0.3002,0.1965,1.0000,0.5476
stopwords,vector,,,74,0.0000,0.0000,0.0000,0.0503,0.0000,0.0714,0.0000
stopwords,vector,,,75,0.1000,0.2000,0.1333,0.0819,0.0400,0.2000,0.1122
stopwords,vector,,,76,0.2000,0.2857,0.2353,0.1793,0.1000,0.5000,0.2390
stopwords,vector,,,77,0.5000,0.8333,0.6250,0.7338,0.6750,1.0000,0.6454
stopwords,vector,,,78,0.3000,1.0000,0.4615,0.4206,0.4206,0.5000,0.5653
stopwords,vector,,,79,0.1000,0.2000,0.1333,0.0674,0.0500,0.2500,0.1881
stopwords,vector,,,80,0.0000,0.0000,0.0000,0.0346,0.0000,0.0500,0.0000
stopwords,vector,,,81,0.1000,0.5000,0.1667,0.1603,0.0833,0.1667,0.0769
stopwords,vector,,,82,0.3000,0.6000,0.4000,0.5810,0.5500,1.0000,0.6888
stopwords,vector,,,83,0.1000,0.2500,0.1429,0.2570,0.2500,1.0000,0.3904
stopwords,vector,,,84,0.2000,0.1818,0.1905,0.1175,0.0354,0.1667,0.1298
stopwords,vector,,,85,0.1000,0.2500,0.1429,0.0652,0.0500,0.2000,0.0998
stopwords,vector,,,86,0.2000,1.0000,0.3333,0.5833,0.5833,0.5000,0.6934
stopwords,vector,,,87,0.0000,0.0000,0.0000,0.0119,0.0000,0.0093,0.0000
stopwords,vector,,,88,0.6000,1.0000,0.7500,0.6746,0.6746,0.5000,0.6985
stopwords,vector,,,89,0.2000,0.3333,0.2500,0.2199,0.1204,0.5000,0.3105
stopwords,vector,,,90,0.4000,0.3077,0.3478,0.2724,0.1782,0.5000,0.2636
stopwords,vector,,,91,0.2000,0.2222,0.2105,0.1678,0.0593,0.3333,0.2261
stopwords,vector,,,92,0.6000,0.4615,0.5217,0.5764,0.4615,1.0000,0.5144
stopwords,vector,,,93,0.1000,1.0000,0.1818,0.5000,0.5000,0.5000,0.6309
stopwords,vector,,,94,0.4000,0.3333,0.3636,0.4222,0.2662,1.0000,0.4524
stopwords,vector,,,95,0.1000,0.5000,0.1667,0.2121,0.1667,0.3333,0.1080
stopwords,vector,,,96,0.4000,0.3077,0.3478,0.2853,0.1615,0.5000,0.2929
stopwords,vector,,,97,0.2000,0.2000,0.2000,0.1317,0.1222,1.0000,0.2812
stopwords,vector,,,98,0.0000,0.0000,0.0000,0.0093,0.0000,0.0149,0.0000
stopwords,vector,,,99,0.3000,0.7500,0.4286,0.3083,0.3083,0.5000,0.5285
stopwords,vector,,,100,0.2000,0.2222,0.2105,0.2200,0.1296,0.5000,0.3065
stopwords,vector,,,101,0.5000,0.8333,0.6250,0.6236,0.5569,0.5000,0.6592
stopwords,vector,,,102,0.2000,0.5000,0.2857,0.4455,0.4167,1.0000,0.5462
stopwords,vector,,,103,0.0000,0.0000,0.0000,0.0125,0.0000,0.0250,0.0000
stopwords,vector,,,104,0.1000,0.2000,0.1333,0.0742,0.0250,0.1250,0.1070
stopwords,vector,,,105,0.2000,0.4000,0.2667,0.3793,0.3333,1.0000,0.6332
stopwords,vector,,,106,0.3000,0.6000,0.4000,0.1607,0.1505,0.1667,0.3182
stopwords,vector,,,107,0.2000,0.2857,0.2353,0.2238,0.1667,0.5000,0.2721
stopwords,vector,,,108,0.6000,0.8571,0.7059,0.9137,0.8367,1.0000,0.8256
stopwords,vector,,,109,0.0000,0.0000,0.0000,0.0217,0.0000,0.0455,0.0000
stopwords,vector,,,110,0.0000,0.0000,0.0000,0.0217,0.0000,0.0294,0.0000
stopwords,vector,,,111,0.2000,0.2857,0.2353,0.2637,0.0833,0.2500,0.2131
stopwords,vector,,,112,0.1000,0.5000,0.1667,0.2803,0.2500,0.5000,0.2398
stopwords,vector,,,113,0.2000,0.5000,0.2857,0.3897,0.3750,1.0000,0.5585
stopwords,vector,,,114,0.1000,0.2500,0.1429,0.0779,0.0278,0.1111,0.1553
stopwords,vector,,,115,0.0000,0.0000,0.0000,0.0184,0.0000,0.0167,0.0000
stopwords,vector,,,116,0.0000,0.0000,0.0000,0.0416,0.0000,0.0833,0.0000
stopwords,vector,,,117,0.0000,0.0000,0.0000,0.0279,0.0000,0.0323,0.0000
stopwords,vector,,,118,0.1000,0.3333,0.1538,0.1289,0.0370,0.1111,0.1144
stopwords,vector,,,119,0.0000,0.0000,0.0000,0.0625,0.0000,0.0625,0.0000
stopwords,vector,,,120,0.5000,0.5556,0.5263,0.5076,0.3713,0.5000,0.5654
stopwords,vector,,,121,0.5000,0.7143,0.5882,0.6376,0.5278,1.0000,0.6756
stopwords,vector,,,122,0.3000,0.3333,0.3158,0.1999,0.0966,0.2500,0.1903
stopwords,vector,,,123,0.0000,0.0000,0.0000,0.0698,0.0000,0.0909,0.0000
stopwords,vector,,,124,0.0000,0.0000,0.0000,0.0039,0.0000,0.0062,0.0000
stopwords,vector,,,125,0.2000,0.1176,0.1481,0.1787,0.0294,0.2500,0.1552
stopwords,vector,,,126,0.2000,0.2500,0.2222,0.1995,0.1875,1.0000,0.4500
stopwords,vector,,,127,0.1000,0.2000,0.1333,0.0900,0.0667,0.3333,0.1490
stopwords,vector,,,128,0.0000,0.0000,0.0000,0.0163,0.0000,0.0244,0.0000
stopwords,vector,,,129,0.4000,0.5714,0.4706,0.4808,0.4405,1.0000,0.6253
stopwords,vector,,,130,0.3000,0.6000,0.4000,0.5067,0.4533,1.0000,0.6032
stopwords,vector,,,131,0.2000,0.2500,0.2222,0.2324,0.0625,0.2500,0.2085
stopwords,vector,,,132,0.8000,0.5333,0.6400,0.6917,0.4474,1.0000,0.7402
stopwords,vector,,,133,0.1000,0.1429,0.1176,0.1842,0.0159,0.1111,0.0323
stopwords,vector,,,134,0.0000,0.0000,0.0000,0.0911,0.0000,0.0769,0.0000
stopwords,vector,,,135,0.3000,0.3750,0.3333,0.4336,0.2344,1.0000,0.2511
stopwords,vector,,,136,0.1000,0.3333,0.1538,0.2105,0.1667,0.5000,0.4919
stopwords,vector,,,137,0.2000,0.5000,0.2857,0.2713,0.1625,0.2500,0.2670
stopwords,vector,,,138,0.1000,0.5000,0.1667,0.0559,0.0500,0.1000,0.1772
stopwords,vector,,,139,0.0000,0.0000,0.0000,0.0058,0.0000,0.0033,0.0000
stopwords,vector,,,140,0.1000,0.1667,0.1250,0.1135,0.0833,0.5000,0.2509
stopwords,vector,,,141,0.2000,0.3333,0.2500,0.3923,0.3333,1.0000,0.5455
stopwords,vector,,,142,0.0000,0.0000,0.0000,0.0014,0.0000,0.0014,0.0000
stopwords,vector,,,143,0.1000,0.5000,0.1667,0.1268,0.0833,0.1667,0.2184
stopwords,vector,,,144,0.5000,0.8333,0.6250,0.7583,0.6750,1.0000,0.8135
stopwords,vector,,,145,0.4000,0.5714,0.4706,0.5072,0.4667,1.0000,0.6441
stopwords,vector,,,146,0.2000,1.0000,0.3333,0.7500,0.7500,1.0000,0.7075
stopwords,vector,,,147,0.3000,0.3000,0.3000,0.2715,0.1667,0.5000,0.3128
stopwords,vector,,,148,0.3000,0.5000,0.3750,0.4294,0.3611,1.0000,0.5964
stopwords,vector,,,149,0.4000,0.3636,0.3810,0.3954,0.2131,1.0000,0.4499
stopwords,vector,,,150,0.2000,1.0000,0.3333,0.5833,0.5833,0.5000,0.6934
stopwords,vector,,,151,0.0000,0.0000,0.0000,0.0143,0.0000,0.0130,0.0000
stopwords,vector,,,152,0.0000,0.0000,0.0000,0.0126,0.0000,0.0333,0.0000
stopwords,vector,,,153,0.3000,0.4286,0.3529,0.1887,0.1660,0.3333,0.2775
stopwords,vector,,,154,0.2000,1.0000,0.3333,0.3929,0.3929,0.5000,0.5307
stopwords,vector,,,155,0.3000,0.5000,0.3750,0.4611,0.4583,1.0000,0.4000
stopwords,vector,,,156,0.6000,0.4286,0.5000,0.5414,0.4286,1.0000,0.5471
stopwords,vector,,,157,0.5000,0.1282,0.2041,0.2144,0.0674,0.5000,0.3719
stopwords,vector,,,158,0.1000,0.1250,0.1111,0.1804,0.1250,1.0000,0.3630
stopwords,vector,,,159,0.0000,0.0000,0.0000,0.0412,0.0000,0.0833,0.0000
stopwords,vector,,,160,0.1000,0.2000,0.1333,0.0602,0.0333,0.1667,0.1403
stopwords,vector,,,161,0.3000,0.5000,0.3750,0.4342,0.4167,1.0000,0.7001
stopwords,vector,,,162,0.3000,0.3750,0.3333,0.2753,0.2167,1.0000,0.3458
stopwords,vector,,,163,0.2000,0.6667,0.3077,0.3951,0.3889,0.5000,0.5307
stopwords,vector,,,164,0.3000,0.3750,0.3333,0.3272,0.2208,0.5000,0.3971
stopwords,vector,,,165,0.1000,0.5000,0.1667,0.3409,0.2500,0.5000,0.3869
stopwords,vector,,,166,0.0000,0.0000,0.0000,0.0221,0.0000,0.0556,0.0000
stopwords,vector,,,167,0.1000,0.5000,0.1667,0.1101,0.0625,0.1250,0.2221
stopwords,vector,,,168,0.1000,0.5000,0.1667,0.1266,0.1250,0.2500,0.2641
stopwords,vector,,,169,0.2000,0.5000,0.2857,0.1867,0.1833,0.3333,0.3462
stopwords,vector,,,170,0.4000,0.6667,0.5000,0.4354,0.4241,1.0000,0.6030
stopwords,vector,,,171,0.2000,0.6667,0.3077,0.5435,0.5000,1.0000,0.6308
stopwords,vector,,,172,0.4000,1.0000,0.5714,0.6792,0.6792,0.5000,0.7180
stopwords,vector,,,173,0.2000,1.0000,0.3333,0.3611,0.3611,0.5000,0.5714
stopwords,vector,,,174,0.0000,0.0000,0.0000,0.0521,0.0000,0.0833,0.0000
stopwords,vector,,,175,0.1000,0.2000,0.1333,0.0495,0.0333,0.1667,0.1331
stopwords,vector,,,176,0.1000,0.1429,0.1176,0.0839,0.0286,0.2000,0.1282
stopwords,vector,,,177,0.3000,0.6000,0.4000,0.5761,0.4200,1.0000,0.4835
stopwords,vector,,,178,0.3000,0.7500,0.4286,0.5095,0.4750,1.0000,0.8284
stopwords,vector,,,179,0.2000,0.5000,0.2857,0.2311,0.2250,0.5000,0.3973
stopwords,vector,,,180,0.3000,0.4286,0.3529,0.2971,0.2286,0.5000,0.3208
stopwords,vector,,,181,0.1000,0.2000,0.1333,0.1293,0.0667,0.3333,0.1246
stopwords,vector,,,182,0.2000,1.0000,0.3333,0.4500,0.4500,0.5000,0.6267
stopwords,vector,,,183,0.6000,0.4615,0.5217,0.4992,0.4615,1.0000,0.3871
stopwords,vector,,,184,0.1000,0.1429,0.1176,0.0703,0.0143,0.1000,0.0833
stopwords,vector,,,185,0.7000,0.7778,0.7368,0.7291,0.6019,1.0000,0.7026
stopwords,vector,,,186,0.5000,0.3125,0.3846,0.2278,0.2059,1.0000,0.5482
stopwords,vector,,,187,0.2000,0.3333,0.2500,0.1494,0.1083,0.2500,0.2615
stopwords,vector,,,188,0.3000,0.2727,0.2857,0.3109,0.2273,1.0000,0.4507
stopwords,vector,,,189,0.1000,0.1111,0.1053,0.0602,0.0139,0.1250,0.0610
stopwords,vector,,,190,0.3000,0.6000,0.4000,0.5732,0.4833,1.0000,0.5925
stopwords,vector,,,191,0.5000,0.3846,0.4348,0.5128,0.2897,1.0000,0.3826
stopwords,vector,,,192,0.2000,0.5000,0.2857,0.2552,0.2083,0.5000,0.3854
stopwords,vector,,,193,0.8000,0.8889,0.8421,0.7804,0.7783,1.0000,0.7534
stopwords,vector,,,194,0.2000,0.3333,0.2500,0.2013,0.1111,0.3333,0.1539
stopwords,vector,,,195,0.0000,0.0000,0.0000,0.0427,0.0000,0.0476,0.0000
stopwords,vector,,,196,0.2000,0.1667,0.1818,0.1792,0.1250,1.0000,0.2735
stopwords,vector,,,197,0.3000,1.0000,0.4615,0.7917,0.7917,1.0000,0.8597
stopwords,vector,,,198,0.2000,0.5000,0.2857,0.2795,0.2083,0.3333,0.3849
stopwords,vector,,,199,0.2000,0.2500,0.2222,0.1101,0.0667,0.2000,0.1652
stopwords,vector,,,200,0.1000,0.3333,0.1538,0.2341,0.1667,0.5000,0.2961
stopwords,vector,,,201,0.4000,0.2500,0.3077,0.2876,0.1607,1.0000,0.4795
stopwords,vector,,,202,0.3000,0.2143,0.2500,0.1164,0.0774,0.5000,0.1161
stopwords,vector,,,203,0.4000,0.2857,0.3333,0.1763,0.1429,0.5000,0.4237
stopwords,vector,,,204,0.1000,0.0714,0.0833,0.0413,0.0119,0.1667,0.1223
stopwords,vector,,,205,0.0000,0.0000,0.0000,0.0205,0.0000,0.0286,0.0000
stopwords,vector,,,206,0.2000,0.6667,0.3077,0.1960,0.1944,0.2500,0.4006
stopwords,vector,,,207,0.0000,0.0000,0.0000,0.0053,0.0000,0.0039,0.0000
stopwords,vector,,,208,0.3000,0.5000,0.3750,0.3212,0.2500,0.5000,0.4834
stopwords,vector,,,209,0.4000,0.3333,0.3636,0.1752,0.1340,0.3333,0.2396
stopwords,vector,,,210,0.2000,0.3333,0.2500,0.3427,0.2778,1.0000,0.4826
stopwords,vector,,,211,0.1000,0.0909,0.0952,0.1759,0.0909,1.0000,0.1096
stopwords,vector,,,212,0.5000,0.3571,0.4167,0.5129,0.3046,1.0000,0.5249
stopwords,vector,,,213,0.6000,0.5455,0.5714,0.5077,0.4341,1.0000,0.7248
stopwords,vector,,,214,0.1000,0.2500,0.1429,0.1763,0.1250,0.5000,0.2463
stopwords,vector,,,215,0.0000,0.0000,0.0000,0.0226,0.0000,0.0244,0.0000
stopwords,vector,,,216,0.0000,0.0000,0.0000,0.0026,0.0000,0.0026,0.0000
stopwords,vector,,,217,0.2000,0.1333,0.1600,0.1014,0.0389,0.2500,0.1719
stopwords,vector,,,218,0.2000,0.1333,0.1600,0.0996,0.0356,0.2000,0.1113
stopwords,vector,,,219,0.0000,0.0000,0.0000,0.0336,0.0000,0.0238,0.0000
stopwords,vector,,,220,0.2000,0.1053,0.1379,0.1192,0.0207,0.1429,0.0916
stopwords,vector,,,221,0.2000,0.1111,0.1429,0.1077,0.0361,0.2500,0.1113
stopwords,vector,,,222,0.4000,0.4444,0.4211,0.2936,0.2407,0.5000,0.4323
stopwords,vector,,,223,0.1000,0.2500,0.1429,0.3255,0.2500,1.0000,0.3904
stopwords,vector,,,224,0.1000,0.1250,0.1111,0.1238,0.0125,0.1000,0.0762
stopwords,vector,,,225,0.2000,0.0833,0.1176,0.0591,0.0417,0.5000,0.1330
stopwords,bm25,0.5,0,1,0.5000,0.1786,0.2632,0.1502,0.0868,0.3333,0.2566
stopwords,bm25,0.5,0,2,0.4000,0.1667,0.2353,0.1483,0.1183,1.0000,0.4677
stopwords,bm25,0.5,0,3,0.4000,0.5000,0.4444,0.3952,0.3536,1.0000,0.5700
stopwords,bm25,0.5,0,4,0.1000,0.5000,0.1667,0.5435,0.5000,1.0000,0.6131
stopwords,bm25,0.5,0,5,0.2000,0.5000,0.2857,0.1894,0.1214,0.2000,0.2640
stopwords,bm25,0.5,0,6,0.1000,0.2500,0.1429,0.1452,0.1250,0.5000,0.2061
stopwords,bm25,0.5,0,7,0.2000,0.4000,0.2667,0.1934,0.1800,0.5000,0.3127
stopwords,bm25,0.5,0,8,0.1000,0.0909,0.0952,0.0980,0.0455,0.5000,0.1684
stopwords,bm25,0.5,0,9,0.2000,0.6667,0.3077,0.1722,0.1619,0.2000,0.3380
stopwords,bm25,0.5,0,10,0.1000,0.1250,0.1111,0.0969,0.0625,0.5000,0.1323
stopwords,bm25,0.5,0,11,0.2000,0.2857,0.2353,0.1538,0.0952,0.3333,0.2188
stopwords,bm25,0.5,0,12,0.0000,0.0000,0.0000,0.0369,0.0000,0.0270,0.0000
stopwords,bm25,0.5,0,13,0.0000,0.0000,0.0000,0.0000,0.0000,0.0000,0.0000
stopwords,bm25,0.5,0,14,0.1000,0.5000,0.1667,0.0696,0.0500,0.1000,0.2497
stopwords,bm25,0.5,0,15,0.2000,1.0000,0.3333,1.0000,1.0000,1.0000,0.8597
stopwords,bm25,0.5,0,16,0.1000,0.3333,0.1538,0.1488,0.0833,0.2500,0.1637
stopwords,bm25,0.5,0,17,0.0000,0.0000,0.0000,0.0520,0.0000,0.0833,0.0000
stopwords,bm25,0.5,0,18,0.1000,0.3333,0.1538,0.2072,0.1667,0.5000,0.2961
stopwords,bm25,0.5,0,19,0.0000,0.0000,0.0000,0.0095,0.0000,0.0435,0.0000
stopwords,bm25,0.5,0,20,0.1000,0.1111,0.1053,0.1777,0.0556,0.5000,0.1483
stopwords,bm25,0.5,0,21,0.0000,0.0000,0.0000,0.0434,0.0000,0.0588,0.0000
stopwords,bm25,0.5,0,22,0.0000,0.0000,0.0000,0.0000,0.0000,0.0000,0.0000
stopwords,bm25,0.5,0,23,0.1000,0.0312,0.0476,0.1022,0.0312,1.0000,0.2621
stopwords,bm25,0.5,0,24,0.2000,0.6667,0.3077,0.2098,0.2063,0.3333,0.4242
stopwords,bm25,0.5,0,25,0.4000,0.4444,0.4211,0.5017,0.3574,1.0000,0.4874
stopwords,bm25,0.5,0,26,0.2000,0.3333,0.2500,0.1721,0.1389,0.3333,0.3225
stopwords,bm25,0.5,0,27,0.1000,0.3333,0.1538,0.0596,0.0417,0.1250,0.1799
stopwords,bm25,0.5,0,28,0.0000,0.0000,0.0000,0.0007,0.0000,0.0014,0.0000
stopwords,bm25,0.5,0,29,0.3000,0.3333,0.3158,0.2613,0.1556,0.5000,0.2604
stopwords,bm25,0.5,0,30,0.2000,0.2857,0.2353,0.0810,0.0571,0.2000,0.1808
stopwords,bm25,0.5,0,31,0.0000,0.0000,0.0000,0.0000,0.0000,0.0000,0.0000
stopwords,bm25,0.5,0,32,0.0000,0.0000,0.0000,0.0124,0.0000,0.0078,0.0000
stopwords,bm25,0.5,0,33,0.3000,1.0000,0.4615,0.4444,0.4444,0.5000,0.6100
stopwords,bm25,0.5,0,34,0.2000,0.3333,0.2500,0.1639,0.0810,0.2000,0.1673
stopwords,bm25,0.5,0,35,0.0000,0.0000,0.0000,0.0338,0.0000,0.0500,0.0000
stopwords,bm25,0.5,0,36,0.1000,0.5000,0.1667,0.0853,0.0833,0.1667,0.1672
stopwords,bm25,0.5,0,37,0.2000,0.2222,0.2105,0.1387,0.0595,0.2500,0.1507
stopwords,bm25,0.5,0,38,0.0000,0.0000,0.0000,0.0621,0.0000,0.0667,0.0000
stopwords,bm25,0.5,0,39,0.3000,0.2308,0.2609,0.0974,0.0630,0.2000,0.1842
stopwords,bm25,0.5,0,40,0.0000,0.0000,0.0000,0.0389,0.0000,0.0357,0.0000
stopwords,bm25,0.5,0,41,0.3000,1.0000,0.4615,0.8095,0.8095,1.0000,0.9006
stopwords,bm25,0.5,0,42,0.2000,0.4000,0.2667,0.1294,0.0730,0.1429,0.2461
stopwords,bm25,0.5,0,43,0.3000,0.5000,0.3750,0.3909,0.3333,1.0000,0.6073
stopwords,bm25,0.5,0,44,0.0000,0.0000,0.0000,0.0000,0.0000,0.0000,0.0000
stopwords,bm25,0.5,0,45,0.1000,0.0833,0.0909,0.0771,0.0208,0.2500,0.1205
stopwords,bm25,0.5,0,46,0.5000,0.3333,0.4000,0.3479,0.2326,1.0000,0.4091
stopwords,bm25,0.5,0,47,0.3000,0.2143,0.2500,0.2584,0.0690,0.3333,0.2473
stopwords,bm25,0.5,0,48,0.3000,0.2727,0.2857,0.2639,0.2197,1.0000,0.4364
stopwords,bm25,0.5,0,49,0.1000,0.5000,0.1667,0.0623,0.0500,0.1000,0.2197
stopwords,bm25,0.5,0,50,0.0000,0.0000,0.0000,0.0157,0.0000,0.0189,0.0000
stopwords,bm25,0.5,0,51,0.3000,0.3000,0.3000,0.2811,0.1667,1.0000,0.2929
stopwords,bm25,0.5,0,52,0.1000,0.2500,0.1429,0.1433,0.0625,0.2500,0.1894
stopwords,bm25,0.5,0,53,0.3000,0.3000,0.3000,0.2502,0.1700,1.0000,0.3809
stopwords,bm25,0.5,0,54,0.3000,0.3333,0.3158,0.2286,0.1667,0.5000,0.3783
stopwords,bm25,0.5,0,55,0.2000,0.2000,0.2000,0.1469,0.0486,0.2000,0.1351
stopwords,bm25,0.5,0,56,0.2000,0.2000,0.2000,0.1333,0.0900,0.5000,0.1830
stopwords,bm25,0.5,0,57,0.0000,0.0000,0.0000,0.0667,0.0000,0.0714,0.0000
stopwords,bm25,0.5,0,58,0.2000,0.2222,0.2105,0.1118,0.0688,0.3333,0.2772
stopwords,bm25,0.5,0,59,0.1000,0.2500,0.1429,0.0685,0.0312,0.1250,0.1030
stopwords,bm25,0.5,0,60,0.3000,0.6000,0.4000,0.3730,0.3600,1.0000,0.4949
stopwords,bm25,0.5,0,61,0.2000,0.4000,0.2667,0.4628,0.4000,1.0000,0.5451
stopwords,bm25,0.5,0,62,0.0000,0.0000,0.0000,0.0208,0.0000,0.0385,0.0000
stopwords,bm25,0.5,0,63,0.0000,0.0000,0.0000,0.0049,0.0000,0.0040,0.0000
stopwords,bm25,0.5,0,64,0.0000,0.0000,0.0000,0.0437,0.0000,0.0667,0.0000
stopwords,bm25,0.5,0,65,0.1000,0.0667,0.0800,0.1035,0.0095,0.1429,0.0831
stopwords,bm25,0.5,0,66,0.1000,0.2000,0.1333,0.0565,0.0222,0.1111,0.1200
stopwords,bm25,0.5,0,67,0.1000,0.0714,0.0833,0.1839,0.0357,0.5000,0.1688
stopwords,bm25,0.5,0,68,0.1000,0.2000,0.1333,0.1040,0.0500,0.2500,0.1873
stopwords,bm25,0.5,0,69,0.1000,0.2000,0.1333,0.0567,0.0286,0.1429,0.1400
stopwords,bm25,0.5,0,70,0.1000,0.1000,0.1000,0.0839,0.0250,0.2500,0.1045
stopwords,bm25,0.5,0,71,0.1000,0.1250,0.1111,0.0722,0.0312,0.2500,0.1402
stopwords,bm25,0.5,0,72,0.0000,0.0000,0.0000,0.0240,0.0000,0.0625,0.0000
stopwords,bm25,0.5,0,73,0.4000,0.2000,0.2667,0.3150,0.1597,1.0000,0.5639
stopwords,bm25,0.5,0,74,0.1000,0.1667,0.1250,0.1254,0.0833,0.5000,0.2679
stopwords,bm25,0.5,0,75,0.0000,0.0000,0.0000,0.0188,0.0000,0.0119,0.0000
stopwords,bm25,0.5,0,76,0.4000,0.5714,0.4706,0.3475,0.3429,1.0000,0.5784
stopwords,bm25,0.5,0,77,0.3000,0.5000,0.3750,0.3502,0.2778,0.5000,0.2894
stopwords,bm25,0.5,0,78,0.2000,0.6667,0.3077,0.5833,0.5000,1.0000,0.6256
stopwords,bm25,0.5,0,79,0.1000,0.2000,0.1333,0.0392,0.0286,0.1429,0.1456
stopwords,bm25,0.5,0,80,0.0000,0.0000,0.0000,0.0066,0.0000,0.0051,0.0000
stopwords,bm25,0.5,0,81,0.1000,0.5000,0.1667,0.5357,0.5000,1.0000,0.2159
stopwords,bm25,0.5,0,82,0.3000,0.6000,0.4000,0.3572,0.3171,1.0000,0.6023
stopwords,bm25,0.5,0,83,0.1000,0.2500,0.1429,0.0712,0.0625,0.2500,0.1681
stopwords,bm25,0.5,0,84,0.2000,0.1818,0.1905,0.2035,0.1061,0.5000,0.1740
stopwords,bm25,0.5,0,85,0.1000,0.2500,0.1429,0.0429,0.0312,0.1250,0.0814
stopwords,bm25,0.5,0,86,0.2000,1.0000,0.3333,0.5833,0.5833,0.5000,0.6934
stopwords,bm25,0.5,0,87,0.0000,0.0000,0.0000,0.0103,0.0000,0.0056,0.0000
stopwords,bm25,0.5,0,88,0.6000,1.0000,0.7500,0.5494,0.5494,0.3333,0.6385
stopwords,bm25,0.5,0,89,0.2000,0.3333,0.2500,0.2265,0.1083,0.2500,0.2923
stopwords,bm25,0.5,0,90,0.3000,0.2308,0.2609,0.2215,0.1099,0.5000,0.2311
stopwords,bm25,0.5,0,91,0.4000,0.4444,0.4211,0.3003,0.1926,0.5000,0.4281
stopwords,bm25,0.5,0,92,0.5000,0.3846,0.4348,0.4266,0.3504,1.0000,0.4070
stopwords,bm25,0.5,0,93,0.1000,1.0000,0.1818,0.5000,0.5000,0.5000,0.6309
stopwords,bm25,0.5,0,94,0.5000,0.4167,0.4545,0.4530,0.3011,1.0000,0.3595
stopwords,bm25,0.5,0,95,0.2000,1.0000,0.3333,0.6250,0.6250,1.0000,0.4884
stopwords,bm25,0.5,0,96,0.7000,0.5385,0.6087,0.4375,0.3782,0.5000,0.6424
stopwords,bm25,0.5,0,97,0.2000,0.2000,0.2000,0.1804,0.1667,1.0000,0.3056
stopwords,bm25,0.5,0,98,0.0000,0.0000,0.0000,0.0150,0.0000,0.0370,0.0000
stopwords,bm25,0.5,0,99,0.2000,0.5000,0.2857,0.1917,0.1667,0.3333,0.3803
stopwords,bm25,0.5,0,100,0.3000,0.3333,0.3158,0.3177,0.2685,1.0000,0.4843
stopwords,bm25,0.5,0,101,0.5000,0.8333,0.6250,0.5066,0.4511,1.0000,0.6705
stopwords,bm25,0.5,0,102,0.1000,0.2500,0.1429,0.1658,0.1250,0.5000,0.1723
stopwords,bm25,0.5,0,103,0.0000,0.0000,0.0000,0.0417,0.0000,0.0833,0.0000
stopwords,bm25,0.5,0,104,0.1000,0.2000,0.1333,0.0797,0.0667,0.3333,0.1696
stopwords,bm25,0.5,0,105,0.2000,0.4000,0.2667,0.3030,0.2333,0.5000,0.4462
stopwords,bm25,0.5,0,106,0.2000,0.4000,0.2667,0.1999,0.1067,0.2000,0.1808
stopwords,bm25,0.5,0,107,0.1000,0.1429,0.1176,0.1510,0.0357,0.2500,0.1650
stopwords,bm25,0.5,0,108,0.5000,0.7143,0.5882,0.7518,0.6321,1.0000,0.7156
stopwords,bm25,0.5,0,109,0.0000,0.0000,0.0000,0.0245,0.0000,0.0455,0.0000
stopwords,bm25,0.5,0,110,0.0000,0.0000,0.0000,0.0064,0.0000,0.0065,0.0000
stopwords,bm25,0.5,0,111,0.1000,0.1429,0.1176,0.1358,0.0357,0.2500,0.0916
stopwords,bm25,0.5,0,112,0.2000,1.0000,0.3333,0.3500,0.3500,0.5000,0.4596
stopwords,bm25,0.5,0,113,0.1000,0.2500,0.1429,0.1262,0.0625,0.2500,0.1681
stopwords,bm25,0.5,0,114,0.0000,0.0000,0.0000,0.0355,0.0000,0.0417,0.0000
stopwords,bm25,0.5,0,115,0.0000,0.0000,0.0000,0.0388,0.0000,0.0625,0.0000
stopwords,bm25,0.5,0,116,0.1000,0.2000,0.1333,0.0604,0.0333,0.1667,0.0949
stopwords,bm25,0.5,0,117,0.0000,0.0000,0.0000,0.0202,0.0000,0.0222,0.0000
stopwords,bm25,0.5,0,118,0.2000,0.6667,0.3077,0.2061,0.1944,0.2500,0.3668
stopwords,bm25,0.5,0,119,0.0000,0.0000,0.0000,0.0500,0.0000,0.0500,0.0000
stopwords,bm25,0.5,0,120,0.2000,0.2222,0.2105,0.3199,0.1296,0.5000,0.3150
stopwords,bm25,0.5,0,121,0.4000,0.5714,0.4706,0.5288,0.4269,1.0000,0.6066
stopwords,bm25,0.5,0,122,0.1000,0.1111,0.1053,0.0734,0.0159,0.1429,0.0329
stopwords,bm25,0.5,0,123,0.0000,0.0000,0.0000,0.0249,0.0000,0.0227,0.0000
stopwords,bm25,0.5,0,124,0.0000,0.0000,0.0000,0.0034,0.0000,0.0038,0.0000
stopwords,bm25,0.5,0,125,0.3000,0.1765,0.2222,0.2514,0.1103,1.0000,0.3973
stopwords,bm25,0.5,0,126,0.2000,0.2500,0.2222,0.2597,0.2500,1.0000,0.5130
stopwords,bm25,0.5,0,127,0.2000,0.4000,0.2667,0.1437,0.0944,0.2500,0.2629
stopwords,bm25,0.5,0,128,0.0000,0.0000,0.0000,0.0187,0.0000,0.0303,0.0000
stopwords,bm25,0.5,0,129,0.4000,0.5714,0.4706,0.3731,0.3452,0.5000,0.5249
stopwords,bm25,0.5,0,130,0.4000,0.8000,0.5333,0.5533,0.5533,1.0000,0.6928
stopwords,bm25,0.5,0,131,0.1000,0.1250,0.1111,0.1511,0.0250,0.2000,0.0839
stopwords,bm25,0.5,0,132,0.5000,0.3333,0.4000,0.5593,0.1963,1.0000,0.4124
stopwords,bm25,0.5,0,133,0.2000,0.2857,0.2353,0.2700,0.0794,0.3333,0.1930
stopwords,bm25,0.5,0,134,0.1000,0.5000,0.1667,0.0871,0.0714,0.1429,0.1564
stopwords,bm25,0.5,0,135,0.5000,0.6250,0.5556,0.4180,0.2445,0.2500,0.2460
stopwords,bm25,0.5,0,136,0.2000,0.6667,0.3077,0.2596,0.2444,0.3333,0.4652
stopwords,bm25,0.5,0,137,0.2000,0.5000,0.2857,0.1937,0.1806,0.5000,0.3044
stopwords,bm25,0.5,0,138,0.1000,0.5000,0.1667,0.1709,0.1667,0.3333,0.3066
stopwords,bm25,0.5,0,139,0.0000,0.0000,0.0000,0.0048,0.0000,0.0057,0.0000
stopwords,bm25,0.5,0,140,0.1000,0.1667,0.1250,0.1084,0.0833,0.5000,0.2509
stopwords,bm25,0.5,0,141,0.2000,0.3333,0.2500,0.4048,0.3333,1.0000,0.5455
stopwords,bm25,0.5,0,142,0.0000,0.0000,0.0000,0.0013,0.0000,0.0013,0.0000
stopwords,bm25,0.5,0,143,0.1000,0.5000,0.1667,0.5400,0.5000,1.0000,0.6131
stopwords,bm25,0.5,0,144,0.4000,0.6667,0.5000,0.4245,0.3399,0.5000,0.4650
stopwords,bm25,0.5,0,145,0.3000,0.4286,0.3529,0.2161,0.1619,0.3333,0.3397
stopwords,bm25,0.5,0,146,0.2000,1.0000,0.3333,0.3750,0.3750,0.5000,0.4796
stopwords,bm25,0.5,0,147,0.4000,0.4000,0.4000,0.2664,0.2171,0.5000,0.4182
stopwords,bm25,0.5,0,148,0.2000,0.3333,0.2500,0.1499,0.0972,0.2500,0.2701
stopwords,bm25,0.5,0,149,0.2000,0.1818,0.1905,0.2285,0.1169,1.0000,0.2935
stopwords,bm25,0.5,0,150,0.2000,1.0000,0.3333,1.0000,1.0000,1.0000,1.0000
stopwords,bm25,0.5,0,151,0.0000,0.0000,0.0000,0.0128,0.0000,0.0137,0.0000
stopwords,bm25,0.5,0,152,0.0000,0.0000,0.0000,0.0110,0.0000,0.0179,0.0000
stopwords,bm25,0.5,0,153,0.1000,0.1429,0.1176,0.1062,0.0476,0.3333,0.0807
stopwords,bm25,0.5,0,154,0.1000,0.5000,0.1667,0.5476,0.5000,1.0000,0.4693
stopwords,bm25,0.5,0,155,0.1000,0.1667,0.1250,0.1187,0.0833,0.5000,0.1420
stopwords,bm25,0.5,0,156,0.6000,0.4286,0.5000,0.4933,0.3683,1.0000,0.5447
stopwords,bm25,0.5,0,157,0.4000,0.1026,0.1633,0.2007,0.0701,1.0000,0.4155
stopwords,bm25,0.5,0,158,0.1000,0.1250,0.1111,0.1799,0.1250,1.0000,0.3630
stopwords,bm25,0.5,0,159,0.0000,0.0000,0.0000,0.0312,0.0000,0.0833,0.0000
stopwords,bm25,0.5,0,160,0.1000,0.2000,0.1333,0.1255,0.1000,0.5000,0.2484
stopwords,bm25,0.5,0,161,0.2000,0.3333,0.2500,0.3938,0.3333,1.0000,0.6526
stopwords,bm25,0.5,0,162,0.3000,0.3750,0.3333,0.2486,0.1833,0.5000,0.2425
stopwords,bm25,0.5,0,163,0.2000,0.6667,0.3077,0.2559,0.2444,0.3333,0.4162
stopwords,bm25,0.5,0,164,0.5000,0.6250,0.5556,0.5771,0.5531,1.0000,0.7604
stopwords,bm25,0.5,0,165,0.2000,1.0000,0.3333,0.3929,0.3929,0.5000,0.5912
stopwords,bm25,0.5,0,166,0.1000,0.1250,0.1111,0.0426,0.0179,0.1429,0.0843
stopwords,bm25,0.5,0,167,0.2000,1.0000,0.3333,0.5000,0.5000,0.5000,0.6462
stopwords,bm25,0.5,0,168,0.1000,0.5000,0.1667,0.0569,0.0556,0.1111,0.1846
stopwords,bm25,0.5,0,169,0.2000,0.5000,0.2857,0.4185,0.4167,1.0000,0.5856
stopwords,bm25,0.5,0,170,0.2000,0.3333,0.2500,0.2255,0.1204,0.5000,0.2262
stopwords,bm25,0.5,0,171,0.1000,0.3333,0.1538,0.4513,0.3333,1.0000,0.5695
stopwords,bm25,0.5,0,172,0.4000,1.0000,0.5714,0.6792,0.6792,0.5000,0.7345
stopwords,bm25,0.5,0,173,0.2000,1.0000,0.3333,0.8333,0.8333,1.0000,0.9197
stopwords,bm25,0.5,0,174,0.0000,0.0000,0.0000,0.0424,0.0000,0.0588,0.0000
stopwords,bm25,0.5,0,175,0.1000,0.2000,0.1333,0.0588,0.0500,0.2500,0.1609
stopwords,bm25,0.5,0,176,0.1000,0.1429,0.1176,0.0461,0.0238,0.1667,0.1181
stopwords,bm25,0.5,0,177,0.3000,0.6000,0.4000,0.2759,0.2157,0.2500,0.3629
stopwords,bm25,0.5,0,178,0.2000,0.5000,0.2857,0.1851,0.1339,0.2500,0.2849
stopwords,bm25,0.5,0,179,0.2000,0.5000,0.2857,0.1302,0.1250,0.2500,0.2913
stopwords,bm25,0.5,0,180,0.3000,0.4286,0.3529,0.2604,0.1964,0.5000,0.3109
stopwords,bm25,0.5,0,181,0.1000,0.2000,0.1333,0.2453,0.2000,1.0000,0.2491
stopwords,bm25,0.5,0,182,0.1000,0.5000,0.1667,0.3409,0.2500,0.5000,0.4796
stopwords,bm25,0.5,0,183,0.2000,0.1538,0.1739,0.1678,0.0940,1.0000,0.2489
stopwords,bm25,0.5,0,184,0.1000,0.1429,0.1176,0.0728,0.0179,0.1250,0.0909
stopwords,bm25,0.5,0,185,0.6000,0.6667,0.6316,0.7977,0.6111,1.0000,0.8201
stopwords,bm25,0.5,0,186,0.3000,0.1875,0.2308,0.1411,0.0771,0.3333,0.2736
stopwords,bm25,0.5,0,187,0.1000,0.1667,0.1250,0.1222,0.0833,0.5000,0.2018
stopwords,bm25,0.5,0,188,0.3000,0.2727,0.2857,0.1935,0.1250,0.5000,0.3322
stopwords,bm25,0.5,0,189,0.1000,0.1111,0.1053,0.0700,0.0222,0.2000,0.0748
stopwords,bm25,0.5,0,190,0.2000,0.4000,0.2667,0.3810,0.3333,1.0000,0.4141
stopwords,bm25,0.5,0,191,0.2000,0.1538,0.1739,0.2364,0.0410,0.2000,0.1087
stopwords,bm25,0.5,0,192,0.3000,0.7500,0.4286,0.2771,0.2771,0.3333,0.4694
stopwords,bm25,0.5,0,193,0.6000,0.6667,0.6316,0.7364,0.6101,1.0000,0.6721
stopwords,bm25,0.5,0,194,0.3000,0.5000,0.3750,0.3792,0.2944,0.5000,0.4450
stopwords,bm25,0.5,0,195,0.1000,0.3333,0.1538,0.1121,0.0833,0.2500,0.2021
stopwords,bm25,0.5,0,196,0.1000,0.0833,0.0909,0.0528,0.0139,0.1667,0.0592
stopwords,bm25,0.5,0,197,0.2000,0.6667,0.3077,0.4365,0.3889,0.5000,0.5498
stopwords,bm25,0.5,0,198,0.2000,0.5000,0.2857,0.2563,0.2250,0.5000,0.3676
stopwords,bm25,0.5,0,199,0.0000,0.0000,0.0000,0.0184,0.0000,0.0250,0.0000
stopwords,bm25,0.5,0,200,0.2000,0.6667,0.3077,0.4329,0.4286,1.0000,0.6257
stopwords,bm25,0.5,0,201,0.4000,0.2500,0.3077,0.3639,0.2188,1.0000,0.5849
stopwords,bm25,0.5,0,202,0.2000,0.1429,0.1667,0.1351,0.1000,1.0000,0.1291
stopwords,bm25,0.5,0,203,0.2000,0.1429,0.1667,0.1406,0.0833,0.5000,0.2765
stopwords,bm25,0.5,0,204,0.0000,0.0000,0.0000,0.0333,0.0000,0.0667,0.0000
stopwords,bm25,0.5,0,205,0.0000,0.0000,0.0000,0.0448,0.0000,0.0714,0.0000
stopwords,bm25,0.5,0,206,0.2000,0.6667,0.3077,0.2464,0.2444,0.3333,0.4515
stopwords,bm25,0.5,0,207,0.0000,0.0000,0.0000,0.0050,0.0000,0.0034,0.0000
stopwords,bm25,0.5,0,208,0.4000,0.6667,0.5000,0.3787,0.3399,0.5000,0.5450
stopwords,bm25,0.5,0,209,0.1000,0.0833,0.0909,0.1205,0.0417,0.5000,0.1286
stopwords,bm25,0.5,0,210,0.2000,0.3333,0.2500,0.3312,0.2500,1.0000,0.4539
stopwords,bm25,0.5,0,211,0.1000,0.0909,0.0952,0.1377,0.0455,0.5000,0.0692
stopwords,bm25,0.5,0,212,0.5000,0.3571,0.4167,0.5381,0.3224,1.0000,0.5200
stopwords,bm25,0.5,0,213,0.5000,0.4545,0.4762,0.5098,0.3985,1.0000,0.6020
stopwords,bm25,0.5,0,214,0.1000,0.2500,0.1429,0.1048,0.0833,0.3333,0.1952
stopwords,bm25,0.5,0,215,0.0000,0.0000,0.0000,0.0190,0.0000,0.0238,0.0000
stopwords,bm25,0.5,0,216,0.0000,0.0000,0.0000,0.0022,0.0000,0.0022,0.0000
stopwords,bm25,0.5,0,217,0.2000,0.1333,0.1600,0.1395,0.0778,0.5000,0.2303
stopwords,bm25,0.5,0,218,0.4000,0.2667,0.3200,0.1745,0.0971,0.2500,0.2580
stopwords,bm25,0.5,0,219,0.0000,0.0000,0.0000,0.0288,0.0000,0.0196,0.0000
stopwords,bm25,0.5,0,220,0.3000,0.1579,0.2069,0.1671,0.0789,0.5000,0.1925
stopwords,bm25,0.5,0,221,0.4000,0.2222,0.2857,0.2098,0.1382,0.5000,0.2933
stopwords,bm25,0.5,0,222,0.4000,0.4444,0.4211,0.3313,0.2407,0.5000,0.4311
stopwords,bm25,0.5,0,223,0.4000,1.0000,0.5714,0.6528,0.6528,1.0000,0.8421
stopwords,bm25,0.5,0,224,0.3000,0.3750,0.3333,0.2338,0.1250,0.3333,0.2390
stopwords,bm25,0.5,0,225,0.2000,0.0833,0.1176,0.0667,0.0486,0.5000,0.1454
stopwords,bm25,0.5,0.75,1,0.5000,0.1786,0.2632,0.1806,0.1014,0.5000,0.2945
stopwords,bm25,0.5,0.75,2,0.4000,0.1667,0.2353,0.1565,0.1250,1.0000,0.5232
stopwords,bm25,0.5,0.75,3,0.4000,0.5000,0.4444,0.5532,0.5000,1.0000,0.6479
stopwords,bm25,0.5,0.75,4,0.1000,0.5000,0.1667,0.5526,0.5000,1.0000,0.6131
stopwords,bm25,0.5,0.75,5,0.1000,0.2500,0.1429,0.1753,0.0625,0.2500,0.2054
stopwords,bm25,0.5,0.75,6,0.1000,0.2500,0.1429,0.1439,0.1250,0.5000,0.2061
stopwords,bm25,0.5,0.75,7,0.2000,0.4000,0.2667,0.2162,0.2000,0.5000,0.3261
stopwords,bm25,0.5,0.75,8,0.1000,0.0909,0.0952,0.1486,0.0909,1.0000,0.2670
stopwords,bm25,0.5,0.75,9,0.2000,0.6667,0.3077,0.2354,0.2222,0.3333,0.4018
stopwords,bm25,0.5,0.75,10,0.2000,0.2500,0.2222,0.1198,0.0938,0.5000,0.2315
stopwords,bm25,0.5,0.75,11,0.1000,0.1429,0.1176,0.1558,0.0714,0.5000,0.1018
stopwords,bm25,0.5,0.75,12,0.1000,0.2000,0.1333,0.0626,0.0222,0.1111,0.1119
stopwords,bm25,0.5,0.75,13,0.0000,0.0000,0.0000,0.0000,0.0000,0.0000,0.0000
stopwords,bm25,0.5,0.75,14,0.1000,0.5000,0.1667,0.0800,0.0625,0.1250,0.2725
stopwords,bm25,0.5,0.75,15,0.2000,1.0000,0.3333,1.0000,1.0000,1.0000,0.8597
stopwords,bm25,0.5,0.75,16,0.1000,0.3333,0.1538,0.2329,0.1667,0.5000,0.2398
stopwords,bm25,0.5,0.75,17,0.1000,0.5000,0.1667,0.1779,0.1667,0.3333,0.3520
stopwords,bm25,0.5,0.75,18,0.1000,0.3333,0.1538,0.1457,0.1111,0.3333,0.2346
stopwords,bm25,0.5,0.75,19,0.1000,0.1111,0.1053,0.0189,0.0139,0.1250,0.0629
stopwords,bm25,0.5,0.75,20,0.3000,0.3333,0.3158,0.2641,0.1333,0.5000,0.3072
stopwords,bm25,0.5,0.75,21,0.1000,0.2500,0.1429,0.0700,0.0278,0.1111,0.1459
stopwords,bm25,0.5,0.75,22,0.0000,0.0000,0.0000,0.0000,0.0000,0.0000,0.0000
stopwords,bm25,0.5,0.75,23,0.1000,0.0312,0.0476,0.1083,0.0312,1.0000,0.2621
stopwords,bm25,0.5,0.75,24,0.2000,0.6667,0.3077,0.4315,0.4286,1.0000,0.6788
stopwords,bm25,0.5,0.75,25,0.5000,0.5556,0.5263,0.5192,0.4269,1.0000,0.5538
stopwords,bm25,0.5,0.75,26,0.2000,0.3333,0.2500,0.2333,0.1944,0.5000,0.3918
stopwords,bm25,0.5,0.75,27,0.1000,0.3333,0.1538,0.1039,0.0833,0.2500,0.2455
stopwords,bm25,0.5,0.75,28,0.0000,0.0000,0.0000,0.0008,0.0000,0.0016,0.0000
stopwords,bm25,0.5,0.75,29,0.3000,0.3333,0.3158,0.3501,0.2407,1.0000,0.3810
stopwords,bm25,0.5,0.75,30,0.1000,0.1429,0.1176,0.0795,0.0286,0.2000,0.0853
stopwords,bm25,0.5,0.75,31,0.0000,0.0000,0.0000,0.0000,0.0000,0.0000,0.0000
stopwords,bm25,0.5,0.75,32,0.0000,0.0000,0.0000,0.0142,0.0000,0.0125,0.0000
stopwords,bm25,0.5,0.75,33,0.2000,0.6667,0.3077,0.4722,0.3889,0.5000,0.4683
stopwords,bm25,0.5,0.75,34,0.2000,0.3333,0.2500,0.1793,0.0833,0.2500,0.1733
stopwords,bm25,0.5,0.75,35,0.0000,0.0000,0.0000,0.0259,0.0000,0.0278,0.0000
stopwords,bm25,0.5,0.75,36,0.1000,0.5000,0.1667,0.0521,0.0500,0.1000,0.1357
stopwords,bm25,0.5,0.75,37,0.2000,0.2222,0.2105,0.1622,0.0688,0.3333,0.1644
stopwords,bm25,0.5,0.75,38,0.0000,0.0000,0.0000,0.0679,0.0000,0.0667,0.0000
stopwords,bm25,0.5,0.75,39,0.2000,0.1538,0.1739,0.0957,0.0449,0.2500,0.1096
stopwords,bm25,0.5,0.75,40,0.0000,0.0000,0.0000,0.0323,0.0000,0.0278,0.0000
stopwords,bm25,0.5,0.75,41,0.3000,1.0000,0.4615,0.8333,0.8333,1.0000,0.9120
stopwords,bm25,0.5,0.75,42,0.2000,0.4000,0.2667,0.1544,0.0971,0.2000,0.2807
stopwords,bm25,0.5,0.75,43,0.4000,0.6667,0.5000,0.4545,0.4352,1.0000,0.7282
stopwords,bm25,0.5,0.75,44,0.0000,0.0000,0.0000,0.0000,0.0000,0.0000,0.0000
stopwords,bm25,0.5,0.75,45,0.1000,0.0833,0.0909,0.0895,0.0208,0.2500,0.1205
stopwords,bm25,0.5,0.75,46,0.3000,0.2000,0.2400,0.2686,0.1063,0.5000,0.2969
stopwords,bm25,0.5,0.75,47,0.5000,0.3571,0.4167,0.2913,0.1584,0.3333,0.4082
stopwords,bm25,0.5,0.75,48,0.2000,0.1818,0.1905,0.1539,0.1061,0.5000,0.2556
stopwords,bm25,0.5,0.75,49,0.1000,0.5000,0.1667,0.1192,0.1000,0.2000,0.2941
stopwords,bm25,0.5,0.75,50,0.0000,0.0000,0.0000,0.0222,0.0000,0.0417,0.0000
stopwords,bm25,0.5,0.75,51,0.3000,0.3000,0.3000,0.4497,0.3000,1.0000,0.3308
stopwords,bm25,0.5,0.75,52,0.2000,0.5000,0.2857,0.2829,0.2083,0.3333,0.4092
stopwords,bm25,0.5,0.75,53,0.3000,0.3000,0.3000,0.2597,0.1583,1.0000,0.3129
stopwords,bm25,0.5,0.75,54,0.3000,0.3333,0.3158,0.1830,0.1290,0.5000,0.3588
stopwords,bm25,0.5,0.75,55,0.2000,0.2000,0.2000,0.1862,0.0733,0.3333,0.1706
stopwords,bm25,0.5,0.75,56,0.2000,0.2000,0.2000,0.1303,0.0786,0.5000,0.1691
stopwords,bm25,0.5,0.75,57,0.0000,0.0000,0.0000,0.0648,0.0000,0.0769,0.0000
stopwords,bm25,0.5,0.75,58,0.2000,0.2222,0.2105,0.1370,0.0741,0.3333,0.2831
stopwords,bm25,0.5,0.75,59,0.1000,0.2500,0.1429,0.0964,0.0357,0.1429,0.1089
stopwords,bm25,0.5,0.75,60,0.3000,0.6000,0.4000,0.2868,0.2667,0.5000,0.3774
stopwords,bm25,0.5,0.75,61,0.2000,0.4000,0.2667,0.2888,0.2333,0.5000,0.4051
stopwords,bm25,0.5,0.75,62,0.0000,0.0000,0.0000,0.0246,0.0000,0.0526,0.0000
stopwords,bm25,0.5,0.75,63,0.0000,0.0000,0.0000,0.0047,0.0000,0.0040,0.0000
stopwords,bm25,0.5,0.75,64,0.1000,0.5000,0.1667,0.1123,0.1000,0.2000,0.2626
stopwords,bm25,0.5,0.75,65,0.4000,0.2667,0.3200,0.1941,0.1040,0.5000,0.3393
stopwords,bm25,0.5,0.75,66,0.1000,0.2000,0.1333,0.1112,0.0667,0.3333,0.1993
stopwords,bm25,0.5,0.75,67,0.5000,0.3571,0.4167,0.4123,0.2844,1.0000,0.5922
stopwords,bm25,0.5,0.75,68,0.1000,0.2000,0.1333,0.1533,0.1000,0.5000,0.2744
stopwords,bm25,0.5,0.75,69,0.1000,0.2000,0.1333,0.0505,0.0200,0.1000,0.1214
stopwords,bm25,0.5,0.75,70,0.1000,0.1000,0.1000,0.0858,0.0167,0.1667,0.0865
stopwords,bm25,0.5,0.75,71,0.0000,0.0000,0.0000,0.0464,0.0000,0.0833,0.0000
stopwords,bm25,0.5,0.75,72,0.1000,0.0588,0.0741,0.0287,0.0084,0.1429,0.0941
stopwords,bm25,0.5,0.75,73,0.5000,0.2500,0.3333,0.3104,0.1921,1.0000,0.5658
stopwords,bm25,0.5,0.75,74,0.1000,0.1667,0.1250,0.0810,0.0417,0.2500,0.1828
stopwords,bm25,0.5,0.75,75,0.0000,0.0000,0.0000,0.0252,0.0000,0.0303,0.0000
stopwords,bm25,0.5,0.75,76,0.3000,0.4286,0.3529,0.3155,0.2738,0.5000,0.4068
stopwords,bm25,0.5,0.75,77,0.4000,0.6667,0.5000,0.4824,0.4333,1.0000,0.5482
stopwords,bm25,0.5,0.75,78,0.3000,1.0000,0.4615,0.5397,0.5397,1.0000,0.6846
stopwords,bm25,0.5,0.75,79,0.1000,0.2000,0.1333,0.0512,0.0400,0.2000,0.1690
stopwords,bm25,0.5,0.75,80,0.0000,0.0000,0.0000,0.0075,0.0000,0.0057,0.0000
stopwords,bm25,0.5,0.75,81,0.1000,0.5000,0.1667,0.5667,0.5000,1.0000,0.2159
stopwords,bm25,0.5,0.75,82,0.3000,0.6000,0.4000,0.4441,0.4000,1.0000,0.6549
stopwords,bm25,0.5,0.75,83,0.1000,0.2500,0.1429,0.2586,0.2500,1.0000,0.3904
stopwords,bm25,0.5,0.75,84,0.3000,0.2727,0.2857,0.2571,0.1742,0.5000,0.2659
stopwords,bm25,0.5,0.75,85,0.1000,0.2500,0.1429,0.0633,0.0500,0.2000,0.0998
stopwords,bm25,0.5,0.75,86,0.2000,1.0000,0.3333,0.5833,0.5833,0.5000,0.6934
stopwords,bm25,0.5,0.75,87,0.0000,0.0000,0.0000,0.0105,0.0000,0.0055,0.0000
stopwords,bm25,0.5,0.75,88,0.6000,1.0000,0.7500,0.5940,0.5940,0.3333,0.6500
stopwords,bm25,0.5,0.75,89,0.2000,0.3333,0.2500,0.3472,0.2222,1.0000,0.5254
stopwords,bm25,0.5,0.75,90,0.3000,0.2308,0.2609,0.2151,0.1186,0.5000,0.1942
stopwords,bm25,0.5,0.75,91,0.4000,0.4444,0.4211,0.3525,0.2528,1.0000,0.5203
stopwords,bm25,0.5,0.75,92,0.5000,0.3846,0.4348,0.4668,0.3558,1.0000,0.4390
stopwords,bm25,0.5,0.75,93,0.1000,1.0000,0.1818,0.5000,0.5000,0.5000,0.6309
stopwords,bm25,0.5,0.75,94,0.6000,0.5000,0.5455,0.4415,0.3285,0.5000,0.4066
stopwords,bm25,0.5,0.75,95,0.2000,1.0000,0.3333,0.6429,0.6429,1.0000,0.5039
stopwords,bm25,0.5,0.75,96,0.7000,0.5385,0.6087,0.3938,0.3280,0.3333,0.5443
stopwords,bm25,0.5,0.75,97,0.2000,0.2000,0.2000,0.1631,0.1500,1.0000,0.2971
stopwords,bm25,0.5,0.75,98,0.0000,0.0000,0.0000,0.0154,0.0000,0.0333,0.0000
stopwords,bm25,0.5,0.75,99,0.2000,0.5000,0.2857,0.2619,0.2083,0.3333,0.4134
stopwords,bm25,0.5,0.75,100,0.3000,0.3333,0.3158,0.2983,0.2519,1.0000,0.4764
stopwords,bm25,0.5,0.75,101,0.5000,0.8333,0.6250,0.5670,0.5045,1.0000,0.7025
stopwords,bm25,0.5,0.75,102,0.2000,0.5000,0.2857,0.3374,0.3214,1.0000,0.4096
stopwords,bm25,0.5,0.75,103,0.0000,0.0000,0.0000,0.0172,0.0000,0.0345,0.0000
stopwords,bm25,0.5,0.75,104,0.1000,0.2000,0.1333,0.0848,0.0667,0.3333,0.1696
stopwords,bm25,0.5,0.75,105,0.2000,0.4000,0.2667,0.3933,0.3333,1.0000,0.6332
stopwords,bm25,0.5,0.75,106,0.3000,0.6000,0.4000,0.2208,0.1900,0.2500,0.3408
stopwords,bm25,0.5,0.75,107,0.2000,0.2857,0.2353,0.2185,0.1190,0.5000,0.2872
stopwords,bm25,0.5,0.75,108,0.5000,0.7143,0.5882,0.8163,0.6735,1.0000,0.7368
stopwords,bm25,0.5,0.75,109,0.0000,0.0000,0.0000,0.0252,0.0000,0.0455,0.0000
stopwords,bm25,0.5,0.75,110,0.0000,0.0000,0.0000,0.0083,0.0000,0.0083,0.0000
stopwords,bm25,0.5,0.75,111,0.2000,0.2857,0.2353,0.1942,0.0762,0.3333,0.1678
stopwords,bm25,0.5,0.75,112,0.1000,0.5000,0.1667,0.3333,0.2500,0.5000,0.2398
stopwords,bm25,0.5,0.75,113,0.2000,0.5000,0.2857,0.2433,0.2083,0.5000,0.3854
stopwords,bm25,0.5,0.75,114,0.0000,0.0000,0.0000,0.0457,0.0000,0.0556,0.0000
stopwords,bm25,0.5,0.75,115,0.0000,0.0000,0.0000,0.0353,0.0000,0.0244,0.0000
stopwords,bm25,0.5,0.75,116,0.0000,0.0000,0.0000,0.0435,0.0000,0.0500,0.0000
stopwords,bm25,0.5,0.75,117,0.0000,0.0000,0.0000,0.0279,0.0000,0.0345,0.0000
stopwords,bm25,0.5,0.75,118,0.2000,0.6667,0.3077,0.2126,0.1944,0.2500,0.3668
stopwords,bm25,0.5,0.75,119,0.0000,0.0000,0.0000,0.0476,0.0000,0.0476,0.0000
stopwords,bm25,0.5,0.75,120,0.3000,0.3333,0.3158,0.3576,0.1772,0.5000,0.3769
stopwords,bm25,0.5,0.75,121,0.4000,0.5714,0.4706,0.5177,0.3881,0.5000,0.5130
stopwords,bm25,0.5,0.75,122,0.1000,0.1111,0.1053,0.1105,0.0185,0.1667,0.0352
stopwords,bm25,0.5,0.75,123,0.0000,0.0000,0.0000,0.0274,0.0000,0.0204,0.0000
stopwords,bm25,0.5,0.75,124,0.0000,0.0000,0.0000,0.0036,0.0000,0.0042,0.0000
stopwords,bm25,0.5,0.75,125,0.3000,0.1765,0.2222,0.2537,0.1134,1.0000,0.4002
stopwords,bm25,0.5,0.75,126,0.2000,0.2500,0.2222,0.2190,0.2083,1.0000,0.4718
stopwords,bm25,0.5,0.75,127,0.1000,0.2000,0.1333,0.1595,0.1000,0.5000,0.1880
stopwords,bm25,0.5,0.75,128,0.0000,0.0000,0.0000,0.0187,0.0000,0.0303,0.0000
stopwords,bm25,0.5,0.75,129,0.4000,0.5714,0.4706,0.3865,0.3554,0.5000,0.5312
stopwords,bm25,0.5,0.75,130,0.4000,0.8000,0.5333,0.5200,0.5200,1.0000,0.6746
stopwords,bm25,0.5,0.75,131,0.3000,0.3750,0.3333,0.2058,0.1045,0.2500,0.2332
stopwords,bm25,0.5,0.75,132,0.6000,0.4000,0.4800,0.5253,0.2037,0.5000,0.4222
stopwords,bm25,0.5,0.75,133,0.2000,0.2857,0.2353,0.2464,0.0675,0.2500,0.1429
stopwords,bm25,0.5,0.75,134,0.1000,0.5000,0.1667,0.1046,0.0833,0.1667,0.1672
stopwords,bm25,0.5,0.75,135,0.4000,0.5000,0.4444,0.4266,0.2167,0.3333,0.2266
stopwords,bm25,0.5,0.75,136,0.2000,0.6667,0.3077,0.4644,0.4444,1.0000,0.8490
stopwords,bm25,0.5,0.75,137,0.2000,0.5000,0.2857,0.2257,0.2083,0.5000,0.3224
stopwords,bm25,0.5,0.75,138,0.1000,0.5000,0.1667,0.1301,0.1250,0.2500,0.2641
stopwords,bm25,0.5,0.75,139,0.0000,0.0000,0.0000,0.0050,0.0000,0.0042,0.0000
stopwords,bm25,0.5,0.75,140,0.1000,0.1667,0.1250,0.1105,0.0833,0.5000,0.2509
stopwords,bm25,0.5,0.75,141,0.3000,0.5000,0.3750,0.4225,0.3833,1.0000,0.6526
stopwords,bm25,0.5,0.75,142,0.0000,0.0000,0.0000,0.0014,0.0000,0.0014,0.0000
stopwords,bm25,0.5,0.75,143,0.1000,0.5000,0.1667,0.5476,0.5000,1.0000,0.6131
stopwords,bm25,0.5,0.75,144,0.5000,0.8333,0.6250,0.5579,0.5454,0.5000,0.6591
stopwords,bm25,0.5,0.75,145,0.3000,0.4286,0.3529,0.2651,0.1905,0.5000,0.3637
stopwords,bm25,0.5,0.75,146,0.2000,1.0000,0.3333,0.6667,0.6667,1.0000,0.6509
stopwords,bm25,0.5,0.75,147,0.4000,0.4000,0.4000,0.2872,0.2433,0.5000,0.4335
stopwords,bm25,0.5,0.75,148,0.2000,0.3333,0.2500,0.1897,0.1389,0.3333,0.3194
stopwords,bm25,0.5,0.75,149,0.3000,0.2727,0.2857,0.3249,0.1818,1.0000,0.3933
stopwords,bm25,0.5,0.75,150,0.2000,1.0000,0.3333,0.5833,0.5833,0.5000,0.6934
stopwords,bm25,0.5,0.75,151,0.0000,0.0000,0.0000,0.0147,0.0000,0.0139,0.0000
stopwords,bm25,0.5,0.75,152,0.0000,0.0000,0.0000,0.0135,0.0000,0.0345,0.0000
stopwords,bm25,0.5,0.75,153,0.1000,0.1429,0.1176,0.1443,0.0714,0.5000,0.1018
stopwords,bm25,0.5,0.75,154,0.1000,0.5000,0.1667,0.5714,0.5000,1.0000,0.4693
stopwords,bm25,0.5,0.75,155,0.1000,0.1667,0.1250,0.1219,0.0833,0.5000,0.1420
stopwords,bm25,0.5,0.75,156,0.6000,0.4286,0.5000,0.4869,0.3780,1.0000,0.5242
stopwords,bm25,0.5,0.75,157,0.5000,0.1282,0.2041,0.2254,0.1008,1.0000,0.5223
stopwords,bm25,0.5,0.75,158,0.1000,0.1250,0.1111,0.1943,0.1250,1.0000,0.3630
stopwords,bm25,0.5,0.75,159,0.1000,0.1250,0.1111,0.0465,0.0250,0.2000,0.1066
stopwords,bm25,0.5,0.75,160,0.1000,0.2000,0.1333,0.0924,0.0667,0.3333,0.1969
stopwords,bm25,0.5,0.75,161,0.3000,0.5000,0.3750,0.4777,0.4583,1.0000,0.7101
stopwords,bm25,0.5,0.75,162,0.4000,0.5000,0.4444,0.3433,0.3036,1.0000,0.3975
stopwords,bm25,0.5,0.75,163,0.2000,0.6667,0.3077,0.2929,0.2778,0.3333,0.4367
stopwords,bm25,0.5,0.75,164,0.4000,0.5000,0.4444,0.5275,0.4750,1.0000,0.6703
stopwords,bm25,0.5,0.75,165,0.2000,1.0000,0.3333,0.4167,0.4167,0.5000,0.6053
stopwords,bm25,0.5,0.75,166,0.1000,0.1250,0.1111,0.0395,0.0139,0.1111,0.0761
stopwords,bm25,0.5,0.75,167,0.2000,1.0000,0.3333,0.3667,0.3667,0.3333,0.5335
stopwords,bm25,0.5,0.75,168,0.1000,0.5000,0.1667,0.0848,0.0833,0.1667,0.2184
stopwords,bm25,0.5,0.75,169,0.2000,0.5000,0.2857,0.2935,0.2917,0.5000,0.4415
stopwords,bm25,0.5,0.75,170,0.4000,0.6667,0.5000,0.4616,0.4563,1.0000,0.6326
stopwords,bm25,0.5,0.75,171,0.2000,0.6667,0.3077,0.4812,0.4286,1.0000,0.6170
stopwords,bm25,0.5,0.75,172,0.4000,1.0000,0.5714,0.8042,0.8042,1.0000,0.8940
stopwords,bm25,0.5,0.75,173,0.2000,1.0000,0.3333,0.8333,0.8333,1.0000,0.9197
stopwords,bm25,0.5,0.75,174,0.0000,0.0000,0.0000,0.0439,0.0000,0.0588,0.0000
stopwords,bm25,0.5,0.75,175,0.1000,0.2000,0.1333,0.0636,0.0500,0.2500,0.1609
stopwords,bm25,0.5,0.75,176,0.1000,0.1429,0.1176,0.0692,0.0357,0.2500,0.1428
stopwords,bm25,0.5,0.75,177,0.3000,0.6000,0.4000,0.3718,0.2800,0.5000,0.4005
stopwords,bm25,0.5,0.75,178,0.2000,0.5000,0.2857,0.2399,0.1625,0.2500,0.3194
stopwords,bm25,0.5,0.75,179,0.2000,0.5000,0.2857,0.2139,0.2083,0.5000,0.3854
stopwords,bm25,0.5,0.75,180,0.3000,0.4286,0.3529,0.3179,0.2286,0.5000,0.3208
stopwords,bm25,0.5,0.75,181,0.1000,0.2000,0.1333,0.2586,0.2000,1.0000,0.2491
stopwords,bm25,0.5,0.75,182,0.1000,0.5000,0.1667,0.3333,0.2500,0.5000,0.4796
stopwords,bm25,0.5,0.75,183,0.4000,0.3077,0.3478,0.1710,0.1355,0.5000,0.2591
stopwords,bm25,0.5,0.75,184,0.1000,0.1429,0.1176,0.0768,0.0204,0.1429,0.0960
stopwords,bm25,0.5,0.75,185,0.5000,0.5556,0.5263,0.7335,0.4870,1.0000,0.6974
stopwords,bm25,0.5,0.75,186,0.5000,0.3125,0.3846,0.1620,0.1465,0.5000,0.4323
stopwords,bm25,0.5,0.75,187,0.1000,0.1667,0.1250,0.1335,0.0833,0.5000,0.2018
stopwords,bm25,0.5,0.75,188,0.3000,0.2727,0.2857,0.2716,0.1905,1.0000,0.4423
stopwords,bm25,0.5,0.75,189,0.1000,0.1111,0.1053,0.0833,0.0370,0.3333,0.0967
stopwords,bm25,0.5,0.75,190,0.2000,0.4000,0.2667,0.4658,0.4000,1.0000,0.4684
stopwords,bm25,0.5,0.75,191,0.2000,0.1538,0.1739,0.3001,0.0692,0.5000,0.1489
stopwords,bm25,0.5,0.75,192,0.3000,0.7500,0.4286,0.2771,0.2771,0.3333,0.4694
stopwords,bm25,0.5,0.75,193,0.7000,0.7778,0.7368,0.7453,0.6795,1.0000,0.7049
stopwords,bm25,0.5,0.75,194,0.2000,0.3333,0.2500,0.2933,0.1667,0.5000,0.2897
stopwords,bm25,0.5,0.75,195,0.1000,0.3333,0.1538,0.0648,0.0370,0.1111,0.1413
stopwords,bm25,0.5,0.75,196,0.2000,0.1667,0.1818,0.0759,0.0377,0.1667,0.1423
stopwords,bm25,0.5,0.75,197,0.2000,0.6667,0.3077,0.4603,0.3889,0.5000,0.5498
stopwords,bm25,0.5,0.75,198,0.2000,0.5000,0.2857,0.4217,0.3750,1.0000,0.5323
stopwords,bm25,0.5,0.75,199,0.0000,0.0000,0.0000,0.0270,0.0000,0.0385,0.0000
stopwords,bm25,0.5,0.75,200,0.2000,0.6667,0.3077,0.2677,0.2619,0.5000,0.4525
stopwords,bm25,0.5,0.75,201,0.5000,0.3125,0.3846,0.3919,0.2639,1.0000,0.6319
stopwords,bm25,0.5,0.75,202,0.2000,0.1429,0.1667,0.1512,0.1071,1.0000,0.1332
stopwords,bm25,0.5,0.75,203,0.3000,0.2143,0.2500,0.1311,0.0863,0.3333,0.3046
stopwords,bm25,0.5,0.75,204,0.0000,0.0000,0.0000,0.0358,0.0000,0.0526,0.0000
stopwords,bm25,0.5,0.75,205,0.0000,0.0000,0.0000,0.0443,0.0000,0.0714,0.0000
stopwords,bm25,0.5,0.75,206,0.2000,0.6667,0.3077,0.3357,0.3333,0.5000,0.5405
stopwords,bm25,0.5,0.75,207,0.0000,0.0000,0.0000,0.0053,0.0000,0.0034,0.0000
stopwords,bm25,0.5,0.75,208,0.4000,0.6667,0.5000,0.4135,0.3444,0.5000,0.5563
stopwords,bm25,0.5,0.75,209,0.3000,0.2500,0.2727,0.1907,0.1349,1.0000,0.2991
stopwords,bm25,0.5,0.75,210,0.2000,0.3333,0.2500,0.3576,0.2778,1.0000,0.4826
stopwords,bm25,0.5,0.75,211,0.1000,0.0909,0.0952,0.1891,0.0909,1.0000,0.1096
stopwords,bm25,0.5,0.75,212,0.7000,0.5000,0.5833,0.5809,0.4345,1.0000,0.6061
stopwords,bm25,0.5,0.75,213,0.5000,0.4545,0.4762,0.5284,0.3985,1.0000,0.6020
stopwords,bm25,0.5,0.75,214,0.1000,0.2500,0.1429,0.1569,0.1250,0.5000,0.2463
stopwords,bm25,0.5,0.75,215,0.0000,0.0000,0.0000,0.0216,0.0000,0.0270,0.0000
stopwords,bm25,0.5,0.75,216,0.0000,0.0000,0.0000,0.0021,0.0000,0.0021,0.0000
stopwords,bm25,0.5,0.75,217,0.2000,0.1333,0.1600,0.1568,0.0889,1.0000,0.3326
stopwords,bm25,0.5,0.75,218,0.2000,0.1333,0.1600,0.1390,0.0300,0.2500,0.1078
stopwords,bm25,0.5,0.75,219,0.0000,0.0000,0.0000,0.0287,0.0000,0.0208,0.0000
stopwords,bm25,0.5,0.75,220,0.3000,0.1579,0.2069,0.1841,0.0811,0.5000,0.1938
stopwords,bm25,0.5,0.75,221,0.3000,0.1667,0.2143,0.1930,0.1065,0.5000,0.2400
stopwords,bm25,0.5,0.75,222,0.4000,0.4444,0.4211,0.3597,0.2870,0.5000,0.4631
stopwords,bm25,0.5,0.75,223,0.3000,0.7500,0.4286,0.4893,0.4417,0.5000,0.5925
stopwords,bm25,0.5,0.75,224,0.3000,0.3750,0.3333,0.2377,0.1265,0.2500,0.2384
stopwords,bm25,0.5,0.75,225,0.2000,0.0833,0.1176,0.0674,0.0486,0.5000,0.1454
stopwords,bm25,0.5,1,1,0.4000,0.1429,0.2105,0.1840,0.0835,0.5000,0.2718
stopwords,bm25,0.5,1,2,0.4000,0.1667,0.2353,0.1568,0.1250,1.0000,0.5232
stopwords,bm25,0.5,1,3,0.4000,0.5000,0.4444,0.5577,0.5000,1.0000,0.6479
stopwords,bm25,0.5,1,4,0.1000,0.5000,0.1667,0.5556,0.5000,1.0000,0.6131
stopwords,bm25,0.5,1,5,0.1000,0.2500,0.1429,0.1701,0.0625,0.2500,0.2054
stopwords,bm25,0.5,1,6,0.1000,0.2500,0.1429,0.1440,0.1250,0.5000,0.2061
stopwords,bm25,0.5,1,7,0.2000,0.4000,0.2667,0.2172,0.2000,0.5000,0.3261
stopwords,bm25,0.5,1,8,0.1000,0.0909,0.0952,0.1487,0.0909,1.0000,0.2670
stopwords,bm25,0.5,1,9,0.2000,0.6667,0.3077,0.2589,0.2444,0.3333,0.4162
stopwords,bm25,0.5,1,10,0.2000,0.2500,0.2222,0.1228,0.0938,0.5000,0.2315
stopwords,bm25,0.5,1,11,0.1000,0.1429,0.1176,0.1535,0.0714,0.5000,0.1018
stopwords,bm25,0.5,1,12,0.1000,0.2000,0.1333,0.0751,0.0333,0.1667,0.1324
stopwords,bm25,0.5,1,13,0.0000,0.0000,0.0000,0.0000,0.0000,0.0000,0.0000
stopwords,bm25,0.5,1,14,0.1000,0.5000,0.1667,0.0797,0.0625,0.1250,0.2725
stopwords,bm25,0.5,1,15,0.2000,1.0000,0.3333,1.0000,1.0000,1.0000,0.8597
stopwords,bm25,0.5,1,16,0.1000,0.3333,0.1538,0.2288,0.1667,0.5000,0.2398
stopwords,bm25,0.5,1,17,0.1000,0.5000,0.1667,0.2611,0.2500,0.5000,0.4441
stopwords,bm25,0.5,1,18,0.1000,0.3333,0.1538,0.1163,0.0833,0.2500,0.2021
stopwords,bm25,0.5,1,19,0.1000,0.1111,0.1053,0.0191,0.0139,0.1250,0.0629
stopwords,bm25,0.5,1,20,0.3000,0.3333,0.3158,0.2743,0.1333,0.5000,0.3072
stopwords,bm25,0.5,1,21,0.1000,0.2500,0.1429,0.0944,0.0500,0.2000,0.1875
stopwords,bm25,0.5,1,22,0.0000,0.0000,0.0000,0.0000,0.0000,0.0000,0.0000
stopwords,bm25,0.5,1,23,0.1000,0.0312,0.0476,0.1092,0.0312,1.0000,0.2621
stopwords,bm25,0.5,1,24,0.2000,0.6667,0.3077,0.4315,0.4286,1.0000,0.6788
stopwords,bm25,0.5,1,25,0.5000,0.5556,0.5263,0.4913,0.4015,1.0000,0.5425
stopwords,bm25,0.5,1,26,0.2000,0.3333,0.2500,0.2349,0.1944,0.5000,0.3918
stopwords,bm25,0.5,1,27,0.1000,0.3333,0.1538,0.1040,0.0833,0.2500,0.2455
stopwords,bm25,0.5,1,28,0.0000,0.0000,0.0000,0.0008,0.0000,0.0017,0.0000
stopwords,bm25,0.5,1,29,0.4000,0.4444,0.4211,0.3563,0.2772,1.0000,0.4644
stopwords,bm25,0.5,1,30,0.1000,0.1429,0.1176,0.0709,0.0204,0.1429,0.0735
stopwords,bm25,0.5,1,31,0.0000,0.0000,0.0000,0.0000,0.0000,0.0000,0.0000
stopwords,bm25,0.5,1,32,0.0000,0.0000,0.0000,0.0150,0.0000,0.0159,0.0000
stopwords,bm25,0.5,1,33,0.2000,0.6667,0.3077,0.4556,0.3889,0.5000,0.4335
stopwords,bm25,0.5,1,34,0.2000,0.3333,0.2500,0.1696,0.0667,0.2000,0.1570
stopwords,bm25,0.5,1,35,0.0000,0.0000,0.0000,0.0259,0.0000,0.0263,0.0000
stopwords,bm25,0.5,1,36,0.0000,0.0000,0.0000,0.0475,0.0000,0.0909,0.0000
stopwords,bm25,0.5,1,37,0.1000,0.1111,0.1053,0.1511,0.0370,0.3333,0.0986
stopwords,bm25,0.5,1,38,0.0000,0.0000,0.0000,0.0633,0.0000,0.0667,0.0000
stopwords,bm25,0.5,1,39,0.2000,0.1538,0.1739,0.0956,0.0449,0.2500,0.1096
stopwords,bm25,0.5,1,40,0.0000,0.0000,0.0000,0.0300,0.0000,0.0244,0.0000
stopwords,bm25,0.5,1,41,0.3000,1.0000,0.4615,0.8333,0.8333,1.0000,0.9120
stopwords,bm25,0.5,1,42,0.2000,0.4000,0.2667,0.1549,0.0971,0.2000,0.2807
stopwords,bm25,0.5,1,43,0.4000,0.6667,0.5000,0.5613,0.5417,1.0000,0.7954
stopwords,bm25,0.5,1,44,0.0000,0.0000,0.0000,0.0000,0.0000,0.0000,0.0000
stopwords,bm25,0.5,1,45,0.1000,0.0833,0.0909,0.0986,0.0278,0.3333,0.1400
stopwords,bm25,0.5,1,46,0.3000,0.2000,0.2400,0.2375,0.0775,0.3333,0.2418
stopwords,bm25,0.5,1,47,0.5000,0.3571,0.4167,0.3051,0.1706,0.3333,0.4239
stopwords,bm25,0.5,1,48,0.2000,0.1818,0.1905,0.1433,0.1061,0.5000,0.2556
stopwords,bm25,0.5,1,49,0.1000,0.5000,0.1667,0.1463,0.1250,0.2500,0.3274
stopwords,bm25,0.5,1,50,0.0000,0.0000,0.0000,0.0288,0.0000,0.0714,0.0000
stopwords,bm25,0.5,1,51,0.3000,0.3000,0.3000,0.4515,0.3000,1.0000,0.3308
stopwords,bm25,0.5,1,52,0.2000,0.5000,0.2857,0.3837,0.2917,0.5000,0.4972
stopwords,bm25,0.5,1,53,0.3000,0.3000,0.3000,0.2559,0.1522,1.0000,0.3063
stopwords,bm25,0.5,1,54,0.3000,0.3333,0.3158,0.1775,0.1259,0.5000,0.3580
stopwords,bm25,0.5,1,55,0.2000,0.2000,0.2000,0.1837,0.0733,0.3333,0.1706
stopwords,bm25,0.5,1,56,0.2000,0.2000,0.2000,0.1100,0.0583,0.3333,0.1474
stopwords,bm25,0.5,1,57,0.0000,0.0000,0.0000,0.0631,0.0000,0.0833,0.0000
stopwords,bm25,0.5,1,58,0.2000,0.2222,0.2105,0.1386,0.0741,0.3333,0.2831
stopwords,bm25,0.5,1,59,0.1000,0.2500,0.1429,0.1021,0.0417,0.1667,0.1163
stopwords,bm25,0.5,1,60,0.3000,0.6000,0.4000,0.2506,0.2267,0.3333,0.3304
stopwords,bm25,0.5,1,61,0.2000,0.4000,0.2667,0.2833,0.2333,0.5000,0.4051
stopwords,bm25,0.5,1,62,0.0000,0.0000,0.0000,0.0253,0.0000,0.0556,0.0000
stopwords,bm25,0.5,1,63,0.0000,0.0000,0.0000,0.0047,0.0000,0.0039,0.0000
stopwords,bm25,0.5,1,64,0.1000,0.5000,0.1667,0.0968,0.0833,0.1667,0.2418
stopwords,bm25,0.5,1,65,0.5000,0.3333,0.4000,0.2433,0.1737,1.0000,0.4813
stopwords,bm25,0.5,1,66,0.1000,0.2000,0.1333,0.1473,0.1000,0.5000,0.2514
stopwords,bm25,0.5,1,67,0.6000,0.4286,0.5000,0.5000,0.3929,1.0000,0.7089
stopwords,bm25,0.5,1,68,0.1000,0.2000,0.1333,0.1486,0.1000,0.5000,0.2744
stopwords,bm25,0.5,1,69,0.1000,0.2000,0.1333,0.0509,0.0200,0.1000,0.1214
stopwords,bm25,0.5,1,70,0.1000,0.1000,0.1000,0.0796,0.0125,0.1250,0.0766
stopwords,bm25,0.5,1,71,0.0000,0.0000,0.0000,0.0428,0.0000,0.0625,0.0000
stopwords,bm25,0.5,1,72,0.1000,0.0588,0.0741,0.0323,0.0118,0.2000,0.1092
stopwords,bm25,0.5,1,73,0.5000,0.2500,0.3333,0.3120,0.1965,1.0000,0.5615
stopwords,bm25,0.5,1,74,0.1000,0.1667,0.1250,0.0665,0.0278,0.1667,0.1512
stopwords,bm25,0.5,1,75,0.0000,0.0000,0.0000,0.0332,0.0000,0.0667,0.0000
stopwords,bm25,0.5,1,76,0.3000,0.4286,0.3529,0.3172,0.2738,0.5000,0.4068
stopwords,bm25,0.5,1,77,0.4000,0.6667,0.5000,0.5071,0.4452,1.0000,0.5560
stopwords,bm25,0.5,1,78,0.3000,1.0000,0.4615,0.3730,0.3730,0.5000,0.5443
stopwords,bm25,0.5,1,79,0.1000,0.2000,0.1333,0.0624,0.0500,0.2500,0.1881
stopwords,bm25,0.5,1,80,0.0000,0.0000,0.0000,0.0079,0.0000,0.0060,0.0000
stopwords,bm25,0.5,1,81,0.2000,1.0000,0.3333,0.3611,0.3611,0.5000,0.3963
stopwords,bm25,0.5,1,82,0.3000,0.6000,0.4000,0.4620,0.4200,1.0000,0.6671
stopwords,bm25,0.5,1,83,0.1000,0.2500,0.1429,0.2584,0.2500,1.0000,0.3904
stopwords,bm25,0.5,1,84,0.3000,0.2727,0.2857,0.3290,0.2500,1.0000,0.3646
stopwords,bm25,0.5,1,85,0.1000,0.2500,0.1429,0.0499,0.0357,0.1429,0.0860
stopwords,bm25,0.5,1,86,0.2000,1.0000,0.3333,0.5833,0.5833,0.5000,0.6934
stopwords,bm25,0.5,1,87,0.0000,0.0000,0.0000,0.0104,0.0000,0.0054,0.0000
stopwords,bm25,0.5,1,88,0.6000,1.0000,0.7500,0.6218,0.6218,0.5000,0.6813
stopwords,bm25,0.5,1,89,0.2000,0.3333,0.2500,0.3611,0.2222,1.0000,0.5254
stopwords,bm25,0.5,1,90,0.3000,0.2308,0.2609,0.2096,0.1186,0.5000,0.1942
stopwords,bm25,0.5,1,91,0.4000,0.4444,0.4211,0.3313,0.2370,1.0000,0.5076
stopwords,bm25,0.5,1,92,0.5000,0.3846,0.4348,0.4655,0.3462,1.0000,0.4363
stopwords,bm25,0.5,1,93,0.1000,1.0000,0.1818,0.5000,0.5000,0.5000,0.6309
stopwords,bm25,0.5,1,94,0.6000,0.5000,0.5455,0.4055,0.2911,0.5000,0.3823
stopwords,bm25,0.5,1,95,0.2000,1.0000,0.3333,0.6667,0.6667,1.0000,0.5236
stopwords,bm25,0.5,1,96,0.6000,0.4615,0.5217,0.3646,0.2504,0.3333,0.4515
stopwords,bm25,0.5,1,97,0.2000,0.2000,0.2000,0.1031,0.0900,0.5000,0.2015
stopwords,bm25,0.5,1,98,0.0000,0.0000,0.0000,0.0158,0.0000,0.0333,0.0000
stopwords,bm25,0.5,1,99,0.2000,0.5000,0.2857,0.2083,0.1458,0.2500,0.3495
stopwords,bm25,0.5,1,100,0.3000,0.3333,0.3158,0.2854,0.2407,1.0000,0.4708
stopwords,bm25,0.5,1,101,0.5000,0.8333,0.6250,0.6193,0.5605,1.0000,0.7443
stopwords,bm25,0.5,1,102,0.2000,0.5000,0.2857,0.3234,0.3056,1.0000,0.3964
stopwords,bm25,0.5,1,103,0.0000,0.0000,0.0000,0.0147,0.0000,0.0294,0.0000
stopwords,bm25,0.5,1,104,0.1000,0.2000,0.1333,0.0875,0.0667,0.3333,0.1696
stopwords,bm25,0.5,1,105,0.2000,0.4000,0.2667,0.3927,0.3333,1.0000,0.6332
stopwords,bm25,0.5,1,106,0.3000,0.6000,0.4000,0.2210,0.1924,0.2000,0.3453
stopwords,bm25,0.5,1,107,0.2000,0.2857,0.2353,0.2489,0.1429,0.5000,0.2967
stopwords,bm25,0.5,1,108,0.5000,0.7143,0.5882,0.8101,0.6607,1.0000,0.7306
stopwords,bm25,0.5,1,109,0.0000,0.0000,0.0000,0.0254,0.0000,0.0417,0.0000
stopwords,bm25,0.5,1,110,0.0000,0.0000,0.0000,0.0091,0.0000,0.0088,0.0000
stopwords,bm25,0.5,1,111,0.3000,0.4286,0.3529,0.2290,0.1361,0.3333,0.2412
stopwords,bm25,0.5,1,112,0.1000,0.5000,0.1667,0.3333,0.2500,0.5000,0.2398
stopwords,bm25,0.5,1,113,0.2000,0.5000,0.2857,0.2600,0.2250,0.5000,0.3973
stopwords,bm25,0.5,1,114,0.0000,0.0000,0.0000,0.0458,0.0000,0.0556,0.0000
stopwords,bm25,0.5,1,115,0.0000,0.0000,0.0000,0.0341,0.0000,0.0244,0.0000
stopwords,bm25,0.5,1,116,0.0000,0.0000,0.0000,0.0422,0.0000,0.0476,0.0000
stopwords,bm25,0.5,1,117,0.0000,0.0000,0.0000,0.0277,0.0000,0.0345,0.0000
stopwords,bm25,0.5,1,118,0.2000,0.6667,0.3077,0.2188,0.1944,0.2500,0.3668
stopwords,bm25,0.5,1,119,0.0000,0.0000,0.0000,0.0476,0.0000,0.0476,0.0000
stopwords,bm25,0.5,1,120,0.4000,0.4444,0.4211,0.3823,0.2407,0.5000,0.4674
stopwords,bm25,0.5,1,121,0.4000,0.5714,0.4706,0.5141,0.3881,0.5000,0.5130
stopwords,bm25,0.5,1,122,0.1000,0.1111,0.1053,0.1328,0.0185,0.1667,0.0352
stopwords,bm25,0.5,1,123,0.0000,0.0000,0.0000,0.0269,0.0000,0.0192,0.0000
stopwords,bm25,0.5,1,124,0.0000,0.0000,0.0000,0.0036,0.0000,0.0044,0.0000
stopwords,bm25,0.5,1,125,0.3000,0.1765,0.2222,0.2518,0.1103,1.0000,0.3973
stopwords,bm25,0.5,1,126,0.2000,0.2500,0.2222,0.1570,0.1458,0.5000,0.3557
stopwords,bm25,0.5,1,127,0.1000,0.2000,0.1333,0.1516,0.1000,0.5000,0.1880
stopwords,bm25,0.5,1,128,0.0000,0.0000,0.0000,0.0183,0.0000,0.0294,0.0000
stopwords,bm25,0.5,1,129,0.4000,0.5714,0.4706,0.3863,0.3554,0.5000,0.5312
stopwords,bm25,0.5,1,130,0.4000,0.8000,0.5333,0.5222,0.5222,1.0000,0.6772
stopwords,bm25,0.5,1,131,0.3000,0.3750,0.3333,0.2081,0.1042,0.2000,0.2344
stopwords,bm25,0.5,1,132,0.6000,0.4000,0.4800,0.5171,0.2085,0.5000,0.4813
stopwords,bm25,0.5,1,133,0.1000,0.1429,0.1176,0.2655,0.0714,0.5000,0.0676
stopwords,bm25,0.5,1,134,0.1000,0.5000,0.1667,0.1061,0.0833,0.1667,0.1672
stopwords,bm25,0.5,1,135,0.4000,0.5000,0.4444,0.4328,0.2306,0.5000,0.2409
stopwords,bm25,0.5,1,136,0.2000,0.6667,0.3077,0.4494,0.4286,1.0000,0.8446
stopwords,bm25,0.5,1,137,0.2000,0.5000,0.2857,0.1649,0.1458,0.2500,0.2570
stopwords,bm25,0.5,1,138,0.1000,0.5000,0.1667,0.1304,0.1250,0.2500,0.2641
stopwords,bm25,0.5,1,139,0.0000,0.0000,0.0000,0.0051,0.0000,0.0040,0.0000
stopwords,bm25,0.5,1,140,0.1000,0.1667,0.1250,0.1110,0.0833,0.5000,0.2509
stopwords,bm25,0.5,1,141,0.3000,0.5000,0.3750,0.4194,0.3833,1.0000,0.6526
stopwords,bm25,0.5,1,142,0.0000,0.0000,0.0000,0.0015,0.0000,0.0015,0.0000
stopwords,bm25,0.5,1,143,0.1000,0.5000,0.1667,0.5435,0.5000,1.0000,0.6131
stopwords,bm25,0.5,1,144,0.5000,0.8333,0.6250,0.5694,0.5569,0.5000,0.6643
stopwords,bm25,0.5,1,145,0.3000,0.4286,0.3529,0.3286,0.2536,1.0000,0.4321
stopwords,bm25,0.5,1,146,0.2000,1.0000,0.3333,0.6667,0.6667,1.0000,0.6509
stopwords,bm25,0.5,1,147,0.4000,0.4000,0.4000,0.2913,0.2488,0.5000,0.4391
stopwords,bm25,0.5,1,148,0.2000,0.3333,0.2500,0.1896,0.1389,0.3333,0.3194
stopwords,bm25,0.5,1,149,0.4000,0.3636,0.3810,0.3481,0.2273,1.0000,0.4627
stopwords,bm25,0.5,1,150,0.2000,1.0000,0.3333,0.5833,0.5833,0.5000,0.6934
stopwords,bm25,0.5,1,151,0.0000,0.0000,0.0000,0.0155,0.0000,0.0139,0.0000
stopwords,bm25,0.5,1,152,0.0000,0.0000,0.0000,0.0148,0.0000,0.0417,0.0000
stopwords,bm25,0.5,1,153,0.1000,0.1429,0.1176,0.1128,0.0357,0.2500,0.0695
stopwords,bm25,0.5,1,154,0.1000,0.5000,0.1667,0.5714,0.5000,1.0000,0.4693
stopwords,bm25,0.5,1,155,0.1000,0.1667,0.1250,0.1235,0.0833,0.5000,0.1420
stopwords,bm25,0.5,1,156,0.6000,0.4286,0.5000,0.4693,0.3732,1.0000,0.5218
stopwords,bm25,0.5,1,157,0.6000,0.1538,0.2449,0.2164,0.1064,0.5000,0.4868
stopwords,bm25,0.5,1,158,0.1000,0.1250,0.1111,0.1980,0.1250,1.0000,0.3630
stopwords,bm25,0.5,1,159,0.1000,0.1250,0.1111,0.0398,0.0179,0.1429,0.0919
stopwords,bm25,0.5,1,160,0.1000,0.2000,0.1333,0.0659,0.0400,0.2000,0.1523
stopwords,bm25,0.5,1,161,0.3000,0.5000,0.3750,0.4770,0.4583,1.0000,0.7101
stopwords,bm25,0.5,1,162,0.4000,0.5000,0.4444,0.3430,0.3036,1.0000,0.3988
stopwords,bm25,0.5,1,163,0.2000,0.6667,0.3077,0.2929,0.2778,0.3333,0.4367
stopwords,bm25,0.5,1,164,0.4000,0.5000,0.4444,0.5226,0.4750,1.0000,0.6703
stopwords,bm25,0.5,1,165,0.2000,1.0000,0.3333,0.3929,0.3929,0.5000,0.5912
stopwords,bm25,0.5,1,166,0.1000,0.1250,0.1111,0.0376,0.0125,0.1000,0.0731
stopwords,bm25,0.5,1,167,0.2000,1.0000,0.3333,0.3333,0.3333,0.3333,0.5191
stopwords,bm25,0.5,1,168,0.1000,0.5000,0.1667,0.0848,0.0833,0.1667,0.2184
stopwords,bm25,0.5,1,169,0.2000,0.5000,0.2857,0.2936,0.2917,0.5000,0.4415
stopwords,bm25,0.5,1,170,0.4000,0.6667,0.5000,0.4949,0.4889,1.0000,0.6520
stopwords,bm25,0.5,1,171,0.2000,0.6667,0.3077,0.4762,0.4286,1.0000,0.6170
stopwords,bm25,0.5,1,172,0.4000,1.0000,0.5714,0.8042,0.8042,1.0000,0.8940
stopwords,bm25,0.5,1,173,0.2000,1.0000,0.3333,0.8333,0.8333,1.0000,0.9197
stopwords,bm25,0.5,1,174,0.0000,0.0000,0.0000,0.0484,0.0000,0.0769,0.0000
stopwords,bm25,0.5,1,175,0.1000,0.2000,0.1333,0.0653,0.0500,0.2500,0.1609
stopwords,bm25,0.5,1,176,0.1000,0.1429,0.1176,0.0854,0.0476,0.3333,0.1658
stopwords,bm25,0.5,1,177,0.3000,0.6000,0.4000,0.3728,0.2800,0.5000,0.4005
stopwords,bm25,0.5,1,178,0.3000,0.7500,0.4286,0.2726,0.2583,0.3333,0.4788
stopwords,bm25,0.5,1,179,0.2000,0.5000,0.2857,0.2310,0.2250,0.5000,0.3973
stopwords,bm25,0.5,1,180,0.3000,0.4286,0.3529,0.3264,0.2286,0.5000,0.3087
stopwords,bm25,0.5,1,181,0.2000,0.4000,0.2667,0.2678,0.2400,1.0000,0.3572
stopwords,bm25,0.5,1,182,0.1000,0.5000,0.1667,0.3269,0.2500,0.5000,0.4796
stopwords,bm25,0.5,1,183,0.4000,0.3077,0.3478,0.1714,0.1355,0.5000,0.2538
stopwords,bm25,0.5,1,184,0.1000,0.1429,0.1176,0.0879,0.0286,0.2000,0.1114
stopwords,bm25,0.5,1,185,0.6000,0.6667,0.6316,0.7469,0.5611,1.0000,0.7197
stopwords,bm25,0.5,1,186,0.5000,0.3125,0.3846,0.1579,0.1421,0.5000,0.4272
stopwords,bm25,0.5,1,187,0.1000,0.1667,0.1250,0.1375,0.0833,0.5000,0.2018
stopwords,bm25,0.5,1,188,0.3000,0.2727,0.2857,0.2742,0.1905,1.0000,0.4423
stopwords,bm25,0.5,1,189,0.1000,0.1111,0.1053,0.0834,0.0370,0.3333,0.0967
stopwords,bm25,0.5,1,190,0.2000,0.4000,0.2667,0.4707,0.4000,1.0000,0.4684
stopwords,bm25,0.5,1,191,0.2000,0.1538,0.1739,0.3086,0.0692,0.5000,0.1489
stopwords,bm25,0.5,1,192,0.3000,0.7500,0.4286,0.2604,0.2604,0.3333,0.4574
stopwords,bm25,0.5,1,193,0.7000,0.7778,0.7368,0.7344,0.6687,1.0000,0.6980
stopwords,bm25,0.5,1,194,0.2000,0.3333,0.2500,0.2740,0.1500,0.5000,0.2748
stopwords,bm25,0.5,1,195,0.0000,0.0000,0.0000,0.0540,0.0000,0.0833,0.0000
stopwords,bm25,0.5,1,196,0.2000,0.1667,0.1818,0.0831,0.0446,0.2500,0.1627
stopwords,bm25,0.5,1,197,0.2000,0.6667,0.3077,0.4658,0.3889,0.5000,0.5498
stopwords,bm25,0.5,1,198,0.2000,0.5000,0.2857,0.4171,0.3750,1.0000,0.5323
stopwords,bm25,0.5,1,199,0.0000,0.0000,0.0000,0.0296,0.0000,0.0455,0.0000
stopwords,bm25,0.5,1,200,0.2000,0.6667,0.3077,0.2006,0.1944,0.3333,0.3827
stopwords,bm25,0.5,1,201,0.5000,0.3125,0.3846,0.3539,0.2240,1.0000,0.5822
stopwords,bm25,0.5,1,202,0.2000,0.1429,0.1667,0.1312,0.0833,0.5000,0.1053
stopwords,bm25,0.5,1,203,0.3000,0.2143,0.2500,0.1344,0.0863,0.3333,0.3046
stopwords,bm25,0.5,1,204,0.0000,0.0000,0.0000,0.0363,0.0000,0.0667,0.0000
stopwords,bm25,0.5,1,205,0.0000,0.0000,0.0000,0.0396,0.0000,0.0625,0.0000
stopwords,bm25,0.5,1,206,0.2000,0.6667,0.3077,0.3914,0.3889,0.5000,0.5758
stopwords,bm25,0.5,1,207,0.0000,0.0000,0.0000,0.0053,0.0000,0.0034,0.0000
stopwords,bm25,0.5,1,208,0.3000,0.5000,0.3750,0.4008,0.2659,0.5000,0.4992
stopwords,bm25,0.5,1,209,0.3000,0.2500,0.2727,0.1629,0.1052,0.5000,0.2328
stopwords,bm25,0.5,1,210,0.2000,0.3333,0.2500,0.3565,0.2778,1.0000,0.4826
stopwords,bm25,0.5,1,211,0.1000,0.0909,0.0952,0.1911,0.0909,1.0000,0.1096
stopwords,bm25,0.5,1,212,0.7000,0.5000,0.5833,0.5770,0.4316,1.0000,0.6018
stopwords,bm25,0.5,1,213,0.5000,0.4545,0.4762,0.5283,0.3985,1.0000,0.6603
stopwords,bm25,0.5,1,214,0.1000,0.2500,0.1429,0.1599,0.1250,0.5000,0.2463
stopwords,bm25,0.5,1,215,0.0000,0.0000,0.0000,0.0224,0.0000,0.0278,0.0000
stopwords,bm25,0.5,1,216,0.0000,0.0000,0.0000,0.0020,0.0000,0.0020,0.0000
stopwords,bm25,0.5,1,217,0.2000,0.1333,0.1600,0.1503,0.0800,1.0000,0.3232
stopwords,bm25,0.5,1,218,0.1000,0.0667,0.0800,0.1368,0.0133,0.2000,0.0580
stopwords,bm25,0.5,1,219,0.0000,0.0000,0.0000,0.0286,0.0000,0.0192,0.0000
stopwords,bm25,0.5,1,220,0.3000,0.1579,0.2069,0.1881,0.0811,0.5000,0.1938
stopwords,bm25,0.5,1,221,0.4000,0.2222,0.2857,0.1915,0.1287,0.5000,0.2916
stopwords,bm25,0.5,1,222,0.4000,0.4444,0.4211,0.3718,0.3019,0.5000,0.4716
stopwords,bm25,0.5,1,223,0.3000,0.7500,0.4286,0.4289,0.3854,0.5000,0.5646
stopwords,bm25,0.5,1,224,0.4000,0.5000,0.4444,0.2552,0.1890,0.2500,0.3215
stopwords,bm25,0.5,1,225,0.2000,0.0833,0.1176,0.0677,0.0486,0.5000,0.1454
stopwords,bm25,1.2,0,1,0.5000,0.1786,0.2632,0.1529,0.0868,0.3333,0.2566
stopwords,bm25,1.2,0,2,0.4000,0.1667,0.2353,0.1586,0.1285,1.0000,0.4831
stopwords,bm25,1.2,0,3,0.4000,0.5000,0.4444,0.3961,0.3458,1.0000,0.5571
stopwords,bm25,1.2,0,4,0.1000,0.5000,0.1667,0.5500,0.5000,1.0000,0.6131
stopwords,bm25,1.2,0,5,0.2000,0.5000,0.2857,0.2328,0.1667,0.3333,0.3235
stopwords,bm25,1.2,0,6,0.1000,0.2500,0.1429,0.1500,0.1250,0.5000,0.2061
stopwords,bm25,1.2,0,7,0.2000,0.4000,0.2667,0.1944,0.1800,0.5000,0.3127
stopwords,bm25,1.2,0,8,0.2000,0.1818,0.1905,0.1561,0.1091,1.0000,0.3055
stopwords,bm25,1.2,0,9,0.2000,0.6667,0.3077,0.1501,0.1407,0.2000,0.3228
stopwords,bm25,1.2,0,10,0.1000,0.1250,0.1111,0.0960,0.0625,0.5000,0.1323
stopwords,bm25,1.2,0,11,0.2000,0.2857,0.2353,0.1579,0.0952,0.3333,0.2188
stopwords,bm25,1.2,0,12,0.0000,0.0000,0.0000,0.0361,0.0000,0.0233,0.0000
stopwords,bm25,1.2,0,13,0.0000,0.0000,0.0000,0.0000,0.0000,0.0000,0.0000
stopwords,bm25,1.2,0,14,0.1000,0.5000,0.1667,0.0985,0.0714,0.1429,0.2879
stopwords,bm25,1.2,0,15,0.2000,1.0000,0.3333,1.0000,1.0000,1.0000,0.8597
stopwords,bm25,1.2,0,16,0.1000,0.3333,0.1538,0.1640,0.0833,0.2500,0.1637
stopwords,bm25,1.2,0,17,0.0000,0.0000,0.0000,0.0473,0.0000,0.0714,0.0000
stopwords,bm25,1.2,0,18,0.1000,0.3333,0.1538,0.1998,0.1667,0.5000,0.2961
stopwords,bm25,1.2,0,19,0.0000,0.0000,0.0000,0.0085,0.0000,0.0370,0.0000
stopwords,bm25,1.2,0,20,0.2000,0.2222,0.2105,0.2109,0.0778,0.5000,0.2162
stopwords,bm25,1.2,0,21,0.0000,0.0000,0.0000,0.0463,0.0000,0.0556,0.0000
stopwords,bm25,1.2,0,22,0.0000,0.0000,0.0000,0.0000,0.0000,0.0000,0.0000
stopwords,bm25,1.2,0,23,0.1000,0.0312,0.0476,0.1080,0.0312,1.0000,0.2621
stopwords,bm25,1.2,0,24,0.2000,0.6667,0.3077,0.1979,0.1944,0.3333,0.4152
stopwords,bm25,1.2,0,25,0.4000,0.4444,0.4211,0.5858,0.4222,1.0000,0.5296
stopwords,bm25,1.2,0,26,0.2000,0.3333,0.2500,0.2011,0.1667,0.5000,0.3678
stopwords,bm25,1.2,0,27,0.0000,0.0000,0.0000,0.0465,0.0000,0.0909,0.0000
stopwords,bm25,1.2,0,28,0.0000,0.0000,0.0000,0.0007,0.0000,0.0014,0.0000
stopwords,bm25,1.2,0,29,0.3000,0.3333,0.3158,0.2748,0.1772,0.5000,0.2694
stopwords,bm25,1.2,0,30,0.2000,0.2857,0.2353,0.0752,0.0496,0.1250,0.1691
stopwords,bm25,1.2,0,31,0.0000,0.0000,0.0000,0.0000,0.0000,0.0000,0.0000
stopwords,bm25,1.2,0,32,0.0000,0.0000,0.0000,0.0135,0.0000,0.0075,0.0000
stopwords,bm25,1.2,0,33,0.3000,1.0000,0.4615,0.6429,0.6429,1.0000,0.8234
stopwords,bm25,1.2,0,34,0.2000,0.3333,0.2500,0.2396,0.1389,0.3333,0.2162
stopwords,bm25,1.2,0,35,0.0000,0.0000,0.0000,0.0272,0.0000,0.0370,0.0000
stopwords,bm25,1.2,0,36,0.1000,0.5000,0.1667,0.1017,0.1000,0.2000,0.1815
stopwords,bm25,1.2,0,37,0.2000,0.2222,0.2105,0.1623,0.0503,0.1667,0.1360
stopwords,bm25,1.2,0,38,0.1000,0.1000,0.1000,0.0613,0.0111,0.1111,0.0496
stopwords,bm25,1.2,0,39,0.3000,0.2308,0.2609,0.1023,0.0641,0.2000,0.1977
stopwords,bm25,1.2,0,40,0.0000,0.0000,0.0000,0.0411,0.0000,0.0769,0.0000
stopwords,bm25,1.2,0,41,0.3000,1.0000,0.4615,0.8333,0.8333,1.0000,0.9120
stopwords,bm25,1.2,0,42,0.2000,0.4000,0.2667,0.1443,0.0833,0.1667,0.2611
stopwords,bm25,1.2,0,43,0.3000,0.5000,0.3750,0.4145,0.3333,1.0000,0.6073
stopwords,bm25,1.2,0,44,0.0000,0.0000,0.0000,0.0000,0.0000,0.0000,0.0000
stopwords,bm25,1.2,0,45,0.1000,0.0833,0.0909,0.0797,0.0208,0.2500,0.1205
stopwords,bm25,1.2,0,46,0.6000,0.4000,0.4800,0.4172,0.3322,1.0000,0.5689
stopwords,bm25,1.2,0,47,0.3000,0.2143,0.2500,0.2631,0.0744,0.3333,0.2514
stopwords,bm25,1.2,0,48,0.3000,0.2727,0.2857,0.2647,0.2197,1.0000,0.4364
stopwords,bm25,1.2,0,49,0.0000,0.0000,0.0000,0.0566,0.0000,0.0909,0.0000
stopwords,bm25,1.2,0,50,0.0000,0.0000,0.0000,0.0144,0.0000,0.0154,0.0000
stopwords,bm25,1.2,0,51,0.3000,0.3000,0.3000,0.3153,0.1775,1.0000,0.3723
stopwords,bm25,1.2,0,52,0.1000,0.2500,0.1429,0.1772,0.0833,0.3333,0.2198
stopwords,bm25,1.2,0,53,0.2000,0.2000,0.2000,0.2329,0.1400,1.0000,0.2873
stopwords,bm25,1.2,0,54,0.2000,0.2222,0.2105,0.2309,0.1296,0.5000,0.3253
stopwords,bm25,1.2,0,55,0.1000,0.1000,0.1000,0.1356,0.0200,0.2000,0.1049
stopwords,bm25,1.2,0,56,0.3000,0.3000,0.3000,0.1547,0.1233,0.5000,0.2223
stopwords,bm25,1.2,0,57,0.1000,0.0714,0.0833,0.0783,0.0071,0.1000,0.0357
stopwords,bm25,1.2,0,58,0.1000,0.1111,0.1053,0.0926,0.0370,0.3333,0.1919
stopwords,bm25,1.2,0,59,0.1000,0.2500,0.1429,0.0590,0.0278,0.1111,0.0983
stopwords,bm25,1.2,0,60,0.3000,0.6000,0.4000,0.3771,0.3657,1.0000,0.5023
stopwords,bm25,1.2,0,61,0.2000,0.4000,0.2667,0.4573,0.4000,1.0000,0.5451
stopwords,bm25,1.2,0,62,0.0000,0.0000,0.0000,0.0256,0.0000,0.0476,0.0000
stopwords,bm25,1.2,0,63,0.0000,0.0000,0.0000,0.0050,0.0000,0.0046,0.0000
stopwords,bm25,1.2,0,64,0.0000,0.0000,0.0000,0.0490,0.0000,0.0667,0.0000
stopwords,bm25,1.2,0,65,0.0000,0.0000,0.0000,0.1056,0.0000,0.0769,0.0000
stopwords,bm25,1.2,0,66,0.0000,0.0000,0.0000,0.0516,0.0000,0.0625,0.0000
stopwords,bm25,1.2,0,67,0.2000,0.1429,0.1667,0.1928,0.0536,0.5000,0.2110
stopwords,bm25,1.2,0,68,0.1000,0.2000,0.1333,0.1525,0.1000,0.5000,0.2744
stopwords,bm25,1.2,0,69,0.1000,0.2000,0.1333,0.0614,0.0250,0.1250,0.1325
stopwords,bm25,1.2,0,70,0.1000,0.1000,0.1000,0.0957,0.0250,0.2500,0.1045
stopwords,bm25,1.2,0,71,0.1000,0.1250,0.1111,0.0708,0.0250,0.2000,0.1260
stopwords,bm25,1.2,0,72,0.0000,0.0000,0.0000,0.0228,0.0000,0.0435,0.0000
stopwords,bm25,1.2,0,73,0.5000,0.2500,0.3333,0.3103,0.1681,1.0000,0.6043
stopwords,bm25,1.2,0,74,0.1000,0.1667,0.1250,0.1245,0.0833,0.5000,0.2679
stopwords,bm25,1.2,0,75,0.0000,0.0000,0.0000,0.0201,0.0000,0.0156,0.0000
stopwords,bm25,1.2,0,76,0.4000,0.5714,0.4706,0.3413,0.3373,0.5000,0.4891
stopwords,bm25,1.2,0,77,0.3000,0.5000,0.3750,0.3444,0.2659,0.5000,0.2861
stopwords,bm25,1.2,0,78,0.2000,0.6667,0.3077,0.5500,0.4667,1.0000,0.6007
stopwords,bm25,1.2,0,79,0.1000,0.2000,0.1333,0.0331,0.0222,0.1111,0.1315
stopwords,bm25,1.2,0,80,0.0000,0.0000,0.0000,0.0072,0.0000,0.0066,0.0000
stopwords,bm25,1.2,0,81,0.1000,0.5000,0.1667,0.5312,0.5000,1.0000,0.2159
stopwords,bm25,1.2,0,82,0.3000,0.6000,0.4000,0.3656,0.3267,1.0000,0.6084
stopwords,bm25,1.2,0,83,0.1000,0.2500,0.1429,0.0704,0.0625,0.2500,0.1681
stopwords,bm25,1.2,0,84,0.2000,0.1818,0.1905,0.2078,0.1061,0.5000,0.1610
stopwords,bm25,1.2,0,85,0.0000,0.0000,0.0000,0.0348,0.0000,0.0909,0.0000
stopwords,bm25,1.2,0,86,0.2000,1.0000,0.3333,0.5833,0.5833,0.5000,0.6934
stopwords,bm25,1.2,0,87,0.0000,0.0000,0.0000,0.0107,0.0000,0.0061,0.0000
stopwords,bm25,1.2,0,88,0.6000,1.0000,0.7500,0.5653,0.5653,0.3333,0.6467
stopwords,bm25,1.2,0,89,0.2000,0.3333,0.2500,0.2202,0.1083,0.2500,0.2861
stopwords,bm25,1.2,0,90,0.3000,0.2308,0.2609,0.2153,0.1058,0.5000,0.2265
stopwords,bm25,1.2,0,91,0.4000,0.4444,0.4211,0.3495,0.2481,1.0000,0.5486
stopwords,bm25,1.2,0,92,0.5000,0.3846,0.4348,0.4458,0.3626,1.0000,0.4479
stopwords,bm25,1.2,0,93,0.1000,1.0000,0.1818,0.5000,0.5000,0.5000,0.6309
stopwords,bm25,1.2,0,94,0.5000,0.4167,0.4545,0.4931,0.3231,1.0000,0.4211
stopwords,bm25,1.2,0,95,0.1000,0.5000,0.1667,0.5833,0.5000,1.0000,0.2159
stopwords,bm25,1.2,0,96,0.7000,0.5385,0.6087,0.4268,0.3596,0.5000,0.6197
stopwords,bm25,1.2,0,97,0.2000,0.2000,0.2000,0.1554,0.1400,1.0000,0.2917
stopwords,bm25,1.2,0,98,0.0000,0.0000,0.0000,0.0201,0.0000,0.0588,0.0000
stopwords,bm25,1.2,0,99,0.2000,0.5000,0.2857,0.2812,0.2500,0.5000,0.4715
stopwords,bm25,1.2,0,100,0.3000,0.3333,0.3158,0.3327,0.2778,1.0000,0.5063
stopwords,bm25,1.2,0,101,0.5000,0.8333,0.6250,0.5033,0.4444,0.5000,0.5909
stopwords,bm25,1.2,0,102,0.1000,0.2500,0.1429,0.2845,0.2500,1.0000,0.2731
stopwords,bm25,1.2,0,103,0.0000,0.0000,0.0000,0.0250,0.0000,0.0500,0.0000
stopwords,bm25,1.2,0,104,0.1000,0.2000,0.1333,0.0788,0.0667,0.3333,0.1696
stopwords,bm25,1.2,0,105,0.3000,0.6000,0.4000,0.3166,0.2933,0.5000,0.5194
stopwords,bm25,1.2,0,106,0.2000,0.4000,0.2667,0.1814,0.1067,0.2000,0.1808
stopwords,bm25,1.2,0,107,0.1000,0.1429,0.1176,0.1406,0.0357,0.2500,0.1650
stopwords,bm25,1.2,0,108,0.5000,0.7143,0.5882,0.7731,0.6607,1.0000,0.7306
stopwords,bm25,1.2,0,109,0.0000,0.0000,0.0000,0.0239,0.0000,0.0500,0.0000
stopwords,bm25,1.2,0,110,0.0000,0.0000,0.0000,0.0072,0.0000,0.0082,0.0000
stopwords,bm25,1.2,0,111,0.1000,0.1429,0.1176,0.1543,0.0476,0.3333,0.1063
stopwords,bm25,1.2,0,112,0.2000,1.0000,0.3333,0.3750,0.3750,0.5000,0.4796
stopwords,bm25,1.2,0,113,0.1000,0.2500,0.1429,0.1260,0.0833,0.3333,0.1952
stopwords,bm25,1.2,0,114,0.0000,0.0000,0.0000,0.0417,0.0000,0.0526,0.0000
stopwords,bm25,1.2,0,115,0.0000,0.0000,0.0000,0.0324,0.0000,0.0476,0.0000
stopwords,bm25,1.2,0,116,0.0000,0.0000,0.0000,0.0508,0.0000,0.0909,0.0000
stopwords,bm25,1.2,0,117,0.0000,0.0000,0.0000,0.0230,0.0000,0.0270,0.0000
stopwords,bm25,1.2,0,118,0.2000,0.6667,0.3077,0.1759,0.1667,0.2500,0.3436
stopwords,bm25,1.2,0,119,0.0000,0.0000,0.0000,0.0556,0.0000,0.0556,0.0000
stopwords,bm25,1.2,0,120,0.2000,0.2222,0.2105,0.3250,0.1296,0.5000,0.3150
stopwords,bm25,1.2,0,121,0.4000,0.5714,0.4706,0.5792,0.4429,1.0000,0.6292
stopwords,bm25,1.2,0,122,0.1000,0.1111,0.1053,0.0790,0.0185,0.1667,0.0352
stopwords,bm25,1.2,0,123,0.0000,0.0000,0.0000,0.0311,0.0000,0.0278,0.0000
stopwords,bm25,1.2,0,124,0.0000,0.0000,0.0000,0.0035,0.0000,0.0043,0.0000
stopwords,bm25,1.2,0,125,0.3000,0.1765,0.2222,0.2691,0.1103,1.0000,0.3973
stopwords,bm25,1.2,0,126,0.2000,0.2500,0.2222,0.2598,0.2500,1.0000,0.5130
stopwords,bm25,1.2,0,127,0.3000,0.6000,0.4000,0.1708,0.1600,0.2500,0.3986
stopwords,bm25,1.2,0,128,0.0000,0.0000,0.0000,0.0215,0.0000,0.0357,0.0000
stopwords,bm25,1.2,0,129,0.4000,0.5714,0.4706,0.3714,0.3452,0.5000,0.5330
stopwords,bm25,1.2,0,130,0.4000,0.8000,0.5333,0.5867,0.5867,1.0000,0.7229
stopwords,bm25,1.2,0,131,0.2000,0.2500,0.2222,0.1689,0.0607,0.2000,0.1562
stopwords,bm25,1.2,0,132,0.7000,0.4667,0.5600,0.6667,0.3665,1.0000,0.5580
stopwords,bm25,1.2,0,133,0.3000,0.4286,0.3529,0.2319,0.1024,0.1667,0.2103
stopwords,bm25,1.2,0,134,0.1000,0.5000,0.1667,0.0914,0.0714,0.1429,0.1564
stopwords,bm25,1.2,0,135,0.3000,0.3750,0.3333,0.4026,0.1452,0.3333,0.1755
stopwords,bm25,1.2,0,136,0.2000,0.6667,0.3077,0.1927,0.1786,0.2500,0.4007
stopwords,bm25,1.2,0,137,0.2000,0.5000,0.2857,0.2261,0.2083,0.5000,0.3224
stopwords,bm25,1.2,0,138,0.1000,0.5000,0.1667,0.1713,0.1667,0.3333,0.3066
stopwords,bm25,1.2,0,139,0.0000,0.0000,0.0000,0.0045,0.0000,0.0046,0.0000
stopwords,bm25,1.2,0,140,0.1000,0.1667,0.1250,0.1096,0.0833,0.5000,0.2509
stopwords,bm25,1.2,0,141,0.2000,0.3333,0.2500,0.3581,0.2778,1.0000,0.4629
stopwords,bm25,1.2,0,142,0.0000,0.0000,0.0000,0.0013,0.0000,0.0013,0.0000
stopwords,bm25,1.2,0,143,0.1000,0.5000,0.1667,0.5588,0.5000,1.0000,0.6131
stopwords,bm25,1.2,0,144,0.4000,0.6667,0.5000,0.4277,0.3519,0.5000,0.4705
stopwords,bm25,1.2,0,145,0.2000,0.2857,0.2353,0.2427,0.1429,0.5000,0.2898
stopwords,bm25,1.2,0,146,0.2000,1.0000,0.3333,0.3095,0.3095,0.3333,0.4434
stopwords,bm25,1.2,0,147,0.4000,0.4000,0.4000,0.2594,0.2071,0.5000,0.4100
stopwords,bm25,1.2,0,148,0.2000,0.3333,0.2500,0.1546,0.0893,0.2500,0.2622
stopwords,bm25,1.2,0,149,0.2000,0.1818,0.1905,0.2483,0.1273,1.0000,0.3052
stopwords,bm25,1.2,0,150,0.2000,1.0000,0.3333,1.0000,1.0000,1.0000,1.0000
stopwords,bm25,1.2,0,151,0.0000,0.0000,0.0000,0.0133,0.0000,0.0169,0.0000
stopwords,bm25,1.2,0,152,0.0000,0.0000,0.0000,0.0096,0.0000,0.0120,0.0000
stopwords,bm25,1.2,0,153,0.1000,0.1429,0.1176,0.1028,0.0476,0.3333,0.0807
stopwords,bm25,1.2,0,154,0.2000,1.0000,0.3333,0.6111,0.6111,1.0000,0.6812
stopwords,bm25,1.2,0,155,0.1000,0.1667,0.1250,0.1417,0.0833,0.5000,0.1420
stopwords,bm25,1.2,0,156,0.7000,0.5000,0.5833,0.5326,0.4459,1.0000,0.6037
stopwords,bm25,1.2,0,157,0.4000,0.1026,0.1633,0.1912,0.0723,1.0000,0.3981
stopwords,bm25,1.2,0,158,0.1000,0.1250,0.1111,0.1841,0.1250,1.0000,0.3630
stopwords,bm25,1.2,0,159,0.1000,0.1250,0.1111,0.0377,0.0156,0.1250,0.0869
stopwords,bm25,1.2,0,160,0.1000,0.2000,0.1333,0.1253,0.1000,0.5000,0.2484
stopwords,bm25,1.2,0,161,0.2000,0.3333,0.2500,0.3895,0.3333,1.0000,0.6526
stopwords,bm25,1.2,0,162,0.3000,0.3750,0.3333,0.1678,0.1083,0.2000,0.1797
stopwords,bm25,1.2,0,163,0.2000,0.6667,0.3077,0.3434,0.3333,0.5000,0.4982
stopwords,bm25,1.2,0,164,0.5000,0.6250,0.5556,0.5483,0.5246,1.0000,0.7561
stopwords,bm25,1.2,0,165,0.2000,1.0000,0.3333,0.2429,0.2429,0.2000,0.4416
stopwords,bm25,1.2,0,166,0.1000,0.1250,0.1111,0.0472,0.0208,0.1667,0.0901
stopwords,bm25,1.2,0,167,0.2000,1.0000,0.3333,0.4167,0.4167,0.3333,0.5541
stopwords,bm25,1.2,0,168,0.1000,0.5000,0.1667,0.0639,0.0625,0.1250,0.1934
stopwords,bm25,1.2,0,169,0.2000,0.5000,0.2857,0.5020,0.5000,1.0000,0.6367
stopwords,bm25,1.2,0,170,0.2000,0.3333,0.2500,0.2035,0.1167,0.5000,0.2584
stopwords,bm25,1.2,0,171,0.1000,0.3333,0.1538,0.4560,0.3333,1.0000,0.5695
stopwords,bm25,1.2,0,172,0.4000,1.0000,0.5714,0.6792,0.6792,0.5000,0.6867
stopwords,bm25,1.2,0,173,0.2000,1.0000,0.3333,0.8333,0.8333,1.0000,0.9197
stopwords,bm25,1.2,0,174,0.0000,0.0000,0.0000,0.0422,0.0000,0.0625,0.0000
stopwords,bm25,1.2,0,175,0.1000,0.2000,0.1333,0.0381,0.0286,0.1429,0.1246
stopwords,bm25,1.2,0,176,0.1000,0.1429,0.1176,0.0457,0.0238,0.1667,0.1181
stopwords,bm25,1.2,0,177,0.3000,0.6000,0.4000,0.3166,0.2524,0.5000,0.4550
stopwords,bm25,1.2,0,178,0.2000,0.5000,0.2857,0.2428,0.1667,0.3333,0.3108
stopwords,bm25,1.2,0,179,0.2000,0.5000,0.2857,0.1238,0.1181,0.2500,0.2856
stopwords,bm25,1.2,0,180,0.3000,0.4286,0.3529,0.2804,0.2143,0.5000,0.3378
stopwords,bm25,1.2,0,181,0.1000,0.2000,0.1333,0.2537,0.2000,1.0000,0.2491
stopwords,bm25,1.2,0,182,0.2000,1.0000,0.3333,0.3500,0.3500,0.5000,0.5895
stopwords,bm25,1.2,0,183,0.3000,0.2308,0.2609,0.2106,0.1407,1.0000,0.2890
stopwords,bm25,1.2,0,184,0.1000,0.1429,0.1176,0.0709,0.0179,0.1250,0.0909
stopwords,bm25,1.2,0,185,0.6000,0.6667,0.6316,0.7959,0.6071,1.0000,0.8199
stopwords,bm25,1.2,0,186,0.5000,0.3125,0.3846,0.1694,0.1538,0.3333,0.4229
stopwords,bm25,1.2,0,187,0.1000,0.1667,0.1250,0.1184,0.0833,0.5000,0.2018
stopwords,bm25,1.2,0,188,0.3000,0.2727,0.2857,0.2058,0.1364,0.5000,0.3454
stopwords,bm25,1.2,0,189,0.1000,0.1111,0.1053,0.0854,0.0370,0.3333,0.0967
stopwords,bm25,1.2,0,190,0.2000,0.4000,0.2667,0.3399,0.2800,1.0000,0.3673
stopwords,bm25,1.2,0,191,0.4000,0.3077,0.3478,0.2976,0.1045,0.2500,0.2479
stopwords,bm25,1.2,0,192,0.3000,0.7500,0.4286,0.3438,0.3438,0.5000,0.5376
stopwords,bm25,1.2,0,193,0.6000,0.6667,0.6316,0.7197,0.5823,1.0000,0.6620
stopwords,bm25,1.2,0,194,0.3000,0.5000,0.3750,0.4025,0.3194,0.5000,0.4599
stopwords,bm25,1.2,0,195,0.1000,0.3333,0.1538,0.1092,0.0833,0.2500,0.2021
stopwords,bm25,1.2,0,196,0.1000,0.0833,0.0909,0.0482,0.0119,0.1429,0.0554
stopwords,bm25,1.2,0,197,0.2000,0.6667,0.3077,0.4603,0.3889,0.5000,0.5498
stopwords,bm25,1.2,0,198,0.2000,0.5000,0.2857,0.4068,0.3500,1.0000,0.5202
stopwords,bm25,1.2,0,199,0.0000,0.0000,0.0000,0.0227,0.0000,0.0270,0.0000
stopwords,bm25,1.2,0,200,0.2000,0.6667,0.3077,0.4505,0.4444,1.0000,0.6364
stopwords,bm25,1.2,0,201,0.4000,0.2500,0.3077,0.3581,0.2153,1.0000,0.5823
stopwords,bm25,1.2,0,202,0.2000,0.1429,0.1667,0.1365,0.1000,1.0000,0.1291
stopwords,bm25,1.2,0,203,0.3000,0.2143,0.2500,0.1507,0.1101,0.5000,0.3536
stopwords,bm25,1.2,0,204,0.1000,0.0714,0.0833,0.0358,0.0071,0.1000,0.0993
stopwords,bm25,1.2,0,205,0.0000,0.0000,0.0000,0.0516,0.0000,0.0769,0.0000
stopwords,bm25,1.2,0,206,0.2000,0.6667,0.3077,0.2797,0.2778,0.3333,0.4738
stopwords,bm25,1.2,0,207,0.0000,0.0000,0.0000,0.0057,0.0000,0.0048,0.0000
stopwords,bm25,1.2,0,208,0.4000,0.6667,0.5000,0.3627,0.3236,0.5000,0.5424
stopwords,bm25,1.2,0,209,0.2000,0.1667,0.1818,0.1217,0.0583,0.5000,0.1581
stopwords,bm25,1.2,0,210,0.2000,0.3333,0.2500,0.2903,0.2083,1.0000,0.4062
stopwords,bm25,1.2,0,211,0.1000,0.0909,0.0952,0.1369,0.0455,0.5000,0.0692
stopwords,bm25,1.2,0,212,0.5000,0.3571,0.4167,0.5528,0.3310,1.0000,0.5241
stopwords,bm25,1.2,0,213,0.5000,0.4545,0.4762,0.5382,0.3985,1.0000,0.6662
stopwords,bm25,1.2,0,214,0.1000,0.2500,0.1429,0.1041,0.0833,0.3333,0.1952
stopwords,bm25,1.2,0,215,0.0000,0.0000,0.0000,0.0230,0.0000,0.0278,0.0000
stopwords,bm25,1.2,0,216,0.0000,0.0000,0.0000,0.0026,0.0000,0.0026,0.0000
stopwords,bm25,1.2,0,217,0.2000,0.1333,0.1600,0.1390,0.0778,0.5000,0.2487
stopwords,bm25,1.2,0,218,0.4000,0.2667,0.3200,0.2055,0.1148,0.2500,0.2757
stopwords,bm25,1.2,0,219,0.0000,0.0000,0.0000,0.0321,0.0000,0.0233,0.0000
stopwords,bm25,1.2,0,220,0.3000,0.1579,0.2069,0.1739,0.0811,0.5000,0.1938
stopwords,bm25,1.2,0,221,0.4000,0.2222,0.2857,0.2230,0.1414,1.0000,0.3393
stopwords,bm25,1.2,0,222,0.4000,0.4444,0.4211,0.3505,0.2487,0.5000,0.4361
stopwords,bm25,1.2,0,223,0.3000,0.7500,0.4286,0.6667,0.5833,1.0000,0.7542
stopwords,bm25,1.2,0,224,0.4000,0.5000,0.4444,0.2605,0.1952,0.3333,0.3318
stopwords,bm25,1.2,0,225,0.2000,0.0833,0.1176,0.0666,0.0486,0.5000,0.1454
stopwords,bm25,1.2,0.75,1,0.4000,0.1429,0.2105,0.2100,0.1048,1.0000,0.3044
stopwords,bm25,1.2,0.75,2,0.4000,0.1667,0.2353,0.1650,0.1321,1.0000,0.5315
stopwords,bm25,1.2,0.75,3,0.4000,0.5000,0.4444,0.5826,0.5000,1.0000,0.6479
stopwords,bm25,1.2,0.75,4,0.1000,0.5000,0.1667,0.5769,0.5000,1.0000,0.6131
stopwords,bm25,1.2,0.75,5,0.1000,0.2500,0.1429,0.1606,0.0625,0.2500,0.2054
stopwords,bm25,1.2,0.75,6,0.1000,0.2500,0.1429,0.1485,0.1250,0.5000,0.2061
stopwords,bm25,1.2,0.75,7,0.2000,0.4000,0.2667,0.2518,0.2333,0.5000,0.3474
stopwords,bm25,1.2,0.75,8,0.1000,0.0909,0.0952,0.1600,0.0909,1.0000,0.2670
stopwords,bm25,1.2,0.75,9,0.2000,0.6667,0.3077,0.2734,0.2619,0.5000,0.4525
stopwords,bm25,1.2,0.75,10,0.2000,0.2500,0.2222,0.1461,0.1125,0.5000,0.2540
stopwords,bm25,1.2,0.75,11,0.1000,0.1429,0.1176,0.1573,0.0714,0.5000,0.1018
stopwords,bm25,1.2,0.75,12,0.1000,0.2000,0.1333,0.0664,0.0200,0.1000,0.1074
stopwords,bm25,1.2,0.75,13,0.0000,0.0000,0.0000,0.0000,0.0000,0.0000,0.0000
stopwords,bm25,1.2,0.75,14,0.1000,0.5000,0.1667,0.1294,0.1000,0.2000,0.3341
stopwords,bm25,1.2,0.75,15,0.2000,1.0000,0.3333,1.0000,1.0000,1.0000,0.8597
stopwords,bm25,1.2,0.75,16,0.1000,0.3333,0.1538,0.2396,0.1667,0.5000,0.2398
stopwords,bm25,1.2,0.75,17,0.1000,0.5000,0.1667,0.2628,0.2500,0.5000,0.4441
stopwords,bm25,1.2,0.75,18,0.1000,0.3333,0.1538,0.1163,0.0833,0.2500,0.2021
stopwords,bm25,1.2,0.75,19,0.1000,0.1111,0.1053,0.0210,0.0159,0.1429,0.0665
stopwords,bm25,1.2,0.75,20,0.5000,0.5556,0.5263,0.3462,0.2577,0.5000,0.4624
stopwords,bm25,1.2,0.75,21,0.1000,0.2500,0.1429,0.0954,0.0417,0.1667,0.1726
stopwords,bm25,1.2,0.75,22,0.0000,0.0000,0.0000,0.0000,0.0000,0.0000,0.0000
stopwords,bm25,1.2,0.75,23,0.1000,0.0312,0.0476,0.1117,0.0312,1.0000,0.2621
stopwords,bm25,1.2,0.75,24,0.2000,0.6667,0.3077,0.4313,0.4286,1.0000,0.6788
stopwords,bm25,1.2,0.75,25,0.6000,0.6667,0.6316,0.5273,0.4858,1.0000,0.6116
stopwords,bm25,1.2,0.75,26,0.2000,0.3333,0.2500,0.2411,0.1944,0.5000,0.3918
stopwords,bm25,1.2,0.75,27,0.1000,0.3333,0.1538,0.1019,0.0833,0.2500,0.2455
stopwords,bm25,1.2,0.75,28,0.0000,0.0000,0.0000,0.0008,0.0000,0.0017,0.0000
stopwords,bm25,1.2,0.75,29,0.4000,0.4444,0.4211,0.3850,0.3133,1.0000,0.4792
stopwords,bm25,1.2,0.75,30,0.1000,0.1429,0.1176,0.0591,0.0159,0.1111,0.0995
stopwords,bm25,1.2,0.75,31,0.0000,0.0000,0.0000,0.0000,0.0000,0.0000,0.0000
stopwords,bm25,1.2,0.75,32,0.0000,0.0000,0.0000,0.0167,0.0000,0.0161,0.0000
stopwords,bm25,1.2,0.75,33,0.2000,0.6667,0.3077,0.4603,0.3889,0.5000,0.4683
stopwords,bm25,1.2,0.75,34,0.2000,0.3333,0.2500,0.2078,0.0833,0.2500,0.1733
stopwords,bm25,1.2,0.75,35,0.0000,0.0000,0.0000,0.0209,0.0000,0.0227,0.0000
stopwords,bm25,1.2,0.75,36,0.1000,0.5000,0.1667,0.0852,0.0833,0.1667,0.1672
stopwords,bm25,1.2,0.75,37,0.1000,0.1111,0.1053,0.1607,0.0370,0.3333,0.0986
stopwords,bm25,1.2,0.75,38,0.0000,0.0000,0.0000,0.0605,0.0000,0.0714,0.0000
stopwords,bm25,1.2,0.75,39,0.2000,0.1538,0.1739,0.1150,0.0500,0.2500,0.1139
stopwords,bm25,1.2,0.75,40,0.0000,0.0000,0.0000,0.0307,0.0000,0.0476,0.0000
stopwords,bm25,1.2,0.75,41,0.3000,1.0000,0.4615,0.9167,0.9167,1.0000,0.9491
stopwords,bm25,1.2,0.75,42,0.2000,0.4000,0.2667,0.1790,0.1167,0.2500,0.3079
stopwords,bm25,1.2,0.75,43,0.4000,0.6667,0.5000,0.5782,0.5286,1.0000,0.7939
stopwords,bm25,1.2,0.75,44,0.0000,0.0000,0.0000,0.0000,0.0000,0.0000,0.0000
stopwords,bm25,1.2,0.75,45,0.2000,0.1667,0.1818,0.1129,0.0602,0.5000,0.2328
stopwords,bm25,1.2,0.75,46,0.5000,0.3333,0.4000,0.2752,0.1707,0.3333,0.3427
stopwords,bm25,1.2,0.75,47,0.5000,0.3571,0.4167,0.3119,0.1718,0.3333,0.4221
stopwords,bm25,1.2,0.75,48,0.2000,0.1818,0.1905,0.1350,0.1061,0.5000,0.2556
stopwords,bm25,1.2,0.75,49,0.1000,0.5000,0.1667,0.1889,0.1667,0.3333,0.3801
stopwords,bm25,1.2,0.75,50,0.0000,0.0000,0.0000,0.0317,0.0000,0.0909,0.0000
stopwords,bm25,1.2,0.75,51,0.4000,0.4000,0.4000,0.5027,0.3667,1.0000,0.4164
stopwords,bm25,1.2,0.75,52,0.3000,0.7500,0.4286,0.4222,0.3667,0.5000,0.5396
stopwords,bm25,1.2,0.75,53,0.1000,0.1000,0.1000,0.2362,0.1000,1.0000,0.1620
stopwords,bm25,1.2,0.75,54,0.2000,0.2222,0.2105,0.1558,0.0833,0.5000,0.2838
stopwords,bm25,1.2,0.75,55,0.2000,0.2000,0.2000,0.1980,0.0900,0.5000,0.2061
stopwords,bm25,1.2,0.75,56,0.2000,0.2000,0.2000,0.1314,0.0619,0.3333,0.1520
stopwords,bm25,1.2,0.75,57,0.0000,0.0000,0.0000,0.0767,0.0000,0.0667,0.0000
stopwords,bm25,1.2,0.75,58,0.2000,0.2222,0.2105,0.1058,0.0444,0.2000,0.2224
stopwords,bm25,1.2,0.75,59,0.1000,0.2500,0.1429,0.0907,0.0357,0.1429,0.1089
stopwords,bm25,1.2,0.75,60,0.3000,0.6000,0.4000,0.4093,0.3857,1.0000,0.5095
stopwords,bm25,1.2,0.75,61,0.2000,0.4000,0.2667,0.2817,0.2333,0.5000,0.4051
stopwords,bm25,1.2,0.75,62,0.0000,0.0000,0.0000,0.0325,0.0000,0.0714,0.0000
stopwords,bm25,1.2,0.75,63,0.0000,0.0000,0.0000,0.0046,0.0000,0.0047,0.0000
stopwords,bm25,1.2,0.75,64,0.1000,0.5000,0.1667,0.1294,0.1000,0.2000,0.2626
stopwords,bm25,1.2,0.75,65,0.5000,0.3333,0.4000,0.2603,0.1798,0.5000,0.4254
stopwords,bm25,1.2,0.75,66,0.1000,0.2000,0.1333,0.1264,0.0667,0.3333,0.1993
stopwords,bm25,1.2,0.75,67,0.7000,0.5000,0.5833,0.5649,0.4786,1.0000,0.7175
stopwords,bm25,1.2,0.75,68,0.1000,0.2000,0.1333,0.1417,0.1000,0.5000,0.2744
stopwords,bm25,1.2,0.75,69,0.0000,0.0000,0.0000,0.0564,0.0000,0.0833,0.0000
stopwords,bm25,1.2,0.75,70,0.1000,0.1000,0.1000,0.0922,0.0167,0.1667,0.0865
stopwords,bm25,1.2,0.75,71,0.0000,0.0000,0.0000,0.0421,0.0000,0.0625,0.0000
stopwords,bm25,1.2,0.75,72,0.1000,0.0588,0.0741,0.0343,0.0118,0.2000,0.1092
stopwords,bm25,1.2,0.75,73,0.5000,0.2500,0.3333,0.3302,0.2025,1.0000,0.5627
stopwords,bm25,1.2,0.75,74,0.1000,0.1667,0.1250,0.0562,0.0208,0.1250,0.1339
stopwords,bm25,1.2,0.75,75,0.0000,0.0000,0.0000,0.0453,0.0000,0.0556,0.0000
stopwords,bm25,1.2,0.75,76,0.3000,0.4286,0.3529,0.4494,0.3929,1.0000,0.5752
stopwords,bm25,1.2,0.75,77,0.4000,0.6667,0.5000,0.5758,0.5139,1.0000,0.5825
stopwords,bm25,1.2,0.75,78,0.3000,1.0000,0.4615,0.5397,0.5397,1.0000,0.6846
stopwords,bm25,1.2,0.75,79,0.1000,0.2000,0.1333,0.0539,0.0400,0.2000,0.1690
stopwords,bm25,1.2,0.75,80,0.0000,0.0000,0.0000,0.0101,0.0000,0.0095,0.0000
stopwords,bm25,1.2,0.75,81,0.2000,1.0000,0.3333,0.3500,0.3500,0.5000,0.3859
stopwords,bm25,1.2,0.75,82,0.3000,0.6000,0.4000,0.4463,0.4000,1.0000,0.6549
stopwords,bm25,1.2,0.75,83,0.1000,0.2500,0.1429,0.2584,0.2500,1.0000,0.3904
stopwords,bm25,1.2,0.75,84,0.4000,0.3636,0.3810,0.3770,0.3247,1.0000,0.3914
stopwords,bm25,1.2,0.75,85,0.0000,0.0000,0.0000,0.0362,0.0000,0.0833,0.0000
stopwords,bm25,1.2,0.75,86,0.2000,1.0000,0.3333,0.5833,0.5833,0.5000,0.6934
stopwords,bm25,1.2,0.75,87,0.0000,0.0000,0.0000,0.0111,0.0000,0.0061,0.0000
stopwords,bm25,1.2,0.75,88,0.6000,1.0000,0.7500,0.6746,0.6746,0.5000,0.7165
stopwords,bm25,1.2,0.75,89,0.2000,0.3333,0.2500,0.3794,0.2500,1.0000,0.5464
stopwords,bm25,1.2,0.75,90,0.3000,0.2308,0.2609,0.1974,0.1154,0.5000,0.1917
stopwords,bm25,1.2,0.75,91,0.3000,0.3333,0.3158,0.3455,0.2185,1.0000,0.4667
stopwords,bm25,1.2,0.75,92,0.5000,0.3846,0.4348,0.4757,0.3558,1.0000,0.4390
stopwords,bm25,1.2,0.75,93,0.1000,1.0000,0.1818,0.5000,0.5000,0.5000,0.6309
stopwords,bm25,1.2,0.75,94,0.6000,0.5000,0.5455,0.4320,0.3116,0.5000,0.4136
stopwords,bm25,1.2,0.75,95,0.1000,0.5000,0.1667,0.5909,0.5000,1.0000,0.2159
stopwords,bm25,1.2,0.75,96,0.5000,0.3846,0.4348,0.3253,0.1783,0.3333,0.3598
stopwords,bm25,1.2,0.75,97,0.2000,0.2000,0.2000,0.0876,0.0750,0.5000,0.1928
stopwords,bm25,1.2,0.75,98,0.0000,0.0000,0.0000,0.0202,0.0000,0.0476,0.0000
stopwords,bm25,1.2,0.75,99,0.3000,0.7500,0.4286,0.2583,0.2583,0.3333,0.4795
stopwords,bm25,1.2,0.75,100,0.3000,0.3333,0.3158,0.3181,0.2698,1.0000,0.5022
stopwords,bm25,1.2,0.75,101,0.5000,0.8333,0.6250,0.6119,0.5494,1.0000,0.7283
stopwords,bm25,1.2,0.75,102,0.2000,0.5000,0.2857,0.3259,0.3000,1.0000,0.3915
stopwords,bm25,1.2,0.75,103,0.0000,0.0000,0.0000,0.0122,0.0000,0.0244,0.0000
stopwords,bm25,1.2,0.75,104,0.1000,0.2000,0.1333,0.0885,0.0667,0.3333,0.1696
stopwords,bm25,1.2,0.75,105,0.2000,0.4000,0.2667,0.3936,0.3333,1.0000,0.6332
stopwords,bm25,1.2,0.75,106,0.3000,0.6000,0.4000,0.2624,0.2467,0.3333,0.3853
stopwords,bm25,1.2,0.75,107,0.2000,0.2857,0.2353,0.2510,0.1667,0.5000,0.3056
stopwords,bm25,1.2,0.75,108,0.6000,0.8571,0.7059,0.8531,0.7762,1.0000,0.8110
stopwords,bm25,1.2,0.75,109,0.0000,0.0000,0.0000,0.0267,0.0000,0.0526,0.0000
stopwords,bm25,1.2,0.75,110,0.0000,0.0000,0.0000,0.0113,0.0000,0.0122,0.0000
stopwords,bm25,1.2,0.75,111,0.2000,0.2857,0.2353,0.2138,0.0833,0.3333,0.1734
stopwords,bm25,1.2,0.75,112,0.2000,1.0000,0.3333,0.3500,0.3500,0.5000,0.4596
stopwords,bm25,1.2,0.75,113,0.2000,0.5000,0.2857,0.3791,0.3500,1.0000,0.5414
stopwords,bm25,1.2,0.75,114,0.0000,0.0000,0.0000,0.0575,0.0000,0.0714,0.0000
stopwords,bm25,1.2,0.75,115,0.0000,0.0000,0.0000,0.0276,0.0000,0.0227,0.0000
stopwords,bm25,1.2,0.75,116,0.0000,0.0000,0.0000,0.0432,0.0000,0.0714,0.0000
stopwords,bm25,1.2,0.75,117,0.0000,0.0000,0.0000,0.0302,0.0000,0.0385,0.0000
stopwords,bm25,1.2,0.75,118,0.2000,0.6667,0.3077,0.1960,0.1778,0.2000,0.3501
stopwords,bm25,1.2,0.75,119,0.0000,0.0000,0.0000,0.0455,0.0000,0.0455,0.0000
stopwords,bm25,1.2,0.75,120,0.5000,0.5556,0.5263,0.4307,0.3241,0.5000,0.5366
stopwords,bm25,1.2,0.75,121,0.4000,0.5714,0.4706,0.5536,0.3881,0.5000,0.5130
stopwords,bm25,1.2,0.75,122,0.2000,0.2222,0.2105,0.1543,0.0407,0.1667,0.0638
stopwords,bm25,1.2,0.75,123,0.0000,0.0000,0.0000,0.0369,0.0000,0.0250,0.0000
stopwords,bm25,1.2,0.75,124,0.0000,0.0000,0.0000,0.0038,0.0000,0.0055,0.0000
stopwords,bm25,1.2,0.75,125,0.3000,0.1765,0.2222,0.2734,0.1118,1.0000,0.3932
stopwords,bm25,1.2,0.75,126,0.2000,0.2500,0.2222,0.2197,0.2083,1.0000,0.4718
stopwords,bm25,1.2,0.75,127,0.1000,0.2000,0.1333,0.1201,0.0667,0.3333,0.1490
stopwords,bm25,1.2,0.75,128,0.0000,0.0000,0.0000,0.0224,0.0000,0.0370,0.0000
stopwords,bm25,1.2,0.75,129,0.4000,0.5714,0.4706,0.3870,0.3554,0.5000,0.5312
stopwords,bm25,1.2,0.75,130,0.4000,0.8000,0.5333,0.5833,0.5833,1.0000,0.7138
stopwords,bm25,1.2,0.75,131,0.4000,0.5000,0.4444,0.2386,0.1635,0.2000,0.3028
stopwords,bm25,1.2,0.75,132,0.7000,0.4667,0.5600,0.5977,0.3165,0.5000,0.5825
stopwords,bm25,1.2,0.75,133,0.1000,0.1429,0.1176,0.2174,0.0143,0.1000,0.0310
stopwords,bm25,1.2,0.75,134,0.1000,0.5000,0.1667,0.1190,0.0833,0.1667,0.1672
stopwords,bm25,1.2,0.75,135,0.5000,0.6250,0.5556,0.4132,0.2566,0.3333,0.2578
stopwords,bm25,1.2,0.75,136,0.2000,0.6667,0.3077,0.2607,0.2407,0.5000,0.5505
stopwords,bm25,1.2,0.75,137,0.2000,0.5000,0.2857,0.1931,0.1625,0.2500,0.2670
stopwords,bm25,1.2,0.75,138,0.1000,0.5000,0.1667,0.1313,0.1250,0.2500,0.2641
stopwords,bm25,1.2,0.75,139,0.0000,0.0000,0.0000,0.0047,0.0000,0.0033,0.0000
stopwords,bm25,1.2,0.75,140,0.1000,0.1667,0.1250,0.1112,0.0833,0.5000,0.2509
stopwords,bm25,1.2,0.75,141,0.2000,0.3333,0.2500,0.4256,0.3333,1.0000,0.5455
stopwords,bm25,1.2,0.75,142,0.0000,0.0000,0.0000,0.0014,0.0000,0.0014,0.0000
stopwords,bm25,1.2,0.75,143,0.1000,0.5000,0.1667,0.5625,0.5000,1.0000,0.6131
stopwords,bm25,1.2,0.75,144,0.5000,0.8333,0.6250,0.5797,0.5569,0.5000,0.6643
stopwords,bm25,1.2,0.75,145,0.4000,0.5714,0.4706,0.3803,0.3565,1.0000,0.5647
stopwords,bm25,1.2,0.75,146,0.2000,1.0000,0.3333,0.6667,0.6667,1.0000,0.6509
stopwords,bm25,1.2,0.75,147,0.4000,0.4000,0.4000,0.2818,0.2361,0.5000,0.4305
stopwords,bm25,1.2,0.75,148,0.2000,0.3333,0.2500,0.1972,0.1389,0.3333,0.3194
stopwords,bm25,1.2,0.75,149,0.5000,0.4545,0.4762,0.3889,0.2843,1.0000,0.5329
stopwords,bm25,1.2,0.75,150,0.2000,1.0000,0.3333,0.5833,0.5833,0.5000,0.6934
stopwords,bm25,1.2,0.75,151,0.0000,0.0000,0.0000,0.0161,0.0000,0.0185,0.0000
stopwords,bm25,1.2,0.75,152,0.0000,0.0000,0.0000,0.0134,0.0000,0.0333,0.0000
stopwords,bm25,1.2,0.75,153,0.3000,0.4286,0.3529,0.1561,0.1381,0.3333,0.2422
stopwords,bm25,1.2,0.75,154,0.2000,1.0000,0.3333,0.6250,0.6250,1.0000,0.6913
stopwords,bm25,1.2,0.75,155,0.2000,0.3333,0.2500,0.2443,0.2083,1.0000,0.2606
stopwords,bm25,1.2,0.75,156,0.6000,0.4286,0.5000,0.5095,0.3988,1.0000,0.5326
stopwords,bm25,1.2,0.75,157,0.6000,0.1538,0.2449,0.2133,0.1051,0.5000,0.4781
stopwords,bm25,1.2,0.75,158,0.1000,0.1250,0.1111,0.2087,0.1250,1.0000,0.3630
stopwords,bm25,1.2,0.75,159,0.1000,0.1250,0.1111,0.0547,0.0312,0.2500,0.1187
stopwords,bm25,1.2,0.75,160,0.1000,0.2000,0.1333,0.0585,0.0333,0.1667,0.1403
stopwords,bm25,1.2,0.75,161,0.3000,0.5000,0.3750,0.4349,0.4167,1.0000,0.7001
stopwords,bm25,1.2,0.75,162,0.3000,0.3750,0.3333,0.2956,0.2135,1.0000,0.3412
stopwords,bm25,1.2,0.75,163,0.2000,0.6667,0.3077,0.2906,0.2778,0.3333,0.4367
stopwords,bm25,1.2,0.75,164,0.4000,0.5000,0.4444,0.4774,0.4271,1.0000,0.6545
stopwords,bm25,1.2,0.75,165,0.2000,1.0000,0.3333,0.3929,0.3929,0.5000,0.5912
stopwords,bm25,1.2,0.75,166,0.1000,0.1250,0.1111,0.0407,0.0125,0.1000,0.0731
stopwords,bm25,1.2,0.75,167,0.2000,1.0000,0.3333,0.3333,0.3333,0.3333,0.5191
stopwords,bm25,1.2,0.75,168,0.1000,0.5000,0.1667,0.1016,0.1000,0.2000,0.2372
stopwords,bm25,1.2,0.75,169,0.2000,0.5000,0.2857,0.2938,0.2917,0.5000,0.4415
stopwords,bm25,1.2,0.75,170,0.4000,0.6667,0.5000,0.4387,0.4325,1.0000,0.6227
stopwords,bm25,1.2,0.75,171,0.2000,0.6667,0.3077,0.5000,0.4444,1.0000,0.6202
stopwords,bm25,1.2,0.75,172,0.4000,1.0000,0.5714,0.8042,0.8042,1.0000,0.8940
stopwords,bm25,1.2,0.75,173,0.2000,1.0000,0.3333,0.8333,0.8333,1.0000,0.9197
stopwords,bm25,1.2,0.75,174,0.1000,0.2000,0.1333,0.0555,0.0222,0.1111,0.1180
stopwords,bm25,1.2,0.75,175,0.1000,0.2000,0.1333,0.0669,0.0500,0.2500,0.1609
stopwords,bm25,1.2,0.75,176,0.1000,0.1429,0.1176,0.1107,0.0714,0.5000,0.2092
stopwords,bm25,1.2,0.75,177,0.3000,0.6000,0.4000,0.3850,0.2800,0.5000,0.4005
stopwords,bm25,1.2,0.75,178,0.3000,0.7500,0.4286,0.3551,0.3333,0.5000,0.5743
stopwords,bm25,1.2,0.75,179,0.2000,0.5000,0.2857,0.2151,0.2083,0.5000,0.3854
stopwords,bm25,1.2,0.75,180,0.3000,0.4286,0.3529,0.3447,0.2524,0.5000,0.3497
stopwords,bm25,1.2,0.75,181,0.2000,0.4000,0.2667,0.3644,0.3333,1.0000,0.4360
stopwords,bm25,1.2,0.75,182,0.1000,0.5000,0.1667,0.3214,0.2500,0.5000,0.4796
stopwords,bm25,1.2,0.75,183,0.4000,0.3077,0.3478,0.2559,0.2090,0.5000,0.2803
stopwords,bm25,1.2,0.75,184,0.1000,0.1429,0.1176,0.0720,0.0159,0.1111,0.0867
stopwords,bm25,1.2,0.75,185,0.5000,0.5556,0.5263,0.8020,0.5556,1.0000,0.7370
stopwords,bm25,1.2,0.75,186,0.5000,0.3125,0.3846,0.1990,0.1823,0.5000,0.4767
stopwords,bm25,1.2,0.75,187,0.2000,0.3333,0.2500,0.1508,0.1204,0.5000,0.2981
stopwords,bm25,1.2,0.75,188,0.3000,0.2727,0.2857,0.2773,0.1905,1.0000,0.4423
stopwords,bm25,1.2,0.75,189,0.1000,0.1111,0.1053,0.1045,0.0556,0.5000,0.1220
stopwords,bm25,1.2,0.75,190,0.3000,0.6000,0.4000,0.4935,0.4600,1.0000,0.5881
stopwords,bm25,1.2,0.75,191,0.4000,0.3077,0.3478,0.3883,0.1400,0.5000,0.2907
stopwords,bm25,1.2,0.75,192,0.3000,0.7500,0.4286,0.2667,0.2667,0.3333,0.4637
stopwords,bm25,1.2,0.75,193,0.7000,0.7778,0.7368,0.7254,0.6425,1.0000,0.6620
stopwords,bm25,1.2,0.75,194,0.3000,0.5000,0.3750,0.2745,0.1810,0.5000,0.2894
stopwords,bm25,1.2,0.75,195,0.0000,0.0000,0.0000,0.0506,0.0000,0.0769,0.0000
stopwords,bm25,1.2,0.75,196,0.2000,0.1667,0.1818,0.0905,0.0486,0.2500,0.1665
stopwords,bm25,1.2,0.75,197,0.3000,1.0000,0.4615,0.4889,0.4889,0.5000,0.6596
stopwords,bm25,1.2,0.75,198,0.3000,0.7500,0.4286,0.4086,0.4048,1.0000,0.6300
stopwords,bm25,1.2,0.75,199,0.0000,0.0000,0.0000,0.0374,0.0000,0.0455,0.0000
stopwords,bm25,1.2,0.75,200,0.2000,0.6667,0.3077,0.4527,0.4444,1.0000,0.6364
stopwords,bm25,1.2,0.75,201,0.5000,0.3125,0.3846,0.3601,0.2274,1.0000,0.6045
stopwords,bm25,1.2,0.75,202,0.2000,0.1429,0.1667,0.1361,0.0833,0.5000,0.1053
stopwords,bm25,1.2,0.75,203,0.4000,0.2857,0.3333,0.2051,0.1738,0.5000,0.4581
stopwords,bm25,1.2,0.75,204,0.1000,0.0714,0.0833,0.0383,0.0079,0.1111,0.1034
stopwords,bm25,1.2,0.75,205,0.0000,0.0000,0.0000,0.0429,0.0000,0.0625,0.0000
stopwords,bm25,1.2,0.75,206,0.2000,0.6667,0.3077,0.3914,0.3889,0.5000,0.5758
stopwords,bm25,1.2,0.75,207,0.0000,0.0000,0.0000,0.0061,0.0000,0.0046,0.0000
stopwords,bm25,1.2,0.75,208,0.3000,0.5000,0.3750,0.3937,0.2778,0.5000,0.5070
stopwords,bm25,1.2,0.75,209,0.3000,0.2500,0.2727,0.1861,0.1250,0.5000,0.2451
stopwords,bm25,1.2,0.75,210,0.2000,0.3333,0.2500,0.3590,0.2778,1.0000,0.4826
stopwords,bm25,1.2,0.75,211,0.1000,0.0909,0.0952,0.1953,0.0909,1.0000,0.1096
stopwords,bm25,1.2,0.75,212,0.7000,0.5000,0.5833,0.5750,0.4201,1.0000,0.5955
stopwords,bm25,1.2,0.75,213,0.6000,0.5455,0.5714,0.5319,0.4288,1.0000,0.6962
stopwords,bm25,1.2,0.75,214,0.1000,0.2500,0.1429,0.1590,0.1250,0.5000,0.2463
stopwords,bm25,1.2,0.75,215,0.0000,0.0000,0.0000,0.0280,0.0000,0.0333,0.0000
stopwords,bm25,1.2,0.75,216,0.0000,0.0000,0.0000,0.0022,0.0000,0.0022,0.0000
stopwords,bm25,1.2,0.75,217,0.1000,0.0667,0.0800,0.1474,0.0667,1.0000,0.2824
stopwords,bm25,1.2,0.75,218,0.2000,0.1333,0.1600,0.1471,0.0333,0.2500,0.1118
stopwords,bm25,1.2,0.75,219,0.0000,0.0000,0.0000,0.0331,0.0000,0.0256,0.0000
stopwords,bm25,1.2,0.75,220,0.3000,0.1579,0.2069,0.1939,0.0772,0.5000,0.1914
stopwords,bm25,1.2,0.75,221,0.3000,0.1667,0.2143,0.1882,0.1065,0.5000,0.2338
stopwords,bm25,1.2,0.75,222,0.4000,0.4444,0.4211,0.3712,0.3019,0.5000,0.4716
stopwords,bm25,1.2,0.75,223,0.2000,0.5000,0.2857,0.4732,0.3750,1.0000,0.5585
stopwords,bm25,1.2,0.75,224,0.3000,0.3750,0.3333,0.2546,0.1281,0.2500,0.2418
stopwords,bm25,1.2,0.75,225,0.2000,0.0833,0.1176,0.0683,0.0486,0.5000,0.1454
stopwords,bm25,1.2,1,1,0.5000,0.1786,0.2632,0.2226,0.1271,1.0000,0.3787
stopwords,bm25,1.2,1,2,0.3000,0.1250,0.1765,0.1535,0.1083,1.0000,0.5083
stopwords,bm25,1.2,1,3,0.4000,0.5000,0.4444,0.5689,0.4750,1.0000,0.6369
stopwords,bm25,1.2,1,4,0.1000,0.5000,0.1667,0.5769,0.5000,1.0000,0.6131
stopwords,bm25,1.2,1,5,0.1000,0.2500,0.1429,0.1639,0.0625,0.2500,0.2054
stopwords,bm25,1.2,1,6,0.1000,0.2500,0.1429,0.1476,0.1250,0.5000,0.2061
stopwords,bm25,1.2,1,7,0.2000,0.4000,0.2667,0.2523,0.2333,0.5000,0.3474
stopwords,bm25,1.2,1,8,0.1000,0.0909,0.0952,0.1601,0.0909,1.0000,0.2670
stopwords,bm25,1.2,1,9,0.2000,0.6667,0.3077,0.3123,0.3000,0.5000,0.4776
stopwords,bm25,1.2,1,10,0.2000,0.2500,0.2222,0.1655,0.1250,0.5000,0.2678
stopwords,bm25,1.2,1,11,0.1000,0.1429,0.1176,0.1592,0.0714,0.5000,0.1018
stopwords,bm25,1.2,1,12,0.1000,0.2000,0.1333,0.0820,0.0333,0.1667,0.1324
stopwords,bm25,1.2,1,13,0.0000,0.0000,0.0000,0.0000,0.0000,0.0000,0.0000
stopwords,bm25,1.2,1,14,0.1000,0.5000,0.1667,0.1303,0.1000,0.2000,0.3341
stopwords,bm25,1.2,1,15,0.2000,1.0000,0.3333,1.0000,1.0000,1.0000,0.8597
stopwords,bm25,1.2,1,16,0.1000,0.3333,0.1538,0.2288,0.1667,0.5000,0.2398
stopwords,bm25,1.2,1,17,0.1000,0.5000,0.1667,0.2618,0.2500,0.5000,0.4441
stopwords,bm25,1.2,1,18,0.1000,0.3333,0.1538,0.0996,0.0667,0.2000,0.1815
stopwords,bm25,1.2,1,19,0.1000,0.1111,0.1053,0.0280,0.0222,0.2000,0.0772
stopwords,bm25,1.2,1,20,0.4000,0.4444,0.4211,0.3494,0.1958,0.3333,0.3712
stopwords,bm25,1.2,1,21,0.1000,0.2500,0.1429,0.1187,0.0625,0.2500,0.2087
stopwords,bm25,1.2,1,22,0.0000,0.0000,0.0000,0.0000,0.0000,0.0000,0.0000
stopwords,bm25,1.2,1,23,0.1000,0.0312,0.0476,0.1114,0.0312,1.0000,0.2621
stopwords,bm25,1.2,1,24,0.2000,0.6667,0.3077,0.4313,0.4286,1.0000,0.6788
stopwords,bm25,1.2,1,25,0.4000,0.4444,0.4211,0.4536,0.3320,1.0000,0.4762
stopwords,bm25,1.2,1,26,0.2000,0.3333,0.2500,0.1902,0.1389,0.3333,0.3225
stopwords,bm25,1.2,1,27,0.1000,0.3333,0.1538,0.1017,0.0833,0.2500,0.2455
stopwords,bm25,1.2,1,28,0.0000,0.0000,0.0000,0.0009,0.0000,0.0018,0.0000
stopwords,bm25,1.2,1,29,0.4000,0.4444,0.4211,0.4129,0.3413,1.0000,0.4973
stopwords,bm25,1.2,1,30,0.1000,0.1429,0.1176,0.0542,0.0143,0.1000,0.0956
stopwords,bm25,1.2,1,31,0.0000,0.0000,0.0000,0.0000,0.0000,0.0000,0.0000
stopwords,bm25,1.2,1,32,0.0000,0.0000,0.0000,0.0187,0.0000,0.0263,0.0000
stopwords,bm25,1.2,1,33,0.2000,0.6667,0.3077,0.4365,0.3889,0.5000,0.4335
stopwords,bm25,1.2,1,34,0.2000,0.3333,0.2500,0.1901,0.0667,0.2000,0.1570
stopwords,bm25,1.2,1,35,0.0000,0.0000,0.0000,0.0192,0.0000,0.0217,0.0000
stopwords,bm25,1.2,1,36,0.0000,0.0000,0.0000,0.0473,0.0000,0.0909,0.0000
stopwords,bm25,1.2,1,37,0.1000,0.1111,0.1053,0.1830,0.0556,0.5000,0.1244
stopwords,bm25,1.2,1,38,0.0000,0.0000,0.0000,0.0577,0.0000,0.0667,0.0000
stopwords,bm25,1.2,1,39,0.2000,0.1538,0.1739,0.1061,0.0449,0.2500,0.1096
stopwords,bm25,1.2,1,40,0.0000,0.0000,0.0000,0.0273,0.0000,0.0370,0.0000
stopwords,bm25,1.2,1,41,0.3000,1.0000,0.4615,0.9167,0.9167,1.0000,0.9491
stopwords,bm25,1.2,1,42,0.2000,0.4000,0.2667,0.1796,0.1167,0.2500,0.3079
stopwords,bm25,1.2,1,43,0.4000,0.6667,0.5000,0.5739,0.5286,1.0000,0.7939
stopwords,bm25,1.2,1,44,0.0000,0.0000,0.0000,0.0000,0.0000,0.0000,0.0000
stopwords,bm25,1.2,1,45,0.2000,0.1667,0.1818,0.1150,0.0583,0.5000,0.2305
stopwords,bm25,1.2,1,46,0.4000,0.2667,0.3200,0.2137,0.0846,0.2500,0.2413
stopwords,bm25,1.2,1,47,0.6000,0.4286,0.5000,0.3065,0.2063,0.3333,0.4549
stopwords,bm25,1.2,1,48,0.2000,0.1818,0.1905,0.1312,0.1061,0.5000,0.2556
stopwords,bm25,1.2,1,49,0.1000,0.5000,0.1667,0.1961,0.1667,0.3333,0.3801
stopwords,bm25,1.2,1,50,0.1000,0.1667,0.1250,0.0428,0.0238,0.1429,0.1523
stopwords,bm25,1.2,1,51,0.4000,0.4000,0.4000,0.5012,0.3667,1.0000,0.4164
stopwords,bm25,1.2,1,52,0.3000,0.7500,0.4286,0.4292,0.3667,0.5000,0.5396
stopwords,bm25,1.2,1,53,0.2000,0.2000,0.2000,0.2410,0.1250,1.0000,0.2130
stopwords,bm25,1.2,1,54,0.2000,0.2222,0.2105,0.1449,0.0833,0.5000,0.2838
stopwords,bm25,1.2,1,55,0.3000,0.3000,0.3000,0.2117,0.1233,0.5000,0.2334
stopwords,bm25,1.2,1,56,0.2000,0.2000,0.2000,0.1123,0.0486,0.2000,0.1373
stopwords,bm25,1.2,1,57,0.0000,0.0000,0.0000,0.0723,0.0000,0.0714,0.0000
stopwords,bm25,1.2,1,58,0.1000,0.1111,0.1053,0.0994,0.0185,0.1667,0.1367
stopwords,bm25,1.2,1,59,0.1000,0.2500,0.1429,0.0783,0.0278,0.1111,0.0983
stopwords,bm25,1.2,1,60,0.3000,0.6000,0.4000,0.3090,0.2750,0.5000,0.3822
stopwords,bm25,1.2,1,61,0.2000,0.4000,0.2667,0.2474,0.2000,0.5000,0.3857
stopwords,bm25,1.2,1,62,0.0000,0.0000,0.0000,0.0343,0.0000,0.0833,0.0000
stopwords,bm25,1.2,1,63,0.0000,0.0000,0.0000,0.0045,0.0000,0.0046,0.0000
stopwords,bm25,1.2,1,64,0.1000,0.5000,0.1667,0.1294,0.1000,0.2000,0.2626
stopwords,bm25,1.2,1,65,0.5000,0.3333,0.4000,0.3133,0.2321,1.0000,0.5293
stopwords,bm25,1.2,1,66,0.2000,0.4000,0.2667,0.1913,0.1500,0.5000,0.3772
stopwords,bm25,1.2,1,67,0.7000,0.5000,0.5833,0.5973,0.4841,1.0000,0.7765
stopwords,bm25,1.2,1,68,0.1000,0.2000,0.1333,0.1368,0.1000,0.5000,0.2744
stopwords,bm25,1.2,1,69,0.0000,0.0000,0.0000,0.0509,0.0000,0.0556,0.0000
stopwords,bm25,1.2,1,70,0.1000,0.1000,0.1000,0.0841,0.0143,0.1429,0.0809
stopwords,bm25,1.2,1,71,0.0000,0.0000,0.0000,0.0349,0.0000,0.0417,0.0000
stopwords,bm25,1.2,1,72,0.1000,0.0588,0.0741,0.0387,0.0147,0.2500,0.1216
stopwords,bm25,1.2,1,73,0.6000,0.3000,0.4000,0.3239,0.2325,1.0000,0.5993
stopwords,bm25,1.2,1,74,0.0000,0.0000,0.0000,0.0472,0.0000,0.0909,0.0000
stopwords,bm25,1.2,1,75,0.0000,0.0000,0.0000,0.0550,0.0000,0.0909,0.0000
stopwords,bm25,1.2,1,76,0.3000,0.4286,0.3529,0.3720,0.2993,1.0000,0.4678
stopwords,bm25,1.2,1,77,0.4000,0.6667,0.5000,0.6389,0.5361,1.0000,0.6086
stopwords,bm25,1.2,1,78,0.3000,1.0000,0.4615,0.3730,0.3730,0.5000,0.5381
stopwords,bm25,1.2,1,79,0.1000,0.2000,0.1333,0.0839,0.0667,0.3333,0.2184
stopwords,bm25,1.2,1,80,0.0000,0.0000,0.0000,0.0118,0.0000,0.0109,0.0000
stopwords,bm25,1.2,1,81,0.2000,1.0000,0.3333,0.2917,0.2917,0.3333,0.3805
stopwords,bm25,1.2,1,82,0.3000,0.6000,0.4000,0.4603,0.4200,1.0000,0.6671
stopwords,bm25,1.2,1,83,0.1000,0.2500,0.1429,0.2581,0.2500,1.0000,0.3904
stopwords,bm25,1.2,1,84,0.4000,0.3636,0.3810,0.3455,0.2955,1.0000,0.3957
stopwords,bm25,1.2,1,85,0.0000,0.0000,0.0000,0.0317,0.0000,0.0588,0.0000
stopwords,bm25,1.2,1,86,0.2000,1.0000,0.3333,0.5833,0.5833,0.5000,0.6934
stopwords,bm25,1.2,1,87,0.0000,0.0000,0.0000,0.0110,0.0000,0.0058,0.0000
stopwords,bm25,1.2,1,88,0.6000,1.0000,0.7500,0.6746,0.6746,0.5000,0.7165
stopwords,bm25,1.2,1,89,0.2000,0.3333,0.2500,0.3560,0.2222,1.0000,0.5254
stopwords,bm25,1.2,1,90,0.3000,0.2308,0.2609,0.1973,0.1186,0.5000,0.1942
stopwords,bm25,1.2,1,91,0.3000,0.3333,0.3158,0.3097,0.1926,1.0000,0.4434
stopwords,bm25,1.2,1,92,0.5000,0.3846,0.4348,0.4267,0.3077,1.0000,0.4128
stopwords,bm25,1.2,1,93,0.1000,1.0000,0.1818,0.5000,0.5000,0.5000,0.6309
stopwords,bm25,1.2,1,94,0.5000,0.4167,0.4545,0.3997,0.2444,0.5000,0.3726
stopwords,bm25,1.2,1,95,0.1000,0.5000,0.1667,0.5909,0.5000,1.0000,0.2159
stopwords,bm25,1.2,1,96,0.5000,0.3846,0.4348,0.3116,0.1697,0.3333,0.3544
stopwords,bm25,1.2,1,97,0.2000,0.2000,0.2000,0.0673,0.0556,0.3333,0.1590
stopwords,bm25,1.2,1,98,0.0000,0.0000,0.0000,0.0185,0.0000,0.0370,0.0000
stopwords,bm25,1.2,1,99,0.3000,0.7500,0.4286,0.2485,0.2485,0.3333,0.4636
stopwords,bm25,1.2,1,100,0.3000,0.3333,0.3158,0.2504,0.2037,1.0000,0.4421
stopwords,bm25,1.2,1,101,0.5000,0.8333,0.6250,0.6749,0.6161,1.0000,0.7890
stopwords,bm25,1.2,1,102,0.2000,0.5000,0.2857,0.3396,0.3056,1.0000,0.3964
stopwords,bm25,1.2,1,103,0.0000,0.0000,0.0000,0.0076,0.0000,0.0152,0.0000
stopwords,bm25,1.2,1,104,0.1000,0.2000,0.1333,0.0624,0.0333,0.1667,0.1208
stopwords,bm25,1.2,1,105,0.2000,0.4000,0.2667,0.3861,0.3333,1.0000,0.6332
stopwords,bm25,1.2,1,106,0.3000,0.6000,0.4000,0.2286,0.2157,0.2500,0.3714
stopwords,bm25,1.2,1,107,0.2000,0.2857,0.2353,0.2601,0.1667,0.5000,0.3056
stopwords,bm25,1.2,1,108,0.6000,0.8571,0.7059,0.8044,0.7211,1.0000,0.7802
stopwords,bm25,1.2,1,109,0.0000,0.0000,0.0000,0.0268,0.0000,0.0476,0.0000
stopwords,bm25,1.2,1,110,0.0000,0.0000,0.0000,0.0132,0.0000,0.0132,0.0000
stopwords,bm25,1.2,1,111,0.3000,0.4286,0.3529,0.2287,0.1170,0.2000,0.2171
stopwords,bm25,1.2,1,112,0.1000,0.5000,0.1667,0.3333,0.2500,0.5000,0.2398
stopwords,bm25,1.2,1,113,0.2000,0.5000,0.2857,0.4476,0.4167,1.0000,0.5856
stopwords,bm25,1.2,1,114,0.0000,0.0000,0.0000,0.0629,0.0000,0.0833,0.0000
stopwords,bm25,1.2,1,115,0.0000,0.0000,0.0000,0.0261,0.0000,0.0303,0.0000
stopwords,bm25,1.2,1,116,0.0000,0.0000,0.0000,0.0431,0.0000,0.0667,0.0000
stopwords,bm25,1.2,1,117,0.0000,0.0000,0.0000,0.0302,0.0000,0.0385,0.0000
stopwords,bm25,1.2,1,118,0.2000,0.6667,0.3077,0.2056,0.1778,0.2000,0.3560
stopwords,bm25,1.2,1,119,0.0000,0.0000,0.0000,0.0476,0.0000,0.0476,0.0000
stopwords,bm25,1.2,1,120,0.5000,0.5556,0.5263,0.4656,0.3636,0.5000,0.5587
stopwords,bm25,1.2,1,121,0.4000,0.5714,0.4706,0.6262,0.4595,1.0000,0.5816
stopwords,bm25,1.2,1,122,0.3000,0.3333,0.3158,0.1821,0.0807,0.1429,0.1533
stopwords,bm25,1.2,1,123,0.0000,0.0000,0.0000,0.0318,0.0000,0.0244,0.0000
stopwords,bm25,1.2,1,124,0.0000,0.0000,0.0000,0.0039,0.0000,0.0056,0.0000
stopwords,bm25,1.2,1,125,0.4000,0.2353,0.2963,0.2615,0.1279,1.0000,0.4276
stopwords,bm25,1.2,1,126,0.2000,0.2500,0.2222,0.1576,0.1458,0.5000,0.3557
stopwords,bm25,1.2,1,127,0.1000,0.2000,0.1333,0.1095,0.0667,0.3333,0.1490
stopwords,bm25,1.2,1,128,0.0000,0.0000,0.0000,0.0231,0.0000,0.0385,0.0000
stopwords,bm25,1.2,1,129,0.4000,0.5714,0.4706,0.3847,0.3554,0.5000,0.5312
stopwords,bm25,1.2,1,130,0.4000,0.8000,0.5333,0.5533,0.5533,1.0000,0.6947
stopwords,bm25,1.2,1,131,0.4000,0.5000,0.4444,0.2435,0.1586,0.2500,0.3090
stopwords,bm25,1.2,1,132,0.6000,0.4000,0.4800,0.5728,0.2598,0.5000,0.5322
stopwords,bm25,1.2,1,133,0.1000,0.1429,0.1176,0.2091,0.0204,0.1429,0.0357
stopwords,bm25,1.2,1,134,0.1000,0.5000,0.1667,0.0913,0.0556,0.1111,0.1413
stopwords,bm25,1.2,1,135,0.4000,0.5000,0.4444,0.4044,0.2006,0.5000,0.2273
stopwords,bm25,1.2,1,136,0.1000,0.3333,0.1538,0.4032,0.3333,1.0000,0.7796
stopwords,bm25,1.2,1,137,0.2000,0.5000,0.2857,0.1949,0.1625,0.2500,0.2670
stopwords,bm25,1.2,1,138,0.1000,0.5000,0.1667,0.0692,0.0625,0.1250,0.1934
stopwords,bm25,1.2,1,139,0.0000,0.0000,0.0000,0.0050,0.0000,0.0029,0.0000
stopwords,bm25,1.2,1,140,0.1000,0.1667,0.1250,0.1119,0.0833,0.5000,0.2509
stopwords,bm25,1.2,1,141,0.2000,0.3333,0.2500,0.4224,0.3333,1.0000,0.5455
stopwords,bm25,1.2,1,142,0.0000,0.0000,0.0000,0.0015,0.0000,0.0015,0.0000
stopwords,bm25,1.2,1,143,0.1000,0.5000,0.1667,0.5667,0.5000,1.0000,0.6131
stopwords,bm25,1.2,1,144,0.5000,0.8333,0.6250,0.5989,0.5718,0.5000,0.6708
stopwords,bm25,1.2,1,145,0.4000,0.5714,0.4706,0.3878,0.3628,1.0000,0.5685
stopwords,bm25,1.2,1,146,0.2000,1.0000,0.3333,0.7500,0.7500,1.0000,0.7075
stopwords,bm25,1.2,1,147,0.3000,0.3000,0.3000,0.2545,0.1767,0.5000,0.3384
stopwords,bm25,1.2,1,148,0.2000,0.3333,0.2500,0.2246,0.1667,0.5000,0.3644
stopwords,bm25,1.2,1,149,0.5000,0.4545,0.4762,0.4113,0.2994,1.0000,0.5482
stopwords,bm25,1.2,1,150,0.2000,1.0000,0.3333,0.5833,0.5833,0.5000,0.6934
stopwords,bm25,1.2,1,151,0.0000,0.0000,0.0000,0.0167,0.0000,0.0182,0.0000
stopwords,bm25,1.2,1,152,0.0000,0.0000,0.0000,0.0156,0.0000,0.0435,0.0000
stopwords,bm25,1.2,1,153,0.2000,0.2857,0.2353,0.1411,0.0833,0.3333,0.2122
stopwords,bm25,1.2,1,154,0.2000,1.0000,0.3333,0.6250,0.6250,1.0000,0.6913
stopwords,bm25,1.2,1,155,0.2000,0.3333,0.2500,0.2443,0.2083,1.0000,0.2606
stopwords,bm25,1.2,1,156,0.6000,0.4286,0.5000,0.5029,0.3988,1.0000,0.5326
stopwords,bm25,1.2,1,157,0.5000,0.1282,0.2041,0.2125,0.0846,0.5000,0.4272
stopwords,bm25,1.2,1,158,0.2000,0.2500,0.2222,0.2123,0.1500,1.0000,0.4679
stopwords,bm25,1.2,1,159,0.1000,0.1250,0.1111,0.0505,0.0250,0.2000,0.1066
stopwords,bm25,1.2,1,160,0.1000,0.2000,0.1333,0.0584,0.0333,0.1667,0.1403
stopwords,bm25,1.2,1,161,0.3000,0.5000,0.3750,0.4340,0.4167,1.0000,0.7001
stopwords,bm25,1.2,1,162,0.3000,0.3750,0.3333,0.3305,0.2500,1.0000,0.3704
stopwords,bm25,1.2,1,163,0.2000,0.6667,0.3077,0.2909,0.2778,0.3333,0.4367
stopwords,bm25,1.2,1,164,0.4000,0.5000,0.4444,0.4639,0.4152,1.0000,0.6490
stopwords,bm25,1.2,1,165,0.2000,1.0000,0.3333,0.3750,0.3750,0.5000,0.5803
stopwords,bm25,1.2,1,166,0.1000,0.1250,0.1111,0.0401,0.0139,0.1111,0.0761
stopwords,bm25,1.2,1,167,0.2000,1.0000,0.3333,0.2917,0.2917,0.2500,0.4703
stopwords,bm25,1.2,1,168,0.1000,0.5000,0.1667,0.1016,0.1000,0.2000,0.2372
stopwords,bm25,1.2,1,169,0.2000,0.5000,0.2857,0.2522,0.2500,0.5000,0.4144
stopwords,bm25,1.2,1,170,0.4000,0.6667,0.5000,0.4965,0.4881,1.0000,0.6703
stopwords,bm25,1.2,1,171,0.2000,0.6667,0.3077,0.5476,0.5000,1.0000,0.6308
stopwords,bm25,1.2,1,172,0.4000,1.0000,0.5714,0.8042,0.8042,1.0000,0.8940
stopwords,bm25,1.2,1,173,0.2000,1.0000,0.3333,0.8333,0.8333,1.0000,0.9197
stopwords,bm25,1.2,1,174,0.1000,0.2000,0.1333,0.0547,0.0222,0.1111,0.1180
stopwords,bm25,1.2,1,175,0.1000,0.2000,0.1333,0.0589,0.0400,0.2000,0.1446
stopwords,bm25,1.2,1,176,0.1000,0.1429,0.1176,0.1179,0.0714,0.5000,0.2092
stopwords,bm25,1.2,1,177,0.4000,0.8000,0.5333,0.4055,0.3600,0.5000,0.4815
stopwords,bm25,1.2,1,178,0.3000,0.7500,0.4286,0.4626,0.4437,1.0000,0.8103
stopwords,bm25,1.2,1,179,0.2000,0.5000,0.2857,0.2322,0.2250,0.5000,0.3973
stopwords,bm25,1.2,1,180,0.3000,0.4286,0.3529,0.3822,0.2738,0.5000,0.3365
stopwords,bm25,1.2,1,181,0.2000,0.4000,0.2667,0.3647,0.3333,1.0000,0.4360
stopwords,bm25,1.2,1,182,0.1000,0.5000,0.1667,0.3167,0.2500,0.5000,0.4796
stopwords,bm25,1.2,1,183,0.4000,0.3077,0.3478,0.2328,0.1872,0.5000,0.2634
stopwords,bm25,1.2,1,184,0.1000,0.1429,0.1176,0.0791,0.0204,0.1429,0.0960
stopwords,bm25,1.2,1,185,0.6000,0.6667,0.6316,0.8196,0.6296,1.0000,0.7555
stopwords,bm25,1.2,1,186,0.5000,0.3125,0.3846,0.2037,0.1858,0.5000,0.4794
stopwords,bm25,1.2,1,187,0.2000,0.3333,0.2500,0.1551,0.1204,0.5000,0.2981
stopwords,bm25,1.2,1,188,0.3000,0.2727,0.2857,0.3158,0.2208,1.0000,0.4738
stopwords,bm25,1.2,1,189,0.1000,0.1111,0.1053,0.1030,0.0556,0.5000,0.1220
stopwords,bm25,1.2,1,190,0.3000,0.6000,0.4000,0.5120,0.4600,1.0000,0.5881
stopwords,bm25,1.2,1,191,0.4000,0.3077,0.3478,0.4169,0.1333,0.5000,0.2849
stopwords,bm25,1.2,1,192,0.3000,0.7500,0.4286,0.2417,0.2417,0.3333,0.4471
stopwords,bm25,1.2,1,193,0.7000,0.7778,0.7368,0.7059,0.6230,1.0000,0.6561
stopwords,bm25,1.2,1,194,0.3000,0.5000,0.3750,0.2558,0.1750,0.5000,0.2773
stopwords,bm25,1.2,1,195,0.0000,0.0000,0.0000,0.0447,0.0000,0.0588,0.0000
stopwords,bm25,1.2,1,196,0.2000,0.1667,0.1818,0.1210,0.0750,0.5000,0.2216
stopwords,bm25,1.2,1,197,0.3000,1.0000,0.4615,0.5000,0.5000,0.5000,0.6393
stopwords,bm25,1.2,1,198,0.2000,0.5000,0.2857,0.3879,0.3214,1.0000,0.5055
stopwords,bm25,1.2,1,199,0.0000,0.0000,0.0000,0.0414,0.0000,0.0476,0.0000
stopwords,bm25,1.2,1,200,0.2000,0.6667,0.3077,0.2589,0.2500,0.5000,0.4441
stopwords,bm25,1.2,1,201,0.4000,0.2500,0.3077,0.3238,0.1729,1.0000,0.5247
stopwords,bm25,1.2,1,202,0.3000,0.2143,0.2500,0.1321,0.0982,0.5000,0.1282
stopwords,bm25,1.2,1,203,0.4000,0.2857,0.3333,0.2091,0.1777,0.5000,0.4632
stopwords,bm25,1.2,1,204,0.1000,0.0714,0.0833,0.0417,0.0119,0.1667,0.1223
stopwords,bm25,1.2,1,205,0.0000,0.0000,0.0000,0.0358,0.0000,0.0500,0.0000
stopwords,bm25,1.2,1,206,0.2000,0.6667,0.3077,0.3916,0.3889,0.5000,0.5758
stopwords,bm25,1.2,1,207,0.0000,0.0000,0.0000,0.0061,0.0000,0.0046,0.0000
stopwords,bm25,1.2,1,208,0.4000,0.6667,0.5000,0.3866,0.3519,0.5000,0.6096
stopwords,bm25,1.2,1,209,0.3000,0.2500,0.2727,0.1980,0.1333,0.5000,0.2513
stopwords,bm25,1.2,1,210,0.2000,0.3333,0.2500,0.3529,0.2778,1.0000,0.4826
stopwords,bm25,1.2,1,211,0.1000,0.0909,0.0952,0.1956,0.0909,1.0000,0.1096
stopwords,bm25,1.2,1,212,0.7000,0.5000,0.5833,0.5585,0.4082,1.0000,0.5795
stopwords,bm25,1.2,1,213,0.6000,0.5455,0.5714,0.5166,0.4227,1.0000,0.6943
stopwords,bm25,1.2,1,214,0.1000,0.2500,0.1429,0.1634,0.1250,0.5000,0.2463
stopwords,bm25,1.2,1,215,0.0000,0.0000,0.0000,0.0279,0.0000,0.0345,0.0000
stopwords,bm25,1.2,1,216,0.0000,0.0000,0.0000,0.0022,0.0000,0.0022,0.0000
stopwords,bm25,1.2,1,217,0.2000,0.1333,0.1600,0.1164,0.0467,0.5000,0.2394
stopwords,bm25,1.2,1,218,0.2000,0.1333,0.1600,0.1326,0.0300,0.2000,0.1052
stopwords,bm25,1.2,1,219,0.0000,0.0000,0.0000,0.0328,0.0000,0.0222,0.0000
stopwords,bm25,1.2,1,220,0.3000,0.1579,0.2069,0.1806,0.0636,0.5000,0.2098
stopwords,bm25,1.2,1,221,0.3000,0.1667,0.2143,0.1787,0.1065,0.5000,0.2338
stopwords,bm25,1.2,1,222,0.4000,0.4444,0.4211,0.3639,0.3019,0.5000,0.4716
stopwords,bm25,1.2,1,223,0.2000,0.5000,0.2857,0.3833,0.3056,1.0000,0.5079
stopwords,bm25,1.2,1,224,0.2000,0.2500,0.2222,0.2018,0.0565,0.1667,0.1347
stopwords,bm25,1.2,1,225,0.2000,0.0833,0.1176,0.0551,0.0347,0.5000,0.1197
stopwords,bm25,2,0,1,0.5000,0.1786,0.2632,0.1567,0.0868,0.3333,0.2548
stopwords,bm25,2,0,2,0.4000,0.1667,0.2353,0.1644,0.1340,1.0000,0.4873
stopwords,bm25,2,0,3,0.4000,0.5000,0.4444,0.3911,0.3333,1.0000,0.5493
stopwords,bm25,2,0,4,0.1000,0.5000,0.1667,0.5625,0.5000,1.0000,0.6131
stopwords,bm25,2,0,5,0.2000,0.5000,0.2857,0.2199,0.1548,0.3333,0.3180
stopwords,bm25,2,0,6,0.1000,0.2500,0.1429,0.1538,0.1250,0.5000,0.2061
stopwords,bm25,2,0,7,0.2000,0.4000,0.2667,0.1818,0.1667,0.3333,0.2859
stopwords,bm25,2,0,8,0.2000,0.1818,0.1905,0.1668,0.1136,1.0000,0.3091
stopwords,bm25,2,0,9,0.2000,0.6667,0.3077,0.1426,0.1333,0.2000,0.3172
stopwords,bm25,2,0,10,0.1000,0.1250,0.1111,0.0974,0.0625,0.5000,0.1323
stopwords,bm25,2,0,11,0.2000,0.2857,0.2353,0.1554,0.0929,0.2500,0.1943
stopwords,bm25,2,0,12,0.0000,0.0000,0.0000,0.0332,0.0000,0.0238,0.0000
stopwords,bm25,2,0,13,0.0000,0.0000,0.0000,0.0000,0.0000,0.0000,0.0000
stopwords,bm25,2,0,14,0.1000,0.5000,0.1667,0.1104,0.0833,0.1667,0.3077
stopwords,bm25,2,0,15,0.2000,1.0000,0.3333,0.8333,0.8333,1.0000,0.7602
stopwords,bm25,2,0,16,0.2000,0.6667,0.3077,0.1619,0.1333,0.2000,0.3118
stopwords,bm25,2,0,17,0.0000,0.0000,0.0000,0.0429,0.0000,0.0625,0.0000
stopwords,bm25,2,0,18,0.1000,0.3333,0.1538,0.1937,0.1667,0.5000,0.2961
stopwords,bm25,2,0,19,0.0000,0.0000,0.0000,0.0079,0.0000,0.0323,0.0000
stopwords,bm25,2,0,20,0.2000,0.2222,0.2105,0.2163,0.0802,0.5000,0.2191
stopwords,bm25,2,0,21,0.0000,0.0000,0.0000,0.0508,0.0000,0.0556,0.0000
stopwords,bm25,2,0,22,0.0000,0.0000,0.0000,0.0000,0.0000,0.0000,0.0000
stopwords,bm25,2,0,23,0.1000,0.0312,0.0476,0.1100,0.0312,1.0000,0.2621
stopwords,bm25,2,0,24,0.2000,0.6667,0.3077,0.2441,0.2407,0.5000,0.4745
stopwords,bm25,2,0,25,0.5000,0.5556,0.5263,0.5229,0.4043,1.0000,0.5443
stopwords,bm25,2,0,26,0.2000,0.3333,0.2500,0.1852,0.1500,0.5000,0.3526
stopwords,bm25,2,0,27,0.0000,0.0000,0.0000,0.0355,0.0000,0.0588,0.0000
stopwords,bm25,2,0,28,0.0000,0.0000,0.0000,0.0007,0.0000,0.0014,0.0000
stopwords,bm25,2,0,29,0.3000,0.3333,0.3158,0.2300,0.1402,0.3333,0.2237
stopwords,bm25,2,0,30,0.1000,0.1429,0.1176,0.0686,0.0238,0.1667,0.1178
stopwords,bm25,2,0,31,0.0000,0.0000,0.0000,0.0000,0.0000,0.0000,0.0000
stopwords,bm25,2,0,32,0.0000,0.0000,0.0000,0.0148,0.0000,0.0077,0.0000
stopwords,bm25,2,0,33,0.3000,1.0000,0.4615,0.6429,0.6429,1.0000,0.8234
stopwords,bm25,2,0,34,0.3000,0.5000,0.3750,0.2669,0.2222,0.3333,0.3817
stopwords,bm25,2,0,35,0.0000,0.0000,0.0000,0.0244,0.0000,0.0333,0.0000
stopwords,bm25,2,0,36,0.1000,0.5000,0.1667,0.1017,0.1000,0.2000,0.1815
stopwords,bm25,2,0,37,0.2000,0.2222,0.2105,0.1527,0.0432,0.1667,0.1648
stopwords,bm25,2,0,38,0.1000,0.1000,0.1000,0.0575,0.0125,0.1250,0.0520
stopwords,bm25,2,0,39,0.2000,0.1538,0.1739,0.0966,0.0449,0.2500,0.1696
stopwords,bm25,2,0,40,0.1000,0.0833,0.0909,0.0470,0.0119,0.1429,0.0524
stopwords,bm25,2,0,41,0.3000,1.0000,0.4615,0.8667,0.8667,1.0000,0.9273
stopwords,bm25,2,0,42,0.3000,0.6000,0.4000,0.1720,0.1655,0.1667,0.3635
stopwords,bm25,2,0,43,0.3000,0.5000,0.3750,0.4404,0.3278,1.0000,0.6051
stopwords,bm25,2,0,44,0.0000,0.0000,0.0000,0.0000,0.0000,0.0000,0.0000
stopwords,bm25,2,0,45,0.2000,0.1667,0.1818,0.0885,0.0463,0.3333,0.1961
stopwords,bm25,2,0,46,0.6000,0.4000,0.4800,0.4220,0.3454,1.0000,0.5723
stopwords,bm25,2,0,47,0.3000,0.2143,0.2500,0.2618,0.0723,0.2500,0.2379
stopwords,bm25,2,0,48,0.3000,0.2727,0.2857,0.2375,0.1905,1.0000,0.4144
stopwords,bm25,2,0,49,0.0000,0.0000,0.0000,0.0562,0.0000,0.0909,0.0000
stopwords,bm25,2,0,50,0.0000,0.0000,0.0000,0.0137,0.0000,0.0141,0.0000
stopwords,bm25,2,0,51,0.3000,0.3000,0.3000,0.3439,0.2100,1.0000,0.4092
stopwords,bm25,2,0,52,0.1000,0.2500,0.1429,0.1706,0.0833,0.3333,0.2198
stopwords,bm25,2,0,53,0.2000,0.2000,0.2000,0.2232,0.1333,1.0000,0.2773
stopwords,bm25,2,0,54,0.2000,0.2222,0.2105,0.1943,0.1000,0.5000,0.2999
stopwords,bm25,2,0,55,0.1000,0.1000,0.1000,0.1330,0.0250,0.2500,0.1168
stopwords,bm25,2,0,56,0.3000,0.3000,0.3000,0.1625,0.1233,0.5000,0.2223
stopwords,bm25,2,0,57,0.1000,0.0714,0.0833,0.0922,0.0071,0.1000,0.0357
stopwords,bm25,2,0,58,0.1000,0.1111,0.1053,0.0851,0.0370,0.3333,0.1919
stopwords,bm25,2,0,59,0.0000,0.0000,0.0000,0.0449,0.0000,0.0667,0.0000
stopwords,bm25,2,0,60,0.3000,0.6000,0.4000,0.3633,0.3524,1.0000,0.5010
stopwords,bm25,2,0,61,0.2000,0.4000,0.2667,0.4457,0.4000,1.0000,0.5451
stopwords,bm25,2,0,62,0.0000,0.0000,0.0000,0.0302,0.0000,0.0556,0.0000
stopwords,bm25,2,0,63,0.0000,0.0000,0.0000,0.0050,0.0000,0.0051,0.0000
stopwords,bm25,2,0,64,0.0000,0.0000,0.0000,0.0537,0.0000,0.0667,0.0000
stopwords,bm25,2,0,65,0.0000,0.0000,0.0000,0.1012,0.0000,0.0769,0.0000
stopwords,bm25,2,0,66,0.0000,0.0000,0.0000,0.0503,0.0000,0.0476,0.0000
stopwords,bm25,2,0,67,0.2000,0.1429,0.1667,0.1857,0.0536,0.5000,0.2110
stopwords,bm25,2,0,68,0.1000,0.2000,0.1333,0.1487,0.1000,0.5000,0.2744
stopwords,bm25,2,0,69,0.1000,0.2000,0.1333,0.0744,0.0250,0.1250,0.1325
stopwords,bm25,2,0,70,0.2000,0.2000,0.2000,0.1058,0.0450,0.2500,0.1513
stopwords,bm25,2,0,71,0.1000,0.1250,0.1111,0.0693,0.0208,0.1667,0.1160
stopwords,bm25,2,0,72,0.0000,0.0000,0.0000,0.0225,0.0000,0.0357,0.0000
stopwords,bm25,2,0,73,0.5000,0.2500,0.3333,0.3219,0.1807,1.0000,0.6153
stopwords,bm25,2,0,74,0.1000,0.1667,0.1250,0.2075,0.1667,1.0000,0.4245
stopwords,bm25,2,0,75,0.0000,0.0000,0.0000,0.0210,0.0000,0.0217,0.0000
stopwords,bm25,2,0,76,0.3000,0.4286,0.3529,0.2936,0.2381,0.5000,0.4048
stopwords,bm25,2,0,77,0.3000,0.5000,0.3750,0.4260,0.3492,1.0000,0.3398
stopwords,bm25,2,0,78,0.2000,0.6667,0.3077,0.5500,0.4667,1.0000,0.6007
stopwords,bm25,2,0,79,0.1000,0.2000,0.1333,0.0331,0.0222,0.1111,0.1315
stopwords,bm25,2,0,80,0.0000,0.0000,0.0000,0.0077,0.0000,0.0082,0.0000
stopwords,bm25,2,0,81,0.1000,0.5000,0.1667,0.5263,0.5000,1.0000,0.2159
stopwords,bm25,2,0,82,0.2000,0.4000,0.2667,0.3413,0.2667,1.0000,0.4932
stopwords,bm25,2,0,83,0.1000,0.2500,0.1429,0.0591,0.0500,0.2000,0.1510
stopwords,bm25,2,0,84,0.2000,0.1818,0.1905,0.2523,0.1515,1.0000,0.1975
stopwords,bm25,2,0,85,0.1000,0.2500,0.1429,0.0370,0.0250,0.1000,0.0746
stopwords,bm25,2,0,86,0.2000,1.0000,0.3333,0.5833,0.5833,0.5000,0.6934
stopwords,bm25,2,0,87,0.0000,0.0000,0.0000,0.0110,0.0000,0.0066,0.0000
stopwords,bm25,2,0,88,0.6000,1.0000,0.7500,0.5653,0.5653,0.3333,0.6421
stopwords,bm25,2,0,89,0.3000,0.5000,0.3750,0.2438,0.1778,0.3333,0.4335
stopwords,bm25,2,0,90,0.3000,0.2308,0.2609,0.2006,0.1022,0.5000,0.2274
stopwords,bm25,2,0,91,0.3000,0.3333,0.3158,0.3396,0.2143,1.0000,0.4927
stopwords,bm25,2,0,92,0.5000,0.3846,0.4348,0.4538,0.3718,1.0000,0.4432
stopwords,bm25,2,0,93,0.1000,1.0000,0.1818,0.5000,0.5000,0.5000,0.6309
stopwords,bm25,2,0,94,0.6000,0.5000,0.5455,0.4679,0.3394,1.0000,0.4663
stopwords,bm25,2,0,95,0.1000,0.5000,0.1667,0.5588,0.5000,1.0000,0.2159
stopwords,bm25,2,0,96,0.6000,0.4615,0.5217,0.4066,0.2870,0.5000,0.5054
stopwords,bm25,2,0,97,0.2000,0.2000,0.2000,0.1431,0.1286,1.0000,0.2852
stopwords,bm25,2,0,98,0.0000,0.0000,0.0000,0.0267,0.0000,0.0909,0.0000
stopwords,bm25,2,0,99,0.2000,0.5000,0.2857,0.4050,0.3750,1.0000,0.6355
stopwords,bm25,2,0,100,0.3000,0.3333,0.3158,0.3351,0.2778,1.0000,0.5063
stopwords,bm25,2,0,101,0.5000,0.8333,0.6250,0.5000,0.4444,0.5000,0.5766
stopwords,bm25,2,0,102,0.1000,0.2500,0.1429,0.2811,0.2500,1.0000,0.2731
stopwords,bm25,2,0,103,0.0000,0.0000,0.0000,0.0200,0.0000,0.0400,0.0000
stopwords,bm25,2,0,104,0.1000,0.2000,0.1333,0.0785,0.0667,0.3333,0.1696
stopwords,bm25,2,0,105,0.3000,0.6000,0.4000,0.3424,0.3190,0.5000,0.5306
stopwords,bm25,2,0,106,0.2000,0.4000,0.2667,0.1688,0.1071,0.2500,0.1805
stopwords,bm25,2,0,107,0.1000,0.1429,0.1176,0.1254,0.0357,0.2500,0.1650
stopwords,bm25,2,0,108,0.5000,0.7143,0.5882,0.7610,0.6607,1.0000,0.7306
stopwords,bm25,2,0,109,0.0000,0.0000,0.0000,0.0223,0.0000,0.0476,0.0000
stopwords,bm25,2,0,110,0.0000,0.0000,0.0000,0.0080,0.0000,0.0101,0.0000
stopwords,bm25,2,0,111,0.1000,0.1429,0.1176,0.1550,0.0476,0.3333,0.1063
stopwords,bm25,2,0,112,0.2000,1.0000,0.3333,0.4167,0.4167,0.5000,0.5106
stopwords,bm25,2,0,113,0.1000,0.2500,0.1429,0.1613,0.1250,0.5000,0.2463
stopwords,bm25,2,0,114,0.0000,0.0000,0.0000,0.0456,0.0000,0.0625,0.0000
stopwords,bm25,2,0,115,0.0000,0.0000,0.0000,0.0275,0.0000,0.0370,0.0000
stopwords,bm25,2,0,116,0.0000,0.0000,0.0000,0.0496,0.0000,0.0714,0.0000
stopwords,bm25,2,0,117,0.0000,0.0000,0.0000,0.0224,0.0000,0.0263,0.0000
stopwords,bm25,2,0,118,0.1000,0.3333,0.1538,0.1353,0.0667,0.2000,0.1470
stopwords,bm25,2,0,119,0.0000,0.0000,0.0000,0.0556,0.0000,0.0556,0.0000
stopwords,bm25,2,0,120,0.3000,0.3333,0.3158,0.2987,0.1417,0.5000,0.3128
stopwords,bm25,2,0,121,0.4000,0.5714,0.4706,0.5695,0.4184,1.0000,0.6179
stopwords,bm25,2,0,122,0.1000,0.1111,0.1053,0.0829,0.0222,0.2000,0.0382
stopwords,bm25,2,0,123,0.0000,0.0000,0.0000,0.0365,0.0000,0.0345,0.0000
stopwords,bm25,2,0,124,0.0000,0.0000,0.0000,0.0035,0.0000,0.0046,0.0000
stopwords,bm25,2,0,125,0.3000,0.1765,0.2222,0.2501,0.0782,0.5000,0.2959
stopwords,bm25,2,0,126,0.2000,0.2500,0.2222,0.2595,0.2500,1.0000,0.5130
stopwords,bm25,2,0,127,0.3000,0.6000,0.4000,0.1948,0.1821,0.2500,0.4184
stopwords,bm25,2,0,128,0.0000,0.0000,0.0000,0.0265,0.0000,0.0435,0.0000
stopwords,bm25,2,0,129,0.4000,0.5714,0.4706,0.3704,0.3452,0.5000,0.5330
stopwords,bm25,2,0,130,0.4000,0.8000,0.5333,0.6167,0.6167,1.0000,0.7357
stopwords,bm25,2,0,131,0.2000,0.2500,0.2222,0.1878,0.0667,0.2000,0.1611
stopwords,bm25,2,0,132,0.6000,0.4000,0.4800,0.6720,0.3421,1.0000,0.5186
stopwords,bm25,2,0,133,0.3000,0.4286,0.3529,0.2189,0.1024,0.1667,0.1987
stopwords,bm25,2,0,134,0.1000,0.5000,0.1667,0.1233,0.1000,0.2000,0.1815
stopwords,bm25,2,0,135,0.3000,0.3750,0.3333,0.4076,0.1661,0.5000,0.1943
stopwords,bm25,2,0,136,0.2000,0.6667,0.3077,0.1514,0.1389,0.1667,0.3392
stopwords,bm25,2,0,137,0.2000,0.5000,0.2857,0.2190,0.1964,0.5000,0.3150
stopwords,bm25,2,0,138,0.1000,0.5000,0.1667,0.1715,0.1667,0.3333,0.3066
stopwords,bm25,2,0,139,0.0000,0.0000,0.0000,0.0043,0.0000,0.0042,0.0000
stopwords,bm25,2,0,140,0.1000,0.1667,0.1250,0.1101,0.0833,0.5000,0.2509
stopwords,bm25,2,0,141,0.2000,0.3333,0.2500,0.2477,0.1667,0.5000,0.3347
stopwords,bm25,2,0,142,0.0000,0.0000,0.0000,0.0013,0.0000,0.0013,0.0000
stopwords,bm25,2,0,143,0.1000,0.5000,0.1667,0.5625,0.5000,1.0000,0.6131
stopwords,bm25,2,0,144,0.4000,0.6667,0.5000,0.5075,0.4352,1.0000,0.5601
stopwords,bm25,2,0,145,0.3000,0.4286,0.3529,0.2431,0.1762,0.5000,0.3756
stopwords,bm25,2,0,146,0.2000,1.0000,0.3333,0.2500,0.2500,0.2500,0.4035
stopwords,bm25,2,0,147,0.4000,0.4000,0.4000,0.2505,0.1971,0.5000,0.4041
stopwords,bm25,2,0,148,0.2000,0.3333,0.2500,0.1525,0.0810,0.2000,0.2472
stopwords,bm25,2,0,149,0.3000,0.2727,0.2857,0.2149,0.1061,0.5000,0.2835
stopwords,bm25,2,0,150,0.2000,1.0000,0.3333,1.0000,1.0000,1.0000,1.0000
stopwords,bm25,2,0,151,0.0000,0.0000,0.0000,0.0139,0.0000,0.0222,0.0000
stopwords,bm25,2,0,152,0.0000,0.0000,0.0000,0.0089,0.0000,0.0092,0.0000
stopwords,bm25,2,0,153,0.1000,0.1429,0.1176,0.1135,0.0476,0.3333,0.0807
stopwords,bm25,2,0,154,0.2000,1.0000,0.3333,0.6667,0.6667,1.0000,0.7200
stopwords,bm25,2,0,155,0.1000,0.1667,0.1250,0.1524,0.0833,0.5000,0.1420
stopwords,bm25,2,0,156,0.7000,0.5000,0.5833,0.5432,0.4544,1.0000,0.6068
stopwords,bm25,2,0,157,0.4000,0.1026,0.1633,0.1890,0.0788,1.0000,0.4129
stopwords,bm25,2,0,158,0.1000,0.1250,0.1111,0.1864,0.1250,1.0000,0.3630
stopwords,bm25,2,0,159,0.1000,0.1250,0.1111,0.0395,0.0156,0.1250,0.0869
stopwords,bm25,2,0,160,0.1000,0.2000,0.1333,0.1244,0.1000,0.5000,0.2484
stopwords,bm25,2,0,161,0.2000,0.3333,0.2500,0.3901,0.3333,1.0000,0.6526
stopwords,bm25,2,0,162,0.2000,0.2500,0.2222,0.1371,0.0521,0.1667,0.1234
stopwords,bm25,2,0,163,0.2000,0.6667,0.3077,0.3421,0.3333,0.5000,0.4982
stopwords,bm25,2,0,164,0.4000,0.5000,0.4444,0.5231,0.4464,1.0000,0.7179
stopwords,bm25,2,0,165,0.2000,1.0000,0.3333,0.2262,0.2262,0.1667,0.4228
stopwords,bm25,2,0,166,0.1000,0.1250,0.1111,0.0471,0.0179,0.1429,0.0843
stopwords,bm25,2,0,167,0.2000,1.0000,0.3333,0.3250,0.3250,0.2500,0.4744
stopwords,bm25,2,0,168,0.1000,0.5000,0.1667,0.0569,0.0556,0.1111,0.1846
stopwords,bm25,2,0,169,0.2000,0.5000,0.2857,0.5021,0.5000,1.0000,0.6367
stopwords,bm25,2,0,170,0.2000,0.3333,0.2500,0.2013,0.1167,0.5000,0.2584
stopwords,bm25,2,0,171,0.1000,0.3333,0.1538,0.4603,0.3333,1.0000,0.5695
stopwords,bm25,2,0,172,0.4000,1.0000,0.5714,0.6458,0.6458,0.5000,0.6794
stopwords,bm25,2,0,173,0.2000,1.0000,0.3333,0.7500,0.7500,1.0000,0.8772
stopwords,bm25,2,0,174,0.0000,0.0000,0.0000,0.0457,0.0000,0.0769,0.0000
stopwords,bm25,2,0,175,0.1000,0.2000,0.1333,0.0302,0.0200,0.1000,0.1080
stopwords,bm25,2,0,176,0.1000,0.1429,0.1176,0.0415,0.0204,0.1429,0.1105
stopwords,bm25,2,0,177,0.3000,0.6000,0.4000,0.4280,0.3657,1.0000,0.6293
stopwords,bm25,2,0,178,0.2000,0.5000,0.2857,0.2691,0.1667,0.3333,0.3108
stopwords,bm25,2,0,179,0.1000,0.2500,0.1429,0.1103,0.0625,0.2500,0.1681
stopwords,bm25,2,0,180,0.2000,0.2857,0.2353,0.2667,0.1667,0.5000,0.3324
stopwords,bm25,2,0,181,0.1000,0.2000,0.1333,0.2588,0.2000,1.0000,0.2491
stopwords,bm25,2,0,182,0.1000,0.5000,0.1667,0.3269,0.2500,0.5000,0.4796
stopwords,bm25,2,0,183,0.4000,0.3077,0.3478,0.2468,0.1880,1.0000,0.3229
stopwords,bm25,2,0,184,0.1000,0.1429,0.1176,0.0640,0.0143,0.1000,0.0833
stopwords,bm25,2,0,185,0.7000,0.7778,0.7368,0.7766,0.6757,1.0000,0.8462
stopwords,bm25,2,0,186,0.5000,0.3125,0.3846,0.1700,0.1538,0.3333,0.4229
stopwords,bm25,2,0,187,0.1000,0.1667,0.1250,0.1211,0.0833,0.5000,0.2018
stopwords,bm25,2,0,188,0.2000,0.1818,0.1905,0.1995,0.1061,0.5000,0.2728
stopwords,bm25,2,0,189,0.1000,0.1111,0.1053,0.0844,0.0370,0.3333,0.0967
stopwords,bm25,2,0,190,0.2000,0.4000,0.2667,0.2376,0.1667,0.5000,0.2782
stopwords,bm25,2,0,191,0.5000,0.3846,0.4348,0.3201,0.1464,0.2500,0.2968
stopwords,bm25,2,0,192,0.2000,0.5000,0.2857,0.3125,0.2500,0.5000,0.4144
stopwords,bm25,2,0,193,0.6000,0.6667,0.6316,0.7303,0.5823,1.0000,0.6650
stopwords,bm25,2,0,194,0.3000,0.5000,0.3750,0.4040,0.3194,0.5000,0.4599
stopwords,bm25,2,0,195,0.1000,0.3333,0.1538,0.1080,0.0833,0.2500,0.2021
stopwords,bm25,2,0,196,0.1000,0.0833,0.0909,0.0434,0.0093,0.1111,0.0500
stopwords,bm25,2,0,197,0.2000,0.6667,0.3077,0.6465,0.5556,1.0000,0.7602
stopwords,bm25,2,0,198,0.2000,0.5000,0.2857,0.3702,0.3125,1.0000,0.5005
stopwords,bm25,2,0,199,0.0000,0.0000,0.0000,0.0247,0.0000,0.0286,0.0000
stopwords,bm25,2,0,200,0.2000,0.6667,0.3077,0.4731,0.4667,1.0000,0.6508
stopwords,bm25,2,0,201,0.4000,0.2500,0.3077,0.3340,0.1938,1.0000,0.5539
stopwords,bm25,2,0,202,0.2000,0.1429,0.1667,0.1428,0.1071,1.0000,0.1332
stopwords,bm25,2,0,203,0.3000,0.2143,0.2500,0.1541,0.1139,0.5000,0.3579
stopwords,bm25,2,0,204,0.1000,0.0714,0.0833,0.0365,0.0079,0.1111,0.1034
stopwords,bm25,2,0,205,0.0000,0.0000,0.0000,0.0613,0.0000,0.0909,0.0000
stopwords,bm25,2,0,206,0.2000,0.6667,0.3077,0.2463,0.2444,0.3333,0.4515
stopwords,bm25,2,0,207,0.0000,0.0000,0.0000,0.0061,0.0000,0.0060,0.0000
stopwords,bm25,2,0,208,0.3000,0.5000,0.3750,0.3622,0.2659,0.5000,0.4992
stopwords,bm25,2,0,209,0.2000,0.1667,0.1818,0.1090,0.0463,0.3333,0.1326
stopwords,bm25,2,0,210,0.1000,0.1667,0.1250,0.2749,0.1667,1.0000,0.2757
stopwords,bm25,2,0,211,0.1000,0.0909,0.0952,0.1398,0.0455,0.5000,0.0692
stopwords,bm25,2,0,212,0.5000,0.3571,0.4167,0.5468,0.3224,1.0000,0.5858
stopwords,bm25,2,0,213,0.6000,0.5455,0.5714,0.5532,0.4530,1.0000,0.7119
stopwords,bm25,2,0,214,0.1000,0.2500,0.1429,0.0829,0.0625,0.2500,0.1681
stopwords,bm25,2,0,215,0.0000,0.0000,0.0000,0.0246,0.0000,0.0294,0.0000
stopwords,bm25,2,0,216,0.0000,0.0000,0.0000,0.0029,0.0000,0.0029,0.0000
stopwords,bm25,2,0,217,0.2000,0.1333,0.1600,0.1162,0.0556,0.3333,0.2020
stopwords,bm25,2,0,218,0.4000,0.2667,0.3200,0.2205,0.1222,0.3333,0.2873
stopwords,bm25,2,0,219,0.0000,0.0000,0.0000,0.0346,0.0000,0.0312,0.0000
stopwords,bm25,2,0,220,0.3000,0.1579,0.2069,0.1747,0.0772,0.5000,0.1914
stopwords,bm25,2,0,221,0.4000,0.2222,0.2857,0.2342,0.1481,1.0000,0.3434
stopwords,bm25,2,0,222,0.4000,0.4444,0.4211,0.3178,0.2190,0.5000,0.4204
stopwords,bm25,2,0,223,0.3000,0.7500,0.4286,0.6548,0.5833,1.0000,0.7542
stopwords,bm25,2,0,224,0.3000,0.3750,0.3333,0.3551,0.2375,1.0000,0.4083
stopwords,bm25,2,0,225,0.2000,0.0833,0.1176,0.0669,0.0486,0.5000,0.1454
stopwords,bm25,2,0.75,1,0.4000,0.1429,0.2105,0.2165,0.1048,1.0000,0.3044
stopwords,bm25,2,0.75,2,0.4000,0.1667,0.2353,0.1755,0.1417,1.0000,0.5442
stopwords,bm25,2,0.75,3,0.4000,0.5000,0.4444,0.6097,0.5000,1.0000,0.6479
stopwords,bm25,2,0.75,4,0.1000,0.5000,0.1667,0.5909,0.5000,1.0000,0.6131
stopwords,bm25,2,0.75,5,0.1000,0.2500,0.1429,0.1574,0.0625,0.2500,0.2054
stopwords,bm25,2,0.75,6,0.1000,0.2500,0.1429,0.1514,0.1250,0.5000,0.2061
stopwords,bm25,2,0.75,7,0.2000,0.4000,0.2667,0.2519,0.2333,0.5000,0.3474
stopwords,bm25,2,0.75,8,0.1000,0.0909,0.0952,0.1691,0.0909,1.0000,0.2670
stopwords,bm25,2,0.75,9,0.2000,0.6667,0.3077,0.2893,0.2778,0.5000,0.4632
stopwords,bm25,2,0.75,10,0.2000,0.2500,0.2222,0.1515,0.1125,0.5000,0.2540
stopwords,bm25,2,0.75,11,0.1000,0.1429,0.1176,0.1629,0.0714,0.5000,0.1018
stopwords,bm25,2,0.75,12,0.0000,0.0000,0.0000,0.0652,0.0000,0.0833,0.0000
stopwords,bm25,2,0.75,13,0.0000,0.0000,0.0000,0.0000,0.0000,0.0000,0.0000
stopwords,bm25,2,0.75,14,0.1000,0.5000,0.1667,0.1650,0.1250,0.2500,0.3720
stopwords,bm25,2,0.75,15,0.2000,1.0000,0.3333,1.0000,1.0000,1.0000,0.8597
stopwords,bm25,2,0.75,16,0.1000,0.3333,0.1538,0.2414,0.1667,0.5000,0.2398
stopwords,bm25,2,0.75,17,0.1000,0.5000,0.1667,0.2633,0.2500,0.5000,0.4441
stopwords,bm25,2,0.75,18,0.1000,0.3333,0.1538,0.0969,0.0667,0.2000,0.1815
stopwords,bm25,2,0.75,19,0.1000,0.1111,0.1053,0.0235,0.0185,0.1667,0.0711
stopwords,bm25,2,0.75,20,0.5000,0.5556,0.5263,0.3423,0.2340,0.3333,0.4255
stopwords,bm25,2,0.75,21,0.1000,0.2500,0.1429,0.1315,0.0625,0.2500,0.2087
stopwords,bm25,2,0.75,22,0.0000,0.0000,0.0000,0.0000,0.0000,0.0000,0.0000
stopwords,bm25,2,0.75,23,0.1000,0.0312,0.0476,0.1141,0.0312,1.0000,0.2621
stopwords,bm25,2,0.75,24,0.2000,0.6667,0.3077,0.4313,0.4286,1.0000,0.6788
stopwords,bm25,2,0.75,25,0.5000,0.5556,0.5263,0.5079,0.4308,1.0000,0.5670
stopwords,bm25,2,0.75,26,0.2000,0.3333,0.2500,0.2196,0.1667,0.5000,0.3678
stopwords,bm25,2,0.75,27,0.1000,0.3333,0.1538,0.1009,0.0833,0.2500,0.2455
stopwords,bm25,2,0.75,28,0.0000,0.0000,0.0000,0.0008,0.0000,0.0017,0.0000
stopwords,bm25,2,0.75,29,0.4000,0.4444,0.4211,0.3941,0.3254,1.0000,0.4887
stopwords,bm25,2,0.75,30,0.1000,0.1429,0.1176,0.0564,0.0159,0.1111,0.0995
stopwords,bm25,2,0.75,31,0.0000,0.0000,0.0000,0.0000,0.0000,0.0000,0.0000
stopwords,bm25,2,0.75,32,0.0000,0.0000,0.0000,0.0184,0.0000,0.0185,0.0000
stopwords,bm25,2,0.75,33,0.2000,0.6667,0.3077,0.4477,0.3889,0.5000,0.4683
stopwords,bm25,2,0.75,34,0.2000,0.3333,0.2500,0.2224,0.1032,0.3333,0.1936
stopwords,bm25,2,0.75,35,0.0000,0.0000,0.0000,0.0179,0.0000,0.0204,0.0000
stopwords,bm25,2,0.75,36,0.1000,0.5000,0.1667,0.0732,0.0714,0.1429,0.1564
stopwords,bm25,2,0.75,37,0.2000,0.2222,0.2105,0.1879,0.0778,0.5000,0.2100
stopwords,bm25,2,0.75,38,0.0000,0.0000,0.0000,0.0555,0.0000,0.0714,0.0000
stopwords,bm25,2,0.75,39,0.3000,0.2308,0.2609,0.1145,0.0615,0.2500,0.1845
stopwords,bm25,2,0.75,40,0.0000,0.0000,0.0000,0.0293,0.0000,0.0588,0.0000
stopwords,bm25,2,0.75,41,0.3000,1.0000,0.4615,1.0000,1.0000,1.0000,0.9837
stopwords,bm25,2,0.75,42,0.3000,0.6000,0.4000,0.1982,0.1900,0.2500,0.4061
stopwords,bm25,2,0.75,43,0.4000,0.6667,0.5000,0.5924,0.5286,1.0000,0.7939
stopwords,bm25,2,0.75,44,0.0000,0.0000,0.0000,0.0000,0.0000,0.0000,0.0000
stopwords,bm25,2,0.75,45,0.2000,0.1667,0.1818,0.1157,0.0655,0.5000,0.2388
stopwords,bm25,2,0.75,46,0.5000,0.3333,0.4000,0.2825,0.1876,0.3333,0.3487
stopwords,bm25,2,0.75,47,0.6000,0.4286,0.5000,0.3218,0.2206,0.3333,0.4612
stopwords,bm25,2,0.75,48,0.2000,0.1818,0.1905,0.1318,0.1061,0.5000,0.2556
stopwords,bm25,2,0.75,49,0.1000,0.5000,0.1667,0.1930,0.1667,0.3333,0.3801
stopwords,bm25,2,0.75,50,0.1000,0.1667,0.1250,0.0355,0.0185,0.1111,0.1375
stopwords,bm25,2,0.75,51,0.4000,0.4000,0.4000,0.5397,0.4000,1.0000,0.4343
stopwords,bm25,2,0.75,52,0.3000,0.7500,0.4286,0.4568,0.3854,0.5000,0.5435
stopwords,bm25,2,0.75,53,0.2000,0.2000,0.2000,0.2422,0.1286,1.0000,0.2159
stopwords,bm25,2,0.75,54,0.2000,0.2222,0.2105,0.1466,0.0802,0.5000,0.2806
stopwords,bm25,2,0.75,55,0.3000,0.3000,0.3000,0.2393,0.1583,1.0000,0.3270
stopwords,bm25,2,0.75,56,0.2000,0.2000,0.2000,0.1471,0.0667,0.3333,0.1580
stopwords,bm25,2,0.75,57,0.0000,0.0000,0.0000,0.0864,0.0000,0.0714,0.0000
stopwords,bm25,2,0.75,58,0.1000,0.1111,0.1053,0.0964,0.0185,0.1667,0.1367
stopwords,bm25,2,0.75,59,0.1000,0.2500,0.1429,0.0664,0.0250,0.1000,0.0944
stopwords,bm25,2,0.75,60,0.3000,0.6000,0.4000,0.4014,0.3750,1.0000,0.5036
stopwords,bm25,2,0.75,61,0.2000,0.4000,0.2667,0.2781,0.2333,0.5000,0.4051
stopwords,bm25,2,0.75,62,0.0000,0.0000,0.0000,0.0380,0.0000,0.0833,0.0000
stopwords,bm25,2,0.75,63,0.0000,0.0000,0.0000,0.0047,0.0000,0.0054,0.0000
stopwords,bm25,2,0.75,64,0.1000,0.5000,0.1667,0.1750,0.1250,0.2500,0.2923
stopwords,bm25,2,0.75,65,0.5000,0.3333,0.4000,0.2937,0.2098,0.5000,0.4488
stopwords,bm25,2,0.75,66,0.1000,0.2000,0.1333,0.1493,0.0667,0.3333,0.1993
stopwords,bm25,2,0.75,67,0.7000,0.5000,0.5833,0.5863,0.4841,1.0000,0.7150
stopwords,bm25,2,0.75,68,0.1000,0.2000,0.1333,0.1391,0.1000,0.5000,0.2744
stopwords,bm25,2,0.75,69,0.0000,0.0000,0.0000,0.0634,0.0000,0.0714,0.0000
stopwords,bm25,2,0.75,70,0.1000,0.1000,0.1000,0.0958,0.0167,0.1667,0.0865
stopwords,bm25,2,0.75,71,0.0000,0.0000,0.0000,0.0388,0.0000,0.0625,0.0000
stopwords,bm25,2,0.75,72,0.1000,0.0588,0.0741,0.0347,0.0098,0.1667,0.1005
stopwords,bm25,2,0.75,73,0.6000,0.3000,0.4000,0.3335,0.2325,1.0000,0.5956
stopwords,bm25,2,0.75,74,0.1000,0.1667,0.1250,0.0527,0.0185,0.1111,0.1278
stopwords,bm25,2,0.75,75,0.0000,0.0000,0.0000,0.0605,0.0000,0.0714,0.0000
stopwords,bm25,2,0.75,76,0.3000,0.4286,0.3529,0.4350,0.3714,1.0000,0.5654
stopwords,bm25,2,0.75,77,0.4000,0.6667,0.5000,0.6160,0.5361,1.0000,0.5958
stopwords,bm25,2,0.75,78,0.3000,1.0000,0.4615,0.5286,0.5286,1.0000,0.6716
stopwords,bm25,2,0.75,79,0.1000,0.2000,0.1333,0.0577,0.0400,0.2000,0.1690
stopwords,bm25,2,0.75,80,0.0000,0.0000,0.0000,0.0130,0.0000,0.0139,0.0000
stopwords,bm25,2,0.75,81,0.1000,0.5000,0.1667,0.3409,0.2500,0.5000,0.1362
stopwords,bm25,2,0.75,82,0.3000,0.6000,0.4000,0.3731,0.3333,0.5000,0.5262
stopwords,bm25,2,0.75,83,0.1000,0.2500,0.1429,0.2587,0.2500,1.0000,0.3904
stopwords,bm25,2,0.75,84,0.4000,0.3636,0.3810,0.3864,0.3333,1.0000,0.3937
stopwords,bm25,2,0.75,85,0.0000,0.0000,0.0000,0.0297,0.0000,0.0556,0.0000
stopwords,bm25,2,0.75,86,0.2000,1.0000,0.3333,0.5833,0.5833,0.5000,0.6934
stopwords,bm25,2,0.75,87,0.0000,0.0000,0.0000,0.0116,0.0000,0.0065,0.0000
stopwords,bm25,2,0.75,88,0.6000,1.0000,0.7500,0.6746,0.6746,0.5000,0.7082
stopwords,bm25,2,0.75,89,0.3000,0.5000,0.3750,0.4175,0.3333,1.0000,0.6086
stopwords,bm25,2,0.75,90,0.3000,0.2308,0.2609,0.1942,0.1154,0.5000,0.1917
stopwords,bm25,2,0.75,91,0.2000,0.2222,0.2105,0.3236,0.1852,1.0000,0.4353
stopwords,bm25,2,0.75,92,0.5000,0.3846,0.4348,0.4642,0.3404,1.0000,0.4228
stopwords,bm25,2,0.75,93,0.1000,1.0000,0.1818,0.5000,0.5000,0.5000,0.6309
stopwords,bm25,2,0.75,94,0.5000,0.4167,0.4545,0.4605,0.2953,1.0000,0.4561
stopwords,bm25,2,0.75,95,0.1000,0.5000,0.1667,0.5667,0.5000,1.0000,0.2159
stopwords,bm25,2,0.75,96,0.5000,0.3846,0.4348,0.3371,0.1911,0.5000,0.3929
stopwords,bm25,2,0.75,97,0.1000,0.1000,0.1000,0.0622,0.0333,0.3333,0.1222
stopwords,bm25,2,0.75,98,0.0000,0.0000,0.0000,0.0223,0.0000,0.0476,0.0000
stopwords,bm25,2,0.75,99,0.3000,0.7500,0.4286,0.2771,0.2771,0.3333,0.4873
stopwords,bm25,2,0.75,100,0.3000,0.3333,0.3158,0.3046,0.2556,1.0000,0.4942
stopwords,bm25,2,0.75,101,0.5000,0.8333,0.6250,0.7166,0.6577,1.0000,0.7815
stopwords,bm25,2,0.75,102,0.1000,0.2500,0.1429,0.3396,0.2500,1.0000,0.2731
stopwords,bm25,2,0.75,103,0.0000,0.0000,0.0000,0.0060,0.0000,0.0119,0.0000
stopwords,bm25,2,0.75,104,0.1000,0.2000,0.1333,0.0574,0.0333,0.1667,0.1208
stopwords,bm25,2,0.75,105,0.2000,0.4000,0.2667,0.2987,0.2333,0.5000,0.4462
stopwords,bm25,2,0.75,106,0.3000,0.6000,0.4000,0.3329,0.3200,0.5000,0.4436
stopwords,bm25,2,0.75,107,0.2000,0.2857,0.2353,0.2453,0.1667,0.5000,0.3056
stopwords,bm25,2,0.75,108,0.6000,0.8571,0.7059,0.8626,0.7857,1.0000,0.8137
stopwords,bm25,2,0.75,109,0.0000,0.0000,0.0000,0.0262,0.0000,0.0476,0.0000
stopwords,bm25,2,0.75,110,0.0000,0.0000,0.0000,0.0138,0.0000,0.0159,0.0000
stopwords,bm25,2,0.75,111,0.2000,0.2857,0.2353,0.2283,0.0794,0.3333,0.1703
stopwords,bm25,2,0.75,112,0.2000,1.0000,0.3333,0.3500,0.3500,0.5000,0.4596
stopwords,bm25,2,0.75,113,0.2000,0.5000,0.2857,0.4019,0.3750,1.0000,0.5585
stopwords,bm25,2,0.75,114,0.1000,0.2500,0.1429,0.0763,0.0278,0.1111,0.1165
stopwords,bm25,2,0.75,115,0.0000,0.0000,0.0000,0.0227,0.0000,0.0222,0.0000
stopwords,bm25,2,0.75,116,0.1000,0.2000,0.1333,0.0490,0.0200,0.1000,0.0770
stopwords,bm25,2,0.75,117,0.0000,0.0000,0.0000,0.0302,0.0000,0.0385,0.0000
stopwords,bm25,2,0.75,118,0.2000,0.6667,0.3077,0.1801,0.1619,0.2000,0.3473
stopwords,bm25,2,0.75,119,0.0000,0.0000,0.0000,0.0455,0.0000,0.0455,0.0000
stopwords,bm25,2,0.75,120,0.5000,0.5556,0.5263,0.4741,0.3664,0.5000,0.5561
stopwords,bm25,2,0.75,121,0.5000,0.7143,0.5882,0.7154,0.6092,1.0000,0.7382
stopwords,bm25,2,0.75,122,0.2000,0.2222,0.2105,0.1673,0.0432,0.1667,0.0649
stopwords,bm25,2,0.75,123,0.0000,0.0000,0.0000,0.0393,0.0000,0.0286,0.0000
stopwords,bm25,2,0.75,124,0.0000,0.0000,0.0000,0.0040,0.0000,0.0065,0.0000
stopwords,bm25,2,0.75,125,0.3000,0.1765,0.2222,0.2900,0.1201,1.0000,0.3992
stopwords,bm25,2,0.75,126,0.2000,0.2500,0.2222,0.2199,0.2083,1.0000,0.4718
stopwords,bm25,2,0.75,127,0.1000,0.2000,0.1333,0.1194,0.0667,0.3333,0.1490
stopwords,bm25,2,0.75,128,0.0000,0.0000,0.0000,0.0253,0.0000,0.0417,0.0000
stopwords,bm25,2,0.75,129,0.4000,0.5714,0.4706,0.3854,0.3554,0.5000,0.5312
stopwords,bm25,2,0.75,130,0.4000,0.8000,0.5333,0.5833,0.5833,1.0000,0.7138
stopwords,bm25,2,0.75,131,0.4000,0.5000,0.4444,0.2654,0.1750,0.3333,0.3365
stopwords,bm25,2,0.75,132,0.7000,0.4667,0.5600,0.6257,0.3385,0.5000,0.5968
stopwords,bm25,2,0.75,133,0.1000,0.1429,0.1176,0.2107,0.0143,0.1000,0.0310
stopwords,bm25,2,0.75,134,0.1000,0.5000,0.1667,0.1131,0.0714,0.1429,0.1564
stopwords,bm25,2,0.75,135,0.5000,0.6250,0.5556,0.5006,0.3466,1.0000,0.3322
stopwords,bm25,2,0.75,136,0.1000,0.3333,0.1538,0.2267,0.1667,0.5000,0.4919
stopwords,bm25,2,0.75,137,0.2000,0.5000,0.2857,0.2012,0.1625,0.2500,0.2670
stopwords,bm25,2,0.75,138,0.1000,0.5000,0.1667,0.0903,0.0833,0.1667,0.2184
stopwords,bm25,2,0.75,139,0.0000,0.0000,0.0000,0.0046,0.0000,0.0028,0.0000
stopwords,bm25,2,0.75,140,0.1000,0.1667,0.1250,0.1122,0.0833,0.5000,0.2509
stopwords,bm25,2,0.75,141,0.2000,0.3333,0.2500,0.4225,0.3333,1.0000,0.5455
stopwords,bm25,2,0.75,142,0.0000,0.0000,0.0000,0.0015,0.0000,0.0015,0.0000
stopwords,bm25,2,0.75,143,0.1000,0.5000,0.1667,0.5714,0.5000,1.0000,0.6131
stopwords,bm25,2,0.75,144,0.5000,0.8333,0.6250,0.6202,0.5917,0.5000,0.6792
stopwords,bm25,2,0.75,145,0.4000,0.5714,0.4706,0.4361,0.4104,1.0000,0.6098
stopwords,bm25,2,0.75,146,0.2000,1.0000,0.3333,0.5833,0.5833,0.5000,0.6199
stopwords,bm25,2,0.75,147,0.3000,0.3000,0.3000,0.2611,0.1767,0.5000,0.3384
stopwords,bm25,2,0.75,148,0.2000,0.3333,0.2500,0.2292,0.1667,0.5000,0.3644
stopwords,bm25,2,0.75,149,0.5000,0.4545,0.4762,0.4150,0.2906,1.0000,0.5361
stopwords,bm25,2,0.75,150,0.2000,1.0000,0.3333,0.5833,0.5833,0.5000,0.6934
stopwords,bm25,2,0.75,151,0.0000,0.0000,0.0000,0.0165,0.0000,0.0196,0.0000
stopwords,bm25,2,0.75,152,0.0000,0.0000,0.0000,0.0125,0.0000,0.0270,0.0000
stopwords,bm25,2,0.75,153,0.3000,0.4286,0.3529,0.1974,0.1803,0.5000,0.3148
stopwords,bm25,2,0.75,154,0.2000,1.0000,0.3333,0.6250,0.6250,1.0000,0.6913
stopwords,bm25,2,0.75,155,0.2000,0.3333,0.2500,0.2777,0.2333,1.0000,0.2687
stopwords,bm25,2,0.75,156,0.6000,0.4286,0.5000,0.5379,0.4184,1.0000,0.5404
stopwords,bm25,2,0.75,157,0.5000,0.1282,0.2041,0.2024,0.0791,0.5000,0.4174
stopwords,bm25,2,0.75,158,0.2000,0.2500,0.2222,0.2195,0.1500,1.0000,0.4679
stopwords,bm25,2,0.75,159,0.1000,0.1250,0.1111,0.0569,0.0312,0.2500,0.1187
stopwords,bm25,2,0.75,160,0.1000,0.2000,0.1333,0.0572,0.0333,0.1667,0.1403
stopwords,bm25,2,0.75,161,0.3000,0.5000,0.3750,0.4352,0.4167,1.0000,0.7001
stopwords,bm25,2,0.75,162,0.2000,0.2500,0.2222,0.2906,0.1875,1.0000,0.3116
stopwords,bm25,2,0.75,163,0.2000,0.6667,0.3077,0.2894,0.2778,0.3333,0.4367
stopwords,bm25,2,0.75,164,0.4000,0.5000,0.4444,0.4703,0.4152,1.0000,0.6490
stopwords,bm25,2,0.75,165,0.2000,1.0000,0.3333,0.3750,0.3750,0.5000,0.5803
stopwords,bm25,2,0.75,166,0.1000,0.1250,0.1111,0.0397,0.0139,0.1111,0.0761
stopwords,bm25,2,0.75,167,0.2000,1.0000,0.3333,0.2500,0.2500,0.2500,0.4512
stopwords,bm25,2,0.75,168,0.1000,0.5000,0.1667,0.1017,0.1000,0.2000,0.2372
stopwords,bm25,2,0.75,169,0.2000,0.5000,0.2857,0.2941,0.2917,0.5000,0.4415
stopwords,bm25,2,0.75,170,0.4000,0.6667,0.5000,0.4976,0.4907,1.0000,0.6752
stopwords,bm25,2,0.75,171,0.2000,0.6667,0.3077,0.5292,0.4667,1.0000,0.6246
stopwords,bm25,2,0.75,172,0.4000,1.0000,0.5714,0.6792,0.6792,0.5000,0.7180
stopwords,bm25,2,0.75,173,0.2000,1.0000,0.3333,0.8333,0.8333,1.0000,0.9197
stopwords,bm25,2,0.75,174,0.1000,0.2000,0.1333,0.0610,0.0286,0.1429,0.1307
stopwords,bm25,2,0.75,175,0.1000,0.2000,0.1333,0.0479,0.0286,0.1429,0.1246
stopwords,bm25,2,0.75,176,0.1000,0.1429,0.1176,0.1125,0.0714,0.5000,0.2092
stopwords,bm25,2,0.75,177,0.3000,0.6000,0.4000,0.3892,0.2800,0.5000,0.4005
stopwords,bm25,2,0.75,178,0.3000,0.7500,0.4286,0.5303,0.5000,1.0000,0.8239
stopwords,bm25,2,0.75,179,0.2000,0.5000,0.2857,0.2157,0.2083,0.5000,0.3854
stopwords,bm25,2,0.75,180,0.3000,0.4286,0.3529,0.3707,0.2738,0.5000,0.3558
stopwords,bm25,2,0.75,181,0.2000,0.4000,0.2667,0.3345,0.3000,1.0000,0.4101
stopwords,bm25,2,0.75,182,0.1000,0.5000,0.1667,0.3269,0.2500,0.5000,0.4796
stopwords,bm25,2,0.75,183,0.4000,0.3077,0.3478,0.2449,0.1799,0.5000,0.2598
stopwords,bm25,2,0.75,184,0.1000,0.1429,0.1176,0.0694,0.0159,0.1111,0.0867
stopwords,bm25,2,0.75,185,0.6000,0.6667,0.6316,0.8130,0.6222,1.0000,0.8226
stopwords,bm25,2,0.75,186,0.5000,0.3125,0.3846,0.1985,0.1809,0.5000,0.4737
stopwords,bm25,2,0.75,187,0.2000,0.3333,0.2500,0.1528,0.1204,0.5000,0.2981
stopwords,bm25,2,0.75,188,0.3000,0.2727,0.2857,0.2785,0.1905,1.0000,0.4423
stopwords,bm25,2,0.75,189,0.1000,0.1111,0.1053,0.1035,0.0556,0.5000,0.1220
stopwords,bm25,2,0.75,190,0.3000,0.6000,0.4000,0.5115,0.4667,1.0000,0.5930
stopwords,bm25,2,0.75,191,0.5000,0.3846,0.4348,0.4511,0.2043,0.3333,0.3434
stopwords,bm25,2,0.75,192,0.2000,0.5000,0.2857,0.2827,0.2250,0.5000,0.3973
stopwords,bm25,2,0.75,193,0.8000,0.8889,0.8421,0.7433,0.7412,1.0000,0.7522
stopwords,bm25,2,0.75,194,0.2000,0.3333,0.2500,0.2841,0.1500,0.5000,0.1870
stopwords,bm25,2,0.75,195,0.0000,0.0000,0.0000,0.0480,0.0000,0.0714,0.0000
stopwords,bm25,2,0.75,196,0.2000,0.1667,0.1818,0.1012,0.0542,0.2500,0.1716
stopwords,bm25,2,0.75,197,0.3000,1.0000,0.4615,0.5000,0.5000,0.5000,0.6393
stopwords,bm25,2,0.75,198,0.3000,0.7500,0.4286,0.4008,0.3958,1.0000,0.6270
stopwords,bm25,2,0.75,199,0.0000,0.0000,0.0000,0.0406,0.0000,0.0435,0.0000
stopwords,bm25,2,0.75,200,0.2000,0.6667,0.3077,0.4387,0.4286,1.0000,0.6257
stopwords,bm25,2,0.75,201,0.5000,0.3125,0.3846,0.3381,0.2076,1.0000,0.5798
stopwords,bm25,2,0.75,202,0.3000,0.2143,0.2500,0.1439,0.1101,0.5000,0.1346
stopwords,bm25,2,0.75,203,0.4000,0.2857,0.3333,0.2084,0.1777,0.5000,0.4632
stopwords,bm25,2,0.75,204,0.1000,0.0714,0.0833,0.0530,0.0238,0.3333,0.1717
stopwords,bm25,2,0.75,205,0.0000,0.0000,0.0000,0.0409,0.0000,0.0556,0.0000
stopwords,bm25,2,0.75,206,0.2000,0.6667,0.3077,0.3358,0.3333,0.5000,0.5405
stopwords,bm25,2,0.75,207,0.0000,0.0000,0.0000,0.0067,0.0000,0.0056,0.0000
stopwords,bm25,2,0.75,208,0.3000,0.5000,0.3750,0.3748,0.2778,0.5000,0.5070
stopwords,bm25,2,0.75,209,0.3000,0.2500,0.2727,0.1852,0.1194,0.3333,0.2247
stopwords,bm25,2,0.75,210,0.2000,0.3333,0.2500,0.3557,0.2778,1.0000,0.4826
stopwords,bm25,2,0.75,211,0.1000,0.0909,0.0952,0.1983,0.0909,1.0000,0.1096
stopwords,bm25,2,0.75,212,0.7000,0.5000,0.5833,0.5857,0.4201,1.0000,0.5955
stopwords,bm25,2,0.75,213,0.7000,0.6364,0.6667,0.5369,0.4924,1.0000,0.7478
stopwords,bm25,2,0.75,214,0.1000,0.2500,0.1429,0.1563,0.1250,0.5000,0.2463
stopwords,bm25,2,0.75,215,0.0000,0.0000,0.0000,0.0343,0.0000,0.0417,0.0000
stopwords,bm25,2,0.75,216,0.0000,0.0000,0.0000,0.0023,0.0000,0.0023,0.0000
stopwords,bm25,2,0.75,217,0.1000,0.0667,0.0800,0.1134,0.0333,0.5000,0.1781
stopwords,bm25,2,0.75,218,0.2000,0.1333,0.1600,0.1418,0.0389,0.2500,0.1179
stopwords,bm25,2,0.75,219,0.0000,0.0000,0.0000,0.0365,0.0000,0.0278,0.0000
stopwords,bm25,2,0.75,220,0.2000,0.1053,0.1379,0.2433,0.1053,1.0000,0.2455
stopwords,bm25,2,0.75,221,0.3000,0.1667,0.2143,0.1822,0.1065,0.5000,0.2338
stopwords,bm25,2,0.75,222,0.4000,0.4444,0.4211,0.3681,0.3019,0.5000,0.4716
stopwords,bm25,2,0.75,223,0.2000,0.5000,0.2857,0.4222,0.3500,1.0000,0.5414
stopwords,bm25,2,0.75,224,0.3000,0.3750,0.3333,0.2618,0.1348,0.2500,0.2522
stopwords,bm25,2,0.75,225,0.2000,0.0833,0.1176,0.0622,0.0417,0.5000,0.1330
stopwords,bm25,2,1,1,0.6000,0.2143,0.3158,0.2257,0.1481,1.0000,0.4194
stopwords,bm25,2,1,2,0.3000,0.1250,0.1765,0.1677,0.1250,1.0000,0.5241
stopwords,bm25,2,1,3,0.4000,0.5000,0.4444,0.6012,0.4750,1.0000,0.6369
stopwords,bm25,2,1,4,0.1000,0.5000,0.1667,0.5833,0.5000,1.0000,0.6131
stopwords,bm25,2,1,5,0.1000,0.2500,0.1429,0.1143,0.0357,0.1429,0.1590
stopwords,bm25,2,1,6,0.1000,0.2500,0.1429,0.1505,0.1250,0.5000,0.2061
stopwords,bm25,2,1,7,0.2000,0.4000,0.2667,0.2529,0.2333,0.5000,0.3474
stopwords,bm25,2,1,8,0.1000,0.0909,0.0952,0.1702,0.0909,1.0000,0.2670
stopwords,bm25,2,1,9,0.2000,0.6667,0.3077,0.3123,0.3000,0.5000,0.4776
stopwords,bm25,2,1,10,0.2000,0.2500,0.2222,0.1539,0.1042,0.3333,0.2476
stopwords,bm25,2,1,11,0.1000,0.1429,0.1176,0.1604,0.0714,0.5000,0.1018
stopwords,bm25,2,1,12,0.1000,0.2000,0.1333,0.0778,0.0286,0.1429,0.1239
stopwords,bm25,2,1,13,0.0000,0.0000,0.0000,0.0000,0.0000,0.0000,0.0000
stopwords,bm25,2,1,14,0.1000,0.5000,0.1667,0.1417,0.1000,0.2000,0.3341
stopwords,bm25,2,1,15,0.2000,1.0000,0.3333,1.0000,1.0000,1.0000,0.8597
stopwords,bm25,2,1,16,0.1000,0.3333,0.1538,0.2263,0.1667,0.5000,0.2398
stopwords,bm25,2,1,17,0.1000,0.5000,0.1667,0.5120,0.5000,1.0000,0.7039
stopwords,bm25,2,1,18,0.1000,0.3333,0.1538,0.0969,0.0667,0.2000,0.1815
stopwords,bm25,2,1,19,0.1000,0.1111,0.1053,0.0336,0.0278,0.2500,0.0859
stopwords,bm25,2,1,20,0.4000,0.4444,0.4211,0.3946,0.2116,0.3333,0.3808
stopwords,bm25,2,1,21,0.1000,0.2500,0.1429,0.1880,0.1250,0.5000,0.3058
stopwords,bm25,2,1,22,0.0000,0.0000,0.0000,0.0000,0.0000,0.0000,0.0000
stopwords,bm25,2,1,23,0.1000,0.0312,0.0476,0.1140,0.0312,1.0000,0.2621
stopwords,bm25,2,1,24,0.1000,0.3333,0.1538,0.3967,0.3333,1.0000,0.5091
stopwords,bm25,2,1,25,0.4000,0.4444,0.4211,0.4286,0.3130,1.0000,0.4669
stopwords,bm25,2,1,26,0.2000,0.3333,0.2500,0.2079,0.1500,0.5000,0.3526
stopwords,bm25,2,1,27,0.1000,0.3333,0.1538,0.1006,0.0833,0.2500,0.2455
stopwords,bm25,2,1,28,0.0000,0.0000,0.0000,0.0009,0.0000,0.0019,0.0000
stopwords,bm25,2,1,29,0.4000,0.4444,0.4211,0.4108,0.3383,1.0000,0.5032
stopwords,bm25,2,1,30,0.0000,0.0000,0.0000,0.0549,0.0000,0.0909,0.0000
stopwords,bm25,2,1,31,0.0000,0.0000,0.0000,0.0000,0.0000,0.0000,0.0000
stopwords,bm25,2,1,32,0.0000,0.0000,0.0000,0.0210,0.0000,0.0333,0.0000
stopwords,bm25,2,1,33,0.2000,0.6667,0.3077,0.4324,0.3889,0.5000,0.4335
stopwords,bm25,2,1,34,0.2000,0.3333,0.2500,0.1898,0.0611,0.1667,0.1499
stopwords,bm25,2,1,35,0.0000,0.0000,0.0000,0.0157,0.0000,0.0200,0.0000
stopwords,bm25,2,1,36,0.0000,0.0000,0.0000,0.0403,0.0000,0.0769,0.0000
stopwords,bm25,2,1,37,0.1000,0.1111,0.1053,0.1844,0.0556,0.5000,0.1244
stopwords,bm25,2,1,38,0.0000,0.0000,0.0000,0.0530,0.0000,0.0667,0.0000
stopwords,bm25,2,1,39,0.3000,0.2308,0.2609,0.1107,0.0615,0.2500,0.1442
stopwords,bm25,2,1,40,0.0000,0.0000,0.0000,0.0262,0.0000,0.0526,0.0000
stopwords,bm25,2,1,41,0.3000,1.0000,0.4615,0.9167,0.9167,1.0000,0.9491
stopwords,bm25,2,1,42,0.2000,0.4000,0.2667,0.1889,0.1300,0.2500,0.3173
stopwords,bm25,2,1,43,0.4000,0.6667,0.5000,0.6105,0.5536,1.0000,0.8020
stopwords,bm25,2,1,44,0.0000,0.0000,0.0000,0.0000,0.0000,0.0000,0.0000
stopwords,bm25,2,1,45,0.2000,0.1667,0.1818,0.1166,0.0625,0.5000,0.2355
stopwords,bm25,2,1,46,0.4000,0.2667,0.3200,0.2080,0.0874,0.2500,0.2429
stopwords,bm25,2,1,47,0.5000,0.3571,0.4167,0.3000,0.1738,0.3333,0.3945
stopwords,bm25,2,1,48,0.2000,0.1818,0.1905,0.1293,0.1061,0.5000,0.2556
stopwords,bm25,2,1,49,0.1000,0.5000,0.1667,0.2833,0.2500,0.5000,0.4796
stopwords,bm25,2,1,50,0.1000,0.1667,0.1250,0.1024,0.0833,0.5000,0.2882
stopwords,bm25,2,1,51,0.4000,0.4000,0.4000,0.5318,0.4000,1.0000,0.4343
stopwords,bm25,2,1,52,0.3000,0.7500,0.4286,0.4702,0.3988,0.5000,0.5461
stopwords,bm25,2,1,53,0.2000,0.2000,0.2000,0.2509,0.1400,1.0000,0.2246
stopwords,bm25,2,1,54,0.2000,0.2222,0.2105,0.1307,0.0778,0.5000,0.2779
stopwords,bm25,2,1,55,0.3000,0.3000,0.3000,0.2699,0.1875,1.0000,0.3388
stopwords,bm25,2,1,56,0.2000,0.2000,0.2000,0.1185,0.0452,0.1667,0.1333
stopwords,bm25,2,1,57,0.0000,0.0000,0.0000,0.0787,0.0000,0.0667,0.0000
stopwords,bm25,2,1,58,0.1000,0.1111,0.1053,0.0845,0.0111,0.1000,0.1109
stopwords,bm25,2,1,59,0.0000,0.0000,0.0000,0.0646,0.0000,0.0833,0.0000
stopwords,bm25,2,1,60,0.3000,0.6000,0.4000,0.4378,0.4000,1.0000,0.4280
stopwords,bm25,2,1,61,0.2000,0.4000,0.2667,0.2064,0.1667,0.3333,0.3307
stopwords,bm25,2,1,62,0.1000,0.2000,0.1333,0.0408,0.0200,0.1000,0.0640
stopwords,bm25,2,1,63,0.0000,0.0000,0.0000,0.0045,0.0000,0.0051,0.0000
stopwords,bm25,2,1,64,0.1000,0.5000,0.1667,0.1625,0.1000,0.2000,0.2626
stopwords,bm25,2,1,65,0.5000,0.3333,0.4000,0.3563,0.2700,1.0000,0.5595
stopwords,bm25,2,1,66,0.2000,0.4000,0.2667,0.2112,0.1571,0.5000,0.3843
stopwords,bm25,2,1,67,0.8000,0.5714,0.6667,0.6252,0.5413,1.0000,0.8152
stopwords,bm25,2,1,68,0.1000,0.2000,0.1333,0.1314,0.1000,0.5000,0.2744
stopwords,bm25,2,1,69,0.0000,0.0000,0.0000,0.0555,0.0000,0.0435,0.0000
stopwords,bm25,2,1,70,0.1000,0.1000,0.1000,0.0808,0.0111,0.1111,0.0731
stopwords,bm25,2,1,71,0.0000,0.0000,0.0000,0.0301,0.0000,0.0286,0.0000
stopwords,bm25,2,1,72,0.1000,0.0588,0.0741,0.0332,0.0084,0.1429,0.0941
stopwords,bm25,2,1,73,0.6000,0.3000,0.4000,0.3146,0.2299,1.0000,0.5919
stopwords,bm25,2,1,74,0.0000,0.0000,0.0000,0.0415,0.0000,0.0714,0.0000
stopwords,bm25,2,1,75,0.1000,0.2000,0.1333,0.0790,0.0286,0.1429,0.0967
stopwords,bm25,2,1,76,0.4000,0.5714,0.4706,0.4199,0.3905,1.0000,0.5696
stopwords,bm25,2,1,77,0.5000,0.8333,0.6250,0.6829,0.6552,1.0000,0.7259
stopwords,bm25,2,1,78,0.3000,1.0000,0.4615,0.3619,0.3619,0.5000,0.5313
stopwords,bm25,2,1,79,0.1000,0.2000,0.1333,0.1229,0.1000,0.5000,0.2756
stopwords,bm25,2,1,80,0.0000,0.0000,0.0000,0.0160,0.0000,0.0164,0.0000
stopwords,bm25,2,1,81,0.2000,1.0000,0.3333,0.3095,0.3095,0.3333,0.3959
stopwords,bm25,2,1,82,0.3000,0.6000,0.4000,0.4564,0.4200,1.0000,0.5915
stopwords,bm25,2,1,83,0.1000,0.2500,0.1429,0.2582,0.2500,1.0000,0.3904
stopwords,bm25,2,1,84,0.4000,0.3636,0.3810,0.2527,0.2035,0.5000,0.2914
stopwords,bm25,2,1,85,0.0000,0.0000,0.0000,0.0284,0.0000,0.0476,0.0000
stopwords,bm25,2,1,86,0.2000,1.0000,0.3333,0.5833,0.5833,0.5000,0.6934
stopwords,bm25,2,1,87,0.0000,0.0000,0.0000,0.0114,0.0000,0.0070,0.0000
stopwords,bm25,2,1,88,0.6000,1.0000,0.7500,0.6746,0.6746,0.5000,0.7082
stopwords,bm25,2,1,89,0.3000,0.5000,0.3750,0.3766,0.2889,1.0000,0.5645
stopwords,bm25,2,1,90,0.3000,0.2308,0.2609,0.1795,0.1058,0.5000,0.1823
stopwords,bm25,2,1,91,0.2000,0.2222,0.2105,0.2747,0.1481,1.0000,0.4040
stopwords,bm25,2,1,92,0.4000,0.3077,0.3478,0.4102,0.2650,1.0000,0.3498
stopwords,bm25,2,1,93,0.1000,1.0000,0.1818,0.5000,0.5000,0.5000,0.6309
stopwords,bm25,2,1,94,0.4000,0.3333,0.3636,0.3492,0.1889,0.5000,0.3455
stopwords,bm25,2,1,95,0.1000,0.5000,0.1667,0.5556,0.5000,1.0000,0.2159
stopwords,bm25,2,1,96,0.4000,0.3077,0.3478,0.2871,0.1271,0.3333,0.2732
stopwords,bm25,2,1,97,0.1000,0.1000,0.1000,0.0580,0.0333,0.3333,0.1222
stopwords,bm25,2,1,98,0.0000,0.0000,0.0000,0.0215,0.0000,0.0370,0.0000
stopwords,bm25,2,1,99,0.3000,0.7500,0.4286,0.2485,0.2485,0.3333,0.4636
stopwords,bm25,2,1,100,0.2000,0.2222,0.2105,0.1857,0.1111,0.5000,0.2877
stopwords,bm25,2,1,101,0.5000,0.8333,0.6250,0.7133,0.6577,1.0000,0.8053
stopwords,bm25,2,1,102,0.1000,0.2500,0.1429,0.3580,0.2500,1.0000,0.2731
stopwords,bm25,2,1,103,0.0000,0.0000,0.0000,0.0040,0.0000,0.0081,0.0000
stopwords,bm25,2,1,104,0.1000,0.2000,0.1333,0.0574,0.0250,0.1250,0.1070
stopwords,bm25,2,1,105,0.2000,0.4000,0.2667,0.3879,0.3333,1.0000,0.6332
stopwords,bm25,2,1,106,0.3000,0.6000,0.4000,0.2633,0.2524,0.3333,0.4272
stopwords,bm25,2,1,107,0.2000,0.2857,0.2353,0.2524,0.1667,0.5000,0.3056
stopwords,bm25,2,1,108,0.6000,0.8571,0.7059,0.8235,0.7520,1.0000,0.7941
stopwords,bm25,2,1,109,0.0000,0.0000,0.0000,0.0259,0.0000,0.0455,0.0000
stopwords,bm25,2,1,110,0.0000,0.0000,0.0000,0.0176,0.0000,0.0182,0.0000
stopwords,bm25,2,1,111,0.3000,0.4286,0.3529,0.2543,0.1071,0.2000,0.2415
stopwords,bm25,2,1,112,0.1000,0.5000,0.1667,0.3214,0.2500,0.5000,0.2398
stopwords,bm25,2,1,113,0.2000,0.5000,0.2857,0.4466,0.4167,1.0000,0.5856
stopwords,bm25,2,1,114,0.1000,0.2500,0.1429,0.0657,0.0250,0.1000,0.1118
stopwords,bm25,2,1,115,0.0000,0.0000,0.0000,0.0226,0.0000,0.0312,0.0000
stopwords,bm25,2,1,116,0.0000,0.0000,0.0000,0.0475,0.0000,0.0833,0.0000
stopwords,bm25,2,1,117,0.0000,0.0000,0.0000,0.0291,0.0000,0.0357,0.0000
stopwords,bm25,2,1,118,0.2000,0.6667,0.3077,0.2098,0.1786,0.2500,0.3722
stopwords,bm25,2,1,119,0.0000,0.0000,0.0000,0.0476,0.0000,0.0476,0.0000
stopwords,bm25,2,1,120,0.5000,0.5556,0.5263,0.4746,0.3812,0.5000,0.5582
stopwords,bm25,2,1,121,0.5000,0.7143,0.5882,0.7079,0.5964,1.0000,0.7072
stopwords,bm25,2,1,122,0.3000,0.3333,0.3158,0.2034,0.0956,0.2000,0.1682
stopwords,bm25,2,1,123,0.0000,0.0000,0.0000,0.0361,0.0000,0.0323,0.0000
stopwords,bm25,2,1,124,0.0000,0.0000,0.0000,0.0041,0.0000,0.0067,0.0000
stopwords,bm25,2,1,125,0.4000,0.2353,0.2963,0.2864,0.1462,1.0000,0.4466
stopwords,bm25,2,1,126,0.2000,0.2500,0.2222,0.2204,0.2083,1.0000,0.4718
stopwords,bm25,2,1,127,0.1000,0.2000,0.1333,0.1433,0.1000,0.5000,0.1880
stopwords,bm25,2,1,128,0.0000,0.0000,0.0000,0.0244,0.0000,0.0400,0.0000
stopwords,bm25,2,1,129,0.4000,0.5714,0.4706,0.3835,0.3554,0.5000,0.5312
stopwords,bm25,2,1,130,0.4000,0.8000,0.5333,0.5533,0.5533,1.0000,0.6947
stopwords,bm25,2,1,131,0.3000,0.3750,0.3333,0.2589,0.1250,0.3333,0.2725
stopwords,bm25,2,1,132,0.7000,0.4667,0.5600,0.5910,0.3278,0.5000,0.6021
stopwords,bm25,2,1,133,0.0000,0.0000,0.0000,0.1952,0.0000,0.0833,0.0000
stopwords,bm25,2,1,134,0.1000,0.5000,0.1667,0.0972,0.0556,0.1111,0.1413
stopwords,bm25,2,1,135,0.4000,0.5000,0.4444,0.4535,0.2583,1.0000,0.2799
stopwords,bm25,2,1,136,0.1000,0.3333,0.1538,0.3827,0.3333,1.0000,0.7796
stopwords,bm25,2,1,137,0.2000,0.5000,0.2857,0.2025,0.1625,0.2500,0.2670
stopwords,bm25,2,1,138,0.1000,0.5000,0.1667,0.0630,0.0556,0.1111,0.1846
stopwords,bm25,2,1,139,0.0000,0.0000,0.0000,0.0049,0.0000,0.0024,0.0000
stopwords,bm25,2,1,140,0.1000,0.1667,0.1250,0.1126,0.0833,0.5000,0.2509
stopwords,bm25,2,1,141,0.2000,0.3333,0.2500,0.4127,0.3333,1.0000,0.5455
stopwords,bm25,2,1,142,0.0000,0.0000,0.0000,0.0016,0.0000,0.0016,0.0000
stopwords,bm25,2,1,143,0.1000,0.5000,0.1667,0.5833,0.5000,1.0000,0.6131
stopwords,bm25,2,1,144,0.5000,0.8333,0.6250,0.7062,0.6750,1.0000,0.8135
stopwords,bm25,2,1,145,0.4000,0.5714,0.4706,0.4451,0.4184,1.0000,0.6144
stopwords,bm25,2,1,146,0.2000,1.0000,0.3333,0.8333,0.8333,1.0000,0.7602
stopwords,bm25,2,1,147,0.3000,0.3000,0.3000,0.2348,0.1667,0.5000,0.3303
stopwords,bm25,2,1,148,0.2000,0.3333,0.2500,0.3149,0.2500,1.0000,0.4911
stopwords,bm25,2,1,149,0.4000,0.3636,0.3810,0.4444,0.2818,1.0000,0.5135
stopwords,bm25,2,1,150,0.2000,1.0000,0.3333,0.5833,0.5833,0.5000,0.6934
stopwords,bm25,2,1,151,0.0000,0.0000,0.0000,0.0169,0.0000,0.0179,0.0000
stopwords,bm25,2,1,152,0.0000,0.0000,0.0000,0.0154,0.0000,0.0400,0.0000
stopwords,bm25,2,1,153,0.2000,0.2857,0.2353,0.1516,0.0952,0.3333,0.2188
stopwords,bm25,2,1,154,0.2000,1.0000,0.3333,0.6250,0.6250,1.0000,0.6913
stopwords,bm25,2,1,155,0.2000,0.3333,0.2500,0.2911,0.2500,1.0000,0.2736
stopwords,bm25,2,1,156,0.6000,0.4286,0.5000,0.5257,0.4184,1.0000,0.5404
stopwords,bm25,2,1,157,0.5000,0.1282,0.2041,0.2062,0.0766,0.5000,0.4136
stopwords,bm25,2,1,158,0.2000,0.2500,0.2222,0.2250,0.1562,1.0000,0.4775
stopwords,bm25,2,1,159,0.1000,0.1250,0.1111,0.0523,0.0250,0.2000,0.1066
stopwords,bm25,2,1,160,0.1000,0.2000,0.1333,0.0463,0.0222,0.1111,0.1185
stopwords,bm25,2,1,161,0.3000,0.5000,0.3750,0.3777,0.3611,1.0000,0.6477
stopwords,bm25,2,1,162,0.2000,0.2500,0.2222,0.2745,0.1875,1.0000,0.3116
stopwords,bm25,2,1,163,0.2000,0.6667,0.3077,0.2889,0.2778,0.3333,0.4367
stopwords,bm25,2,1,164,0.3000,0.3750,0.3333,0.4368,0.3438,1.0000,0.5682
stopwords,bm25,2,1,165,0.2000,1.0000,0.3333,0.3929,0.3929,0.5000,0.5912
stopwords,bm25,2,1,166,0.1000,0.1250,0.1111,0.0384,0.0125,0.1000,0.0731
stopwords,bm25,2,1,167,0.2000,1.0000,0.3333,0.2250,0.2250,0.2000,0.4204
stopwords,bm25,2,1,168,0.1000,0.5000,0.1667,0.1268,0.1250,0.2500,0.2641
stopwords,bm25,2,1,169,0.2000,0.5000,0.2857,0.2109,0.2083,0.3333,0.3633
stopwords,bm25,2,1,170,0.4000,0.6667,0.5000,0.5010,0.4907,1.0000,0.7199
stopwords,bm25,2,1,171,0.2000,0.6667,0.3077,0.5417,0.5000,1.0000,0.6308
stopwords,bm25,2,1,172,0.4000,1.0000,0.5714,0.8042,0.8042,1.0000,0.8940
stopwords,bm25,2,1,173,0.2000,1.0000,0.3333,0.8333,0.8333,1.0000,0.9197
stopwords,bm25,2,1,174,0.1000,0.2000,0.1333,0.0659,0.0333,0.1667,0.1397
stopwords,bm25,2,1,175,0.1000,0.2000,0.1333,0.0555,0.0333,0.1667,0.1331
stopwords,bm25,2,1,176,0.1000,0.1429,0.1176,0.1206,0.0714,0.5000,0.2092
stopwords,bm25,2,1,177,0.3000,0.6000,0.4000,0.4083,0.2800,0.5000,0.4005
stopwords,bm25,2,1,178,0.3000,0.7500,0.4286,0.4804,0.4571,1.0000,0.8161
stopwords,bm25,2,1,179,0.2000,0.5000,0.2857,0.2044,0.1964,0.5000,0.3764
stopwords,bm25,2,1,180,0.3000,0.4286,0.3529,0.3845,0.2738,0.5000,0.3365
stopwords,bm25,2,1,181,0.2000,0.4000,0.2667,0.3644,0.3333,1.0000,0.4360
stopwords,bm25,2,1,182,0.1000,0.5000,0.1667,0.3167,0.2500,0.5000,0.4796
stopwords,bm25,2,1,183,0.4000,0.3077,0.3478,0.2163,0.1535,0.5000,0.2363
stopwords,bm25,2,1,184,0.1000,0.1429,0.1176,0.0788,0.0204,0.1429,0.0960
stopwords,bm25,2,1,185,0.6000,0.6667,0.6316,0.8196,0.6296,1.0000,0.7555
stopwords,bm25,2,1,186,0.5000,0.3125,0.3846,0.1936,0.1746,0.5000,0.4669
stopwords,bm25,2,1,187,0.2000,0.3333,0.2500,0.1611,0.1250,0.5000,0.3027
stopwords,bm25,2,1,188,0.4000,0.3636,0.3810,0.3267,0.2563,1.0000,0.5179
stopwords,bm25,2,1,189,0.1000,0.1111,0.1053,0.1029,0.0556,0.5000,0.1220
stopwords,bm25,2,1,190,0.2000,0.4000,0.2667,0.4571,0.3333,1.0000,0.4141
stopwords,bm25,2,1,191,0.6000,0.4615,0.5217,0.5320,0.2920,1.0000,0.4251
stopwords,bm25,2,1,192,0.2000,0.5000,0.2857,0.1964,0.1548,0.3333,0.3253
stopwords,bm25,2,1,193,0.8000,0.8889,0.8421,0.7596,0.7576,1.0000,0.7535
stopwords,bm25,2,1,194,0.2000,0.3333,0.2500,0.2272,0.1222,0.3333,0.1573
stopwords,bm25,2,1,195,0.0000,0.0000,0.0000,0.0402,0.0000,0.0455,0.0000
stopwords,bm25,2,1,196,0.2000,0.1667,0.1818,0.1553,0.1111,1.0000,0.3085
stopwords,bm25,2,1,197,0.3000,1.0000,0.4615,0.6667,0.6667,1.0000,0.7796
stopwords,bm25,2,1,198,0.3000,0.7500,0.4286,0.2607,0.2556,0.5000,0.4651
stopwords,bm25,2,1,199,0.0000,0.0000,0.0000,0.0433,0.0000,0.0476,0.0000
stopwords,bm25,2,1,200,0.1000,0.3333,0.1538,0.2384,0.1667,0.5000,0.2961
stopwords,bm25,2,1,201,0.4000,0.2500,0.3077,0.3155,0.1729,1.0000,0.5247
stopwords,bm25,2,1,202,0.3000,0.2143,0.2500,0.1344,0.1000,0.5000,0.1279
stopwords,bm25,2,1,203,0.3000,0.2143,0.2500,0.1730,0.1262,0.5000,0.3710
stopwords,bm25,2,1,204,0.1000,0.0714,0.0833,0.0525,0.0238,0.3333,0.1717
stopwords,bm25,2,1,205,0.0000,0.0000,0.0000,0.0326,0.0000,0.0417,0.0000
stopwords,bm25,2,1,206,0.2000,0.6667,0.3077,0.2806,0.2778,0.5000,0.5025
stopwords,bm25,2,1,207,0.0000,0.0000,0.0000,0.0068,0.0000,0.0057,0.0000
stopwords,bm25,2,1,208,0.4000,0.6667,0.5000,0.3665,0.3444,0.5000,0.6056
stopwords,bm25,2,1,209,0.3000,0.2500,0.2727,0.2133,0.1472,0.5000,0.2584
stopwords,bm25,2,1,210,0.2000,0.3333,0.2500,0.3491,0.2778,1.0000,0.4826
stopwords,bm25,2,1,211,0.1000,0.0909,0.0952,0.1980,0.0909,1.0000,0.1096
stopwords,bm25,2,1,212,0.6000,0.4286,0.5000,0.5496,0.3486,1.0000,0.5225
stopwords,bm25,2,1,213,0.6000,0.5455,0.5714,0.5243,0.4227,1.0000,0.6967
stopwords,bm25,2,1,214,0.1000,0.2500,0.1429,0.1592,0.1250,0.5000,0.2463
stopwords,bm25,2,1,215,0.0000,0.0000,0.0000,0.0340,0.0000,0.0417,0.0000
stopwords,bm25,2,1,216,0.0000,0.0000,0.0000,0.0022,0.0000,0.0022,0.0000
stopwords,bm25,2,1,217,0.1000,0.0667,0.0800,0.1062,0.0222,0.3333,0.1412
stopwords,bm25,2,1,218,0.2000,0.1333,0.1600,0.1184,0.0356,0.2000,0.1113
stopwords,bm25,2,1,219,0.0000,0.0000,0.0000,0.0358,0.0000,0.0263,0.0000
stopwords,bm25,2,1,220,0.3000,0.1579,0.2069,0.1706,0.0539,0.2500,0.1753
stopwords,bm25,2,1,221,0.3000,0.1667,0.2143,0.1531,0.0889,0.5000,0.2198
stopwords,bm25,2,1,222,0.4000,0.4444,0.4211,0.3617,0.3019,0.5000,0.4716
stopwords,bm25,2,1,223,0.1000,0.2500,0.1429,0.3570,0.2500,1.0000,0.3904
stopwords,bm25,2,1,224,0.3000,0.3750,0.3333,0.2013,0.0809,0.1250,0.1989
stopwords,bm25,2,1,225,0.2000,0.0833,0.1176,0.0544,0.0327,0.5000,0.1157
stemming,vector,,,1,0.3000,0.1071,0.1579,0.2034,0.0670,1.0000,0.2744
stemming,vector,,,2,0.4000,0.1667,0.2353,0.2049,0.1417,1.0000,0.5442
stemming,vector,,,3,0.7000,0.8750,0.7778,0.6348,0.6250,0.5000,0.7359
stemming,vector,,,4,0.1000,0.5000,0.1667,0.5333,0.5000,1.0000,0.6131
stemming,vector,,,5,0.2000,0.5000,0.2857,0.2083,0.1333,0.2000,0.2695
stemming,vector,,,6,0.1000,0.2500,0.1429,0.0506,0.0312,0.1250,0.1030
stemming,vector,,,7,0.2000,0.4000,0.2667,0.2582,0.2333,0.5000,0.3474
stemming,vector,,,8,0.1000,0.0909,0.0952,0.1255,0.0227,0.2500,0.1150
stemming,vector,,,9,0.2000,0.6667,0.3077,0.4766,0.4667,1.0000,0.6508
stemming,vector,,,10,0.3000,0.3750,0.3333,0.1998,0.1577,0.5000,0.3118
stemming,vector,,,11,0.1000,0.1429,0.1176,0.1348,0.0476,0.3333,0.0807
stemming,vector,,,12,0.2000,0.4000,0.2667,0.1385,0.1071,0.2500,0.2840
stemming,vector,,,13,0.0000,0.0000,0.0000,0.0034,0.0000,0.0036,0.0000
stemming,vector,,,14,0.0000,0.0000,0.0000,0.0758,0.0000,0.0909,0.0000
stemming,vector,,,15,0.2000,1.0000,0.3333,0.7000,0.7000,1.0000,0.6742
stemming,vector,,,16,0.1000,0.3333,0.1538,0.2001,0.1667,0.5000,0.2398
stemming,vector,,,17,0.1000,0.5000,0.1667,0.5085,0.5000,1.0000,0.7039
stemming,vector,,,18,0.1000,0.3333,0.1538,0.0995,0.0833,0.2500,0.2021
stemming,vector,,,19,0.1000,0.1111,0.1053,0.0254,0.0139,0.1250,0.0629
stemming,vector,,,20,0.6000,0.6667,0.6316,0.4809,0.3694,0.3333,0.5355
stemming,vector,,,21,0.1000,0.2500,0.1429,0.1165,0.0278,0.1111,0.1094
stemming,vector,,,22,0.0000,0.0000,0.0000,0.0018,0.0000,0.0018,0.0000
stemming,vector,,,23,0.4000,0.1250,0.1905,0.1735,0.0595,0.3333,0.3076
stemming,vector,,,24,0.2000,0.6667,0.3077,0.3091,0.3000,0.5000,0.5181
stemming,vector,,,25,0.5000,0.5556,0.5263,0.6307,0.5148,1.0000,0.6419
stemming,vector,,,26,0.2000,0.3333,0.2500,0.1505,0.0889,0.3333,0.2734
stemming,vector,,,27,0.1000,0.3333,0.1538,0.0810,0.0667,0.2000,0.2206
stemming,vector,,,28,0.0000,0.0000,0.0000,0.0050,0.0000,0.0042,0.0000
stemming,vector,,,29,0.4000,0.4444,0.4211,0.4390,0.3549,1.0000,0.5027
stemming,vector,,,30,0.0000,0.0000,0.0000,0.0503,0.0000,0.0526,0.0000
stemming,vector,,,31,0.0000,0.0000,0.0000,0.0007,0.0000,0.0007,0.0000
stemming,vector,,,32,0.0000,0.0000,0.0000,0.0163,0.0000,0.0208,0.0000
stemming,vector,,,33,0.2000,0.6667,0.3077,0.4167,0.3889,0.5000,0.4335
stemming,vector,,,34,0.2000,0.3333,0.2500,0.2129,0.0704,0.2000,0.1598
stemming,vector,,,35,0.0000,0.0000,0.0000,0.0257,0.0000,0.0357,0.0000
stemming,vector,,,36,0.2000,1.0000,0.3333,0.3611,0.3611,0.5000,0.5080
stemming,vector,,,37,0.1000,0.1111,0.1053,0.0720,0.0111,0.1000,0.0570
stemming,vector,,,38,0.0000,0.0000,0.0000,0.0396,0.0000,0.0385,0.0000
stemming,vector,,,39,0.2000,0.1538,0.1739,0.1475,0.0604,0.5000,0.1343
stemming,vector,,,40,0.0000,0.0000,0.0000,0.0357,0.0000,0.0526,0.0000
stemming,vector,,,41,0.3000,1.0000,0.4615,0.7917,0.7917,1.0000,0.8917
stemming,vector,,,42,0.3000,0.6000,0.4000,0.1903,0.1721,0.2000,0.3666
stemming,vector,,,43,0.3000,0.5000,0.3750,0.4326,0.3194,0.5000,0.4954
stemming,vector,,,44,0.0000,0.0000,0.0000,0.0023,0.0000,0.0013,0.0000
stemming,vector,,,45,0.3000,0.2500,0.2727,0.2357,0.1750,1.0000,0.4685
stemming,vector,,,46,0.4000,0.2667,0.3200,0.2432,0.1511,0.5000,0.2904
stemming,vector,,,47,0.4000,0.2857,0.3333,0.2808,0.1310,0.3333,0.3439
stemming,vector,,,48,0.2000,0.1818,0.1905,0.1262,0.0758,0.3333,0.2104
stemming,vector,,,49,0.1000,0.5000,0.1667,0.2635,0.2500,0.5000,0.4796
stemming,vector,,,50,0.1000,0.1667,0.1250,0.0954,0.0833,0.5000,0.2882
stemming,vector,,,51,0.4000,0.4000,0.4000,0.4563,0.3250,1.0000,0.4195
stemming,vector,,,52,0.4000,1.0000,0.5714,0.8542,0.8542,1.0000,0.7699
stemming,vector,,,53,0.2000,0.2000,0.2000,0.2692,0.1667,1.0000,0.2429
stemming,vector,,,54,0.2000,0.2222,0.2105,0.1537,0.0926,0.5000,0.2930
stemming,vector,,,55,0.2000,0.2000,0.2000,0.1879,0.1000,0.5000,0.1739
stemming,vector,,,56,0.1000,0.1000,0.1000,0.0804,0.0200,0.2000,0.0504
stemming,vector,,,57,0.1000,0.0714,0.0833,0.0978,0.0238,0.3333,0.0617
stemming,vector,,,58,0.2000,0.2222,0.2105,0.2253,0.0926,0.5000,0.3333
stemming,vector,,,59,0.1000,0.2500,0.1429,0.0924,0.0417,0.1667,0.1163
stemming,vector,,,60,0.3000,0.6000,0.4000,0.5363,0.5200,1.0000,0.5600
stemming,vector,,,61,0.3000,0.6000,0.4000,0.3002,0.2524,0.3333,0.4707
stemming,vector,,,62,0.0000,0.0000,0.0000,0.0302,0.0000,0.0588,0.0000
stemming,vector,,,63,0.0000,0.0000,0.0000,0.0207,0.0000,0.0164,0.0000
stemming,vector,,,64,0.2000,1.0000,0.3333,0.6250,0.6250,1.0000,0.8394
stemming,vector,,,65,0.5000,0.3333,0.4000,0.3698,0.2922,1.0000,0.5813
stemming,vector,,,66,0.1000,0.2000,0.1333,0.1478,0.0667,0.3333,0.1993
stemming,vector,,,67,0.7000,0.5000,0.5833,0.6220,0.5000,1.0000,0.7484
stemming,vector,,,68,0.1000,0.2000,0.1333,0.0781,0.0400,0.2000,0.1683
stemming,vector,,,69,0.0000,0.0000,0.0000,0.0272,0.0000,0.0500,0.0000
stemming,vector,,,70,0.1000,0.1000,0.1000,0.0572,0.0167,0.1667,0.0865
stemming,vector,,,71,0.0000,0.0000,0.0000,0.0350,0.0000,0.0294,0.0000
stemming,vector,,,72,0.1000,0.0588,0.0741,0.0907,0.0074,0.1250,0.0594
stemming,vector,,,73,0.5000,0.2500,0.3333,0.3173,0.2053,1.0000,0.5686
stemming,vector,,,74,0.1000,0.1667,0.1250,0.0934,0.0185,0.1111,0.1278
stemming,vector,,,75,0.0000,0.0000,0.0000,0.0391,0.0000,0.0909,0.0000
stemming,vector,,,76,0.2000,0.2857,0.2353,0.1801,0.1000,0.5000,0.2066
stemming,vector,,,77,0.4000,0.6667,0.5000,0.5313,0.4000,1.0000,0.4614
stemming,vector,,,78,0.3000,1.0000,0.4615,0.3869,0.3869,0.5000,0.5464
stemming,vector,,,79,0.0000,0.0000,0.0000,0.0430,0.0000,0.0714,0.0000
stemming,vector,,,80,0.0000,0.0000,0.0000,0.0171,0.0000,0.0189,0.0000
stemming,vector,,,81,0.2000,1.0000,0.3333,0.6667,0.6667,1.0000,0.5236
stemming,vector,,,82,0.3000,0.6000,0.4000,0.5251,0.5000,1.0000,0.6591
stemming,vector,,,83,0.1000,0.2500,0.1429,0.2606,0.2500,1.0000,0.3904
stemming,vector,,,84,0.4000,0.3636,0.3810,0.2993,0.2273,1.0000,0.3375
stemming,vector,,,85,0.1000,0.2500,0.1429,0.0652,0.0500,0.2000,0.0998
stemming,vector,,,86,0.2000,1.0000,0.3333,0.5833,0.5833,0.5000,0.6934
stemming,vector,,,87,0.0000,0.0000,0.0000,0.0157,0.0000,0.0130,0.0000
stemming,vector,,,88,0.6000,1.0000,0.7500,0.8556,0.8556,1.0000,0.9526
stemming,vector,,,89,0.1000,0.1667,0.1250,0.1566,0.0556,0.3333,0.2123
stemming,vector,,,90,0.3000,0.2308,0.2609,0.2564,0.1474,0.5000,0.2140
stemming,vector,,,91,0.3000,0.3333,0.3158,0.2120,0.1157,0.3333,0.2751
stemming,vector,,,92,0.7000,0.5385,0.6087,0.6102,0.4609,1.0000,0.4778
stemming,vector,,,93,0.1000,1.0000,0.1818,0.5000,0.5000,0.5000,0.6309
stemming,vector,,,94,0.4000,0.3333,0.3636,0.4376,0.2847,1.0000,0.4641
stemming,vector,,,95,0.1000,0.5000,0.1667,0.1970,0.1667,0.3333,0.1080
stemming,vector,,,96,0.3000,0.2308,0.2609,0.2462,0.0949,0.5000,0.2277
stemming,vector,,,97,0.2000,0.2000,0.2000,0.1573,0.0833,0.3333,0.1664
stemming,vector,,,98,0.0000,0.0000,0.0000,0.0118,0.0000,0.0122,0.0000
stemming,vector,,,99,0.2000,0.5000,0.2857,0.2257,0.1750,0.5000,0.4086
stemming,vector,,,100,0.2000,0.2222,0.2105,0.2062,0.1111,0.5000,0.2877
stemming,vector,,,101,0.5000,0.8333,0.6250,0.5903,0.5347,0.5000,0.6573
stemming,vector,,,102,0.2000,0.5000,0.2857,0.4423,0.4167,1.0000,0.5462
stemming,vector,,,103,0.0000,0.0000,0.0000,0.0116,0.0000,0.0208,0.0000
stemming,vector,,,104,0.1000,0.2000,0.1333,0.0637,0.0200,0.1000,0.0980
stemming,vector,,,105,0.3000,0.6000,0.4000,0.5138,0.4833,1.0000,0.7422
stemming,vector,,,106,0.2000,0.4000,0.2667,0.3819,0.2667,1.0000,0.5521
stemming,vector,,,107,0.3000,0.4286,0.3529,0.3102,0.2279,0.5000,0.3147
stemming,vector,,,108,0.6000,0.8571,0.7059,0.8393,0.7560,1.0000,0.8440
stemming,vector,,,109,0.0000,0.0000,0.0000,0.0285,0.0000,0.0263,0.0000
stemming,vector,,,110,0.1000,0.2500,0.1429,0.2807,0.2500,1.0000,0.5029
stemming,vector,,,111,0.4000,0.5714,0.4706,0.3269,0.1813,0.2500,0.3691
stemming,vector,,,112,0.1000,0.5000,0.1667,0.1845,0.1667,0.3333,0.1900
stemming,vector,,,113,0.2000,0.5000,0.2857,0.1473,0.1333,0.3333,0.3080
stemming,vector,,,114,0.1000,0.2500,0.1429,0.0689,0.0417,0.1667,0.1838
stemming,vector,,,115,0.0000,0.0000,0.0000,0.0189,0.0000,0.0588,0.0000
stemming,vector,,,116,0.0000,0.0000,0.0000,0.0291,0.0000,0.0476,0.0000
stemming,vector,,,117,0.0000,0.0000,0.0000,0.0310,0.0000,0.0400,0.0000
stemming,vector,,,118,0.2000,0.6667,0.3077,0.1942,0.1619,0.2000,0.3473
stemming,vector,,,119,0.1000,1.0000,0.1818,0.2000,0.2000,0.2000,0.3869
stemming,vector,,,120,0.6000,0.6667,0.6316,0.5539,0.4778,0.5000,0.6316
stemming,vector,,,121,0.5000,0.7143,0.5882,0.6885,0.5786,1.0000,0.6998
stemming,vector,,,122,0.3000,0.3333,0.3158,0.1820,0.1019,0.3333,0.2091
stemming,vector,,,123,0.1000,0.5000,0.1667,0.1083,0.0833,0.1667,0.2507
stemming,vector,,,124,0.0000,0.0000,0.0000,0.0033,0.0000,0.0038,0.0000
stemming,vector,,,125,0.3000,0.1765,0.2222,0.2291,0.0863,0.5000,0.3034
stemming,vector,,,126,0.2000,0.2500,0.2222,0.1439,0.1250,0.5000,0.3339
stemming,vector,,,127,0.1000,0.2000,0.1333,0.0628,0.0400,0.2000,0.1153
stemming,vector,,,128,0.0000,0.0000,0.0000,0.0142,0.0000,0.0233,0.0000
stemming,vector,,,129,0.4000,0.5714,0.4706,0.4171,0.3690,0.5000,0.5392
stemming,vector,,,130,0.3000,0.6000,0.4000,0.4091,0.3333,0.5000,0.4829
stemming,vector,,,131,0.1000,0.1250,0.1111,0.2357,0.0179,0.1429,0.0361
stemming,vector,,,132,0.8000,0.5333,0.6400,0.7233,0.4474,1.0000,0.7402
stemming,vector,,,133,0.1000,0.1429,0.1176,0.1915,0.0143,0.1000,0.0310
stemming,vector,,,134,0.1000,0.5000,0.1667,0.1458,0.0833,0.1667,0.1672
stemming,vector,,,135,0.3000,0.3750,0.3333,0.5686,0.3250,1.0000,0.2902
stemming,vector,,,136,0.1000,0.3333,0.1538,0.2097,0.1667,0.5000,0.4919
stemming,vector,,,137,0.3000,0.7500,0.4286,0.3228,0.2458,0.2500,0.3654
stemming,vector,,,138,0.1000,0.5000,0.1667,0.1156,0.0833,0.1667,0.2184
stemming,vector,,,139,0.0000,0.0000,0.0000,0.0097,0.0000,0.0111,0.0000
stemming,vector,,,140,0.2000,0.3333,0.2500,0.1541,0.1310,0.5000,0.3835
stemming,vector,,,141,0.2000,0.3333,0.2500,0.3260,0.2500,1.0000,0.4899
stemming,vector,,,142,0.0000,0.0000,0.0000,0.0769,0.0000,0.0769,0.0000
stemming,vector,,,143,0.1000,0.5000,0.1667,0.2436,0.1667,0.3333,0.3066
stemming,vector,,,144,0.5000,0.8333,0.6250,0.6446,0.5537,1.0000,0.7896
stemming,vector,,,145,0.4000,0.5714,0.4706,0.4327,0.3873,1.0000,0.5854
stemming,vector,,,146,0.2000,1.0000,0.3333,0.8333,0.8333,1.0000,0.7602
stemming,vector,,,147,0.3000,0.3000,0.3000,0.2473,0.1500,0.5000,0.2980
stemming,vector,,,148,0.3000,0.5000,0.3750,0.4621,0.4167,1.0000,0.6413
stemming,vector,,,149,0.4000,0.3636,0.3810,0.3852,0.2182,1.0000,0.4600
stemming,vector,,,150,0.2000,1.0000,0.3333,0.5833,0.5833,0.5000,0.6934
stemming,vector,,,151,0.0000,0.0000,0.0000,0.0248,0.0000,0.0270,0.0000
stemming,vector,,,152,0.0000,0.0000,0.0000,0.0080,0.0000,0.0082,0.0000
stemming,vector,,,153,0.3000,0.4286,0.3529,0.2148,0.1905,0.3333,0.2882
stemming,vector,,,154,0.2000,1.0000,0.3333,0.5833,0.5833,0.5000,0.6480
stemming,vector,,,155,0.3000,0.5000,0.3750,0.4081,0.4028,1.0000,0.3784
stemming,vector,,,156,0.6000,0.4286,0.5000,0.5429,0.4286,1.0000,0.5500
stemming,vector,,,157,0.5000,0.1282,0.2041,0.2106,0.0573,0.3333,0.3551
stemming,vector,,,158,0.1000,0.1250,0.1111,0.1847,0.1250,1.0000,0.3630
stemming,vector,,,159,0.1000,0.1250,0.1111,0.0598,0.0125,0.1000,0.0398
stemming,vector,,,160,0.1000,0.2000,0.1333,0.0709,0.0500,0.2500,0.1696
stemming,vector,,,161,0.3000,0.5000,0.3750,0.5020,0.4583,1.0000,0.6566
stemming,vector,,,162,0.3000,0.3750,0.3333,0.1841,0.1146,0.3333,0.2203
stemming,vector,,,163,0.2000,0.6667,0.3077,0.3952,0.3889,0.5000,0.5307
stemming,vector,,,164,0.3000,0.3750,0.3333,0.3421,0.2396,0.5000,0.4024
stemming,vector,,,165,0.2000,1.0000,0.3333,0.3929,0.3929,0.5000,0.5912
stemming,vector,,,166,0.0000,0.0000,0.0000,0.0237,0.0000,0.0476,0.0000
stemming,vector,,,167,0.1000,0.5000,0.1667,0.1484,0.0714,0.1429,0.2346
stemming,vector,,,168,0.2000,1.0000,0.3333,0.2250,0.2250,0.2000,0.4306
stemming,vector,,,169,0.3000,0.7500,0.4286,0.2095,0.2083,0.2500,0.4088
stemming,vector,,,170,0.3000,0.5000,0.3750,0.4643,0.4028,1.0000,0.5900
stemming,vector,,,171,0.2000,0.6667,0.3077,0.4930,0.4667,1.0000,0.6246
stemming,vector,,,172,0.4000,1.0000,0.5714,0.6792,0.6792,0.5000,0.7180
stemming,vector,,,173,0.2000,1.0000,0.3333,0.5833,0.5833,0.5000,0.6934
stemming,vector,,,174,0.2000,0.4000,0.2667,0.1915,0.1667,0.5000,0.3870
stemming,vector,,,175,0.1000,0.2000,0.1333,0.0745,0.0250,0.1250,0.1179
stemming,vector,,,176,0.0000,0.0000,0.0000,0.0403,0.0000,0.0526,0.0000
stemming,vector,,,177,0.5000,1.0000,0.6667,0.8529,0.8529,1.0000,0.8911
stemming,vector,,,178,0.3000,0.7500,0.4286,0.4511,0.4167,1.0000,0.8096
stemming,vector,,,179,0.2000,0.5000,0.2857,0.2582,0.2500,0.5000,0.4144
stemming,vector,,,180,0.3000,0.4286,0.3529,0.3364,0.2524,0.5000,0.3497
stemming,vector,,,181,0.1000,0.2000,0.1333,0.2677,0.2000,1.0000,0.2491
stemming,vector,,,182,0.2000,1.0000,0.3333,0.5833,0.5833,0.5000,0.6697
stemming,vector,,,183,0.8000,0.6154,0.6957,0.6555,0.6154,1.0000,0.4375
stemming,vector,,,184,0.2000,0.2857,0.2353,0.1668,0.1000,0.5000,0.2650
stemming,vector,,,185,0.6000,0.6667,0.6316,0.6687,0.4720,1.0000,0.6308
stemming,vector,,,186,0.5000,0.3125,0.3846,0.2501,0.2258,1.0000,0.5677
stemming,vector,,,187,0.2000,0.3333,0.2500,0.1836,0.1222,0.3333,0.2837
stemming,vector,,,188,0.3000,0.2727,0.2857,0.4233,0.2727,1.0000,0.4633
stemming,vector,,,189,0.0000,0.0000,0.0000,0.0694,0.0000,0.0833,0.0000
stemming,vector,,,190,0.4000,0.8000,0.5333,0.6367,0.5533,1.0000,0.6194
stemming,vector,,,191,0.6000,0.4615,0.5217,0.5637,0.3417,1.0000,0.3545
stemming,vector,,,192,0.3000,0.7500,0.4286,0.4687,0.4417,0.5000,0.5925
stemming,vector,,,193,0.7000,0.7778,0.7368,0.7183,0.6565,1.0000,0.6761
stemming,vector,,,194,0.0000,0.0000,0.0000,0.0983,0.0000,0.0667,0.0000
stemming,vector,,,195,0.0000,0.0000,0.0000,0.0524,0.0000,0.0909,0.0000
stemming,vector,,,196,0.3000,0.2500,0.2727,0.2508,0.2014,1.0000,0.3151
stemming,vector,,,197,0.3000,1.0000,0.4615,0.7917,0.7917,1.0000,0.8597
stemming,vector,,,198,0.3000,0.7500,0.4286,0.5838,0.5750,1.0000,0.7542
stemming,vector,,,199,0.3000,0.3750,0.3333,0.1538,0.1190,0.3333,0.2522
stemming,vector,,,200,0.2000,0.6667,0.3077,0.3056,0.2500,0.5000,0.4441
stemming,vector,,,201,0.4000,0.2500,0.3077,0.3319,0.2153,1.0000,0.5365
stemming,vector,,,202,0.3000,0.2143,0.2500,0.1809,0.0631,0.3333,0.1028
stemming,vector,,,203,0.2000,0.1429,0.1667,0.0915,0.0397,0.3333,0.1958
stemming,vector,,,204,0.1000,0.0714,0.0833,0.0421,0.0143,0.2000,0.1328
stemming,vector,,,205,0.2000,1.0000,0.3333,0.3611,0.3611,0.5000,0.5714
stemming,vector,,,206,0.2000,0.6667,0.3077,0.1633,0.1619,0.2000,0.3666
stemming,vector,,,207,0.0000,0.0000,0.0000,0.0055,0.0000,0.0065,0.0000
stemming,vector,,,208,0.3000,0.5000,0.3750,0.3394,0.2944,0.5000,0.5175
stemming,vector,,,209,0.1000,0.0833,0.0909,0.1157,0.0208,0.2500,0.0439
stemming,vector,,,210,0.2000,0.3333,0.2500,0.3898,0.3333,1.0000,0.5367
stemming,vector,,,211,0.1000,0.0909,0.0952,0.1805,0.0909,1.0000,0.1096
stemming,vector,,,212,0.5000,0.3571,0.4167,0.4959,0.3304,1.0000,0.5754
stemming,vector,,,213,0.5000,0.4545,0.4762,0.4696,0.2767,0.5000,0.5129
stemming,vector,,,214,0.1000,0.2500,0.1429,0.1750,0.1250,0.5000,0.2463
stemming,vector,,,215,0.0000,0.0000,0.0000,0.0417,0.0000,0.0500,0.0000
stemming,vector,,,216,0.0000,0.0000,0.0000,0.0018,0.0000,0.0018,0.0000
stemming,vector,,,217,0.2000,0.1333,0.1600,0.1350,0.0556,0.5000,0.1897
stemming,vector,,,218,0.2000,0.1333,0.1600,0.1339,0.0500,0.5000,0.1418
stemming,vector,,,219,0.0000,0.0000,0.0000,0.0364,0.0000,0.0222,0.0000
stemming,vector,,,220,0.1000,0.0526,0.0690,0.1022,0.0066,0.1250,0.0589
stemming,vector,,,221,0.2000,0.1111,0.1429,0.1441,0.0437,0.5000,0.1422
stemming,vector,,,222,0.5000,0.5556,0.5263,0.6240,0.4639,1.0000,0.6261
stemming,vector,,,223,0.2000,0.5000,0.2857,0.4404,0.3750,1.0000,0.5585
stemming,vector,,,224,0.0000,0.0000,0.0000,0.0798,0.0000,0.0909,0.0000
stemming,vector,,,225,0.2000,0.0833,0.1176,0.0581,0.0347,0.5000,0.1197
stemming,bm25,0.5,0,1,0.3000,0.1071,0.1579,0.1154,0.0440,0.5000,0.1769
stemming,bm25,0.5,0,2,0.4000,0.1667,0.2353,0.1749,0.1141,1.0000,0.4591
stemming,bm25,0.5,0,3,0.4000,0.5000,0.4444,0.2868,0.1765,0.2500,0.3565
stemming,bm25,0.5,0,4,0.1000,0.5000,0.1667,0.2669,0.2500,0.5000,0.3869
stemming,bm25,0.5,0,5,0.3000,0.7500,0.4286,0.4328,0.4167,1.0000,0.5520
stemming,bm25,0.5,0,6,0.1000,0.2500,0.1429,0.1150,0.0833,0.3333,0.1633
stemming,bm25,0.5,0,7,0.2000,0.4000,0.2667,0.1468,0.1300,0.2500,0.2512
stemming,bm25,0.5,0,8,0.1000,0.0909,0.0952,0.0901,0.0455,0.5000,0.1684
stemming,bm25,0.5,0,9,0.2000,0.6667,0.3077,0.2141,0.1944,0.2500,0.3693
stemming,bm25,0.5,0,10,0.1000,0.1250,0.1111,0.1139,0.0625,0.5000,0.1323
stemming,bm25,0.5,0,11,0.2000,0.2857,0.2353,0.1379,0.0675,0.2500,0.2360
stemming,bm25,0.5,0,12,0.0000,0.0000,0.0000,0.0370,0.0000,0.0833,0.0000
stemming,bm25,0.5,0,13,0.0000,0.0000,0.0000,0.0029,0.0000,0.0016,0.0000
stemming,bm25,0.5,0,14,0.0000,0.0000,0.0000,0.0510,0.0000,0.0909,0.0000
stemming,bm25,0.5,0,15,0.2000,1.0000,0.3333,0.7500,0.7500,1.0000,0.7075
stemming,bm25,0.5,0,16,0.2000,0.6667,0.3077,0.1255,0.1157,0.1250,0.2943
stemming,bm25,0.5,0,17,0.0000,0.0000,0.0000,0.0313,0.0000,0.0455,0.0000
stemming,bm25,0.5,0,18,0.1000,0.3333,0.1538,0.3595,0.3333,1.0000,0.4693
stemming,bm25,0.5,0,19,0.0000,0.0000,0.0000,0.0112,0.0000,0.0145,0.0000
stemming,bm25,0.5,0,20,0.4000,0.4444,0.4211,0.2757,0.1910,0.5000,0.3841
stemming,bm25,0.5,0,21,0.0000,0.0000,0.0000,0.0229,0.0000,0.0278,0.0000
stemming,bm25,0.5,0,22,0.0000,0.0000,0.0000,0.0015,0.0000,0.0015,0.0000
stemming,bm25,0.5,0,23,0.1000,0.0312,0.0476,0.1136,0.0156,0.5000,0.1654
stemming,bm25,0.5,0,24,0.2000,0.6667,0.3077,0.2932,0.2778,0.3333,0.4738
stemming,bm25,0.5,0,25,0.6000,0.6667,0.6316,0.6495,0.6111,1.0000,0.7822
stemming,bm25,0.5,0,26,0.2000,0.3333,0.2500,0.1515,0.1222,0.3333,0.3073
stemming,bm25,0.5,0,27,0.0000,0.0000,0.0000,0.0389,0.0000,0.0667,0.0000
stemming,bm25,0.5,0,28,0.0000,0.0000,0.0000,0.0032,0.0000,0.0025,0.0000
stemming,bm25,0.5,0,29,0.3000,0.3333,0.3158,0.2806,0.1958,1.0000,0.2373
stemming,bm25,0.5,0,30,0.1000,0.1429,0.1176,0.0566,0.0179,0.1250,0.0695
stemming,bm25,0.5,0,31,0.0000,0.0000,0.0000,0.0007,0.0000,0.0007,0.0000
stemming,bm25,0.5,0,32,0.0000,0.0000,0.0000,0.0095,0.0000,0.0056,0.0000
stemming,bm25,0.5,0,33,0.2000,0.6667,0.3077,0.4658,0.3889,0.5000,0.4683
stemming,bm25,0.5,0,34,0.1000,0.1667,0.1250,0.1483,0.0238,0.1429,0.0774
stemming,bm25,0.5,0,35,0.0000,0.0000,0.0000,0.0225,0.0000,0.0417,0.0000
stemming,bm25,0.5,0,36,0.1000,0.5000,0.1667,0.2620,0.2500,0.5000,0.2961
stemming,bm25,0.5,0,37,0.0000,0.0000,0.0000,0.0327,0.0000,0.0200,0.0000
stemming,bm25,0.5,0,38,0.1000,0.1000,0.1000,0.0663,0.0100,0.1000,0.0715
stemming,bm25,0.5,0,39,0.2000,0.1538,0.1739,0.1036,0.0449,0.3333,0.1833
stemming,bm25,0.5,0,40,0.2000,0.1667,0.1818,0.1462,0.0972,0.5000,0.1777
stemming,bm25,0.5,0,41,0.3000,1.0000,0.4615,0.7667,0.7667,1.0000,0.8785
stemming,bm25,0.5,0,42,0.2000,0.4000,0.2667,0.1262,0.0833,0.1667,0.2063
stemming,bm25,0.5,0,43,0.3000,0.5000,0.3750,0.2875,0.2381,0.5000,0.4519
stemming,bm25,0.5,0,44,0.0000,0.0000,0.0000,0.0021,0.0000,0.0012,0.0000
stemming,bm25,0.5,0,45,0.1000,0.0833,0.0909,0.1025,0.0278,0.3333,0.1400
stemming,bm25,0.5,0,46,0.5000,0.3333,0.4000,0.4027,0.3000,1.0000,0.5045
stemming,bm25,0.5,0,47,0.4000,0.2857,0.3333,0.3503,0.1576,1.0000,0.4431
stemming,bm25,0.5,0,48,0.4000,0.3636,0.3810,0.2574,0.1818,0.5000,0.3515
stemming,bm25,0.5,0,49,0.0000,0.0000,0.0000,0.0349,0.0000,0.0588,0.0000
stemming,bm25,0.5,0,50,0.0000,0.0000,0.0000,0.0220,0.0000,0.0417,0.0000
stemming,bm25,0.5,0,51,0.3000,0.3000,0.3000,0.3275,0.1929,1.0000,0.3815
stemming,bm25,0.5,0,52,0.1000,0.2500,0.1429,0.1458,0.0312,0.1250,0.1387
stemming,bm25,0.5,0,53,0.2000,0.2000,0.2000,0.2211,0.1222,1.0000,0.2595
stemming,bm25,0.5,0,54,0.3000,0.3333,0.3158,0.2235,0.1630,0.5000,0.3903
stemming,bm25,0.5,0,55,0.1000,0.1000,0.1000,0.1433,0.0143,0.1429,0.0301
stemming,bm25,0.5,0,56,0.1000,0.1000,0.1000,0.0944,0.0500,0.5000,0.0822
stemming,bm25,0.5,0,57,0.0000,0.0000,0.0000,0.0521,0.0000,0.0357,0.0000
stemming,bm25,0.5,0,58,0.1000,0.1111,0.1053,0.1911,0.1111,1.0000,0.3838
stemming,bm25,0.5,0,59,0.1000,0.2500,0.1429,0.0653,0.0250,0.1000,0.0944
stemming,bm25,0.5,0,60,0.3000,0.6000,0.4000,0.4165,0.4083,1.0000,0.5454
stemming,bm25,0.5,0,61,0.2000,0.4000,0.2667,0.4867,0.4000,1.0000,0.5451
stemming,bm25,0.5,0,62,0.0000,0.0000,0.0000,0.0138,0.0000,0.0213,0.0000
stemming,bm25,0.5,0,63,0.0000,0.0000,0.0000,0.0248,0.0000,0.0154,0.0000
stemming,bm25,0.5,0,64,0.1000,0.5000,0.1667,0.1300,0.1250,0.2500,0.2923
stemming,bm25,0.5,0,65,0.0000,0.0000,0.0000,0.0748,0.0000,0.0667,0.0000
stemming,bm25,0.5,0,66,0.0000,0.0000,0.0000,0.0373,0.0000,0.0435,0.0000
stemming,bm25,0.5,0,67,0.1000,0.0714,0.0833,0.1049,0.0238,0.3333,0.1337
stemming,bm25,0.5,0,68,0.1000,0.2000,0.1333,0.0718,0.0286,0.1429,0.1450
stemming,bm25,0.5,0,69,0.1000,0.2000,0.1333,0.0378,0.0200,0.1000,0.1214
stemming,bm25,0.5,0,70,0.1000,0.1000,0.1000,0.1578,0.1000,1.0000,0.2427
stemming,bm25,0.5,0,71,0.1000,0.1250,0.1111,0.0736,0.0312,0.2500,0.1402
stemming,bm25,0.5,0,72,0.1000,0.0588,0.0741,0.0397,0.0059,0.1000,0.0816
stemming,bm25,0.5,0,73,0.4000,0.2000,0.2667,0.3401,0.1833,1.0000,0.6199
stemming,bm25,0.5,0,74,0.1000,0.1667,0.1250,0.1271,0.0556,0.3333,0.2123
stemming,bm25,0.5,0,75,0.0000,0.0000,0.0000,0.0113,0.0000,0.0076,0.0000
stemming,bm25,0.5,0,76,0.3000,0.4286,0.3529,0.2068,0.1541,0.2500,0.3068
stemming,bm25,0.5,0,77,0.3000,0.5000,0.3750,0.2653,0.2222,0.3333,0.2501
stemming,bm25,0.5,0,78,0.2000,0.6667,0.3077,0.5588,0.5000,1.0000,0.6256
stemming,bm25,0.5,0,79,0.0000,0.0000,0.0000,0.0206,0.0000,0.0263,0.0000
stemming,bm25,0.5,0,80,0.0000,0.0000,0.0000,0.0057,0.0000,0.0064,0.0000
stemming,bm25,0.5,0,81,0.2000,1.0000,0.3333,0.6667,0.6667,1.0000,0.5236
stemming,bm25,0.5,0,82,0.1000,0.2000,0.1333,0.2796,0.2000,1.0000,0.3985
stemming,bm25,0.5,0,83,0.1000,0.2500,0.1429,0.1350,0.1250,0.5000,0.2463
stemming,bm25,0.5,0,84,0.3000,0.2727,0.2857,0.3622,0.2727,1.0000,0.3091
stemming,bm25,0.5,0,85,0.1000,0.2500,0.1429,0.0928,0.0833,0.3333,0.1290
stemming,bm25,0.5,0,86,0.2000,1.0000,0.3333,0.5833,0.5833,0.5000,0.6934
stemming,bm25,0.5,0,87,0.0000,0.0000,0.0000,0.0137,0.0000,0.0270,0.0000
stemming,bm25,0.5,0,88,0.6000,1.0000,0.7500,0.6607,0.6607,0.5000,0.7592
stemming,bm25,0.5,0,89,0.2000,0.3333,0.2500,0.1662,0.0611,0.1667,0.2330
stemming,bm25,0.5,0,90,0.3000,0.2308,0.2609,0.2375,0.1227,0.5000,0.2371
stemming,bm25,0.5,0,91,0.4000,0.4444,0.4211,0.3511,0.2698,1.0000,0.5614
stemming,bm25,0.5,0,92,0.5000,0.3846,0.4348,0.3089,0.2295,1.0000,0.3054
stemming,bm25,0.5,0,93,0.1000,1.0000,0.1818,0.5000,0.5000,0.5000,0.6309
stemming,bm25,0.5,0,94,0.5000,0.4167,0.4545,0.4566,0.3032,1.0000,0.3628
stemming,bm25,0.5,0,95,0.2000,1.0000,0.3333,0.6000,0.6000,1.0000,0.4656
stemming,bm25,0.5,0,96,0.5000,0.3846,0.4348,0.3904,0.2537,0.5000,0.5167
stemming,bm25,0.5,0,97,0.3000,0.3000,0.3000,0.2232,0.1917,0.5000,0.3046
stemming,bm25,0.5,0,98,0.0000,0.0000,0.0000,0.0150,0.0000,0.0263,0.0000
stemming,bm25,0.5,0,99,0.2000,0.5000,0.2857,0.2140,0.2083,0.3333,0.4134
stemming,bm25,0.5,0,100,0.3000,0.3333,0.3158,0.3415,0.2778,1.0000,0.5063
stemming,bm25,0.5,0,101,0.5000,0.8333,0.6250,0.4233,0.3677,0.3333,0.5373
stemming,bm25,0.5,0,102,0.1000,0.2500,0.1429,0.0643,0.0278,0.1111,0.0822
stemming,bm25,0.5,0,103,0.0000,0.0000,0.0000,0.0372,0.0000,0.0714,0.0000
stemming,bm25,0.5,0,104,0.1000,0.2000,0.1333,0.1146,0.1000,0.5000,0.2140
stemming,bm25,0.5,0,105,0.3000,0.6000,0.4000,0.4283,0.3833,0.5000,0.5553
stemming,bm25,0.5,0,106,0.3000,0.6000,0.4000,0.3256,0.2667,0.3333,0.4348
stemming,bm25,0.5,0,107,0.3000,0.4286,0.3529,0.2145,0.1361,0.3333,0.3110
stemming,bm25,0.5,0,108,0.5000,0.7143,0.5882,0.6512,0.5687,1.0000,0.7706
stemming,bm25,0.5,0,109,0.0000,0.0000,0.0000,0.0350,0.0000,0.0312,0.0000
stemming,bm25,0.5,0,110,0.0000,0.0000,0.0000,0.0274,0.0000,0.0500,0.0000
stemming,bm25,0.5,0,111,0.2000,0.2857,0.2353,0.1798,0.0884,0.3333,0.1772
stemming,bm25,0.5,0,112,0.1000,0.5000,0.1667,0.2935,0.2500,0.5000,0.2398
stemming,bm25,0.5,0,113,0.0000,0.0000,0.0000,0.0494,0.0000,0.0625,0.0000
stemming,bm25,0.5,0,114,0.0000,0.0000,0.0000,0.0225,0.0000,0.0400,0.0000
stemming,bm25,0.5,0,115,0.1000,0.2500,0.1429,0.0544,0.0417,0.1667,0.1690
stemming,bm25,0.5,0,116,0.1000,0.2000,0.1333,0.0433,0.0286,0.1429,0.0888
stemming,bm25,0.5,0,117,0.0000,0.0000,0.0000,0.0202,0.0000,0.0294,0.0000
stemming,bm25,0.5,0,118,0.2000,0.6667,0.3077,0.2248,0.2167,0.2500,0.3843
stemming,bm25,0.5,0,119,0.1000,1.0000,0.1818,0.1429,0.1429,0.1429,0.3333
stemming,bm25,0.5,0,120,0.3000,0.3333,0.3158,0.2915,0.1528,0.5000,0.3543
stemming,bm25,0.5,0,121,0.3000,0.4286,0.3529,0.3673,0.2524,0.5000,0.4270
stemming,bm25,0.5,0,122,0.0000,0.0000,0.0000,0.0454,0.0000,0.0909,0.0000
stemming,bm25,0.5,0,123,0.0000,0.0000,0.0000,0.0375,0.0000,0.0500,0.0000
stemming,bm25,0.5,0,124,0.0000,0.0000,0.0000,0.0030,0.0000,0.0026,0.0000
stemming,bm25,0.5,0,125,0.3000,0.1765,0.2222,0.2412,0.1076,1.0000,0.3896
stemming,bm25,0.5,0,126,0.2000,0.2500,0.2222,0.2654,0.2500,1.0000,0.5130
stemming,bm25,0.5,0,127,0.1000,0.2000,0.1333,0.1001,0.0286,0.1429,0.0993
stemming,bm25,0.5,0,128,0.0000,0.0000,0.0000,0.0209,0.0000,0.0370,0.0000
stemming,bm25,0.5,0,129,0.4000,0.5714,0.4706,0.3439,0.3238,0.5000,0.5096
stemming,bm25,0.5,0,130,0.4000,0.8000,0.5333,0.5227,0.5190,1.0000,0.6956
stemming,bm25,0.5,0,131,0.2000,0.2500,0.2222,0.1923,0.0521,0.1667,0.1070
stemming,bm25,0.5,0,132,0.6000,0.4000,0.4800,0.6859,0.3075,1.0000,0.4591
stemming,bm25,0.5,0,133,0.2000,0.2857,0.2353,0.3948,0.2000,1.0000,0.4459
stemming,bm25,0.5,0,134,0.1000,0.5000,0.1667,0.5123,0.5000,1.0000,0.4693
stemming,bm25,0.5,0,135,0.5000,0.6250,0.5556,0.4801,0.2827,0.5000,0.4129
stemming,bm25,0.5,0,136,0.2000,0.6667,0.3077,0.2556,0.2444,0.3333,0.4652
stemming,bm25,0.5,0,137,0.1000,0.2500,0.1429,0.1655,0.1250,0.5000,0.2061
stemming,bm25,0.5,0,138,0.1000,0.5000,0.1667,0.2778,0.2500,0.5000,0.3869
stemming,bm25,0.5,0,139,0.0000,0.0000,0.0000,0.0097,0.0000,0.0233,0.0000
stemming,bm25,0.5,0,140,0.2000,0.3333,0.2500,0.1107,0.0889,0.2000,0.2955
stemming,bm25,0.5,0,141,0.2000,0.3333,0.2500,0.3211,0.2500,1.0000,0.4899
stemming,bm25,0.5,0,142,0.0000,0.0000,0.0000,0.0500,0.0000,0.0500,0.0000
stemming,bm25,0.5,0,143,0.1000,0.5000,0.1667,0.5769,0.5000,1.0000,0.6131
stemming,bm25,0.5,0,144,0.1000,0.1667,0.1250,0.1053,0.0333,0.2000,0.0939
stemming,bm25,0.5,0,145,0.0000,0.0000,0.0000,0.0629,0.0000,0.0526,0.0000
stemming,bm25,0.5,0,146,0.2000,1.0000,0.3333,0.2667,0.2667,0.2000,0.4178
stemming,bm25,0.5,0,147,0.4000,0.4000,0.4000,0.3055,0.2583,0.5000,0.4452
stemming,bm25,0.5,0,148,0.2000,0.3333,0.2500,0.1421,0.0972,0.2500,0.2701
stemming,bm25,0.5,0,149,0.1000,0.0909,0.0952,0.1936,0.0909,1.0000,0.2201
stemming,bm25,0.5,0,150,0.2000,1.0000,0.3333,1.0000,1.0000,1.0000,1.0000
stemming,bm25,0.5,0,151,0.0000,0.0000,0.0000,0.0219,0.0000,0.0294,0.0000
stemming,bm25,0.5,0,152,0.0000,0.0000,0.0000,0.0072,0.0000,0.0069,0.0000
stemming,bm25,0.5,0,153,0.1000,0.1429,0.1176,0.0913,0.0476,0.3333,0.0807
stemming,bm25,0.5,0,154,0.2000,1.0000,0.3333,0.6000,0.6000,1.0000,0.6728
stemming,bm25,0.5,0,155,0.1000,0.1667,0.1250,0.0600,0.0278,0.1667,0.0802
stemming,bm25,0.5,0,156,0.7000,0.5000,0.5833,0.5807,0.5000,1.0000,0.5919
stemming,bm25,0.5,0,157,0.5000,0.1282,0.2041,0.2056,0.1012,1.0000,0.4795
stemming,bm25,0.5,0,158,0.1000,0.1250,0.1111,0.1815,0.1250,1.0000,0.3630
stemming,bm25,0.5,0,159,0.0000,0.0000,0.0000,0.0497,0.0000,0.0909,0.0000
stemming,bm25,0.5,0,160,0.1000,0.2000,0.1333,0.2178,0.2000,1.0000,0.3937
stemming,bm25,0.5,0,161,0.2000,0.3333,0.2500,0.3998,0.3333,1.0000,0.6526
stemming,bm25,0.5,0,162,0.1000,0.1250,0.1111,0.1621,0.0625,0.5000,0.0916
stemming,bm25,0.5,0,163,0.2000,0.6667,0.3077,0.1911,0.1786,0.2500,0.3585
stemming,bm25,0.5,0,164,0.5000,0.6250,0.5556,0.5679,0.5444,1.0000,0.7569
stemming,bm25,0.5,0,165,0.2000,1.0000,0.3333,0.5000,0.5000,0.5000,0.6509
stemming,bm25,0.5,0,166,0.0000,0.0000,0.0000,0.0352,0.0000,0.0714,0.0000
stemming,bm25,0.5,0,167,0.2000,1.0000,0.3333,1.0000,1.0000,1.0000,1.0000
stemming,bm25,0.5,0,168,0.0000,0.0000,0.0000,0.0509,0.0000,0.0833,0.0000
stemming,bm25,0.5,0,169,0.2000,0.5000,0.2857,0.2146,0.2083,0.3333,0.3633
stemming,bm25,0.5,0,170,0.3000,0.5000,0.3750,0.1998,0.1639,0.2500,0.3080
stemming,bm25,0.5,0,171,0.2000,0.6667,0.3077,0.4337,0.4074,1.0000,0.6124
stemming,bm25,0.5,0,172,0.4000,1.0000,0.5714,0.6792,0.6792,0.5000,0.6867
stemming,bm25,0.5,0,173,0.2000,1.0000,0.3333,1.0000,1.0000,1.0000,1.0000
stemming,bm25,0.5,0,174,0.0000,0.0000,0.0000,0.0330,0.0000,0.0769,0.0000
stemming,bm25,0.5,0,175,0.0000,0.0000,0.0000,0.0326,0.0000,0.0714,0.0000
stemming,bm25,0.5,0,176,0.0000,0.0000,0.0000,0.0230,0.0000,0.0263,0.0000
stemming,bm25,0.5,0,177,0.4000,0.8000,0.5333,0.5550,0.4883,1.0000,0.7553
stemming,bm25,0.5,0,178,0.2000,0.5000,0.2857,0.3807,0.3500,1.0000,0.7084
stemming,bm25,0.5,0,179,0.2000,0.5000,0.2857,0.3577,0.3500,1.0000,0.5414
stemming,bm25,0.5,0,180,0.2000,0.2857,0.2353,0.2704,0.1429,0.5000,0.3227
stemming,bm25,0.5,0,181,0.1000,0.2000,0.1333,0.2472,0.2000,1.0000,0.2491
stemming,bm25,0.5,0,182,0.2000,1.0000,0.3333,0.5833,0.5833,0.5000,0.6697
stemming,bm25,0.5,0,183,0.3000,0.2308,0.2609,0.2243,0.1218,1.0000,0.2734
stemming,bm25,0.5,0,184,0.1000,0.1429,0.1176,0.2005,0.1429,1.0000,0.2881
stemming,bm25,0.5,0,185,0.6000,0.6667,0.6316,0.8042,0.6204,1.0000,0.8244
stemming,bm25,0.5,0,186,0.4000,0.2500,0.3077,0.1448,0.1039,0.3333,0.3380
stemming,bm25,0.5,0,187,0.1000,0.1667,0.1250,0.1405,0.0833,0.5000,0.2018
stemming,bm25,0.5,0,188,0.3000,0.2727,0.2857,0.2725,0.1515,0.5000,0.3587
stemming,bm25,0.5,0,189,0.2000,0.2222,0.2105,0.1196,0.0503,0.1667,0.1356
stemming,bm25,0.5,0,190,0.2000,0.4000,0.2667,0.2655,0.2400,1.0000,0.3268
stemming,bm25,0.5,0,191,0.3000,0.2308,0.2609,0.2004,0.0512,0.1429,0.1792
stemming,bm25,0.5,0,192,0.3000,0.7500,0.4286,0.6089,0.5938,1.0000,0.7598
stemming,bm25,0.5,0,193,0.7000,0.7778,0.7368,0.7890,0.7295,1.0000,0.8283
stemming,bm25,0.5,0,194,0.3000,0.5000,0.3750,0.2691,0.2167,0.5000,0.4108
stemming,bm25,0.5,0,195,0.1000,0.3333,0.1538,0.1082,0.0833,0.2500,0.2021
stemming,bm25,0.5,0,196,0.1000,0.0833,0.0909,0.0697,0.0278,0.3333,0.0831
stemming,bm25,0.5,0,197,0.2000,0.6667,0.3077,0.4289,0.3889,0.5000,0.5249
stemming,bm25,0.5,0,198,0.2000,0.5000,0.2857,0.3607,0.3056,1.0000,0.4966
stemming,bm25,0.5,0,199,0.0000,0.0000,0.0000,0.0506,0.0000,0.0833,0.0000
stemming,bm25,0.5,0,200,0.2000,0.6667,0.3077,0.4455,0.4286,1.0000,0.6257
stemming,bm25,0.5,0,201,0.4000,0.2500,0.3077,0.3206,0.1868,1.0000,0.5452
stemming,bm25,0.5,0,202,0.3000,0.2143,0.2500,0.2023,0.1548,1.0000,0.2659
stemming,bm25,0.5,0,203,0.3000,0.2143,0.2500,0.1356,0.1101,0.5000,0.3536
stemming,bm25,0.5,0,204,0.0000,0.0000,0.0000,0.0295,0.0000,0.0147,0.0000
stemming,bm25,0.5,0,205,0.2000,1.0000,0.3333,0.6429,0.6429,1.0000,0.8175
stemming,bm25,0.5,0,206,0.2000,0.6667,0.3077,0.2081,0.2063,0.3333,0.4242
stemming,bm25,0.5,0,207,0.0000,0.0000,0.0000,0.0058,0.0000,0.0093,0.0000
stemming,bm25,0.5,0,208,0.3000,0.5000,0.3750,0.3497,0.2659,0.5000,0.4992
stemming,bm25,0.5,0,209,0.1000,0.0833,0.0909,0.0760,0.0093,0.1111,0.0614
stemming,bm25,0.5,0,210,0.2000,0.3333,0.2500,0.3531,0.2778,1.0000,0.4826
stemming,bm25,0.5,0,211,0.2000,0.1818,0.1905,0.1345,0.0636,0.5000,0.1642
stemming,bm25,0.5,0,212,0.4000,0.2857,0.3333,0.4179,0.2500,1.0000,0.4478
stemming,bm25,0.5,0,213,0.4000,0.3636,0.3810,0.5132,0.3455,1.0000,0.4988
stemming,bm25,0.5,0,214,0.1000,0.2500,0.1429,0.0803,0.0625,0.2500,0.1681
stemming,bm25,0.5,0,215,0.0000,0.0000,0.0000,0.0299,0.0000,0.0357,0.0000
stemming,bm25,0.5,0,216,0.0000,0.0000,0.0000,0.0018,0.0000,0.0018,0.0000
stemming,bm25,0.5,0,217,0.3000,0.2000,0.2400,0.1515,0.0775,0.3333,0.2193
stemming,bm25,0.5,0,218,0.4000,0.2667,0.3200,0.2193,0.0822,0.2500,0.2453
stemming,bm25,0.5,0,219,0.0000,0.0000,0.0000,0.0305,0.0000,0.0130,0.0000
stemming,bm25,0.5,0,220,0.2000,0.1053,0.1379,0.1447,0.0614,0.5000,0.1644
stemming,bm25,0.5,0,221,0.3000,0.1667,0.2143,0.1924,0.1042,1.0000,0.3113
stemming,bm25,0.5,0,222,0.6000,0.6667,0.6316,0.7838,0.6111,1.0000,0.7228
stemming,bm25,0.5,0,223,0.4000,1.0000,0.5714,0.6917,0.6917,1.0000,0.8597
stemming,bm25,0.5,0,224,0.1000,0.1250,0.1111,0.1685,0.0625,0.5000,0.1662
stemming,bm25,0.5,0,225,0.2000,0.0833,0.1176,0.0643,0.0417,0.5000,0.1330
stemming,bm25,0.5,0.75,1,0.3000,0.1071,0.1579,0.1612,0.0655,1.0000,0.2485
stemming,bm25,0.5,0.75,2,0.4000,0.1667,0.2353,0.1838,0.1280,1.0000,0.5273
stemming,bm25,0.5,0.75,3,0.5000,0.6250,0.5556,0.4346,0.3200,0.3333,0.4937
stemming,bm25,0.5,0.75,4,0.1000,0.5000,0.1667,0.5213,0.5000,1.0000,0.6131
stemming,bm25,0.5,0.75,5,0.3000,0.7500,0.4286,0.4498,0.4271,1.0000,0.5589
stemming,bm25,0.5,0.75,6,0.1000,0.2500,0.1429,0.0906,0.0625,0.2500,0.1407
stemming,bm25,0.5,0.75,7,0.2000,0.4000,0.2667,0.2205,0.2000,0.5000,0.3261
stemming,bm25,0.5,0.75,8,0.1000,0.0909,0.0952,0.0995,0.0455,0.5000,0.1684
stemming,bm25,0.5,0.75,9,0.2000,0.6667,0.3077,0.3627,0.3333,0.5000,0.4982
stemming,bm25,0.5,0.75,10,0.2000,0.2500,0.2222,0.2290,0.1607,1.0000,0.2796
stemming,bm25,0.5,0.75,11,0.1000,0.1429,0.1176,0.1375,0.0286,0.2000,0.1248
stemming,bm25,0.5,0.75,12,0.1000,0.2000,0.1333,0.0773,0.0500,0.2500,0.1601
stemming,bm25,0.5,0.75,13,0.0000,0.0000,0.0000,0.0030,0.0000,0.0025,0.0000
stemming,bm25,0.5,0.75,14,0.1000,0.5000,0.1667,0.0685,0.0625,0.1250,0.2725
stemming,bm25,0.5,0.75,15,0.2000,1.0000,0.3333,1.0000,1.0000,1.0000,0.8597
stemming,bm25,0.5,0.75,16,0.2000,0.6667,0.3077,0.2058,0.1944,0.3333,0.3699
stemming,bm25,0.5,0.75,17,0.1000,0.5000,0.1667,0.1100,0.1000,0.2000,0.2723
stemming,bm25,0.5,0.75,18,0.1000,0.3333,0.1538,0.3585,0.3333,1.0000,0.4693
stemming,bm25,0.5,0.75,19,0.0000,0.0000,0.0000,0.0135,0.0000,0.0357,0.0000
stemming,bm25,0.5,0.75,20,0.5000,0.5556,0.5263,0.4120,0.3321,0.5000,0.5112
stemming,bm25,0.5,0.75,21,0.0000,0.0000,0.0000,0.0327,0.0000,0.0400,0.0000
stemming,bm25,0.5,0.75,22,0.0000,0.0000,0.0000,0.0015,0.0000,0.0015,0.0000
stemming,bm25,0.5,0.75,23,0.1000,0.0312,0.0476,0.1234,0.0104,0.3333,0.1310
stemming,bm25,0.5,0.75,24,0.2000,0.6667,0.3077,0.3497,0.3333,0.5000,0.5405
stemming,bm25,0.5,0.75,25,0.6000,0.6667,0.6316,0.6485,0.6101,1.0000,0.7272
stemming,bm25,0.5,0.75,26,0.2000,0.3333,0.2500,0.1832,0.1500,0.5000,0.3526
stemming,bm25,0.5,0.75,27,0.1000,0.3333,0.1538,0.0762,0.0556,0.1667,0.2031
stemming,bm25,0.5,0.75,28,0.0000,0.0000,0.0000,0.0035,0.0000,0.0030,0.0000
stemming,bm25,0.5,0.75,29,0.4000,0.4444,0.4211,0.3800,0.2963,1.0000,0.3709
stemming,bm25,0.5,0.75,30,0.0000,0.0000,0.0000,0.0536,0.0000,0.0833,0.0000
stemming,bm25,0.5,0.75,31,0.0000,0.0000,0.0000,0.0007,0.0000,0.0007,0.0000
stemming,bm25,0.5,0.75,32,0.0000,0.0000,0.0000,0.0108,0.0000,0.0086,0.0000
stemming,bm25,0.5,0.75,33,0.2000,0.6667,0.3077,0.4556,0.3889,0.5000,0.4335
stemming,bm25,0.5,0.75,34,0.3000,0.5000,0.3750,0.1960,0.1365,0.2000,0.2372
stemming,bm25,0.5,0.75,35,0.0000,0.0000,0.0000,0.0164,0.0000,0.0222,0.0000
stemming,bm25,0.5,0.75,36,0.1000,0.5000,0.1667,0.2652,0.2500,0.5000,0.2961
stemming,bm25,0.5,0.75,37,0.0000,0.0000,0.0000,0.0353,0.0000,0.0213,0.0000
stemming,bm25,0.5,0.75,38,0.0000,0.0000,0.0000,0.0673,0.0000,0.0667,0.0000
stemming,bm25,0.5,0.75,39,0.3000,0.2308,0.2609,0.1206,0.0778,0.2500,0.2025
stemming,bm25,0.5,0.75,40,0.2000,0.1667,0.1818,0.0883,0.0417,0.2500,0.1173
stemming,bm25,0.5,0.75,41,0.3000,1.0000,0.4615,0.7778,0.7778,1.0000,0.8845
stemming,bm25,0.5,0.75,42,0.2000,0.4000,0.2667,0.1496,0.0844,0.2000,0.2113
stemming,bm25,0.5,0.75,43,0.4000,0.6667,0.5000,0.5265,0.5074,1.0000,0.7820
stemming,bm25,0.5,0.75,44,0.0000,0.0000,0.0000,0.0024,0.0000,0.0014,0.0000
stemming,bm25,0.5,0.75,45,0.1000,0.0833,0.0909,0.1662,0.0833,1.0000,0.2799
stemming,bm25,0.5,0.75,46,0.4000,0.2667,0.3200,0.3957,0.2667,1.0000,0.5253
stemming,bm25,0.5,0.75,47,0.4000,0.2857,0.3333,0.3691,0.1616,1.0000,0.4479
stemming,bm25,0.5,0.75,48,0.2000,0.1818,0.1905,0.1968,0.1061,0.5000,0.2556
stemming,bm25,0.5,0.75,49,0.1000,0.5000,0.1667,0.0798,0.0714,0.1429,0.2534
stemming,bm25,0.5,0.75,50,0.1000,0.1667,0.1250,0.0994,0.0833,0.5000,0.2882
stemming,bm25,0.5,0.75,51,0.4000,0.4000,0.4000,0.4460,0.3044,1.0000,0.3591
stemming,bm25,0.5,0.75,52,0.3000,0.7500,0.4286,0.5298,0.4821,1.0000,0.4825
stemming,bm25,0.5,0.75,53,0.2000,0.2000,0.2000,0.2423,0.1250,1.0000,0.2641
stemming,bm25,0.5,0.75,54,0.3000,0.3333,0.3158,0.1686,0.1167,0.5000,0.3488
stemming,bm25,0.5,0.75,55,0.2000,0.2000,0.2000,0.1895,0.0472,0.2500,0.0662
stemming,bm25,0.5,0.75,56,0.2000,0.2000,0.2000,0.1093,0.0750,0.5000,0.1644
stemming,bm25,0.5,0.75,57,0.0000,0.0000,0.0000,0.0547,0.0000,0.0667,0.0000
stemming,bm25,0.5,0.75,58,0.1000,0.1111,0.1053,0.1596,0.0556,0.5000,0.2422
stemming,bm25,0.5,0.75,59,0.1000,0.2500,0.1429,0.0889,0.0278,0.1111,0.0983
stemming,bm25,0.5,0.75,60,0.3000,0.6000,0.4000,0.4319,0.4200,1.0000,0.5271
stemming,bm25,0.5,0.75,61,0.2000,0.4000,0.2667,0.4942,0.4000,1.0000,0.5451
stemming,bm25,0.5,0.75,62,0.0000,0.0000,0.0000,0.0161,0.0000,0.0294,0.0000
stemming,bm25,0.5,0.75,63,0.0000,0.0000,0.0000,0.0237,0.0000,0.0175,0.0000
stemming,bm25,0.5,0.75,64,0.1000,0.5000,0.1667,0.5064,0.5000,1.0000,0.6788
stemming,bm25,0.5,0.75,65,0.1000,0.0667,0.0800,0.1352,0.0222,0.3333,0.1246
stemming,bm25,0.5,0.75,66,0.0000,0.0000,0.0000,0.0592,0.0000,0.0909,0.0000
stemming,bm25,0.5,0.75,67,0.3000,0.2143,0.2500,0.2224,0.0799,0.5000,0.2939
stemming,bm25,0.5,0.75,68,0.1000,0.2000,0.1333,0.0659,0.0286,0.1429,0.1450
stemming,bm25,0.5,0.75,69,0.1000,0.2000,0.1333,0.0479,0.0286,0.1429,0.1400
stemming,bm25,0.5,0.75,70,0.1000,0.1000,0.1000,0.1028,0.0500,0.5000,0.1531
stemming,bm25,0.5,0.75,71,0.1000,0.1250,0.1111,0.0512,0.0139,0.1111,0.0980
stemming,bm25,0.5,0.75,72,0.1000,0.0588,0.0741,0.0658,0.0294,0.5000,0.1781
stemming,bm25,0.5,0.75,73,0.6000,0.3000,0.4000,0.3264,0.2072,1.0000,0.6357
stemming,bm25,0.5,0.75,74,0.1000,0.1667,0.1250,0.1099,0.0417,0.2500,0.1828
stemming,bm25,0.5,0.75,75,0.0000,0.0000,0.0000,0.0142,0.0000,0.0110,0.0000
stemming,bm25,0.5,0.75,76,0.3000,0.4286,0.3529,0.3133,0.2738,0.5000,0.4068
stemming,bm25,0.5,0.75,77,0.3000,0.5000,0.3750,0.3056,0.2222,0.3333,0.2602
stemming,bm25,0.5,0.75,78,0.2000,0.6667,0.3077,0.5111,0.4444,1.0000,0.5832
stemming,bm25,0.5,0.75,79,0.0000,0.0000,0.0000,0.0377,0.0000,0.0909,0.0000
stemming,bm25,0.5,0.75,80,0.0000,0.0000,0.0000,0.0074,0.0000,0.0093,0.0000
stemming,bm25,0.5,0.75,81,0.2000,1.0000,0.3333,0.8333,0.8333,1.0000,0.6478
stemming,bm25,0.5,0.75,82,0.2000,0.4000,0.2667,0.3701,0.3000,1.0000,0.5129
stemming,bm25,0.5,0.75,83,0.1000,0.2500,0.1429,0.2594,0.2500,1.0000,0.3904
stemming,bm25,0.5,0.75,84,0.4000,0.3636,0.3810,0.3973,0.3333,1.0000,0.3795
stemming,bm25,0.5,0.75,85,0.1000,0.2500,0.1429,0.1356,0.1250,0.5000,0.1627
stemming,bm25,0.5,0.75,86,0.2000,1.0000,0.3333,0.5833,0.5833,0.5000,0.6934
stemming,bm25,0.5,0.75,87,0.0000,0.0000,0.0000,0.0141,0.0000,0.0256,0.0000
stemming,bm25,0.5,0.75,88,0.6000,1.0000,0.7500,0.6746,0.6746,0.5000,0.7609
stemming,bm25,0.5,0.75,89,0.1000,0.1667,0.1250,0.2018,0.0556,0.3333,0.2123
stemming,bm25,0.5,0.75,90,0.3000,0.2308,0.2609,0.2174,0.1154,0.5000,0.1917
stemming,bm25,0.5,0.75,91,0.3000,0.3333,0.3158,0.3460,0.2143,1.0000,0.4927
stemming,bm25,0.5,0.75,92,0.5000,0.3846,0.4348,0.4000,0.2756,1.0000,0.3283
stemming,bm25,0.5,0.75,93,0.1000,1.0000,0.1818,0.5000,0.5000,0.5000,0.6309
stemming,bm25,0.5,0.75,94,0.5000,0.4167,0.4545,0.4980,0.3421,1.0000,0.4332
stemming,bm25,0.5,0.75,95,0.2000,1.0000,0.3333,0.3611,0.3611,0.5000,0.3963
stemming,bm25,0.5,0.75,96,0.5000,0.3846,0.4348,0.3692,0.2244,0.5000,0.4940
stemming,bm25,0.5,0.75,97,0.3000,0.3000,0.3000,0.2024,0.1667,0.5000,0.2864
stemming,bm25,0.5,0.75,98,0.0000,0.0000,0.0000,0.0171,0.0000,0.0233,0.0000
stemming,bm25,0.5,0.75,99,0.2000,0.5000,0.2857,0.2173,0.2083,0.3333,0.4134
stemming,bm25,0.5,0.75,100,0.3000,0.3333,0.3158,0.3441,0.2889,1.0000,0.5119
stemming,bm25,0.5,0.75,101,0.5000,0.8333,0.6250,0.5028,0.4259,0.5000,0.5982
stemming,bm25,0.5,0.75,102,0.1000,0.2500,0.1429,0.2003,0.1250,0.5000,0.1723
stemming,bm25,0.5,0.75,103,0.0000,0.0000,0.0000,0.0164,0.0000,0.0303,0.0000
stemming,bm25,0.5,0.75,104,0.1000,0.2000,0.1333,0.1244,0.1000,0.5000,0.2140
stemming,bm25,0.5,0.75,105,0.3000,0.6000,0.4000,0.4296,0.3833,0.5000,0.5553
stemming,bm25,0.5,0.75,106,0.3000,0.6000,0.4000,0.5338,0.4833,1.0000,0.7174
stemming,bm25,0.5,0.75,107,0.3000,0.4286,0.3529,0.2965,0.1803,0.5000,0.3723
stemming,bm25,0.5,0.75,108,0.5000,0.7143,0.5882,0.8241,0.7143,1.0000,0.7853
stemming,bm25,0.5,0.75,109,0.0000,0.0000,0.0000,0.0413,0.0000,0.0294,0.0000
stemming,bm25,0.5,0.75,110,0.1000,0.2500,0.1429,0.0703,0.0500,0.2000,0.1945
stemming,bm25,0.5,0.75,111,0.3000,0.4286,0.3529,0.2658,0.1821,0.5000,0.2835
stemming,bm25,0.5,0.75,112,0.1000,0.5000,0.1667,0.2885,0.2500,0.5000,0.2398
stemming,bm25,0.5,0.75,113,0.1000,0.2500,0.1429,0.0981,0.0250,0.1000,0.1128
stemming,bm25,0.5,0.75,114,0.0000,0.0000,0.0000,0.0381,0.0000,0.0833,0.0000
stemming,bm25,0.5,0.75,115,0.1000,0.2500,0.1429,0.1344,0.1250,0.5000,0.2993
stemming,bm25,0.5,0.75,116,0.0000,0.0000,0.0000,0.0272,0.0000,0.0476,0.0000
stemming,bm25,0.5,0.75,117,0.0000,0.0000,0.0000,0.0354,0.0000,0.0588,0.0000
stemming,bm25,0.5,0.75,118,0.2000,0.6667,0.3077,0.2925,0.2778,0.3333,0.4488
stemming,bm25,0.5,0.75,119,0.1000,1.0000,0.1818,0.1667,0.1667,0.1667,0.3562
stemming,bm25,0.5,0.75,120,0.3000,0.3333,0.3158,0.3219,0.1630,0.5000,0.3687
stemming,bm25,0.5,0.75,121,0.4000,0.5714,0.4706,0.4613,0.3690,0.5000,0.5145
stemming,bm25,0.5,0.75,122,0.0000,0.0000,0.0000,0.0789,0.0000,0.0833,0.0000
stemming,bm25,0.5,0.75,123,0.0000,0.0000,0.0000,0.0390,0.0000,0.0435,0.0000
stemming,bm25,0.5,0.75,124,0.0000,0.0000,0.0000,0.0031,0.0000,0.0029,0.0000
stemming,bm25,0.5,0.75,125,0.3000,0.1765,0.2222,0.2318,0.0941,0.5000,0.3159
stemming,bm25,0.5,0.75,126,0.2000,0.2500,0.2222,0.2238,0.2083,1.0000,0.4718
stemming,bm25,0.5,0.75,127,0.1000,0.2000,0.1333,0.0914,0.0400,0.2000,0.1153
stemming,bm25,0.5,0.75,128,0.0000,0.0000,0.0000,0.0232,0.0000,0.0417,0.0000
stemming,bm25,0.5,0.75,129,0.4000,0.5714,0.4706,0.3778,0.3554,0.5000,0.5312
stemming,bm25,0.5,0.75,130,0.4000,0.8000,0.5333,0.3932,0.3889,0.5000,0.5609
stemming,bm25,0.5,0.75,131,0.1000,0.1250,0.1111,0.2250,0.0208,0.1667,0.0386
stemming,bm25,0.5,0.75,132,0.7000,0.4667,0.5600,0.7069,0.3442,1.0000,0.5365
stemming,bm25,0.5,0.75,133,0.3000,0.4286,0.3529,0.3884,0.2279,0.5000,0.3993
stemming,bm25,0.5,0.75,134,0.1000,0.5000,0.1667,0.5185,0.5000,1.0000,0.4693
stemming,bm25,0.5,0.75,135,0.6000,0.7500,0.6667,0.6016,0.4621,1.0000,0.5294
stemming,bm25,0.5,0.75,136,0.2000,0.6667,0.3077,0.4833,0.4667,1.0000,0.8550
stemming,bm25,0.5,0.75,137,0.1000,0.2500,0.1429,0.1945,0.1250,0.5000,0.2061
stemming,bm25,0.5,0.75,138,0.1000,0.5000,0.1667,0.1345,0.1000,0.2000,0.2372
stemming,bm25,0.5,0.75,139,0.0000,0.0000,0.0000,0.0090,0.0000,0.0167,0.0000
stemming,bm25,0.5,0.75,140,0.2000,0.3333,0.2500,0.1730,0.1500,0.5000,0.4047
stemming,bm25,0.5,0.75,141,0.2000,0.3333,0.2500,0.4071,0.3333,1.0000,0.5455
stemming,bm25,0.5,0.75,142,0.0000,0.0000,0.0000,0.0714,0.0000,0.0714,0.0000
stemming,bm25,0.5,0.75,143,0.2000,1.0000,0.3333,0.6111,0.6111,1.0000,0.7977
stemming,bm25,0.5,0.75,144,0.3000,0.5000,0.3750,0.2282,0.1426,0.3333,0.3011
stemming,bm25,0.5,0.75,145,0.1000,0.1429,0.1176,0.0898,0.0204,0.1429,0.0701
stemming,bm25,0.5,0.75,146,0.2000,1.0000,0.3333,0.7000,0.7000,1.0000,0.6742
stemming,bm25,0.5,0.75,147,0.4000,0.4000,0.4000,0.2891,0.2433,0.5000,0.4335
stemming,bm25,0.5,0.75,148,0.2000,0.3333,0.2500,0.1824,0.1389,0.3333,0.3194
stemming,bm25,0.5,0.75,149,0.3000,0.2727,0.2857,0.2590,0.1472,1.0000,0.3597
stemming,bm25,0.5,0.75,150,0.2000,1.0000,0.3333,0.8333,0.8333,1.0000,0.9197
stemming,bm25,0.5,0.75,151,0.0000,0.0000,0.0000,0.0277,0.0000,0.0357,0.0000
stemming,bm25,0.5,0.75,152,0.0000,0.0000,0.0000,0.0071,0.0000,0.0053,0.0000
stemming,bm25,0.5,0.75,153,0.1000,0.1429,0.1176,0.1256,0.0714,0.5000,0.1018
stemming,bm25,0.5,0.75,154,0.1000,0.5000,0.1667,0.5833,0.5000,1.0000,0.4693
stemming,bm25,0.5,0.75,155,0.1000,0.1667,0.1250,0.0901,0.0556,0.3333,0.1126
stemming,bm25,0.5,0.75,156,0.7000,0.5000,0.5833,0.5636,0.4841,1.0000,0.5876
stemming,bm25,0.5,0.75,157,0.6000,0.1538,0.2449,0.2536,0.1271,1.0000,0.5665
stemming,bm25,0.5,0.75,158,0.1000,0.1250,0.1111,0.1931,0.1250,1.0000,0.3630
stemming,bm25,0.5,0.75,159,0.2000,0.2500,0.2222,0.0680,0.0429,0.1429,0.1256
stemming,bm25,0.5,0.75,160,0.1000,0.2000,0.1333,0.1185,0.1000,0.5000,0.2484
stemming,bm25,0.5,0.75,161,0.3000,0.5000,0.3750,0.4821,0.4583,1.0000,0.7101
stemming,bm25,0.5,0.75,162,0.2000,0.2500,0.2222,0.2876,0.1875,1.0000,0.2390
stemming,bm25,0.5,0.75,163,0.2000,0.6667,0.3077,0.2345,0.2167,0.2500,0.3836
stemming,bm25,0.5,0.75,164,0.4000,0.5000,0.4444,0.5420,0.5000,1.0000,0.6809
stemming,bm25,0.5,0.75,165,0.2000,1.0000,0.3333,0.5833,0.5833,0.5000,0.6934
stemming,bm25,0.5,0.75,166,0.0000,0.0000,0.0000,0.0376,0.0000,0.0909,0.0000
stemming,bm25,0.5,0.75,167,0.2000,1.0000,0.3333,0.8333,0.8333,1.0000,0.9386
stemming,bm25,0.5,0.75,168,0.1000,0.5000,0.1667,0.0878,0.0714,0.1429,0.2044
stemming,bm25,0.5,0.75,169,0.2000,0.5000,0.2857,0.2205,0.2083,0.3333,0.3633
stemming,bm25,0.5,0.75,170,0.3000,0.5000,0.3750,0.5472,0.5000,1.0000,0.6386
stemming,bm25,0.5,0.75,171,0.2000,0.6667,0.3077,0.5850,0.5556,1.0000,0.6407
stemming,bm25,0.5,0.75,172,0.4000,1.0000,0.5714,0.6792,0.6792,0.5000,0.7180
stemming,bm25,0.5,0.75,173,0.2000,1.0000,0.3333,1.0000,1.0000,1.0000,1.0000
stemming,bm25,0.5,0.75,174,0.1000,0.2000,0.1333,0.0477,0.0250,0.1250,0.1237
stemming,bm25,0.5,0.75,175,0.1000,0.2000,0.1333,0.0465,0.0250,0.1250,0.1179
stemming,bm25,0.5,0.75,176,0.0000,0.0000,0.0000,0.0390,0.0000,0.0625,0.0000
stemming,bm25,0.5,0.75,177,0.4000,0.8000,0.5333,0.6766,0.5857,1.0000,0.8202
stemming,bm25,0.5,0.75,178,0.2000,0.5000,0.2857,0.3643,0.3214,1.0000,0.6998
stemming,bm25,0.5,0.75,179,0.2000,0.5000,0.2857,0.4239,0.4167,1.0000,0.5856
stemming,bm25,0.5,0.75,180,0.3000,0.4286,0.3529,0.3629,0.2524,0.5000,0.3861
stemming,bm25,0.5,0.75,181,0.1000,0.2000,0.1333,0.2581,0.2000,1.0000,0.2491
stemming,bm25,0.5,0.75,182,0.2000,1.0000,0.3333,0.5833,0.5833,0.5000,0.6697
stemming,bm25,0.5,0.75,183,0.4000,0.3077,0.3478,0.2517,0.1622,1.0000,0.3130
stemming,bm25,0.5,0.75,184,0.1000,0.1429,0.1176,0.2085,0.1429,1.0000,0.2881
stemming,bm25,0.5,0.75,185,0.6000,0.6667,0.6316,0.8125,0.6296,1.0000,0.8150
stemming,bm25,0.5,0.75,186,0.4000,0.2500,0.3077,0.1832,0.1399,0.5000,0.4007
stemming,bm25,0.5,0.75,187,0.3000,0.5000,0.3750,0.1645,0.1587,0.3333,0.3147
stemming,bm25,0.5,0.75,188,0.4000,0.3636,0.3810,0.3499,0.2333,1.0000,0.5175
stemming,bm25,0.5,0.75,189,0.2000,0.2222,0.2105,0.1117,0.0463,0.1667,0.0955
stemming,bm25,0.5,0.75,190,0.2000,0.4000,0.2667,0.3368,0.3000,1.0000,0.3854
stemming,bm25,0.5,0.75,191,0.3000,0.2308,0.2609,0.2547,0.0577,0.1667,0.1885
stemming,bm25,0.5,0.75,192,0.3000,0.7500,0.4286,0.5617,0.5417,1.0000,0.7246
stemming,bm25,0.5,0.75,193,0.6000,0.6667,0.6316,0.7987,0.6508,1.0000,0.7403
stemming,bm25,0.5,0.75,194,0.2000,0.3333,0.2500,0.2273,0.1389,0.5000,0.2644
stemming,bm25,0.5,0.75,195,0.1000,0.3333,0.1538,0.0651,0.0370,0.1111,0.1413
stemming,bm25,0.5,0.75,196,0.2000,0.1667,0.1818,0.1175,0.0655,0.5000,0.1879
stemming,bm25,0.5,0.75,197,0.2000,0.6667,0.3077,0.4444,0.3889,0.5000,0.5249
stemming,bm25,0.5,0.75,198,0.3000,0.7500,0.4286,0.5016,0.5000,1.0000,0.6899
stemming,bm25,0.5,0.75,199,0.2000,0.2500,0.2222,0.0795,0.0456,0.1429,0.1411
stemming,bm25,0.5,0.75,200,0.2000,0.6667,0.3077,0.3345,0.3000,0.5000,0.4776
stemming,bm25,0.5,0.75,201,0.5000,0.3125,0.3846,0.3768,0.2545,1.0000,0.6531
stemming,bm25,0.5,0.75,202,0.3000,0.2143,0.2500,0.1970,0.1369,0.5000,0.2384
stemming,bm25,0.5,0.75,203,0.3000,0.2143,0.2500,0.1779,0.1500,1.0000,0.4443
stemming,bm25,0.5,0.75,204,0.0000,0.0000,0.0000,0.0326,0.0000,0.0250,0.0000
stemming,bm25,0.5,0.75,205,0.2000,1.0000,0.3333,0.6667,0.6667,1.0000,0.8316
stemming,bm25,0.5,0.75,206,0.2000,0.6667,0.3077,0.2638,0.2619,0.5000,0.4909
stemming,bm25,0.5,0.75,207,0.0000,0.0000,0.0000,0.0063,0.0000,0.0108,0.0000
stemming,bm25,0.5,0.75,208,0.3000,0.5000,0.3750,0.3887,0.2944,0.5000,0.5175
stemming,bm25,0.5,0.75,209,0.1000,0.0833,0.0909,0.1031,0.0119,0.1429,0.0679
stemming,bm25,0.5,0.75,210,0.2000,0.3333,0.2500,0.3499,0.2778,1.0000,0.4826
stemming,bm25,0.5,0.75,211,0.2000,0.1818,0.1905,0.1918,0.1091,1.0000,0.2047
stemming,bm25,0.5,0.75,212,0.4000,0.2857,0.3333,0.4655,0.2619,1.0000,0.4551
stemming,bm25,0.5,0.75,213,0.5000,0.4545,0.4762,0.5307,0.3960,1.0000,0.5702
stemming,bm25,0.5,0.75,214,0.1000,0.2500,0.1429,0.1526,0.1250,0.5000,0.2463
stemming,bm25,0.5,0.75,215,0.0000,0.0000,0.0000,0.0427,0.0000,0.0556,0.0000
stemming,bm25,0.5,0.75,216,0.0000,0.0000,0.0000,0.0016,0.0000,0.0016,0.0000
stemming,bm25,0.5,0.75,217,0.2000,0.1333,0.1600,0.2021,0.1000,1.0000,0.2628
stemming,bm25,0.5,0.75,218,0.3000,0.2000,0.2400,0.2087,0.0711,0.3333,0.1780
stemming,bm25,0.5,0.75,219,0.0000,0.0000,0.0000,0.0301,0.0000,0.0143,0.0000
stemming,bm25,0.5,0.75,220,0.2000,0.1053,0.1379,0.1984,0.1053,1.0000,0.2455
stemming,bm25,0.5,0.75,221,0.3000,0.1667,0.2143,0.1998,0.1065,0.5000,0.2784
stemming,bm25,0.5,0.75,222,0.6000,0.6667,0.6316,0.7610,0.6071,1.0000,0.7622
stemming,bm25,0.5,0.75,223,0.3000,0.7500,0.4286,0.5268,0.4792,0.5000,0.6096
stemming,bm25,0.5,0.75,224,0.2000,0.2500,0.2222,0.1634,0.0694,0.3333,0.1714
stemming,bm25,0.5,0.75,225,0.2000,0.0833,0.1176,0.0728,0.0486,0.5000,0.1454
stemming,bm25,0.5,1,1,0.3000,0.1071,0.1579,0.1646,0.0607,1.0000,0.2407
stemming,bm25,0.5,1,2,0.4000,0.1667,0.2353,0.1790,0.1250,1.0000,0.5260
stemming,bm25,0.5,1,3,0.6000,0.7500,0.6667,0.4877,0.4329,0.5000,0.6066
stemming,bm25,0.5,1,4,0.1000,0.5000,0.1667,0.5222,0.5000,1.0000,0.6131
stemming,bm25,0.5,1,5,0.3000,0.7500,0.4286,0.3420,0.3187,0.5000,0.4855
stemming,bm25,0.5,1,6,0.1000,0.2500,0.1429,0.1527,0.1250,0.5000,0.2061
stemming,bm25,0.5,1,7,0.2000,0.4000,0.2667,0.2230,0.2000,0.5000,0.3261
stemming,bm25,0.5,1,8,0.1000,0.0909,0.0952,0.1011,0.0455,0.5000,0.1684
stemming,bm25,0.5,1,9,0.2000,0.6667,0.3077,0.4222,0.3889,0.5000,0.5307
stemming,bm25,0.5,1,10,0.3000,0.3750,0.3333,0.2617,0.2083,1.0000,0.3791
stemming,bm25,0.5,1,11,0.2000,0.2857,0.2353,0.1423,0.0643,0.2500,0.1856
stemming,bm25,0.5,1,12,0.1000,0.2000,0.1333,0.0960,0.0667,0.3333,0.1858
stemming,bm25,0.5,1,13,0.0000,0.0000,0.0000,0.0031,0.0000,0.0033,0.0000
stemming,bm25,0.5,1,14,0.1000,0.5000,0.1667,0.0615,0.0556,0.1111,0.2600
stemming,bm25,0.5,1,15,0.2000,1.0000,0.3333,0.8333,0.8333,1.0000,0.7602
stemming,bm25,0.5,1,16,0.2000,0.6667,0.3077,0.2175,0.2063,0.3333,0.3801
stemming,bm25,0.5,1,17,0.1000,0.5000,0.1667,0.1349,0.1250,0.2500,0.3032
stemming,bm25,0.5,1,18,0.1000,0.3333,0.1538,0.3576,0.3333,1.0000,0.4693
stemming,bm25,0.5,1,19,0.0000,0.0000,0.0000,0.0152,0.0000,0.0526,0.0000
stemming,bm25,0.5,1,20,0.5000,0.5556,0.5263,0.4380,0.3426,0.5000,0.5187
stemming,bm25,0.5,1,21,0.0000,0.0000,0.0000,0.0370,0.0000,0.0476,0.0000
stemming,bm25,0.5,1,22,0.0000,0.0000,0.0000,0.0016,0.0000,0.0016,0.0000
stemming,bm25,0.5,1,23,0.1000,0.0312,0.0476,0.1238,0.0104,0.3333,0.1310
stemming,bm25,0.5,1,24,0.2000,0.6667,0.3077,0.3497,0.3333,0.5000,0.5405
stemming,bm25,0.5,1,25,0.6000,0.6667,0.6316,0.6514,0.6101,1.0000,0.7272
stemming,bm25,0.5,1,26,0.2000,0.3333,0.2500,0.1835,0.1500,0.5000,0.3526
stemming,bm25,0.5,1,27,0.1000,0.3333,0.1538,0.0876,0.0667,0.2000,0.2206
stemming,bm25,0.5,1,28,0.0000,0.0000,0.0000,0.0038,0.0000,0.0034,0.0000
stemming,bm25,0.5,1,29,0.4000,0.4444,0.4211,0.3761,0.2852,1.0000,0.3679
stemming,bm25,0.5,1,30,0.0000,0.0000,0.0000,0.0523,0.0000,0.0833,0.0000
stemming,bm25,0.5,1,31,0.0000,0.0000,0.0000,0.0007,0.0000,0.0007,0.0000
stemming,bm25,0.5,1,32,0.0000,0.0000,0.0000,0.0113,0.0000,0.0108,0.0000
stemming,bm25,0.5,1,33,0.2000,0.6667,0.3077,0.4603,0.3889,0.5000,0.4335
stemming,bm25,0.5,1,34,0.3000,0.5000,0.3750,0.1866,0.1250,0.2000,0.2303
stemming,bm25,0.5,1,35,0.0000,0.0000,0.0000,0.0155,0.0000,0.0204,0.0000
stemming,bm25,0.5,1,36,0.1000,0.5000,0.1667,0.2659,0.2500,0.5000,0.2961
stemming,bm25,0.5,1,37,0.0000,0.0000,0.0000,0.0363,0.0000,0.0208,0.0000
stemming,bm25,0.5,1,38,0.0000,0.0000,0.0000,0.0677,0.0000,0.0588,0.0000
stemming,bm25,0.5,1,39,0.3000,0.2308,0.2609,0.1222,0.0788,0.2500,0.2018
stemming,bm25,0.5,1,40,0.2000,0.1667,0.1818,0.0781,0.0333,0.2000,0.1062
stemming,bm25,0.5,1,41,0.3000,1.0000,0.4615,0.7667,0.7667,1.0000,0.8785
stemming,bm25,0.5,1,42,0.3000,0.6000,0.4000,0.1782,0.1667,0.2500,0.3702
stemming,bm25,0.5,1,43,0.4000,0.6667,0.5000,0.5521,0.5324,1.0000,0.7901
stemming,bm25,0.5,1,44,0.0000,0.0000,0.0000,0.0026,0.0000,0.0016,0.0000
stemming,bm25,0.5,1,45,0.1000,0.0833,0.0909,0.1693,0.0833,1.0000,0.2799
stemming,bm25,0.5,1,46,0.4000,0.2667,0.3200,0.3635,0.2444,1.0000,0.5172
stemming,bm25,0.5,1,47,0.4000,0.2857,0.3333,0.3275,0.1238,0.3333,0.3426
stemming,bm25,0.5,1,48,0.2000,0.1818,0.1905,0.1872,0.1061,0.5000,0.2556
stemming,bm25,0.5,1,49,0.1000,0.5000,0.1667,0.1099,0.1000,0.2000,0.2941
stemming,bm25,0.5,1,50,0.1000,0.1667,0.1250,0.1833,0.1667,1.0000,0.4569
stemming,bm25,0.5,1,51,0.4000,0.4000,0.4000,0.4643,0.3250,1.0000,0.3420
stemming,bm25,0.5,1,52,0.3000,0.7500,0.4286,0.6597,0.6042,1.0000,0.5557
stemming,bm25,0.5,1,53,0.1000,0.1000,0.1000,0.2407,0.1000,1.0000,0.1620
stemming,bm25,0.5,1,54,0.2000,0.2222,0.2105,0.1579,0.0833,0.5000,0.2838
stemming,bm25,0.5,1,55,0.3000,0.3000,0.3000,0.2035,0.0856,0.3333,0.1509
stemming,bm25,0.5,1,56,0.2000,0.2000,0.2000,0.1123,0.0750,0.5000,0.1644
stemming,bm25,0.5,1,57,0.0000,0.0000,0.0000,0.0535,0.0000,0.0625,0.0000
stemming,bm25,0.5,1,58,0.1000,0.1111,0.1053,0.1629,0.0556,0.5000,0.2422
stemming,bm25,0.5,1,59,0.1000,0.2500,0.1429,0.0924,0.0278,0.1111,0.0983
stemming,bm25,0.5,1,60,0.3000,0.6000,0.4000,0.4338,0.4200,1.0000,0.5271
stemming,bm25,0.5,1,61,0.2000,0.4000,0.2667,0.4419,0.3333,1.0000,0.4901
stemming,bm25,0.5,1,62,0.0000,0.0000,0.0000,0.0172,0.0000,0.0345,0.0000
stemming,bm25,0.5,1,63,0.0000,0.0000,0.0000,0.0230,0.0000,0.0167,0.0000
stemming,bm25,0.5,1,64,0.1000,0.5000,0.1667,0.5068,0.5000,1.0000,0.6788
stemming,bm25,0.5,1,65,0.2000,0.1333,0.1600,0.1637,0.0500,0.5000,0.2359
stemming,bm25,0.5,1,66,0.1000,0.2000,0.1333,0.0778,0.0286,0.1429,0.1328
stemming,bm25,0.5,1,67,0.4000,0.2857,0.3333,0.3607,0.2092,1.0000,0.5254
stemming,bm25,0.5,1,68,0.1000,0.2000,0.1333,0.0624,0.0286,0.1429,0.1450
stemming,bm25,0.5,1,69,0.1000,0.2000,0.1333,0.0480,0.0286,0.1429,0.1400
stemming,bm25,0.5,1,70,0.1000,0.1000,0.1000,0.1005,0.0500,0.5000,0.1531
stemming,bm25,0.5,1,71,0.0000,0.0000,0.0000,0.0446,0.0000,0.0714,0.0000
stemming,bm25,0.5,1,72,0.1000,0.0588,0.0741,0.0982,0.0588,1.0000,0.2823
stemming,bm25,0.5,1,73,0.6000,0.3000,0.4000,0.3296,0.2119,1.0000,0.6375
stemming,bm25,0.5,1,74,0.1000,0.1667,0.1250,0.0996,0.0333,0.2000,0.1642
stemming,bm25,0.5,1,75,0.0000,0.0000,0.0000,0.0154,0.0000,0.0156,0.0000
stemming,bm25,0.5,1,76,0.3000,0.4286,0.3529,0.3112,0.2738,0.5000,0.4068
stemming,bm25,0.5,1,77,0.3000,0.5000,0.3750,0.3167,0.2125,0.5000,0.2861
stemming,bm25,0.5,1,78,0.2000,0.6667,0.3077,0.5278,0.4444,1.0000,0.5832
stemming,bm25,0.5,1,79,0.1000,0.2000,0.1333,0.0415,0.0222,0.1111,0.1315
stemming,bm25,0.5,1,80,0.0000,0.0000,0.0000,0.0081,0.0000,0.0105,0.0000
stemming,bm25,0.5,1,81,0.2000,1.0000,0.3333,1.0000,1.0000,1.0000,0.7609
stemming,bm25,0.5,1,82,0.3000,0.6000,0.4000,0.3859,0.3667,1.0000,0.6329
stemming,bm25,0.5,1,83,0.1000,0.2500,0.1429,0.2591,0.2500,1.0000,0.3904
stemming,bm25,0.5,1,84,0.4000,0.3636,0.3810,0.4101,0.3455,1.0000,0.3855
stemming,bm25,0.5,1,85,0.1000,0.2500,0.1429,0.2607,0.2500,1.0000,0.2579
stemming,bm25,0.5,1,86,0.2000,1.0000,0.3333,0.5833,0.5833,0.5000,0.6934
stemming,bm25,0.5,1,87,0.0000,0.0000,0.0000,0.0142,0.0000,0.0250,0.0000
stemming,bm25,0.5,1,88,0.6000,1.0000,0.7500,0.6746,0.6746,0.5000,0.7609
stemming,bm25,0.5,1,89,0.1000,0.1667,0.1250,0.2319,0.0833,0.5000,0.2679
stemming,bm25,0.5,1,90,0.3000,0.2308,0.2609,0.2027,0.1128,0.5000,0.1896
stemming,bm25,0.5,1,91,0.4000,0.4444,0.4211,0.3386,0.2402,1.0000,0.5394
stemming,bm25,0.5,1,92,0.5000,0.3846,0.4348,0.4155,0.2859,1.0000,0.3051
stemming,bm25,0.5,1,93,0.1000,1.0000,0.1818,0.5000,0.5000,0.5000,0.6309
stemming,bm25,0.5,1,94,0.5000,0.4167,0.4545,0.4341,0.2785,0.5000,0.3790
stemming,bm25,0.5,1,95,0.2000,1.0000,0.3333,0.3500,0.3500,0.5000,0.3859
stemming,bm25,0.5,1,96,0.5000,0.3846,0.4348,0.3743,0.2299,0.5000,0.4602
stemming,bm25,0.5,1,97,0.3000,0.3000,0.3000,0.2022,0.1667,0.5000,0.2864
stemming,bm25,0.5,1,98,0.0000,0.0000,0.0000,0.0178,0.0000,0.0227,0.0000
stemming,bm25,0.5,1,99,0.2000,0.5000,0.2857,0.1937,0.1833,0.3333,0.3939
stemming,bm25,0.5,1,100,0.3000,0.3333,0.3158,0.3429,0.2889,1.0000,0.5119
stemming,bm25,0.5,1,101,0.5000,0.8333,0.6250,0.5306,0.4537,0.5000,0.6209
stemming,bm25,0.5,1,102,0.1000,0.2500,0.1429,0.3370,0.2500,1.0000,0.2731
stemming,bm25,0.5,1,103,0.0000,0.0000,0.0000,0.0151,0.0000,0.0278,0.0000
stemming,bm25,0.5,1,104,0.1000,0.2000,0.1333,0.0968,0.0667,0.3333,0.1696
stemming,bm25,0.5,1,105,0.3000,0.6000,0.4000,0.5259,0.4833,1.0000,0.7422
stemming,bm25,0.5,1,106,0.3000,0.6000,0.4000,0.4715,0.4200,1.0000,0.6916
stemming,bm25,0.5,1,107,0.4000,0.5714,0.4706,0.3249,0.2517,0.5000,0.4103
stemming,bm25,0.5,1,108,0.5000,0.7143,0.5882,0.7389,0.6262,1.0000,0.7517
stemming,bm25,0.5,1,109,0.0000,0.0000,0.0000,0.0430,0.0000,0.0294,0.0000
stemming,bm25,0.5,1,110,0.1000,0.2500,0.1429,0.0854,0.0625,0.2500,0.2166
stemming,bm25,0.5,1,111,0.3000,0.4286,0.3529,0.3005,0.2041,0.5000,0.2966
stemming,bm25,0.5,1,112,0.1000,0.5000,0.1667,0.2870,0.2500,0.5000,0.2398
stemming,bm25,0.5,1,113,0.2000,0.5000,0.2857,0.1172,0.0813,0.1250,0.2360
stemming,bm25,0.5,1,114,0.0000,0.0000,0.0000,0.0446,0.0000,0.0909,0.0000
stemming,bm25,0.5,1,115,0.1000,0.2500,0.1429,0.1334,0.1250,0.5000,0.2993
stemming,bm25,0.5,1,116,0.0000,0.0000,0.0000,0.0250,0.0000,0.0333,0.0000
stemming,bm25,0.5,1,117,0.0000,0.0000,0.0000,0.0375,0.0000,0.0625,0.0000
stemming,bm25,0.5,1,118,0.2000,0.6667,0.3077,0.2960,0.2778,0.3333,0.4488
stemming,bm25,0.5,1,119,0.1000,1.0000,0.1818,0.1667,0.1667,0.1667,0.3562
stemming,bm25,0.5,1,120,0.2000,0.2222,0.2105,0.3279,0.1296,0.5000,0.3150
stemming,bm25,0.5,1,121,0.4000,0.5714,0.4706,0.4775,0.3881,0.5000,0.5179
stemming,bm25,0.5,1,122,0.0000,0.0000,0.0000,0.0940,0.0000,0.0909,0.0000
stemming,bm25,0.5,1,123,0.0000,0.0000,0.0000,0.0385,0.0000,0.0400,0.0000
stemming,bm25,0.5,1,124,0.0000,0.0000,0.0000,0.0031,0.0000,0.0030,0.0000
stemming,bm25,0.5,1,125,0.3000,0.1765,0.2222,0.2316,0.0941,0.5000,0.3159
stemming,bm25,0.5,1,126,0.2000,0.2500,0.2222,0.2237,0.2083,1.0000,0.4718
stemming,bm25,0.5,1,127,0.1000,0.2000,0.1333,0.0866,0.0400,0.2000,0.1153
stemming,bm25,0.5,1,128,0.0000,0.0000,0.0000,0.0231,0.0000,0.0417,0.0000
stemming,bm25,0.5,1,129,0.4000,0.5714,0.4706,0.3705,0.3476,0.5000,0.5238
stemming,bm25,0.5,1,130,0.4000,0.8000,0.5333,0.3734,0.3689,0.5000,0.5418
stemming,bm25,0.5,1,131,0.2000,0.2500,0.2222,0.2370,0.0500,0.2000,0.1046
stemming,bm25,0.5,1,132,0.7000,0.4667,0.5600,0.6276,0.2820,0.5000,0.4411
stemming,bm25,0.5,1,133,0.3000,0.4286,0.3529,0.4249,0.2738,0.5000,0.4098
stemming,bm25,0.5,1,134,0.1000,0.5000,0.1667,0.2713,0.2500,0.5000,0.2961
stemming,bm25,0.5,1,135,0.5000,0.6250,0.5556,0.6178,0.4361,1.0000,0.4957
stemming,bm25,0.5,1,136,0.2000,0.6667,0.3077,0.4852,0.4667,1.0000,0.8550
stemming,bm25,0.5,1,137,0.2000,0.5000,0.2857,0.2118,0.1806,0.5000,0.3044
stemming,bm25,0.5,1,138,0.1000,0.5000,0.1667,0.1357,0.1000,0.2000,0.2372
stemming,bm25,0.5,1,139,0.0000,0.0000,0.0000,0.0093,0.0000,0.0156,0.0000
stemming,bm25,0.5,1,140,0.2000,0.3333,0.2500,0.1747,0.1500,0.5000,0.4047
stemming,bm25,0.5,1,141,0.2000,0.3333,0.2500,0.4081,0.3333,1.0000,0.5455
stemming,bm25,0.5,1,142,0.0000,0.0000,0.0000,0.0833,0.0000,0.0833,0.0000
stemming,bm25,0.5,1,143,0.2000,1.0000,0.3333,0.6111,0.6111,1.0000,0.7977
stemming,bm25,0.5,1,144,0.3000,0.5000,0.3750,0.2564,0.1472,0.2500,0.3044
stemming,bm25,0.5,1,145,0.1000,0.1429,0.1176,0.1012,0.0286,0.2000,0.0814
stemming,bm25,0.5,1,146,0.2000,1.0000,0.3333,0.7000,0.7000,1.0000,0.6742
stemming,bm25,0.5,1,147,0.4000,0.4000,0.4000,0.2873,0.2433,0.5000,0.4335
stemming,bm25,0.5,1,148,0.2000,0.3333,0.2500,0.1828,0.1389,0.3333,0.3194
stemming,bm25,0.5,1,149,0.4000,0.3636,0.3810,0.2885,0.1957,1.0000,0.4342
stemming,bm25,0.5,1,150,0.2000,1.0000,0.3333,0.8333,0.8333,1.0000,0.9197
stemming,bm25,0.5,1,151,0.0000,0.0000,0.0000,0.0290,0.0000,0.0385,0.0000
stemming,bm25,0.5,1,152,0.0000,0.0000,0.0000,0.0073,0.0000,0.0047,0.0000
stemming,bm25,0.5,1,153,0.1000,0.1429,0.1176,0.1335,0.0714,0.5000,0.1018
stemming,bm25,0.5,1,154,0.1000,0.5000,0.1667,0.5833,0.5000,1.0000,0.4693
stemming,bm25,0.5,1,155,0.1000,0.1667,0.1250,0.1194,0.0833,0.5000,0.1420
stemming,bm25,0.5,1,156,0.7000,0.5000,0.5833,0.5652,0.4841,1.0000,0.5876
stemming,bm25,0.5,1,157,0.6000,0.1538,0.2449,0.2379,0.1034,0.5000,0.4583
stemming,bm25,0.5,1,158,0.1000,0.1250,0.1111,0.1943,0.1250,1.0000,0.3630
stemming,bm25,0.5,1,159,0.2000,0.2500,0.2222,0.0682,0.0429,0.1429,0.1256
stemming,bm25,0.5,1,160,0.1000,0.2000,0.1333,0.1187,0.1000,0.5000,0.2484
stemming,bm25,0.5,1,161,0.3000,0.5000,0.3750,0.4831,0.4583,1.0000,0.7101
stemming,bm25,0.5,1,162,0.2000,0.2500,0.2222,0.2492,0.1458,0.5000,0.2005
stemming,bm25,0.5,1,163,0.2000,0.6667,0.3077,0.2359,0.2167,0.2500,0.3836
stemming,bm25,0.5,1,164,0.4000,0.5000,0.4444,0.5374,0.5000,1.0000,0.6809
stemming,bm25,0.5,1,165,0.2000,1.0000,0.3333,0.5833,0.5833,0.5000,0.6934
stemming,bm25,0.5,1,166,0.0000,0.0000,0.0000,0.0343,0.0000,0.0714,0.0000
stemming,bm25,0.5,1,167,0.2000,1.0000,0.3333,0.8333,0.8333,1.0000,0.9386
stemming,bm25,0.5,1,168,0.1000,0.5000,0.1667,0.1046,0.0833,0.1667,0.2184
stemming,bm25,0.5,1,169,0.2000,0.5000,0.2857,0.2659,0.2500,0.5000,0.4144
stemming,bm25,0.5,1,170,0.3000,0.5000,0.3750,0.5474,0.5000,1.0000,0.6386
stemming,bm25,0.5,1,171,0.2000,0.6667,0.3077,0.5850,0.5556,1.0000,0.6407
stemming,bm25,0.5,1,172,0.4000,1.0000,0.5714,0.8042,0.8042,1.0000,0.8940
stemming,bm25,0.5,1,173,0.2000,1.0000,0.3333,1.0000,1.0000,1.0000,1.0000
stemming,bm25,0.5,1,174,0.1000,0.2000,0.1333,0.0493,0.0250,0.1250,0.1237
stemming,bm25,0.5,1,175,0.1000,0.2000,0.1333,0.0489,0.0250,0.1250,0.1179
stemming,bm25,0.5,1,176,0.0000,0.0000,0.0000,0.0445,0.0000,0.0714,0.0000
stemming,bm25,0.5,1,177,0.4000,0.8000,0.5333,0.6766,0.5857,1.0000,0.8202
stemming,bm25,0.5,1,178,0.2000,0.5000,0.2857,0.3622,0.3125,1.0000,0.6969
stemming,bm25,0.5,1,179,0.2000,0.5000,0.2857,0.4236,0.4167,1.0000,0.5856
stemming,bm25,0.5,1,180,0.3000,0.4286,0.3529,0.3768,0.2524,0.5000,0.3861
stemming,bm25,0.5,1,181,0.1000,0.2000,0.1333,0.2607,0.2000,1.0000,0.2491
stemming,bm25,0.5,1,182,0.2000,1.0000,0.3333,0.5833,0.5833,0.5000,0.6697
stemming,bm25,0.5,1,183,0.3000,0.2308,0.2609,0.2580,0.1407,1.0000,0.3014
stemming,bm25,0.5,1,184,0.2000,0.2857,0.2353,0.2106,0.1714,1.0000,0.3713
stemming,bm25,0.5,1,185,0.7000,0.7778,0.7368,0.8218,0.7074,1.0000,0.8412
stemming,bm25,0.5,1,186,0.4000,0.2500,0.3077,0.1760,0.1319,0.5000,0.3936
stemming,bm25,0.5,1,187,0.3000,0.5000,0.3750,0.1595,0.1528,0.2500,0.2998
stemming,bm25,0.5,1,188,0.4000,0.3636,0.3810,0.3585,0.2333,1.0000,0.5175
stemming,bm25,0.5,1,189,0.2000,0.2222,0.2105,0.1141,0.0503,0.1667,0.0989
stemming,bm25,0.5,1,190,0.2000,0.4000,0.2667,0.3767,0.3333,1.0000,0.4141
stemming,bm25,0.5,1,191,0.3000,0.2308,0.2609,0.2641,0.0603,0.2000,0.1930
stemming,bm25,0.5,1,192,0.3000,0.7500,0.4286,0.5629,0.5417,1.0000,0.7246
stemming,bm25,0.5,1,193,0.6000,0.6667,0.6316,0.7987,0.6508,1.0000,0.6861
stemming,bm25,0.5,1,194,0.2000,0.3333,0.2500,0.1884,0.1032,0.3333,0.2269
stemming,bm25,0.5,1,195,0.0000,0.0000,0.0000,0.0554,0.0000,0.0833,0.0000
stemming,bm25,0.5,1,196,0.3000,0.2500,0.2727,0.1315,0.0972,0.5000,0.2687
stemming,bm25,0.5,1,197,0.2000,0.6667,0.3077,0.4477,0.3889,0.5000,0.5249
stemming,bm25,0.5,1,198,0.3000,0.7500,0.4286,0.4838,0.4821,1.0000,0.6836
stemming,bm25,0.5,1,199,0.2000,0.2500,0.2222,0.0787,0.0429,0.1429,0.1384
stemming,bm25,0.5,1,200,0.2000,0.6667,0.3077,0.3476,0.3000,0.5000,0.4776
stemming,bm25,0.5,1,201,0.5000,0.3125,0.3846,0.3639,0.2388,1.0000,0.6404
stemming,bm25,0.5,1,202,0.3000,0.2143,0.2500,0.2020,0.1369,0.5000,0.2384
stemming,bm25,0.5,1,203,0.3000,0.2143,0.2500,0.1547,0.1262,0.5000,0.3710
stemming,bm25,0.5,1,204,0.0000,0.0000,0.0000,0.0336,0.0000,0.0286,0.0000
stemming,bm25,0.5,1,205,0.2000,1.0000,0.3333,0.6667,0.6667,1.0000,0.8316
stemming,bm25,0.5,1,206,0.2000,0.6667,0.3077,0.2639,0.2619,0.5000,0.4909
stemming,bm25,0.5,1,207,0.0000,0.0000,0.0000,0.0065,0.0000,0.0112,0.0000
stemming,bm25,0.5,1,208,0.3000,0.5000,0.3750,0.3999,0.2944,0.5000,0.5175
stemming,bm25,0.5,1,209,0.1000,0.0833,0.0909,0.1073,0.0104,0.1250,0.0643
stemming,bm25,0.5,1,210,0.2000,0.3333,0.2500,0.2641,0.1944,0.5000,0.3808
stemming,bm25,0.5,1,211,0.1000,0.0909,0.0952,0.1938,0.0909,1.0000,0.1096
stemming,bm25,0.5,1,212,0.5000,0.3571,0.4167,0.4796,0.2976,1.0000,0.4809
stemming,bm25,0.5,1,213,0.5000,0.4545,0.4762,0.5270,0.3909,1.0000,0.5777
stemming,bm25,0.5,1,214,0.1000,0.2500,0.1429,0.1565,0.1250,0.5000,0.2463
stemming,bm25,0.5,1,215,0.0000,0.0000,0.0000,0.0450,0.0000,0.0588,0.0000
stemming,bm25,0.5,1,216,0.0000,0.0000,0.0000,0.0015,0.0000,0.0015,0.0000
stemming,bm25,0.5,1,217,0.2000,0.1333,0.1600,0.2110,0.1111,1.0000,0.2824
stemming,bm25,0.5,1,218,0.2000,0.1333,0.1600,0.1797,0.0315,0.2500,0.1096
stemming,bm25,0.5,1,219,0.0000,0.0000,0.0000,0.0298,0.0000,0.0141,0.0000
stemming,bm25,0.5,1,220,0.2000,0.1053,0.1379,0.2004,0.1053,1.0000,0.2455
stemming,bm25,0.5,1,221,0.3000,0.1667,0.2143,0.1951,0.1065,0.5000,0.2784
stemming,bm25,0.5,1,222,0.6000,0.6667,0.6316,0.7547,0.5979,1.0000,0.7582
stemming,bm25,0.5,1,223,0.3000,0.7500,0.4286,0.5136,0.4792,0.5000,0.6096
stemming,bm25,0.5,1,224,0.2000,0.2500,0.2222,0.1628,0.0694,0.3333,0.1714
stemming,bm25,0.5,1,225,0.2000,0.0833,0.1176,0.0729,0.0486,0.5000,0.1454
stemming,bm25,1.2,0,1,0.3000,0.1071,0.1579,0.1404,0.0610,1.0000,0.2347
stemming,bm25,1.2,0,2,0.4000,0.1667,0.2353,0.1937,0.1340,1.0000,0.4812
stemming,bm25,1.2,0,3,0.4000,0.5000,0.4444,0.3359,0.2133,0.5000,0.4101
stemming,bm25,1.2,0,4,0.1000,0.5000,0.1667,0.2722,0.2500,0.5000,0.3869
stemming,bm25,1.2,0,5,0.3000,0.7500,0.4286,0.4540,0.4405,1.0000,0.5675
stemming,bm25,1.2,0,6,0.1000,0.2500,0.1429,0.1101,0.0625,0.2500,0.1407
stemming,bm25,1.2,0,7,0.2000,0.4000,0.2667,0.1647,0.1467,0.3333,0.2725
stemming,bm25,1.2,0,8,0.1000,0.0909,0.0952,0.1424,0.0909,1.0000,0.2670
stemming,bm25,1.2,0,9,0.2000,0.6667,0.3077,0.1768,0.1619,0.2000,0.3380
stemming,bm25,1.2,0,10,0.1000,0.1250,0.1111,0.1075,0.0625,0.5000,0.1323
stemming,bm25,1.2,0,11,0.1000,0.1429,0.1176,0.1334,0.0286,0.2000,0.1248
stemming,bm25,1.2,0,12,0.0000,0.0000,0.0000,0.0319,0.0000,0.0400,0.0000
stemming,bm25,1.2,0,13,0.0000,0.0000,0.0000,0.0029,0.0000,0.0016,0.0000
stemming,bm25,1.2,0,14,0.0000,0.0000,0.0000,0.0551,0.0000,0.0909,0.0000
stemming,bm25,1.2,0,15,0.2000,1.0000,0.3333,0.7500,0.7500,1.0000,0.7075
stemming,bm25,1.2,0,16,0.2000,0.6667,0.3077,0.1507,0.1389,0.1667,0.3230
stemming,bm25,1.2,0,17,0.0000,0.0000,0.0000,0.0316,0.0000,0.0435,0.0000
stemming,bm25,1.2,0,18,0.1000,0.3333,0.1538,0.3563,0.3333,1.0000,0.4693
stemming,bm25,1.2,0,19,0.0000,0.0000,0.0000,0.0110,0.0000,0.0118,0.0000
stemming,bm25,1.2,0,20,0.5000,0.5556,0.5263,0.3123,0.2746,0.5000,0.4692
stemming,bm25,1.2,0,21,0.0000,0.0000,0.0000,0.0270,0.0000,0.0323,0.0000
stemming,bm25,1.2,0,22,0.0000,0.0000,0.0000,0.0015,0.0000,0.0015,0.0000
stemming,bm25,1.2,0,23,0.1000,0.0312,0.0476,0.1182,0.0156,0.5000,0.1654
stemming,bm25,1.2,0,24,0.2000,0.6667,0.3077,0.3522,0.3333,0.5000,0.5405
stemming,bm25,1.2,0,25,0.6000,0.6667,0.6316,0.6630,0.6204,1.0000,0.7464
stemming,bm25,1.2,0,26,0.2000,0.3333,0.2500,0.1811,0.1500,0.5000,0.3526
stemming,bm25,1.2,0,27,0.0000,0.0000,0.0000,0.0296,0.0000,0.0435,0.0000
stemming,bm25,1.2,0,28,0.0000,0.0000,0.0000,0.0034,0.0000,0.0023,0.0000
stemming,bm25,1.2,0,29,0.3000,0.3333,0.3158,0.2127,0.1343,0.5000,0.1991
stemming,bm25,1.2,0,30,0.0000,0.0000,0.0000,0.0546,0.0000,0.0769,0.0000
stemming,bm25,1.2,0,31,0.0000,0.0000,0.0000,0.0007,0.0000,0.0007,0.0000
stemming,bm25,1.2,0,32,0.0000,0.0000,0.0000,0.0101,0.0000,0.0069,0.0000
stemming,bm25,1.2,0,33,0.2000,0.6667,0.3077,0.4242,0.3333,0.5000,0.4499
stemming,bm25,1.2,0,34,0.2000,0.3333,0.2500,0.2339,0.1222,0.3333,0.2060
stemming,bm25,1.2,0,35,0.0000,0.0000,0.0000,0.0269,0.0000,0.0588,0.0000
stemming,bm25,1.2,0,36,0.1000,0.5000,0.1667,0.2604,0.2500,0.5000,0.2961
stemming,bm25,1.2,0,37,0.0000,0.0000,0.0000,0.0366,0.0000,0.0333,0.0000
stemming,bm25,1.2,0,38,0.0000,0.0000,0.0000,0.0605,0.0000,0.0667,0.0000
stemming,bm25,1.2,0,39,0.2000,0.1538,0.1739,0.1209,0.0641,0.5000,0.2254
stemming,bm25,1.2,0,40,0.2000,0.1667,0.1818,0.1422,0.0972,0.5000,0.1777
stemming,bm25,1.2,0,41,0.3000,1.0000,0.4615,0.7778,0.7778,1.0000,0.8845
stemming,bm25,1.2,0,42,0.2000,0.4000,0.2667,0.1546,0.0971,0.2000,0.2213
stemming,bm25,1.2,0,43,0.3000,0.5000,0.3750,0.3786,0.3125,1.0000,0.5844
stemming,bm25,1.2,0,44,0.0000,0.0000,0.0000,0.0021,0.0000,0.0012,0.0000
stemming,bm25,1.2,0,45,0.1000,0.0833,0.0909,0.1240,0.0417,0.5000,0.1766
stemming,bm25,1.2,0,46,0.5000,0.3333,0.4000,0.3984,0.2843,1.0000,0.4923
stemming,bm25,1.2,0,47,0.4000,0.2857,0.3333,0.3490,0.1544,1.0000,0.4403
stemming,bm25,1.2,0,48,0.3000,0.2727,0.2857,0.2117,0.1273,0.5000,0.2703
stemming,bm25,1.2,0,49,0.0000,0.0000,0.0000,0.0291,0.0000,0.0476,0.0000
stemming,bm25,1.2,0,50,0.0000,0.0000,0.0000,0.0193,0.0000,0.0286,0.0000
stemming,bm25,1.2,0,51,0.4000,0.4000,0.4000,0.3575,0.2400,1.0000,0.4299
stemming,bm25,1.2,0,52,0.1000,0.2500,0.1429,0.1931,0.0625,0.2500,0.1894
stemming,bm25,1.2,0,53,0.3000,0.3000,0.3000,0.2334,0.1733,1.0000,0.3848
stemming,bm25,1.2,0,54,0.2000,0.2222,0.2105,0.1921,0.1000,0.5000,0.2999
stemming,bm25,1.2,0,55,0.1000,0.1000,0.1000,0.1529,0.0167,0.1667,0.0322
stemming,bm25,1.2,0,56,0.2000,0.2000,0.2000,0.1115,0.0750,0.5000,0.1644
stemming,bm25,1.2,0,57,0.0000,0.0000,0.0000,0.0610,0.0000,0.0500,0.0000
stemming,bm25,1.2,0,58,0.1000,0.1111,0.1053,0.1324,0.0556,0.5000,0.2422
stemming,bm25,1.2,0,59,0.0000,0.0000,0.0000,0.0691,0.0000,0.0833,0.0000
stemming,bm25,1.2,0,60,0.2000,0.4000,0.2667,0.3910,0.3333,1.0000,0.4935
stemming,bm25,1.2,0,61,0.3000,0.6000,0.4000,0.5004,0.4600,1.0000,0.6666
stemming,bm25,1.2,0,62,0.0000,0.0000,0.0000,0.0158,0.0000,0.0244,0.0000
stemming,bm25,1.2,0,63,0.0000,0.0000,0.0000,0.0271,0.0000,0.0227,0.0000
stemming,bm25,1.2,0,64,0.1000,0.5000,0.1667,0.0692,0.0625,0.1250,0.2141
stemming,bm25,1.2,0,65,0.0000,0.0000,0.0000,0.0745,0.0000,0.0417,0.0000
stemming,bm25,1.2,0,66,0.0000,0.0000,0.0000,0.0394,0.0000,0.0333,0.0000
stemming,bm25,1.2,0,67,0.1000,0.0714,0.0833,0.1084,0.0238,0.3333,0.1337
stemming,bm25,1.2,0,68,0.1000,0.2000,0.1333,0.0749,0.0333,0.1667,0.1549
stemming,bm25,1.2,0,69,0.1000,0.2000,0.1333,0.0613,0.0400,0.2000,0.1625
stemming,bm25,1.2,0,70,0.1000,0.1000,0.1000,0.1606,0.1000,1.0000,0.2427
stemming,bm25,1.2,0,71,0.1000,0.1250,0.1111,0.0725,0.0208,0.1667,0.1160
stemming,bm25,1.2,0,72,0.0000,0.0000,0.0000,0.0361,0.0000,0.0769,0.0000
stemming,bm25,1.2,0,73,0.5000,0.2500,0.3333,0.3240,0.1854,1.0000,0.6225
stemming,bm25,1.2,0,74,0.1000,0.1667,0.1250,0.1455,0.0556,0.3333,0.2123
stemming,bm25,1.2,0,75,0.0000,0.0000,0.0000,0.0121,0.0000,0.0096,0.0000
stemming,bm25,1.2,0,76,0.4000,0.5714,0.4706,0.2656,0.2612,0.5000,0.4451
stemming,bm25,1.2,0,77,0.3000,0.5000,0.3750,0.2709,0.2222,0.3333,0.2501
stemming,bm25,1.2,0,78,0.2000,0.6667,0.3077,0.6144,0.5556,1.0000,0.6652
stemming,bm25,1.2,0,79,0.0000,0.0000,0.0000,0.0226,0.0000,0.0312,0.0000
stemming,bm25,1.2,0,80,0.0000,0.0000,0.0000,0.0062,0.0000,0.0077,0.0000
stemming,bm25,1.2,0,81,0.2000,1.0000,0.3333,0.6250,0.6250,1.0000,0.4884
stemming,bm25,1.2,0,82,0.1000,0.2000,0.1333,0.2761,0.2000,1.0000,0.3985
stemming,bm25,1.2,0,83,0.1000,0.2500,0.1429,0.0941,0.0833,0.3333,0.1952
stemming,bm25,1.2,0,84,0.3000,0.2727,0.2857,0.3392,0.2500,1.0000,0.2659
stemming,bm25,1.2,0,85,0.1000,0.2500,0.1429,0.0732,0.0625,0.2500,0.1111
stemming,bm25,1.2,0,86,0.2000,1.0000,0.3333,0.5833,0.5833,0.5000,0.6934
stemming,bm25,1.2,0,87,0.0000,0.0000,0.0000,0.0134,0.0000,0.0227,0.0000
stemming,bm25,1.2,0,88,0.6000,1.0000,0.7500,0.6357,0.6357,0.5000,0.7435
stemming,bm25,1.2,0,89,0.2000,0.3333,0.2500,0.1674,0.0608,0.1429,0.2267
stemming,bm25,1.2,0,90,0.3000,0.2308,0.2609,0.2301,0.1227,0.5000,0.2371
stemming,bm25,1.2,0,91,0.3000,0.3333,0.3158,0.3569,0.2222,1.0000,0.4977
stemming,bm25,1.2,0,92,0.5000,0.3846,0.4348,0.3387,0.2470,1.0000,0.3126
stemming,bm25,1.2,0,93,0.1000,1.0000,0.1818,0.5000,0.5000,0.5000,0.6309
stemming,bm25,1.2,0,94,0.6000,0.5000,0.5455,0.4773,0.3644,1.0000,0.5180
stemming,bm25,1.2,0,95,0.1000,0.5000,0.1667,0.5588,0.5000,1.0000,0.2159
stemming,bm25,1.2,0,96,0.7000,0.5385,0.6087,0.4259,0.3782,0.5000,0.6098
stemming,bm25,1.2,0,97,0.3000,0.3000,0.3000,0.2239,0.1917,0.5000,0.3046
stemming,bm25,1.2,0,98,0.0000,0.0000,0.0000,0.0187,0.0000,0.0417,0.0000
stemming,bm25,1.2,0,99,0.2000,0.5000,0.2857,0.2554,0.2500,0.5000,0.4715
stemming,bm25,1.2,0,100,0.3000,0.3333,0.3158,0.3465,0.2778,1.0000,0.5063
stemming,bm25,1.2,0,101,0.5000,0.8333,0.6250,0.4763,0.4175,0.3333,0.5437
stemming,bm25,1.2,0,102,0.1000,0.2500,0.1429,0.0702,0.0357,0.1429,0.0910
stemming,bm25,1.2,0,103,0.0000,0.0000,0.0000,0.0242,0.0000,0.0455,0.0000
stemming,bm25,1.2,0,104,0.1000,0.2000,0.1333,0.0785,0.0667,0.3333,0.1696
stemming,bm25,1.2,0,105,0.3000,0.6000,0.4000,0.4343,0.3833,0.5000,0.5553
stemming,bm25,1.2,0,106,0.3000,0.6000,0.4000,0.3410,0.2667,0.3333,0.4120
stemming,bm25,1.2,0,107,0.2000,0.2857,0.2353,0.1905,0.0833,0.3333,0.2318
stemming,bm25,1.2,0,108,0.5000,0.7143,0.5882,0.7015,0.5901,1.0000,0.7756
stemming,bm25,1.2,0,109,0.0000,0.0000,0.0000,0.0324,0.0000,0.0286,0.0000
stemming,bm25,1.2,0,110,0.0000,0.0000,0.0000,0.0245,0.0000,0.0385,0.0000
stemming,bm25,1.2,0,111,0.2000,0.2857,0.2353,0.1778,0.0833,0.2500,0.1673
stemming,bm25,1.2,0,112,0.1000,0.5000,0.1667,0.3214,0.2500,0.5000,0.2398
stemming,bm25,1.2,0,113,0.1000,0.2500,0.1429,0.0623,0.0357,0.1429,0.1301
stemming,bm25,1.2,0,114,0.0000,0.0000,0.0000,0.0254,0.0000,0.0345,0.0000
stemming,bm25,1.2,0,115,0.1000,0.2500,0.1429,0.0958,0.0833,0.3333,0.2372
stemming,bm25,1.2,0,116,0.1000,0.2000,0.1333,0.0368,0.0200,0.1000,0.0770
stemming,bm25,1.2,0,117,0.0000,0.0000,0.0000,0.0225,0.0000,0.0312,0.0000
stemming,bm25,1.2,0,118,0.2000,0.6667,0.3077,0.2232,0.2167,0.2500,0.3843
stemming,bm25,1.2,0,119,0.1000,1.0000,0.1818,0.1429,0.1429,0.1429,0.3333
stemming,bm25,1.2,0,120,0.3000,0.3333,0.3158,0.3142,0.1528,0.5000,0.3543
stemming,bm25,1.2,0,121,0.3000,0.4286,0.3529,0.3486,0.2286,0.5000,0.4075
stemming,bm25,1.2,0,122,0.1000,0.1111,0.1053,0.0493,0.0123,0.1111,0.0297
stemming,bm25,1.2,0,123,0.0000,0.0000,0.0000,0.0464,0.0000,0.0625,0.0000
stemming,bm25,1.2,0,124,0.0000,0.0000,0.0000,0.0031,0.0000,0.0030,0.0000
stemming,bm25,1.2,0,125,0.4000,0.2353,0.2963,0.2763,0.1353,1.0000,0.4399
stemming,bm25,1.2,0,126,0.2000,0.2500,0.2222,0.2653,0.2500,1.0000,0.5130
stemming,bm25,1.2,0,127,0.1000,0.2000,0.1333,0.1099,0.0250,0.1250,0.0940
stemming,bm25,1.2,0,128,0.0000,0.0000,0.0000,0.0226,0.0000,0.0400,0.0000
stemming,bm25,1.2,0,129,0.4000,0.5714,0.4706,0.3646,0.3452,0.5000,0.5249
stemming,bm25,1.2,0,130,0.4000,0.8000,0.5333,0.5755,0.5722,1.0000,0.7197
stemming,bm25,1.2,0,131,0.2000,0.2500,0.2222,0.2286,0.0667,0.2000,0.1225
stemming,bm25,1.2,0,132,0.7000,0.4667,0.5600,0.6973,0.3754,1.0000,0.5658
stemming,bm25,1.2,0,133,0.3000,0.4286,0.3529,0.3459,0.2175,1.0000,0.4493
stemming,bm25,1.2,0,134,0.1000,0.5000,0.1667,0.5135,0.5000,1.0000,0.4693
stemming,bm25,1.2,0,135,0.5000,0.6250,0.5556,0.5125,0.3339,0.5000,0.4416
stemming,bm25,1.2,0,136,0.2000,0.6667,0.3077,0.1603,0.1508,0.1667,0.3427
stemming,bm25,1.2,0,137,0.1000,0.2500,0.1429,0.1724,0.1250,0.5000,0.2061
stemming,bm25,1.2,0,138,0.1000,0.5000,0.1667,0.2770,0.2500,0.5000,0.3869
stemming,bm25,1.2,0,139,0.0000,0.0000,0.0000,0.0090,0.0000,0.0213,0.0000
stemming,bm25,1.2,0,140,0.2000,0.3333,0.2500,0.1084,0.0889,0.2000,0.2955
stemming,bm25,1.2,0,141,0.2000,0.3333,0.2500,0.2191,0.1389,0.3333,0.3048
stemming,bm25,1.2,0,142,0.0000,0.0000,0.0000,0.0370,0.0000,0.0370,0.0000
stemming,bm25,1.2,0,143,0.1000,0.5000,0.1667,0.5667,0.5000,1.0000,0.6131
stemming,bm25,1.2,0,144,0.1000,0.1667,0.1250,0.1405,0.0556,0.3333,0.1214
stemming,bm25,1.2,0,145,0.0000,0.0000,0.0000,0.0713,0.0000,0.0909,0.0000
stemming,bm25,1.2,0,146,0.2000,1.0000,0.3333,0.2500,0.2500,0.2500,0.4473
stemming,bm25,1.2,0,147,0.4000,0.4000,0.4000,0.3014,0.2488,0.5000,0.4391
stemming,bm25,1.2,0,148,0.2000,0.3333,0.2500,0.1399,0.0889,0.2000,0.2550
stemming,bm25,1.2,0,149,0.2000,0.1818,0.1905,0.2151,0.1212,1.0000,0.2985
stemming,bm25,1.2,0,150,0.2000,1.0000,0.3333,1.0000,1.0000,1.0000,1.0000
stemming,bm25,1.2,0,151,0.0000,0.0000,0.0000,0.0220,0.0000,0.0345,0.0000
stemming,bm25,1.2,0,152,0.0000,0.0000,0.0000,0.0069,0.0000,0.0059,0.0000
stemming,bm25,1.2,0,153,0.1000,0.1429,0.1176,0.0796,0.0357,0.2500,0.0695
stemming,bm25,1.2,0,154,0.2000,1.0000,0.3333,0.7500,0.7500,1.0000,0.7724
stemming,bm25,1.2,0,155,0.1000,0.1667,0.1250,0.0710,0.0278,0.1667,0.0802
stemming,bm25,1.2,0,156,0.7000,0.5000,0.5833,0.5779,0.5000,1.0000,0.6256
stemming,bm25,1.2,0,157,0.5000,0.1282,0.2041,0.2109,0.1059,1.0000,0.4825
stemming,bm25,1.2,0,158,0.1000,0.1250,0.1111,0.1867,0.1250,1.0000,0.3630
stemming,bm25,1.2,0,159,0.1000,0.1250,0.1111,0.0558,0.0125,0.1000,0.0398
stemming,bm25,1.2,0,160,0.1000,0.2000,0.1333,0.2179,0.2000,1.0000,0.3937
stemming,bm25,1.2,0,161,0.2000,0.3333,0.2500,0.4053,0.3333,1.0000,0.6526
stemming,bm25,1.2,0,162,0.1000,0.1250,0.1111,0.1285,0.0250,0.2000,0.0562
stemming,bm25,1.2,0,163,0.2000,0.6667,0.3077,0.2317,0.2222,0.3333,0.4018
stemming,bm25,1.2,0,164,0.5000,0.6250,0.5556,0.5762,0.5531,1.0000,0.7604
stemming,bm25,1.2,0,165,0.2000,1.0000,0.3333,0.3333,0.3333,0.3333,0.5250
stemming,bm25,1.2,0,166,0.0000,0.0000,0.0000,0.0420,0.0000,0.0769,0.0000
stemming,bm25,1.2,0,167,0.2000,1.0000,0.3333,1.0000,1.0000,1.0000,1.0000
stemming,bm25,1.2,0,168,0.1000,0.5000,0.1667,0.0725,0.0625,0.1250,0.1934
stemming,bm25,1.2,0,169,0.2000,0.5000,0.2857,0.2154,0.2083,0.3333,0.3633
stemming,bm25,1.2,0,170,0.3000,0.5000,0.3750,0.1752,0.1310,0.2000,0.2800
stemming,bm25,1.2,0,171,0.1000,0.3333,0.1538,0.4374,0.3333,1.0000,0.5695
stemming,bm25,1.2,0,172,0.4000,1.0000,0.5714,0.6792,0.6792,0.5000,0.6867
stemming,bm25,1.2,0,173,0.2000,1.0000,0.3333,0.8333,0.8333,1.0000,0.9197
stemming,bm25,1.2,0,174,0.1000,0.2000,0.1333,0.0411,0.0222,0.1111,0.1180
stemming,bm25,1.2,0,175,0.0000,0.0000,0.0000,0.0312,0.0000,0.0400,0.0000
stemming,bm25,1.2,0,176,0.0000,0.0000,0.0000,0.0235,0.0000,0.0286,0.0000
stemming,bm25,1.2,0,177,0.4000,0.8000,0.5333,0.6217,0.5550,1.0000,0.8103
stemming,bm25,1.2,0,178,0.2000,0.5000,0.2857,0.3932,0.3500,1.0000,0.7084
stemming,bm25,1.2,0,179,0.2000,0.5000,0.2857,0.3217,0.3125,1.0000,0.5135
stemming,bm25,1.2,0,180,0.2000,0.2857,0.2353,0.2930,0.1667,0.5000,0.3324
stemming,bm25,1.2,0,181,0.1000,0.2000,0.1333,0.2497,0.2000,1.0000,0.2491
stemming,bm25,1.2,0,182,0.2000,1.0000,0.3333,0.5833,0.5833,0.5000,0.6697
stemming,bm25,1.2,0,183,0.4000,0.3077,0.3478,0.2668,0.1619,1.0000,0.2993
stemming,bm25,1.2,0,184,0.1000,0.1429,0.1176,0.2164,0.1429,1.0000,0.2881
stemming,bm25,1.2,0,185,0.6000,0.6667,0.6316,0.8108,0.6323,1.0000,0.8297
stemming,bm25,1.2,0,186,0.4000,0.2500,0.3077,0.1672,0.1190,0.3333,0.3566
stemming,bm25,1.2,0,187,0.1000,0.1667,0.1250,0.1371,0.0833,0.5000,0.2018
stemming,bm25,1.2,0,188,0.3000,0.2727,0.2857,0.2734,0.1515,0.5000,0.3587
stemming,bm25,1.2,0,189,0.3000,0.3333,0.3158,0.1368,0.0833,0.1667,0.1935
stemming,bm25,1.2,0,190,0.2000,0.4000,0.2667,0.1773,0.1444,0.5000,0.2553
stemming,bm25,1.2,0,191,0.1000,0.0769,0.0870,0.2570,0.0128,0.1667,0.0521
stemming,bm25,1.2,0,192,0.3000,0.7500,0.4286,0.5992,0.5833,1.0000,0.7542
stemming,bm25,1.2,0,193,0.7000,0.7778,0.7368,0.7858,0.7073,1.0000,0.8215
stemming,bm25,1.2,0,194,0.3000,0.5000,0.3750,0.2706,0.2125,0.5000,0.4099
stemming,bm25,1.2,0,195,0.1000,0.3333,0.1538,0.1109,0.0833,0.2500,0.2021
stemming,bm25,1.2,0,196,0.2000,0.1667,0.1818,0.0706,0.0463,0.3333,0.1581
stemming,bm25,1.2,0,197,0.2000,0.6667,0.3077,0.4444,0.3889,0.5000,0.5249
stemming,bm25,1.2,0,198,0.2000,0.5000,0.2857,0.3644,0.3000,1.0000,0.4933
stemming,bm25,1.2,0,199,0.0000,0.0000,0.0000,0.0544,0.0000,0.0909,0.0000
stemming,bm25,1.2,0,200,0.2000,0.6667,0.3077,0.4592,0.4444,1.0000,0.6364
stemming,bm25,1.2,0,201,0.4000,0.2500,0.3077,0.3327,0.2010,1.0000,0.5550
stemming,bm25,1.2,0,202,0.3000,0.2143,0.2500,0.2256,0.1726,1.0000,0.2599
stemming,bm25,1.2,0,203,0.3000,0.2143,0.2500,0.1661,0.1369,0.5000,0.3817
stemming,bm25,1.2,0,204,0.0000,0.0000,0.0000,0.0299,0.0000,0.0179,0.0000
stemming,bm25,1.2,0,205,0.2000,1.0000,0.3333,0.6667,0.6667,1.0000,0.8316
stemming,bm25,1.2,0,206,0.2000,0.6667,0.3077,0.2239,0.2222,0.3333,0.4359
stemming,bm25,1.2,0,207,0.0000,0.0000,0.0000,0.0060,0.0000,0.0098,0.0000
stemming,bm25,1.2,0,208,0.3000,0.5000,0.3750,0.3482,0.2659,0.5000,0.4992
stemming,bm25,1.2,0,209,0.0000,0.0000,0.0000,0.0806,0.0000,0.0909,0.0000
stemming,bm25,1.2,0,210,0.2000,0.3333,0.2500,0.3446,0.2778,1.0000,0.4826
stemming,bm25,1.2,0,211,0.1000,0.0909,0.0952,0.1786,0.0909,1.0000,0.1096
stemming,bm25,1.2,0,212,0.4000,0.2857,0.3333,0.4419,0.2551,1.0000,0.4510
stemming,bm25,1.2,0,213,0.4000,0.3636,0.3810,0.5766,0.3636,1.0000,0.5127
stemming,bm25,1.2,0,214,0.1000,0.2500,0.1429,0.0993,0.0833,0.3333,0.1952
stemming,bm25,1.2,0,215,0.0000,0.0000,0.0000,0.0287,0.0000,0.0303,0.0000
stemming,bm25,1.2,0,216,0.0000,0.0000,0.0000,0.0020,0.0000,0.0020,0.0000
stemming,bm25,1.2,0,217,0.2000,0.1333,0.1600,0.1371,0.0489,0.3333,0.1252
stemming,bm25,1.2,0,218,0.4000,0.2667,0.3200,0.2482,0.1015,0.2500,0.2675
stemming,bm25,1.2,0,219,0.0000,0.0000,0.0000,0.0330,0.0000,0.0179,0.0000
stemming,bm25,1.2,0,220,0.2000,0.1053,0.1379,0.1488,0.0614,0.5000,0.1644
stemming,bm25,1.2,0,221,0.3000,0.1667,0.2143,0.1577,0.0608,0.3333,0.2121
stemming,bm25,1.2,0,222,0.6000,0.6667,0.6316,0.7823,0.5815,1.0000,0.6968
stemming,bm25,1.2,0,223,0.3000,0.7500,0.4286,0.6576,0.5667,1.0000,0.7366
stemming,bm25,1.2,0,224,0.2000,0.2500,0.2222,0.2514,0.1500,1.0000,0.3396
stemming,bm25,1.2,0,225,0.2000,0.0833,0.1176,0.0647,0.0417,0.5000,0.1330
stemming,bm25,1.2,0.75,1,0.3000,0.1071,0.1579,0.1892,0.0643,1.0000,0.2930
stemming,bm25,1.2,0.75,2,0.4000,0.1667,0.2353,0.1945,0.1435,1.0000,0.5450
stemming,bm25,1.2,0.75,3,0.6000,0.7500,0.6667,0.5732,0.5060,0.5000,0.6492
stemming,bm25,1.2,0.75,4,0.1000,0.5000,0.1667,0.5286,0.5000,1.0000,0.6131
stemming,bm25,1.2,0.75,5,0.3000,0.7500,0.4286,0.3283,0.3083,0.3333,0.4737
stemming,bm25,1.2,0.75,6,0.1000,0.2500,0.1429,0.1646,0.1250,0.5000,0.2061
stemming,bm25,1.2,0.75,7,0.2000,0.4000,0.2667,0.2586,0.2333,0.5000,0.3474
stemming,bm25,1.2,0.75,8,0.1000,0.0909,0.0952,0.1601,0.0909,1.0000,0.2670
stemming,bm25,1.2,0.75,9,0.2000,0.6667,0.3077,0.3667,0.3333,0.5000,0.4982
stemming,bm25,1.2,0.75,10,0.3000,0.3750,0.3333,0.2672,0.2076,1.0000,0.3788
stemming,bm25,1.2,0.75,11,0.2000,0.2857,0.2353,0.1620,0.0833,0.2500,0.1964
stemming,bm25,1.2,0.75,12,0.1000,0.2000,0.1333,0.0913,0.0500,0.2500,0.1601
stemming,bm25,1.2,0.75,13,0.0000,0.0000,0.0000,0.0030,0.0000,0.0025,0.0000
stemming,bm25,1.2,0.75,14,0.1000,0.5000,0.1667,0.0668,0.0556,0.1111,0.2600
stemming,bm25,1.2,0.75,15,0.2000,1.0000,0.3333,1.0000,1.0000,1.0000,0.8597
stemming,bm25,1.2,0.75,16,0.2000,0.6667,0.3077,0.2350,0.2222,0.3333,0.3931
stemming,bm25,1.2,0.75,17,0.1000,0.5000,0.1667,0.2615,0.2500,0.5000,0.4441
stemming,bm25,1.2,0.75,18,0.1000,0.3333,0.1538,0.3613,0.3333,1.0000,0.4693
stemming,bm25,1.2,0.75,19,0.0000,0.0000,0.0000,0.0159,0.0000,0.0588,0.0000
stemming,bm25,1.2,0.75,20,0.6000,0.6667,0.6316,0.5349,0.4553,0.5000,0.6071
stemming,bm25,1.2,0.75,21,0.0000,0.0000,0.0000,0.0452,0.0000,0.0556,0.0000
stemming,bm25,1.2,0.75,22,0.0000,0.0000,0.0000,0.0016,0.0000,0.0016,0.0000
stemming,bm25,1.2,0.75,23,0.2000,0.0625,0.0952,0.1327,0.0182,0.3333,0.1724
stemming,bm25,1.2,0.75,24,0.2000,0.6667,0.3077,0.3542,0.3333,0.5000,0.5405
stemming,bm25,1.2,0.75,25,0.6000,0.6667,0.6316,0.6264,0.5704,1.0000,0.7015
stemming,bm25,1.2,0.75,26,0.2000,0.3333,0.2500,0.2334,0.1944,0.5000,0.3918
stemming,bm25,1.2,0.75,27,0.1000,0.3333,0.1538,0.0758,0.0556,0.1667,0.2031
stemming,bm25,1.2,0.75,28,0.0000,0.0000,0.0000,0.0042,0.0000,0.0032,0.0000
stemming,bm25,1.2,0.75,29,0.4000,0.4444,0.4211,0.3612,0.2778,1.0000,0.3632
stemming,bm25,1.2,0.75,30,0.0000,0.0000,0.0000,0.0509,0.0000,0.0909,0.0000
stemming,bm25,1.2,0.75,31,0.0000,0.0000,0.0000,0.0007,0.0000,0.0007,0.0000
stemming,bm25,1.2,0.75,32,0.0000,0.0000,0.0000,0.0137,0.0000,0.0118,0.0000
stemming,bm25,1.2,0.75,33,0.2000,0.6667,0.3077,0.4603,0.3889,0.5000,0.4335
stemming,bm25,1.2,0.75,34,0.3000,0.5000,0.3750,0.2574,0.1611,0.3333,0.2661
stemming,bm25,1.2,0.75,35,0.0000,0.0000,0.0000,0.0157,0.0000,0.0238,0.0000
stemming,bm25,1.2,0.75,36,0.1000,0.5000,0.1667,0.2643,0.2500,0.5000,0.2961
stemming,bm25,1.2,0.75,37,0.0000,0.0000,0.0000,0.0463,0.0000,0.0345,0.0000
stemming,bm25,1.2,0.75,38,0.0000,0.0000,0.0000,0.0638,0.0000,0.0588,0.0000
stemming,bm25,1.2,0.75,39,0.3000,0.2308,0.2609,0.1240,0.0756,0.2500,0.2097
stemming,bm25,1.2,0.75,40,0.2000,0.1667,0.1818,0.0835,0.0446,0.2500,0.1201
stemming,bm25,1.2,0.75,41,0.3000,1.0000,0.4615,0.7917,0.7917,1.0000,0.8917
stemming,bm25,1.2,0.75,42,0.3000,0.6000,0.4000,0.1951,0.1821,0.2500,0.3828
stemming,bm25,1.2,0.75,43,0.4000,0.6667,0.5000,0.6332,0.5952,1.0000,0.8147
stemming,bm25,1.2,0.75,44,0.0000,0.0000,0.0000,0.0024,0.0000,0.0014,0.0000
stemming,bm25,1.2,0.75,45,0.1000,0.0833,0.0909,0.1708,0.0833,1.0000,0.2799
stemming,bm25,1.2,0.75,46,0.5000,0.3333,0.4000,0.3318,0.2181,0.5000,0.4288
stemming,bm25,1.2,0.75,47,0.4000,0.2857,0.3333,0.3171,0.1230,0.2500,0.3291
stemming,bm25,1.2,0.75,48,0.2000,0.1818,0.1905,0.1628,0.1061,0.5000,0.2556
stemming,bm25,1.2,0.75,49,0.1000,0.5000,0.1667,0.1112,0.1000,0.2000,0.2941
stemming,bm25,1.2,0.75,50,0.1000,0.1667,0.1250,0.1003,0.0833,0.5000,0.2882
stemming,bm25,1.2,0.75,51,0.6000,0.6000,0.6000,0.5536,0.4881,1.0000,0.5062
stemming,bm25,1.2,0.75,52,0.3000,0.7500,0.4286,0.8333,0.7500,1.0000,0.6438
stemming,bm25,1.2,0.75,53,0.2000,0.2000,0.2000,0.2411,0.1200,1.0000,0.2088
stemming,bm25,1.2,0.75,54,0.1000,0.1111,0.1053,0.1426,0.0556,0.5000,0.2129
stemming,bm25,1.2,0.75,55,0.3000,0.3000,0.3000,0.2980,0.1619,1.0000,0.2081
stemming,bm25,1.2,0.75,56,0.2000,0.2000,0.2000,0.1214,0.0750,0.5000,0.1644
stemming,bm25,1.2,0.75,57,0.0000,0.0000,0.0000,0.0674,0.0000,0.0556,0.0000
stemming,bm25,1.2,0.75,58,0.1000,0.1111,0.1053,0.1683,0.0556,0.5000,0.2422
stemming,bm25,1.2,0.75,59,0.0000,0.0000,0.0000,0.1007,0.0000,0.0909,0.0000
stemming,bm25,1.2,0.75,60,0.3000,0.6000,0.4000,0.4352,0.4200,1.0000,0.5271
stemming,bm25,1.2,0.75,61,0.3000,0.6000,0.4000,0.5447,0.4667,1.0000,0.6294
stemming,bm25,1.2,0.75,62,0.0000,0.0000,0.0000,0.0224,0.0000,0.0476,0.0000
stemming,bm25,1.2,0.75,63,0.0000,0.0000,0.0000,0.0262,0.0000,0.0233,0.0000
stemming,bm25,1.2,0.75,64,0.1000,0.5000,0.1667,0.5123,0.5000,1.0000,0.6788
stemming,bm25,1.2,0.75,65,0.4000,0.2667,0.3200,0.2126,0.1200,0.5000,0.3584
stemming,bm25,1.2,0.75,66,0.0000,0.0000,0.0000,0.0791,0.0000,0.0909,0.0000
stemming,bm25,1.2,0.75,67,0.5000,0.3571,0.4167,0.4514,0.3161,1.0000,0.5513
stemming,bm25,1.2,0.75,68,0.1000,0.2000,0.1333,0.0995,0.0667,0.3333,0.2175
stemming,bm25,1.2,0.75,69,0.1000,0.2000,0.1333,0.0630,0.0400,0.2000,0.1625
stemming,bm25,1.2,0.75,70,0.1000,0.1000,0.1000,0.1010,0.0500,0.5000,0.1531
stemming,bm25,1.2,0.75,71,0.0000,0.0000,0.0000,0.0465,0.0000,0.0714,0.0000
stemming,bm25,1.2,0.75,72,0.1000,0.0588,0.0741,0.0686,0.0294,0.5000,0.1781
stemming,bm25,1.2,0.75,73,0.6000,0.3000,0.4000,0.3398,0.2157,1.0000,0.6297
stemming,bm25,1.2,0.75,74,0.1000,0.1667,0.1250,0.1117,0.0333,0.2000,0.1642
stemming,bm25,1.2,0.75,75,0.0000,0.0000,0.0000,0.0204,0.0000,0.0182,0.0000
stemming,bm25,1.2,0.75,76,0.3000,0.4286,0.3529,0.3108,0.2524,0.5000,0.3969
stemming,bm25,1.2,0.75,77,0.3000,0.5000,0.3750,0.3447,0.2381,0.5000,0.2950
stemming,bm25,1.2,0.75,78,0.2000,0.6667,0.3077,0.5000,0.4167,1.0000,0.5600
stemming,bm25,1.2,0.75,79,0.1000,0.2000,0.1333,0.0541,0.0333,0.1667,0.1556
stemming,bm25,1.2,0.75,80,0.0000,0.0000,0.0000,0.0113,0.0000,0.0189,0.0000
stemming,bm25,1.2,0.75,81,0.2000,1.0000,0.3333,0.8333,0.8333,1.0000,0.6478
stemming,bm25,1.2,0.75,82,0.3000,0.6000,0.4000,0.3065,0.2857,0.5000,0.4987
stemming,bm25,1.2,0.75,83,0.1000,0.2500,0.1429,0.2606,0.2500,1.0000,0.3904
stemming,bm25,1.2,0.75,84,0.4000,0.3636,0.3810,0.4140,0.3455,1.0000,0.3855
stemming,bm25,1.2,0.75,85,0.1000,0.2500,0.1429,0.2617,0.2500,1.0000,0.2579
stemming,bm25,1.2,0.75,86,0.2000,1.0000,0.3333,0.5833,0.5833,0.5000,0.6934
stemming,bm25,1.2,0.75,87,0.0000,0.0000,0.0000,0.0147,0.0000,0.0238,0.0000
stemming,bm25,1.2,0.75,88,0.6000,1.0000,0.7500,0.6746,0.6746,0.5000,0.7609
stemming,bm25,1.2,0.75,89,0.1000,0.1667,0.1250,0.2233,0.0833,0.5000,0.2679
stemming,bm25,1.2,0.75,90,0.3000,0.2308,0.2609,0.1967,0.1154,0.5000,0.1917
stemming,bm25,1.2,0.75,91,0.5000,0.5556,0.5263,0.3686,0.3133,1.0000,0.5829
stemming,bm25,1.2,0.75,92,0.5000,0.3846,0.4348,0.4938,0.3404,1.0000,0.3282
stemming,bm25,1.2,0.75,93,0.1000,1.0000,0.1818,0.5000,0.5000,0.5000,0.6309
stemming,bm25,1.2,0.75,94,0.5000,0.4167,0.4545,0.4489,0.2958,0.5000,0.4027
stemming,bm25,1.2,0.75,95,0.1000,0.5000,0.1667,0.3214,0.2500,0.5000,0.1362
stemming,bm25,1.2,0.75,96,0.6000,0.4615,0.5217,0.3870,0.2876,0.5000,0.5065
stemming,bm25,1.2,0.75,97,0.3000,0.3000,0.3000,0.1913,0.1542,0.5000,0.2765
stemming,bm25,1.2,0.75,98,0.0000,0.0000,0.0000,0.0217,0.0000,0.0286,0.0000
stemming,bm25,1.2,0.75,99,0.2000,0.5000,0.2857,0.1786,0.1667,0.3333,0.3803
stemming,bm25,1.2,0.75,100,0.3000,0.3333,0.3158,0.2788,0.2222,1.0000,0.4609
stemming,bm25,1.2,0.75,101,0.5000,0.8333,0.6250,0.6263,0.5494,1.0000,0.7302
stemming,bm25,1.2,0.75,102,0.2000,0.5000,0.2857,0.3467,0.3056,1.0000,0.4375
stemming,bm25,1.2,0.75,103,0.0000,0.0000,0.0000,0.0100,0.0000,0.0175,0.0000
stemming,bm25,1.2,0.75,104,0.1000,0.2000,0.1333,0.0915,0.0667,0.3333,0.1696
stemming,bm25,1.2,0.75,105,0.3000,0.6000,0.4000,0.4257,0.3833,0.5000,0.5553
stemming,bm25,1.2,0.75,106,0.3000,0.6000,0.4000,0.4448,0.3857,1.0000,0.6740
stemming,bm25,1.2,0.75,107,0.4000,0.5714,0.4706,0.3165,0.2469,0.5000,0.4075
stemming,bm25,1.2,0.75,108,0.5000,0.7143,0.5882,0.7878,0.6449,1.0000,0.8201
stemming,bm25,1.2,0.75,109,0.0000,0.0000,0.0000,0.0370,0.0000,0.0278,0.0000
stemming,bm25,1.2,0.75,110,0.1000,0.2500,0.1429,0.1074,0.0833,0.3333,0.2514
stemming,bm25,1.2,0.75,111,0.3000,0.4286,0.3529,0.2727,0.1660,0.3333,0.2594
stemming,bm25,1.2,0.75,112,0.1000,0.5000,0.1667,0.3056,0.2500,0.5000,0.2398
stemming,bm25,1.2,0.75,113,0.2000,0.5000,0.2857,0.1684,0.1458,0.3333,0.3183
stemming,bm25,1.2,0.75,114,0.0000,0.0000,0.0000,0.0579,0.0000,0.0909,0.0000
stemming,bm25,1.2,0.75,115,0.1000,0.2500,0.1429,0.1325,0.1250,0.5000,0.2993
stemming,bm25,1.2,0.75,116,0.0000,0.0000,0.0000,0.0255,0.0000,0.0286,0.0000
stemming,bm25,1.2,0.75,117,0.0000,0.0000,0.0000,0.0377,0.0000,0.0588,0.0000
stemming,bm25,1.2,0.75,118,0.2000,0.6667,0.3077,0.2919,0.2778,0.3333,0.4488
stemming,bm25,1.2,0.75,119,0.1000,1.0000,0.1818,0.2000,0.2000,0.2000,0.3869
stemming,bm25,1.2,0.75,120,0.3000,0.3333,0.3158,0.3814,0.1713,0.5000,0.3736
stemming,bm25,1.2,0.75,121,0.4000,0.5714,0.4706,0.5026,0.3881,0.5000,0.5209
stemming,bm25,1.2,0.75,122,0.1000,0.1111,0.1053,0.1114,0.0159,0.1429,0.0329
stemming,bm25,1.2,0.75,123,0.0000,0.0000,0.0000,0.0506,0.0000,0.0500,0.0000
stemming,bm25,1.2,0.75,124,0.0000,0.0000,0.0000,0.0032,0.0000,0.0036,0.0000
stemming,bm25,1.2,0.75,125,0.3000,0.1765,0.2222,0.2851,0.1235,1.0000,0.4053
stemming,bm25,1.2,0.75,126,0.2000,0.2500,0.2222,0.2239,0.2083,1.0000,0.4718
stemming,bm25,1.2,0.75,127,0.1000,0.2000,0.1333,0.1086,0.0500,0.2500,0.1284
stemming,bm25,1.2,0.75,128,0.0000,0.0000,0.0000,0.0277,0.0000,0.0500,0.0000
stemming,bm25,1.2,0.75,129,0.4000,0.5714,0.4706,0.3903,0.3690,0.5000,0.5392
stemming,bm25,1.2,0.75,130,0.4000,0.8000,0.5333,0.5017,0.4976,0.5000,0.6220
stemming,bm25,1.2,0.75,131,0.2000,0.2500,0.2222,0.2523,0.0458,0.1667,0.1013
stemming,bm25,1.2,0.75,132,0.7000,0.4667,0.5600,0.7180,0.3639,1.0000,0.5743
stemming,bm25,1.2,0.75,133,0.1000,0.1429,0.1176,0.2522,0.0357,0.2500,0.1385
stemming,bm25,1.2,0.75,134,0.1000,0.5000,0.1667,0.2794,0.2500,0.5000,0.2961
stemming,bm25,1.2,0.75,135,0.5000,0.6250,0.5556,0.6941,0.4976,1.0000,0.5563
stemming,bm25,1.2,0.75,136,0.2000,0.6667,0.3077,0.4179,0.4000,1.0000,0.8359
stemming,bm25,1.2,0.75,137,0.2000,0.5000,0.2857,0.2368,0.1964,0.5000,0.3150
stemming,bm25,1.2,0.75,138,0.1000,0.5000,0.1667,0.1385,0.1000,0.2000,0.2372
stemming,bm25,1.2,0.75,139,0.0000,0.0000,0.0000,0.0080,0.0000,0.0120,0.0000
stemming,bm25,1.2,0.75,140,0.2000,0.3333,0.2500,0.1636,0.1389,0.5000,0.3925
stemming,bm25,1.2,0.75,141,0.2000,0.3333,0.2500,0.4234,0.3333,1.0000,0.5455
stemming,bm25,1.2,0.75,142,0.0000,0.0000,0.0000,0.0833,0.0000,0.0833,0.0000
stemming,bm25,1.2,0.75,143,0.2000,1.0000,0.3333,0.6111,0.6111,1.0000,0.7977
stemming,bm25,1.2,0.75,144,0.4000,0.6667,0.5000,0.3473,0.2722,0.3333,0.4502
stemming,bm25,1.2,0.75,145,0.2000,0.2857,0.2353,0.1647,0.0884,0.3333,0.2104
stemming,bm25,1.2,0.75,146,0.2000,1.0000,0.3333,0.5833,0.5833,0.5000,0.6199
stemming,bm25,1.2,0.75,147,0.4000,0.4000,0.4000,0.2678,0.2211,0.5000,0.4188
stemming,bm25,1.2,0.75,148,0.2000,0.3333,0.2500,0.1869,0.1389,0.3333,0.3194
stemming,bm25,1.2,0.75,149,0.4000,0.3636,0.3810,0.3344,0.2260,1.0000,0.4658
stemming,bm25,1.2,0.75,150,0.2000,1.0000,0.3333,0.5833,0.5833,0.5000,0.6934
stemming,bm25,1.2,0.75,151,0.0000,0.0000,0.0000,0.0290,0.0000,0.0370,0.0000
stemming,bm25,1.2,0.75,152,0.0000,0.0000,0.0000,0.0073,0.0000,0.0045,0.0000
stemming,bm25,1.2,0.75,153,0.3000,0.4286,0.3529,0.1448,0.1310,0.3333,0.2286
stemming,bm25,1.2,0.75,154,0.2000,1.0000,0.3333,0.8333,0.8333,1.0000,0.8212
stemming,bm25,1.2,0.75,155,0.1000,0.1667,0.1250,0.2167,0.1667,1.0000,0.2251
stemming,bm25,1.2,0.75,156,0.7000,0.5000,0.5833,0.5543,0.4786,1.0000,0.5860
stemming,bm25,1.2,0.75,157,0.6000,0.1538,0.2449,0.2860,0.1344,1.0000,0.5671
stemming,bm25,1.2,0.75,158,0.1000,0.1250,0.1111,0.2064,0.1250,1.0000,0.3630
stemming,bm25,1.2,0.75,159,0.2000,0.2500,0.2222,0.0764,0.0491,0.1429,0.1329
stemming,bm25,1.2,0.75,160,0.1000,0.2000,0.1333,0.1187,0.1000,0.5000,0.2484
stemming,bm25,1.2,0.75,161,0.3000,0.5000,0.3750,0.4916,0.4583,1.0000,0.7101
stemming,bm25,1.2,0.75,162,0.2000,0.2500,0.2222,0.2328,0.1250,0.5000,0.2000
stemming,bm25,1.2,0.75,163,0.2000,0.6667,0.3077,0.2596,0.2444,0.3333,0.4162
stemming,bm25,1.2,0.75,164,0.4000,0.5000,0.4444,0.5163,0.4750,1.0000,0.6703
stemming,bm25,1.2,0.75,165,0.2000,1.0000,0.3333,0.5000,0.5000,0.5000,0.6509
stemming,bm25,1.2,0.75,166,0.1000,0.1250,0.1111,0.0424,0.0125,0.1000,0.0731
stemming,bm25,1.2,0.75,167,0.2000,1.0000,0.3333,0.5000,0.5000,0.5000,0.6462
stemming,bm25,1.2,0.75,168,0.1000,0.5000,0.1667,0.1146,0.0833,0.1667,0.2184
stemming,bm25,1.2,0.75,169,0.2000,0.5000,0.2857,0.2707,0.2500,0.5000,0.4144
stemming,bm25,1.2,0.75,170,0.4000,0.6667,0.5000,0.5772,0.5741,1.0000,0.7481
stemming,bm25,1.2,0.75,171,0.2000,0.6667,0.3077,0.5913,0.5556,1.0000,0.6407
stemming,bm25,1.2,0.75,172,0.4000,1.0000,0.5714,0.6792,0.6792,0.5000,0.7180
stemming,bm25,1.2,0.75,173,0.2000,1.0000,0.3333,1.0000,1.0000,1.0000,1.0000
stemming,bm25,1.2,0.75,174,0.1000,0.2000,0.1333,0.0741,0.0333,0.1667,0.1397
stemming,bm25,1.2,0.75,175,0.1000,0.2000,0.1333,0.0481,0.0200,0.1000,0.1080
stemming,bm25,1.2,0.75,176,0.0000,0.0000,0.0000,0.0492,0.0000,0.0714,0.0000
stemming,bm25,1.2,0.75,177,0.4000,0.8000,0.5333,0.6909,0.6000,1.0000,0.8234
stemming,bm25,1.2,0.75,178,0.2000,0.5000,0.2857,0.4228,0.3500,1.0000,0.7084
stemming,bm25,1.2,0.75,179,0.2000,0.5000,0.2857,0.4251,0.4167,1.0000,0.5856
stemming,bm25,1.2,0.75,180,0.3000,0.4286,0.3529,0.3849,0.2524,0.5000,0.3861
stemming,bm25,1.2,0.75,181,0.2000,0.4000,0.2667,0.2713,0.2444,1.0000,0.3616
stemming,bm25,1.2,0.75,182,0.2000,1.0000,0.3333,0.5833,0.5833,0.5000,0.6697
stemming,bm25,1.2,0.75,183,0.4000,0.3077,0.3478,0.2726,0.1573,0.5000,0.2750
stemming,bm25,1.2,0.75,184,0.2000,0.2857,0.2353,0.2390,0.1714,1.0000,0.3713
stemming,bm25,1.2,0.75,185,0.6000,0.6667,0.6316,0.8168,0.6296,1.0000,0.8150
stemming,bm25,1.2,0.75,186,0.5000,0.3125,0.3846,0.2138,0.1927,0.5000,0.4857
stemming,bm25,1.2,0.75,187,0.3000,0.5000,0.3750,0.1682,0.1611,0.3333,0.3201
stemming,bm25,1.2,0.75,188,0.4000,0.3636,0.3810,0.3999,0.2677,1.0000,0.5278
stemming,bm25,1.2,0.75,189,0.2000,0.2222,0.2105,0.1162,0.0500,0.2000,0.1053
stemming,bm25,1.2,0.75,190,0.2000,0.4000,0.2667,0.3570,0.2800,1.0000,0.3673
stemming,bm25,1.2,0.75,191,0.2000,0.1538,0.1739,0.3316,0.0348,0.1667,0.1009
stemming,bm25,1.2,0.75,192,0.3000,0.7500,0.4286,0.5923,0.5667,1.0000,0.7366
stemming,bm25,1.2,0.75,193,0.8000,0.8889,0.8421,0.8216,0.8184,1.0000,0.8771
stemming,bm25,1.2,0.75,194,0.2000,0.3333,0.2500,0.1937,0.0926,0.3333,0.2159
stemming,bm25,1.2,0.75,195,0.0000,0.0000,0.0000,0.0571,0.0000,0.0769,0.0000
stemming,bm25,1.2,0.75,196,0.3000,0.2500,0.2727,0.2006,0.1583,1.0000,0.3514
stemming,bm25,1.2,0.75,197,0.2000,0.6667,0.3077,0.6270,0.5556,1.0000,0.6652
stemming,bm25,1.2,0.75,198,0.3000,0.7500,0.4286,0.5126,0.5104,1.0000,0.7073
stemming,bm25,1.2,0.75,199,0.2000,0.2500,0.2222,0.0801,0.0406,0.1250,0.1344
stemming,bm25,1.2,0.75,200,0.2000,0.6667,0.3077,0.3860,0.3333,0.5000,0.4982
stemming,bm25,1.2,0.75,201,0.5000,0.3125,0.3846,0.3560,0.2358,1.0000,0.6101
stemming,bm25,1.2,0.75,202,0.3000,0.2143,0.2500,0.2152,0.1369,0.5000,0.2255
stemming,bm25,1.2,0.75,203,0.3000,0.2143,0.2500,0.1747,0.1405,1.0000,0.4373
stemming,bm25,1.2,0.75,204,0.0000,0.0000,0.0000,0.0363,0.0000,0.0625,0.0000
stemming,bm25,1.2,0.75,205,0.2000,1.0000,0.3333,0.7000,0.7000,1.0000,0.8503
stemming,bm25,1.2,0.75,206,0.2000,0.6667,0.3077,0.2797,0.2778,0.5000,0.5025
stemming,bm25,1.2,0.75,207,0.0000,0.0000,0.0000,0.0066,0.0000,0.0123,0.0000
stemming,bm25,1.2,0.75,208,0.3000,0.5000,0.3750,0.4242,0.3194,0.5000,0.5324
stemming,bm25,1.2,0.75,209,0.2000,0.1667,0.1818,0.1253,0.0259,0.1111,0.0908
stemming,bm25,1.2,0.75,210,0.2000,0.3333,0.2500,0.3433,0.2778,1.0000,0.4826
stemming,bm25,1.2,0.75,211,0.1000,0.0909,0.0952,0.1919,0.0909,1.0000,0.1096
stemming,bm25,1.2,0.75,212,0.5000,0.3571,0.4167,0.5129,0.3071,1.0000,0.4863
stemming,bm25,1.2,0.75,213,0.5000,0.4545,0.4762,0.5779,0.4023,1.0000,0.5840
stemming,bm25,1.2,0.75,214,0.1000,0.2500,0.1429,0.1558,0.1250,0.5000,0.2463
stemming,bm25,1.2,0.75,215,0.0000,0.0000,0.0000,0.0506,0.0000,0.0667,0.0000
stemming,bm25,1.2,0.75,216,0.0000,0.0000,0.0000,0.0016,0.0000,0.0016,0.0000
stemming,bm25,1.2,0.75,217,0.2000,0.1333,0.1600,0.1994,0.1000,1.0000,0.2628
stemming,bm25,1.2,0.75,218,0.2000,0.1333,0.1600,0.2105,0.0500,0.5000,0.1418
stemming,bm25,1.2,0.75,219,0.0000,0.0000,0.0000,0.0328,0.0000,0.0143,0.0000
stemming,bm25,1.2,0.75,220,0.2000,0.1053,0.1379,0.2073,0.1053,1.0000,0.2455
stemming,bm25,1.2,0.75,221,0.3000,0.1667,0.2143,0.2578,0.1667,1.0000,0.3799
stemming,bm25,1.2,0.75,222,0.6000,0.6667,0.6316,0.7650,0.5880,1.0000,0.7532
stemming,bm25,1.2,0.75,223,0.3000,0.7500,0.4286,0.4629,0.4417,0.5000,0.5925
stemming,bm25,1.2,0.75,224,0.3000,0.3750,0.3333,0.1770,0.1000,0.2500,0.2312
stemming,bm25,1.2,0.75,225,0.2000,0.0833,0.1176,0.0674,0.0417,0.5000,0.1330
stemming,bm25,1.2,1,1,0.3000,0.1071,0.1579,0.2003,0.0619,1.0000,0.2653
stemming,bm25,1.2,1,2,0.3000,0.1250,0.1765,0.1872,0.1250,1.0000,0.5241
stemming,bm25,1.2,1,3,0.6000,0.7500,0.6667,0.6238,0.5509,0.5000,0.6673
stemming,bm25,1.2,1,4,0.1000,0.5000,0.1667,0.5270,0.5000,1.0000,0.6131
stemming,bm25,1.2,1,5,0.3000,0.7500,0.4286,0.3301,0.3083,0.3333,0.4737
stemming,bm25,1.2,1,6,0.1000,0.2500,0.1429,0.1595,0.1250,0.5000,0.2061
stemming,bm25,1.2,1,7,0.2000,0.4000,0.2667,0.2614,0.2333,0.5000,0.3474
stemming,bm25,1.2,1,8,0.1000,0.0909,0.0952,0.1187,0.0455,0.5000,0.1684
stemming,bm25,1.2,1,9,0.2000,0.6667,0.3077,0.4222,0.3889,0.5000,0.5307
stemming,bm25,1.2,1,10,0.3000,0.3750,0.3333,0.3106,0.2375,1.0000,0.4061
stemming,bm25,1.2,1,11,0.2000,0.2857,0.2353,0.1633,0.0929,0.2500,0.2013
stemming,bm25,1.2,1,12,0.1000,0.2000,0.1333,0.0975,0.0500,0.2500,0.1601
stemming,bm25,1.2,1,13,0.0000,0.0000,0.0000,0.0031,0.0000,0.0032,0.0000
stemming,bm25,1.2,1,14,0.1000,0.5000,0.1667,0.0663,0.0556,0.1111,0.2600
stemming,bm25,1.2,1,15,0.2000,1.0000,0.3333,0.8333,0.8333,1.0000,0.7602
stemming,bm25,1.2,1,16,0.2000,0.6667,0.3077,0.2193,0.2063,0.3333,0.3801
stemming,bm25,1.2,1,17,0.1000,0.5000,0.1667,0.2619,0.2500,0.5000,0.4441
stemming,bm25,1.2,1,18,0.1000,0.3333,0.1538,0.1917,0.1667,0.5000,0.2961
stemming,bm25,1.2,1,19,0.0000,0.0000,0.0000,0.0185,0.0000,0.0833,0.0000
stemming,bm25,1.2,1,20,0.7000,0.7778,0.7368,0.5397,0.5183,0.5000,0.6678
stemming,bm25,1.2,1,21,0.0000,0.0000,0.0000,0.0574,0.0000,0.0588,0.0000
stemming,bm25,1.2,1,22,0.0000,0.0000,0.0000,0.0017,0.0000,0.0017,0.0000
stemming,bm25,1.2,1,23,0.2000,0.0625,0.0952,0.1320,0.0182,0.3333,0.1724
stemming,bm25,1.2,1,24,0.2000,0.6667,0.3077,0.2986,0.2778,0.5000,0.5025
stemming,bm25,1.2,1,25,0.5000,0.5556,0.5263,0.5930,0.4870,1.0000,0.6306
stemming,bm25,1.2,1,26,0.2000,0.3333,0.2500,0.1803,0.1389,0.3333,0.3225
stemming,bm25,1.2,1,27,0.1000,0.3333,0.1538,0.0768,0.0556,0.1667,0.2031
stemming,bm25,1.2,1,28,0.0000,0.0000,0.0000,0.0045,0.0000,0.0039,0.0000
stemming,bm25,1.2,1,29,0.5000,0.5556,0.5263,0.4077,0.3660,1.0000,0.4748
stemming,bm25,1.2,1,30,0.0000,0.0000,0.0000,0.0471,0.0000,0.0769,0.0000
stemming,bm25,1.2,1,31,0.0000,0.0000,0.0000,0.0007,0.0000,0.0007,0.0000
stemming,bm25,1.2,1,32,0.0000,0.0000,0.0000,0.0145,0.0000,0.0169,0.0000
stemming,bm25,1.2,1,33,0.2000,0.6667,0.3077,0.4444,0.3889,0.5000,0.4335
stemming,bm25,1.2,1,34,0.1000,0.1667,0.1250,0.2012,0.0417,0.2500,0.1000
stemming,bm25,1.2,1,35,0.0000,0.0000,0.0000,0.0144,0.0000,0.0208,0.0000
stemming,bm25,1.2,1,36,0.1000,0.5000,0.1667,0.2659,0.2500,0.5000,0.2961
stemming,bm25,1.2,1,37,0.0000,0.0000,0.0000,0.0535,0.0000,0.0526,0.0000
stemming,bm25,1.2,1,38,0.0000,0.0000,0.0000,0.0613,0.0000,0.0625,0.0000
stemming,bm25,1.2,1,39,0.3000,0.2308,0.2609,0.1189,0.0707,0.3333,0.2028
stemming,bm25,1.2,1,40,0.2000,0.1667,0.1818,0.0722,0.0352,0.2000,0.1081
stemming,bm25,1.2,1,41,0.3000,1.0000,0.4615,0.7917,0.7917,1.0000,0.8917
stemming,bm25,1.2,1,42,0.3000,0.6000,0.4000,0.1971,0.1821,0.2500,0.3828
stemming,bm25,1.2,1,43,0.4000,0.6667,0.5000,0.6249,0.5833,1.0000,0.8082
stemming,bm25,1.2,1,44,0.0000,0.0000,0.0000,0.0026,0.0000,0.0016,0.0000
stemming,bm25,1.2,1,45,0.1000,0.0833,0.0909,0.1712,0.0833,1.0000,0.2799
stemming,bm25,1.2,1,46,0.4000,0.2667,0.3200,0.2926,0.1622,0.5000,0.3817
stemming,bm25,1.2,1,47,0.4000,0.2857,0.3333,0.3206,0.1230,0.2500,0.3273
stemming,bm25,1.2,1,48,0.2000,0.1818,0.1905,0.1562,0.1061,0.5000,0.2556
stemming,bm25,1.2,1,49,0.1000,0.5000,0.1667,0.1821,0.1667,0.3333,0.3801
stemming,bm25,1.2,1,50,0.1000,0.1667,0.1250,0.1859,0.1667,1.0000,0.4569
stemming,bm25,1.2,1,51,0.5000,0.5000,0.5000,0.5422,0.4383,1.0000,0.4162
stemming,bm25,1.2,1,52,0.4000,1.0000,0.5714,0.7986,0.7986,1.0000,0.7456
stemming,bm25,1.2,1,53,0.2000,0.2000,0.2000,0.2393,0.1250,1.0000,0.2130
stemming,bm25,1.2,1,54,0.1000,0.1111,0.1053,0.1309,0.0556,0.5000,0.2129
stemming,bm25,1.2,1,55,0.3000,0.3000,0.3000,0.3007,0.1619,1.0000,0.2081
stemming,bm25,1.2,1,56,0.2000,0.2000,0.2000,0.1248,0.0750,0.5000,0.1644
stemming,bm25,1.2,1,57,0.0000,0.0000,0.0000,0.0640,0.0000,0.0588,0.0000
stemming,bm25,1.2,1,58,0.1000,0.1111,0.1053,0.1342,0.0185,0.1667,0.1367
stemming,bm25,1.2,1,59,0.0000,0.0000,0.0000,0.0998,0.0000,0.0909,0.0000
stemming,bm25,1.2,1,60,0.3000,0.6000,0.4000,0.4440,0.4200,1.0000,0.5271
stemming,bm25,1.2,1,61,0.3000,0.6000,0.4000,0.4622,0.4000,1.0000,0.5744
stemming,bm25,1.2,1,62,0.0000,0.0000,0.0000,0.0229,0.0000,0.0476,0.0000
stemming,bm25,1.2,1,63,0.0000,0.0000,0.0000,0.0240,0.0000,0.0213,0.0000
stemming,bm25,1.2,1,64,0.1000,0.5000,0.1667,0.5137,0.5000,1.0000,0.6788
stemming,bm25,1.2,1,65,0.5000,0.3333,0.4000,0.2455,0.1818,0.5000,0.4307
stemming,bm25,1.2,1,66,0.2000,0.4000,0.2667,0.1185,0.0800,0.2000,0.2694
stemming,bm25,1.2,1,67,0.6000,0.4286,0.5000,0.5501,0.4286,1.0000,0.6688
stemming,bm25,1.2,1,68,0.1000,0.2000,0.1333,0.0796,0.0500,0.2500,0.1873
stemming,bm25,1.2,1,69,0.1000,0.2000,0.1333,0.0457,0.0222,0.1111,0.1265
stemming,bm25,1.2,1,70,0.1000,0.1000,0.1000,0.0813,0.0333,0.3333,0.1214
stemming,bm25,1.2,1,71,0.0000,0.0000,0.0000,0.0380,0.0000,0.0526,0.0000
stemming,bm25,1.2,1,72,0.1000,0.0588,0.0741,0.1041,0.0588,1.0000,0.2823
stemming,bm25,1.2,1,73,0.6000,0.3000,0.4000,0.3243,0.2124,1.0000,0.5844
stemming,bm25,1.2,1,74,0.1000,0.1667,0.1250,0.0939,0.0278,0.1667,0.1512
stemming,bm25,1.2,1,75,0.0000,0.0000,0.0000,0.0272,0.0000,0.0417,0.0000
stemming,bm25,1.2,1,76,0.3000,0.4286,0.3529,0.3343,0.2738,0.5000,0.4068
stemming,bm25,1.2,1,77,0.4000,0.6667,0.5000,0.3388,0.2722,0.5000,0.4103
stemming,bm25,1.2,1,78,0.2000,0.6667,0.3077,0.3242,0.2333,0.5000,0.4046
stemming,bm25,1.2,1,79,0.1000,0.2000,0.1333,0.0550,0.0333,0.1667,0.1556
stemming,bm25,1.2,1,80,0.0000,0.0000,0.0000,0.0144,0.0000,0.0244,0.0000
stemming,bm25,1.2,1,81,0.2000,1.0000,0.3333,1.0000,1.0000,1.0000,0.7609
stemming,bm25,1.2,1,82,0.3000,0.6000,0.4000,0.3187,0.3000,0.5000,0.4812
stemming,bm25,1.2,1,83,0.1000,0.2500,0.1429,0.2600,0.2500,1.0000,0.3904
stemming,bm25,1.2,1,84,0.4000,0.3636,0.3810,0.4267,0.3636,1.0000,0.3942
stemming,bm25,1.2,1,85,0.1000,0.2500,0.1429,0.1366,0.1250,0.5000,0.1627
stemming,bm25,1.2,1,86,0.2000,1.0000,0.3333,0.5833,0.5833,0.5000,0.6934
stemming,bm25,1.2,1,87,0.0000,0.0000,0.0000,0.0147,0.0000,0.0200,0.0000
stemming,bm25,1.2,1,88,0.6000,1.0000,0.7500,0.6968,0.6968,0.5000,0.7682
stemming,bm25,1.2,1,89,0.1000,0.1667,0.1250,0.2253,0.0833,0.5000,0.2679
stemming,bm25,1.2,1,90,0.3000,0.2308,0.2609,0.1907,0.1154,0.5000,0.1917
stemming,bm25,1.2,1,91,0.3000,0.3333,0.3158,0.3292,0.1958,1.0000,0.4402
stemming,bm25,1.2,1,92,0.5000,0.3846,0.4348,0.4929,0.3504,1.0000,0.3356
stemming,bm25,1.2,1,93,0.1000,1.0000,0.1818,0.5000,0.5000,0.5000,0.6309
stemming,bm25,1.2,1,94,0.5000,0.4167,0.4545,0.4071,0.2623,0.5000,0.3773
stemming,bm25,1.2,1,95,0.1000,0.5000,0.1667,0.3214,0.2500,0.5000,0.1362
stemming,bm25,1.2,1,96,0.6000,0.4615,0.5217,0.3672,0.2761,0.5000,0.4948
stemming,bm25,1.2,1,97,0.2000,0.2000,0.2000,0.1635,0.1000,0.5000,0.1824
stemming,bm25,1.2,1,98,0.0000,0.0000,0.0000,0.0233,0.0000,0.0286,0.0000
stemming,bm25,1.2,1,99,0.2000,0.5000,0.2857,0.1806,0.1667,0.3333,0.3803
stemming,bm25,1.2,1,100,0.3000,0.3333,0.3158,0.2747,0.2222,1.0000,0.4609
stemming,bm25,1.2,1,101,0.5000,0.8333,0.6250,0.6610,0.6022,1.0000,0.7731
stemming,bm25,1.2,1,102,0.2000,0.5000,0.2857,0.3952,0.3500,1.0000,0.4844
stemming,bm25,1.2,1,103,0.0000,0.0000,0.0000,0.0062,0.0000,0.0101,0.0000
stemming,bm25,1.2,1,104,0.1000,0.2000,0.1333,0.0833,0.0500,0.2500,0.1461
stemming,bm25,1.2,1,105,0.3000,0.6000,0.4000,0.5225,0.4833,1.0000,0.7422
stemming,bm25,1.2,1,106,0.3000,0.6000,0.4000,0.3953,0.3417,1.0000,0.6558
stemming,bm25,1.2,1,107,0.4000,0.5714,0.4706,0.3358,0.2476,0.5000,0.4090
stemming,bm25,1.2,1,108,0.5000,0.7143,0.5882,0.7431,0.6092,1.0000,0.7539
stemming,bm25,1.2,1,109,0.0000,0.0000,0.0000,0.0402,0.0000,0.0286,0.0000
stemming,bm25,1.2,1,110,0.1000,0.2500,0.1429,0.2784,0.2500,1.0000,0.5029
stemming,bm25,1.2,1,111,0.3000,0.4286,0.3529,0.2726,0.1524,0.3333,0.2526
stemming,bm25,1.2,1,112,0.1000,0.5000,0.1667,0.2917,0.2500,0.5000,0.2398
stemming,bm25,1.2,1,113,0.2000,0.5000,0.2857,0.1907,0.1625,0.2500,0.3191
stemming,bm25,1.2,1,114,0.0000,0.0000,0.0000,0.0541,0.0000,0.0833,0.0000
stemming,bm25,1.2,1,115,0.1000,0.2500,0.1429,0.0692,0.0625,0.2500,0.2043
stemming,bm25,1.2,1,116,0.0000,0.0000,0.0000,0.0238,0.0000,0.0263,0.0000
stemming,bm25,1.2,1,117,0.0000,0.0000,0.0000,0.0444,0.0000,0.0714,0.0000
stemming,bm25,1.2,1,118,0.2000,0.6667,0.3077,0.3561,0.3333,0.5000,0.5234
stemming,bm25,1.2,1,119,0.1000,1.0000,0.1818,0.2000,0.2000,0.2000,0.3869
stemming,bm25,1.2,1,120,0.4000,0.4444,0.4211,0.4294,0.2704,0.5000,0.4889
stemming,bm25,1.2,1,121,0.4000,0.5714,0.4706,0.5153,0.3881,0.5000,0.5038
stemming,bm25,1.2,1,122,0.3000,0.3333,0.3158,0.1429,0.0739,0.1429,0.0912
stemming,bm25,1.2,1,123,0.0000,0.0000,0.0000,0.0513,0.0000,0.0500,0.0000
stemming,bm25,1.2,1,124,0.0000,0.0000,0.0000,0.0032,0.0000,0.0037,0.0000
stemming,bm25,1.2,1,125,0.3000,0.1765,0.2222,0.2589,0.1039,0.5000,0.3271
stemming,bm25,1.2,1,126,0.2000,0.2500,0.2222,0.2238,0.2083,1.0000,0.4718
stemming,bm25,1.2,1,127,0.1000,0.2000,0.1333,0.0873,0.0400,0.2000,0.1153
stemming,bm25,1.2,1,128,0.0000,0.0000,0.0000,0.0304,0.0000,0.0556,0.0000
stemming,bm25,1.2,1,129,0.4000,0.5714,0.4706,0.3896,0.3690,0.5000,0.5392
stemming,bm25,1.2,1,130,0.4000,0.8000,0.5333,0.4766,0.4722,0.5000,0.6026
stemming,bm25,1.2,1,131,0.2000,0.2500,0.2222,0.2562,0.0458,0.1667,0.1013
stemming,bm25,1.2,1,132,0.7000,0.4667,0.5600,0.6581,0.3198,0.5000,0.5576
stemming,bm25,1.2,1,133,0.2000,0.2857,0.2353,0.2414,0.0603,0.2000,0.1566
stemming,bm25,1.2,1,134,0.1000,0.5000,0.1667,0.2845,0.2500,0.5000,0.2961
stemming,bm25,1.2,1,135,0.5000,0.6250,0.5556,0.6231,0.4479,1.0000,0.4952
stemming,bm25,1.2,1,136,0.1000,0.3333,0.1538,0.4038,0.3333,1.0000,0.7796
stemming,bm25,1.2,1,137,0.2000,0.5000,0.2857,0.1917,0.1458,0.2500,0.2570
stemming,bm25,1.2,1,138,0.1000,0.5000,0.1667,0.1455,0.1000,0.2000,0.2372
stemming,bm25,1.2,1,139,0.0000,0.0000,0.0000,0.0085,0.0000,0.0102,0.0000
stemming,bm25,1.2,1,140,0.2000,0.3333,0.2500,0.1655,0.1389,0.5000,0.3925
stemming,bm25,1.2,1,141,0.2000,0.3333,0.2500,0.4290,0.3333,1.0000,0.5455
stemming,bm25,1.2,1,142,0.1000,1.0000,0.1818,0.1000,0.1000,0.1000,0.2891
stemming,bm25,1.2,1,143,0.2000,1.0000,0.3333,0.6250,0.6250,1.0000,0.8066
stemming,bm25,1.2,1,144,0.4000,0.6667,0.5000,0.3774,0.2869,0.2500,0.4532
stemming,bm25,1.2,1,145,0.2000,0.2857,0.2353,0.2049,0.1190,0.5000,0.2452
stemming,bm25,1.2,1,146,0.2000,1.0000,0.3333,0.8333,0.8333,1.0000,0.7602
stemming,bm25,1.2,1,147,0.3000,0.3000,0.3000,0.2331,0.1595,0.5000,0.3241
stemming,bm25,1.2,1,148,0.2000,0.3333,0.2500,0.2150,0.1667,0.5000,0.3644
stemming,bm25,1.2,1,149,0.4000,0.3636,0.3810,0.3412,0.2309,1.0000,0.4698
stemming,bm25,1.2,1,150,0.2000,1.0000,0.3333,0.5833,0.5833,0.5000,0.6934
stemming,bm25,1.2,1,151,0.0000,0.0000,0.0000,0.0293,0.0000,0.0370,0.0000
stemming,bm25,1.2,1,152,0.0000,0.0000,0.0000,0.0075,0.0000,0.0054,0.0000
stemming,bm25,1.2,1,153,0.3000,0.4286,0.3529,0.1509,0.1369,0.2500,0.2353
stemming,bm25,1.2,1,154,0.2000,1.0000,0.3333,0.6667,0.6667,1.0000,0.7200
stemming,bm25,1.2,1,155,0.1000,0.1667,0.1250,0.2193,0.1667,1.0000,0.2251
stemming,bm25,1.2,1,156,0.7000,0.5000,0.5833,0.5489,0.4786,1.0000,0.5725
stemming,bm25,1.2,1,157,0.6000,0.1538,0.2449,0.2671,0.0999,0.5000,0.4680
stemming,bm25,1.2,1,158,0.2000,0.2500,0.2222,0.2148,0.1500,1.0000,0.4679
stemming,bm25,1.2,1,159,0.2000,0.2500,0.2222,0.0781,0.0491,0.1429,0.1353
stemming,bm25,1.2,1,160,0.1000,0.2000,0.1333,0.0686,0.0500,0.2500,0.1696
stemming,bm25,1.2,1,161,0.3000,0.5000,0.3750,0.4925,0.4583,1.0000,0.7101
stemming,bm25,1.2,1,162,0.2000,0.2500,0.2222,0.2106,0.1042,0.5000,0.1892
stemming,bm25,1.2,1,163,0.2000,0.6667,0.3077,0.2939,0.2778,0.3333,0.4367
stemming,bm25,1.2,1,164,0.4000,0.5000,0.4444,0.4827,0.4464,1.0000,0.6574
stemming,bm25,1.2,1,165,0.2000,1.0000,0.3333,0.5000,0.5000,0.5000,0.6509
stemming,bm25,1.2,1,166,0.0000,0.0000,0.0000,0.0387,0.0000,0.0833,0.0000
stemming,bm25,1.2,1,167,0.2000,1.0000,0.3333,0.5000,0.5000,0.5000,0.6462
stemming,bm25,1.2,1,168,0.1000,0.5000,0.1667,0.1268,0.0833,0.1667,0.2184
stemming,bm25,1.2,1,169,0.2000,0.5000,0.2857,0.2635,0.2250,0.5000,0.3973
stemming,bm25,1.2,1,170,0.3000,0.5000,0.3750,0.5225,0.4583,1.0000,0.6217
stemming,bm25,1.2,1,171,0.2000,0.6667,0.3077,0.5878,0.5556,1.0000,0.6407
stemming,bm25,1.2,1,172,0.4000,1.0000,0.5714,0.8042,0.8042,1.0000,0.8940
stemming,bm25,1.2,1,173,0.2000,1.0000,0.3333,1.0000,1.0000,1.0000,1.0000
stemming,bm25,1.2,1,174,0.1000,0.2000,0.1333,0.0851,0.0400,0.2000,0.1517
stemming,bm25,1.2,1,175,0.0000,0.0000,0.0000,0.0481,0.0000,0.0909,0.0000
stemming,bm25,1.2,1,176,0.0000,0.0000,0.0000,0.0638,0.0000,0.0909,0.0000
stemming,bm25,1.2,1,177,0.4000,0.8000,0.5333,0.7109,0.6200,1.0000,0.8277
stemming,bm25,1.2,1,178,0.2000,0.5000,0.2857,0.3996,0.3214,1.0000,0.6998
stemming,bm25,1.2,1,179,0.2000,0.5000,0.2857,0.3828,0.3750,1.0000,0.5585
stemming,bm25,1.2,1,180,0.3000,0.4286,0.3529,0.4144,0.2738,0.5000,0.3922
stemming,bm25,1.2,1,181,0.2000,0.4000,0.2667,0.2829,0.2571,1.0000,0.3737
stemming,bm25,1.2,1,182,0.2000,1.0000,0.3333,0.5833,0.5833,0.5000,0.6697
stemming,bm25,1.2,1,183,0.4000,0.3077,0.3478,0.2609,0.1569,0.5000,0.2536
stemming,bm25,1.2,1,184,0.2000,0.2857,0.2353,0.2380,0.1714,1.0000,0.3713
stemming,bm25,1.2,1,185,0.7000,0.7778,0.7368,0.8292,0.7074,1.0000,0.8412
stemming,bm25,1.2,1,186,0.4000,0.2500,0.3077,0.2159,0.1698,0.5000,0.4288
stemming,bm25,1.2,1,187,0.3000,0.5000,0.3750,0.1567,0.1472,0.2500,0.2979
stemming,bm25,1.2,1,188,0.4000,0.3636,0.3810,0.4618,0.3247,1.0000,0.5677
stemming,bm25,1.2,1,189,0.2000,0.2222,0.2105,0.1088,0.0500,0.2000,0.1053
stemming,bm25,1.2,1,190,0.2000,0.4000,0.2667,0.4141,0.3333,1.0000,0.4141
stemming,bm25,1.2,1,191,0.2000,0.1538,0.1739,0.3363,0.0374,0.2000,0.1054
stemming,bm25,1.2,1,192,0.3000,0.7500,0.4286,0.5544,0.5250,1.0000,0.7095
stemming,bm25,1.2,1,193,0.7000,0.7778,0.7368,0.7737,0.7073,1.0000,0.7317
stemming,bm25,1.2,1,194,0.1000,0.1667,0.1250,0.1598,0.0417,0.2500,0.0977
stemming,bm25,1.2,1,195,0.0000,0.0000,0.0000,0.0514,0.0000,0.0556,0.0000
stemming,bm25,1.2,1,196,0.3000,0.2500,0.2727,0.2444,0.1979,1.0000,0.4021
stemming,bm25,1.2,1,197,0.2000,0.6667,0.3077,0.6270,0.5556,1.0000,0.6652
stemming,bm25,1.2,1,198,0.3000,0.7500,0.4286,0.5773,0.5750,1.0000,0.7542
stemming,bm25,1.2,1,199,0.2000,0.2500,0.2222,0.0829,0.0434,0.1250,0.1371
stemming,bm25,1.2,1,200,0.3000,1.0000,0.4615,0.4444,0.4444,0.5000,0.6395
stemming,bm25,1.2,1,201,0.5000,0.3125,0.3846,0.3484,0.2358,1.0000,0.6164
stemming,bm25,1.2,1,202,0.3000,0.2143,0.2500,0.2193,0.1369,0.5000,0.2255
stemming,bm25,1.2,1,203,0.2000,0.1429,0.1667,0.1246,0.0714,0.5000,0.2595
stemming,bm25,1.2,1,204,0.1000,0.0714,0.0833,0.0419,0.0089,0.1250,0.1083
stemming,bm25,1.2,1,205,0.2000,1.0000,0.3333,0.6667,0.6667,1.0000,0.8316
stemming,bm25,1.2,1,206,0.2000,0.6667,0.3077,0.1965,0.1944,0.3333,0.4152
stemming,bm25,1.2,1,207,0.0000,0.0000,0.0000,0.0066,0.0000,0.0114,0.0000
stemming,bm25,1.2,1,208,0.3000,0.5000,0.3750,0.4247,0.3194,0.5000,0.5324
stemming,bm25,1.2,1,209,0.1000,0.0833,0.0909,0.1237,0.0104,0.1250,0.0321
stemming,bm25,1.2,1,210,0.2000,0.3333,0.2500,0.3424,0.2778,1.0000,0.4826
stemming,bm25,1.2,1,211,0.1000,0.0909,0.0952,0.1927,0.0909,1.0000,0.1096
stemming,bm25,1.2,1,212,0.6000,0.4286,0.5000,0.5266,0.3653,1.0000,0.5418
stemming,bm25,1.2,1,213,0.5000,0.4545,0.4762,0.5489,0.3795,1.0000,0.5730
stemming,bm25,1.2,1,214,0.1000,0.2500,0.1429,0.1616,0.1250,0.5000,0.2463
stemming,bm25,1.2,1,215,0.0000,0.0000,0.0000,0.0633,0.0000,0.0909,0.0000
stemming,bm25,1.2,1,216,0.0000,0.0000,0.0000,0.0015,0.0000,0.0015,0.0000
stemming,bm25,1.2,1,217,0.2000,0.1333,0.1600,0.1385,0.0356,0.2000,0.1595
stemming,bm25,1.2,1,218,0.2000,0.1333,0.1600,0.1886,0.0481,0.5000,0.1396
stemming,bm25,1.2,1,219,0.0000,0.0000,0.0000,0.0324,0.0000,0.0133,0.0000
stemming,bm25,1.2,1,220,0.2000,0.1053,0.1379,0.1638,0.0614,0.5000,0.1522
stemming,bm25,1.2,1,221,0.3000,0.1667,0.2143,0.2287,0.1444,1.0000,0.3597
stemming,bm25,1.2,1,222,0.6000,0.6667,0.6316,0.7314,0.5728,1.0000,0.7459
stemming,bm25,1.2,1,223,0.3000,0.7500,0.4286,0.4339,0.4167,0.5000,0.5805
stemming,bm25,1.2,1,224,0.2000,0.2500,0.2222,0.1647,0.0590,0.2500,0.1531
stemming,bm25,1.2,1,225,0.2000,0.0833,0.1176,0.0611,0.0347,0.5000,0.1197
stemming,bm25,2,0,1,0.3000,0.1071,0.1579,0.1507,0.0634,1.0000,0.2372
stemming,bm25,2,0,2,0.4000,0.1667,0.2353,0.1921,0.1340,1.0000,0.4861
stemming,bm25,2,0,3,0.4000,0.5000,0.4444,0.3813,0.2556,0.5000,0.4425
stemming,bm25,2,0,4,0.1000,0.5000,0.1667,0.2756,0.2500,0.5000,0.3869
stemming,bm25,2,0,5,0.3000,0.7500,0.4286,0.4510,0.4405,1.0000,0.5675
stemming,bm25,2,0,6,0.2000,0.5000,0.2857,0.1381,0.1250,0.2500,0.2952
stemming,bm25,2,0,7,0.2000,0.4000,0.2667,0.1848,0.1667,0.3333,0.2859
stemming,bm25,2,0,8,0.1000,0.0909,0.0952,0.1461,0.0909,1.0000,0.2670
stemming,bm25,2,0,9,0.2000,0.6667,0.3077,0.1737,0.1619,0.2000,0.3380
stemming,bm25,2,0,10,0.1000,0.1250,0.1111,0.1047,0.0625,0.5000,0.1323
stemming,bm25,2,0,11,0.1000,0.1429,0.1176,0.1235,0.0204,0.1429,0.1075
stemming,bm25,2,0,12,0.0000,0.0000,0.0000,0.0295,0.0000,0.0263,0.0000
stemming,bm25,2,0,13,0.0000,0.0000,0.0000,0.0029,0.0000,0.0016,0.0000
stemming,bm25,2,0,14,0.1000,0.5000,0.1667,0.0606,0.0500,0.1000,0.2497
stemming,bm25,2,0,15,0.2000,1.0000,0.3333,0.7000,0.7000,1.0000,0.6742
stemming,bm25,2,0,16,0.1000,0.3333,0.1538,0.1304,0.0667,0.2000,0.2206
stemming,bm25,2,0,17,0.0000,0.0000,0.0000,0.0295,0.0000,0.0385,0.0000
stemming,bm25,2,0,18,0.1000,0.3333,0.1538,0.3551,0.3333,1.0000,0.4693
stemming,bm25,2,0,19,0.0000,0.0000,0.0000,0.0109,0.0000,0.0106,0.0000
stemming,bm25,2,0,20,0.4000,0.4444,0.4211,0.2874,0.2032,0.5000,0.3917
stemming,bm25,2,0,21,0.0000,0.0000,0.0000,0.0298,0.0000,0.0333,0.0000
stemming,bm25,2,0,22,0.0000,0.0000,0.0000,0.0015,0.0000,0.0015,0.0000
stemming,bm25,2,0,23,0.2000,0.0625,0.0952,0.1181,0.0174,0.3333,0.1705
stemming,bm25,2,0,24,0.2000,0.6667,0.3077,0.4106,0.3889,0.5000,0.5758
stemming,bm25,2,0,25,0.6000,0.6667,0.6316,0.6499,0.6037,1.0000,0.7408
stemming,bm25,2,0,26,0.2000,0.3333,0.2500,0.1989,0.1667,0.5000,0.3678
stemming,bm25,2,0,27,0.0000,0.0000,0.0000,0.0242,0.0000,0.0323,0.0000
stemming,bm25,2,0,28,0.0000,0.0000,0.0000,0.0034,0.0000,0.0026,0.0000
stemming,bm25,2,0,29,0.3000,0.3333,0.3158,0.1720,0.0966,0.2500,0.1711
stemming,bm25,2,0,30,0.0000,0.0000,0.0000,0.0509,0.0000,0.0909,0.0000
stemming,bm25,2,0,31,0.0000,0.0000,0.0000,0.0007,0.0000,0.0007,0.0000
stemming,bm25,2,0,32,0.0000,0.0000,0.0000,0.0108,0.0000,0.0078,0.0000
stemming,bm25,2,0,33,0.3000,1.0000,0.4615,0.3889,0.3889,0.5000,0.5902
stemming,bm25,2,0,34,0.3000,0.5000,0.3750,0.3141,0.2500,0.5000,0.4121
stemming,bm25,2,0,35,0.0000,0.0000,0.0000,0.0278,0.0000,0.0625,0.0000
stemming,bm25,2,0,36,0.1000,0.5000,0.1667,0.5094,0.5000,1.0000,0.4693
stemming,bm25,2,0,37,0.0000,0.0000,0.0000,0.0394,0.0000,0.0435,0.0000
stemming,bm25,2,0,38,0.1000,0.1000,0.1000,0.0614,0.0125,0.1250,0.0520
stemming,bm25,2,0,39,0.3000,0.2308,0.2609,0.1239,0.0923,0.5000,0.2901
stemming,bm25,2,0,40,0.2000,0.1667,0.1818,0.1388,0.0972,0.5000,0.1777
stemming,bm25,2,0,41,0.3000,1.0000,0.4615,0.7917,0.7917,1.0000,0.8917
stemming,bm25,2,0,42,0.2000,0.4000,0.2667,0.1774,0.1238,0.3333,0.2560
stemming,bm25,2,0,43,0.3000,0.5000,0.3750,0.3634,0.2768,1.0000,0.5453
stemming,bm25,2,0,44,0.0000,0.0000,0.0000,0.0021,0.0000,0.0012,0.0000
stemming,bm25,2,0,45,0.1000,0.0833,0.0909,0.1695,0.0833,1.0000,0.2799
stemming,bm25,2,0,46,0.6000,0.4000,0.4800,0.4080,0.3287,1.0000,0.5240
stemming,bm25,2,0,47,0.4000,0.2857,0.3333,0.3550,0.1643,1.0000,0.4511
stemming,bm25,2,0,48,0.3000,0.2727,0.2857,0.1975,0.1273,0.5000,0.2703
stemming,bm25,2,0,49,0.0000,0.0000,0.0000,0.0223,0.0000,0.0345,0.0000
stemming,bm25,2,0,50,0.0000,0.0000,0.0000,0.0184,0.0000,0.0233,0.0000
stemming,bm25,2,0,51,0.4000,0.4000,0.4000,0.3685,0.2442,1.0000,0.4720
stemming,bm25,2,0,52,0.2000,0.5000,0.2857,0.1901,0.1125,0.2500,0.2317
stemming,bm25,2,0,53,0.3000,0.3000,0.3000,0.2358,0.1800,1.0000,0.3951
stemming,bm25,2,0,54,0.2000,0.2222,0.2105,0.1824,0.0926,0.5000,0.2930
stemming,bm25,2,0,55,0.1000,0.1000,0.1000,0.1443,0.0200,0.2000,0.0350
stemming,bm25,2,0,56,0.2000,0.2000,0.2000,0.1193,0.0786,0.5000,0.1691
stemming,bm25,2,0,57,0.0000,0.0000,0.0000,0.0718,0.0000,0.0625,0.0000
stemming,bm25,2,0,58,0.1000,0.1111,0.1053,0.1291,0.0556,0.5000,0.2422
stemming,bm25,2,0,59,0.0000,0.0000,0.0000,0.0734,0.0000,0.0833,0.0000
stemming,bm25,2,0,60,0.2000,0.4000,0.2667,0.3781,0.3333,1.0000,0.4935
stemming,bm25,2,0,61,0.3000,0.6000,0.4000,0.5117,0.4667,1.0000,0.6716
stemming,bm25,2,0,62,0.0000,0.0000,0.0000,0.0171,0.0000,0.0263,0.0000
stemming,bm25,2,0,63,0.0000,0.0000,0.0000,0.0295,0.0000,0.0270,0.0000
stemming,bm25,2,0,64,0.1000,0.5000,0.1667,0.0634,0.0556,0.1111,0.2043
stemming,bm25,2,0,65,0.0000,0.0000,0.0000,0.0702,0.0000,0.0500,0.0000
stemming,bm25,2,0,66,0.0000,0.0000,0.0000,0.0416,0.0000,0.0294,0.0000
stemming,bm25,2,0,67,0.1000,0.0714,0.0833,0.1075,0.0238,0.3333,0.1337
stemming,bm25,2,0,68,0.1000,0.2000,0.1333,0.0897,0.0500,0.2500,0.1873
stemming,bm25,2,0,69,0.1000,0.2000,0.1333,0.1244,0.1000,0.5000,0.2651
stemming,bm25,2,0,70,0.1000,0.1000,0.1000,0.1586,0.1000,1.0000,0.2427
stemming,bm25,2,0,71,0.1000,0.1250,0.1111,0.0779,0.0208,0.1667,0.1160
stemming,bm25,2,0,72,0.0000,0.0000,0.0000,0.0328,0.0000,0.0476,0.0000
stemming,bm25,2,0,73,0.6000,0.3000,0.4000,0.3331,0.2154,1.0000,0.6705
stemming,bm25,2,0,74,0.1000,0.1667,0.1250,0.1790,0.0833,0.5000,0.2679
stemming,bm25,2,0,75,0.0000,0.0000,0.0000,0.0126,0.0000,0.0098,0.0000
stemming,bm25,2,0,76,0.3000,0.4286,0.3529,0.2762,0.2202,0.5000,0.3956
stemming,bm25,2,0,77,0.3000,0.5000,0.3750,0.2784,0.2292,0.5000,0.2633
stemming,bm25,2,0,78,0.2000,0.6667,0.3077,0.5526,0.5000,1.0000,0.6256
stemming,bm25,2,0,79,0.0000,0.0000,0.0000,0.0226,0.0000,0.0333,0.0000
stemming,bm25,2,0,80,0.0000,0.0000,0.0000,0.0065,0.0000,0.0086,0.0000
stemming,bm25,2,0,81,0.2000,1.0000,0.3333,0.6250,0.6250,1.0000,0.4884
stemming,bm25,2,0,82,0.1000,0.2000,0.1333,0.2761,0.2000,1.0000,0.3985
stemming,bm25,2,0,83,0.1000,0.2500,0.1429,0.0743,0.0625,0.2500,0.1681
stemming,bm25,2,0,84,0.3000,0.2727,0.2857,0.3394,0.2500,1.0000,0.2659
stemming,bm25,2,0,85,0.1000,0.2500,0.1429,0.0731,0.0625,0.2500,0.1111
stemming,bm25,2,0,86,0.2000,1.0000,0.3333,0.5833,0.5833,0.5000,0.6934
stemming,bm25,2,0,87,0.0000,0.0000,0.0000,0.0133,0.0000,0.0204,0.0000
stemming,bm25,2,0,88,0.6000,1.0000,0.7500,0.6218,0.6218,0.5000,0.7204
stemming,bm25,2,0,89,0.2000,0.3333,0.2500,0.1665,0.0579,0.1250,0.2171
stemming,bm25,2,0,90,0.3000,0.2308,0.2609,0.2119,0.1154,0.5000,0.2370
stemming,bm25,2,0,91,0.3000,0.3333,0.3158,0.3493,0.2222,1.0000,0.4977
stemming,bm25,2,0,92,0.5000,0.3846,0.4348,0.3618,0.2650,1.0000,0.3228
stemming,bm25,2,0,93,0.1000,1.0000,0.1818,0.5000,0.5000,0.5000,0.6309
stemming,bm25,2,0,94,0.6000,0.5000,0.5455,0.5342,0.4206,1.0000,0.5561
stemming,bm25,2,0,95,0.1000,0.5000,0.1667,0.5435,0.5000,1.0000,0.2159
stemming,bm25,2,0,96,0.6000,0.4615,0.5217,0.4430,0.3498,1.0000,0.6081
stemming,bm25,2,0,97,0.3000,0.3000,0.3000,0.2240,0.1917,0.5000,0.3046
stemming,bm25,2,0,98,0.0000,0.0000,0.0000,0.0211,0.0000,0.0526,0.0000
stemming,bm25,2,0,99,0.2000,0.5000,0.2857,0.2970,0.2917,0.5000,0.5023
stemming,bm25,2,0,100,0.3000,0.3333,0.3158,0.3400,0.2698,1.0000,0.5022
stemming,bm25,2,0,101,0.5000,0.8333,0.6250,0.4979,0.4452,0.5000,0.5664
stemming,bm25,2,0,102,0.1000,0.2500,0.1429,0.0648,0.0357,0.1429,0.0910
stemming,bm25,2,0,103,0.0000,0.0000,0.0000,0.0208,0.0000,0.0385,0.0000
stemming,bm25,2,0,104,0.1000,0.2000,0.1333,0.0601,0.0500,0.2500,0.1461
stemming,bm25,2,0,105,0.3000,0.6000,0.4000,0.4139,0.3533,0.5000,0.5442
stemming,bm25,2,0,106,0.3000,0.6000,0.4000,0.4038,0.3200,0.5000,0.4436
stemming,bm25,2,0,107,0.2000,0.2857,0.2353,0.2041,0.1071,0.5000,0.2820
stemming,bm25,2,0,108,0.5000,0.7143,0.5882,0.7118,0.6092,1.0000,0.7861
stemming,bm25,2,0,109,0.0000,0.0000,0.0000,0.0301,0.0000,0.0312,0.0000
stemming,bm25,2,0,110,0.0000,0.0000,0.0000,0.0234,0.0000,0.0345,0.0000
stemming,bm25,2,0,111,0.2000,0.2857,0.2353,0.1933,0.0929,0.2500,0.1738
stemming,bm25,2,0,112,0.1000,0.5000,0.1667,0.3409,0.2500,0.5000,0.2398
stemming,bm25,2,0,113,0.1000,0.2500,0.1429,0.0721,0.0500,0.2000,0.1510
stemming,bm25,2,0,114,0.0000,0.0000,0.0000,0.0268,0.0000,0.0333,0.0000
stemming,bm25,2,0,115,0.1000,0.2500,0.1429,0.0956,0.0833,0.3333,0.2372
stemming,bm25,2,0,116,0.0000,0.0000,0.0000,0.0349,0.0000,0.0769,0.0000
stemming,bm25,2,0,117,0.0000,0.0000,0.0000,0.0236,0.0000,0.0303,0.0000
stemming,bm25,2,0,118,0.2000,0.6667,0.3077,0.2003,0.1944,0.2500,0.3668
stemming,bm25,2,0,119,0.1000,1.0000,0.1818,0.1429,0.1429,0.1429,0.3333
stemming,bm25,2,0,120,0.3000,0.3333,0.3158,0.3209,0.1481,0.5000,0.3237
stemming,bm25,2,0,121,0.3000,0.4286,0.3529,0.3200,0.2048,0.3333,0.3706
stemming,bm25,2,0,122,0.1000,0.1111,0.1053,0.0548,0.0185,0.1667,0.0352
stemming,bm25,2,0,123,0.0000,0.0000,0.0000,0.0530,0.0000,0.0714,0.0000
stemming,bm25,2,0,124,0.0000,0.0000,0.0000,0.0031,0.0000,0.0033,0.0000
stemming,bm25,2,0,125,0.4000,0.2353,0.2963,0.2859,0.1337,1.0000,0.4381
stemming,bm25,2,0,126,0.2000,0.2500,0.2222,0.2653,0.2500,1.0000,0.5130
stemming,bm25,2,0,127,0.1000,0.2000,0.1333,0.1090,0.0222,0.1111,0.0897
stemming,bm25,2,0,128,0.0000,0.0000,0.0000,0.0249,0.0000,0.0435,0.0000
stemming,bm25,2,0,129,0.4000,0.5714,0.4706,0.3492,0.3310,0.5000,0.5157
stemming,bm25,2,0,130,0.4000,0.8000,0.5333,0.5865,0.5833,1.0000,0.7238
stemming,bm25,2,0,131,0.2000,0.2500,0.2222,0.2295,0.0670,0.2500,0.1295
stemming,bm25,2,0,132,0.6000,0.4000,0.4800,0.6906,0.3394,1.0000,0.5513
stemming,bm25,2,0,133,0.2000,0.2857,0.2353,0.2231,0.0643,0.2500,0.1695
stemming,bm25,2,0,134,0.1000,0.5000,0.1667,0.5141,0.5000,1.0000,0.4693
stemming,bm25,2,0,135,0.5000,0.6250,0.5556,0.5819,0.4034,1.0000,0.4964
stemming,bm25,2,0,136,0.2000,0.6667,0.3077,0.1475,0.1389,0.1667,0.3154
stemming,bm25,2,0,137,0.1000,0.2500,0.1429,0.1751,0.1250,0.5000,0.2061
stemming,bm25,2,0,138,0.1000,0.5000,0.1667,0.2763,0.2500,0.5000,0.3869
stemming,bm25,2,0,139,0.0000,0.0000,0.0000,0.0082,0.0000,0.0189,0.0000
stemming,bm25,2,0,140,0.2000,0.3333,0.2500,0.1067,0.0889,0.2000,0.2955
stemming,bm25,2,0,141,0.2000,0.3333,0.2500,0.2265,0.1389,0.3333,0.2983
stemming,bm25,2,0,142,0.0000,0.0000,0.0000,0.0323,0.0000,0.0323,0.0000
stemming,bm25,2,0,143,0.2000,1.0000,0.3333,0.6111,0.6111,1.0000,0.7977
stemming,bm25,2,0,144,0.2000,0.3333,0.2500,0.1885,0.1310,0.5000,0.2340
stemming,bm25,2,0,145,0.1000,0.1429,0.1176,0.0885,0.0286,0.2000,0.1221
stemming,bm25,2,0,146,0.2000,1.0000,0.3333,0.2500,0.2500,0.2500,0.4473
stemming,bm25,2,0,147,0.4000,0.4000,0.4000,0.2900,0.2338,0.5000,0.4274
stemming,bm25,2,0,148,0.2000,0.3333,0.2500,0.1289,0.0750,0.2000,0.2411
stemming,bm25,2,0,149,0.2000,0.1818,0.1905,0.2359,0.1364,1.0000,0.3149
stemming,bm25,2,0,150,0.2000,1.0000,0.3333,1.0000,1.0000,1.0000,1.0000
stemming,bm25,2,0,151,0.0000,0.0000,0.0000,0.0213,0.0000,0.0345,0.0000
stemming,bm25,2,0,152,0.0000,0.0000,0.0000,0.0067,0.0000,0.0056,0.0000
stemming,bm25,2,0,153,0.1000,0.1429,0.1176,0.0805,0.0357,0.2500,0.0695
stemming,bm25,2,0,154,0.2000,1.0000,0.3333,0.7500,0.7500,1.0000,0.7724
stemming,bm25,2,0,155,0.1000,0.1667,0.1250,0.0750,0.0238,0.1429,0.0750
stemming,bm25,2,0,156,0.7000,0.5000,0.5833,0.5796,0.5000,1.0000,0.6256
stemming,bm25,2,0,157,0.4000,0.1026,0.1633,0.1959,0.0833,1.0000,0.4035
stemming,bm25,2,0,158,0.1000,0.1250,0.1111,0.1887,0.1250,1.0000,0.3630
stemming,bm25,2,0,159,0.1000,0.1250,0.1111,0.0634,0.0139,0.1111,0.0415
stemming,bm25,2,0,160,0.1000,0.2000,0.1333,0.2178,0.2000,1.0000,0.3937
stemming,bm25,2,0,161,0.2000,0.3333,0.2500,0.3483,0.2778,1.0000,0.6002
stemming,bm25,2,0,162,0.1000,0.1250,0.1111,0.1179,0.0179,0.1429,0.0484
stemming,bm25,2,0,163,0.2000,0.6667,0.3077,0.2143,0.2063,0.3333,0.3911
stemming,bm25,2,0,164,0.5000,0.6250,0.5556,0.5296,0.5052,1.0000,0.7399
stemming,bm25,2,0,165,0.2000,1.0000,0.3333,0.2679,0.2679,0.2500,0.4685
stemming,bm25,2,0,166,0.0000,0.0000,0.0000,0.0452,0.0000,0.0769,0.0000
stemming,bm25,2,0,167,0.2000,1.0000,0.3333,0.5833,0.5833,0.5000,0.6480
stemming,bm25,2,0,168,0.1000,0.5000,0.1667,0.0727,0.0625,0.1250,0.1934
stemming,bm25,2,0,169,0.2000,0.5000,0.2857,0.2154,0.2083,0.3333,0.3633
stemming,bm25,2,0,170,0.2000,0.3333,0.2500,0.1710,0.0754,0.1667,0.1674
stemming,bm25,2,0,171,0.1000,0.3333,0.1538,0.4471,0.3333,1.0000,0.5695
stemming,bm25,2,0,172,0.4000,1.0000,0.5714,0.6458,0.6458,0.5000,0.6794
stemming,bm25,2,0,173,0.2000,1.0000,0.3333,0.8333,0.8333,1.0000,0.9197
stemming,bm25,2,0,174,0.1000,0.2000,0.1333,0.0448,0.0250,0.1250,0.1237
stemming,bm25,2,0,175,0.0000,0.0000,0.0000,0.0305,0.0000,0.0455,0.0000
stemming,bm25,2,0,176,0.0000,0.0000,0.0000,0.0236,0.0000,0.0294,0.0000
stemming,bm25,2,0,177,0.3000,0.6000,0.4000,0.6102,0.4750,1.0000,0.7293
stemming,bm25,2,0,178,0.2000,0.5000,0.2857,0.4323,0.3750,1.0000,0.7155
stemming,bm25,2,0,179,0.2000,0.5000,0.2857,0.1291,0.1181,0.2500,0.2856
stemming,bm25,2,0,180,0.2000,0.2857,0.2353,0.2876,0.1667,0.5000,0.3324
stemming,bm25,2,0,181,0.1000,0.2000,0.1333,0.2494,0.2000,1.0000,0.2491
stemming,bm25,2,0,182,0.2000,1.0000,0.3333,0.5833,0.5833,0.5000,0.6697
stemming,bm25,2,0,183,0.4000,0.3077,0.3478,0.3026,0.1748,1.0000,0.3048
stemming,bm25,2,0,184,0.1000,0.1429,0.1176,0.1711,0.0714,0.5000,0.1818
stemming,bm25,2,0,185,0.6000,0.6667,0.6316,0.8183,0.6508,1.0000,0.8410
stemming,bm25,2,0,186,0.5000,0.3125,0.3846,0.1728,0.1521,0.3333,0.4230
stemming,bm25,2,0,187,0.1000,0.1667,0.1250,0.1326,0.0833,0.5000,0.2018
stemming,bm25,2,0,188,0.3000,0.2727,0.2857,0.2731,0.1515,0.5000,0.3587
stemming,bm25,2,0,189,0.3000,0.3333,0.3158,0.1337,0.0833,0.2000,0.2502
stemming,bm25,2,0,190,0.2000,0.4000,0.2667,0.1452,0.1067,0.3333,0.2232
stemming,bm25,2,0,191,0.3000,0.2308,0.2609,0.2918,0.0668,0.2500,0.1779
stemming,bm25,2,0,192,0.3000,0.7500,0.4286,0.5990,0.5833,1.0000,0.7542
stemming,bm25,2,0,193,0.7000,0.7778,0.7368,0.7751,0.6965,1.0000,0.8193
stemming,bm25,2,0,194,0.3000,0.5000,0.3750,0.2677,0.2056,0.3333,0.3827
stemming,bm25,2,0,195,0.1000,0.3333,0.1538,0.1380,0.1111,0.3333,0.2346
stemming,bm25,2,0,196,0.2000,0.1667,0.1818,0.0743,0.0516,0.3333,0.1662
stemming,bm25,2,0,197,0.2000,0.6667,0.3077,0.6222,0.5556,1.0000,0.6652
stemming,bm25,2,0,198,0.2000,0.5000,0.2857,0.3706,0.3000,1.0000,0.4933
stemming,bm25,2,0,199,0.0000,0.0000,0.0000,0.0553,0.0000,0.0833,0.0000
stemming,bm25,2,0,200,0.2000,0.6667,0.3077,0.5682,0.5556,1.0000,0.7039
stemming,bm25,2,0,201,0.4000,0.2500,0.3077,0.3391,0.2042,1.0000,0.5585
stemming,bm25,2,0,202,0.3000,0.2143,0.2500,0.2684,0.2143,1.0000,0.2914
stemming,bm25,2,0,203,0.3000,0.2143,0.2500,0.1462,0.1143,0.5000,0.3541
stemming,bm25,2,0,204,0.0000,0.0000,0.0000,0.0295,0.0000,0.0200,0.0000
stemming,bm25,2,0,205,0.2000,1.0000,0.3333,0.6429,0.6429,1.0000,0.8175
stemming,bm25,2,0,206,0.2000,0.6667,0.3077,0.2238,0.2222,0.3333,0.4359
stemming,bm25,2,0,207,0.0000,0.0000,0.0000,0.0063,0.0000,0.0103,0.0000
stemming,bm25,2,0,208,0.3000,0.5000,0.3750,0.3434,0.2659,0.5000,0.4992
stemming,bm25,2,0,209,0.1000,0.0833,0.0909,0.0832,0.0093,0.1111,0.0614
stemming,bm25,2,0,210,0.2000,0.3333,0.2500,0.3432,0.2778,1.0000,0.4826
stemming,bm25,2,0,211,0.1000,0.0909,0.0952,0.1380,0.0455,0.5000,0.0692
stemming,bm25,2,0,212,0.4000,0.2857,0.3333,0.4538,0.2619,1.0000,0.5209
stemming,bm25,2,0,213,0.5000,0.4545,0.4762,0.5633,0.3682,1.0000,0.5508
stemming,bm25,2,0,214,0.1000,0.2500,0.1429,0.0779,0.0625,0.2500,0.1681
stemming,bm25,2,0,215,0.0000,0.0000,0.0000,0.0284,0.0000,0.0286,0.0000
stemming,bm25,2,0,216,0.0000,0.0000,0.0000,0.0022,0.0000,0.0022,0.0000
stemming,bm25,2,0,217,0.2000,0.1333,0.1600,0.1234,0.0389,0.3333,0.1151
stemming,bm25,2,0,218,0.4000,0.2667,0.3200,0.2636,0.1108,0.3333,0.2800
stemming,bm25,2,0,219,0.0000,0.0000,0.0000,0.0347,0.0000,0.0192,0.0000
stemming,bm25,2,0,220,0.2000,0.1053,0.1379,0.1783,0.0877,1.0000,0.2333
stemming,bm25,2,0,221,0.3000,0.1667,0.2143,0.1504,0.0505,0.2000,0.1887
stemming,bm25,2,0,222,0.5000,0.5556,0.5263,0.7704,0.5148,1.0000,0.6610
stemming,bm25,2,0,223,0.3000,0.7500,0.4286,0.7409,0.6500,1.0000,0.7877
stemming,bm25,2,0,224,0.2000,0.2500,0.2222,0.2696,0.1607,1.0000,0.3513
stemming,bm25,2,0,225,0.2000,0.0833,0.1176,0.0721,0.0486,0.5000,0.1454
stemming,bm25,2,0.75,1,0.4000,0.1429,0.2105,0.2151,0.0832,1.0000,0.3213
stemming,bm25,2,0.75,2,0.4000,0.1667,0.2353,0.1906,0.1417,1.0000,0.5442
stemming,bm25,2,0.75,3,0.6000,0.7500,0.6667,0.6241,0.5509,0.5000,0.6673
stemming,bm25,2,0.75,4,0.1000,0.5000,0.1667,0.5357,0.5000,1.0000,0.6131
stemming,bm25,2,0.75,5,0.3000,0.7500,0.4286,0.3324,0.3155,0.3333,0.4837
stemming,bm25,2,0.75,6,0.1000,0.2500,0.1429,0.1750,0.1250,0.5000,0.2061
stemming,bm25,2,0.75,7,0.2000,0.4000,0.2667,0.2609,0.2333,0.5000,0.3474
stemming,bm25,2,0.75,8,0.1000,0.0909,0.0952,0.1708,0.0909,1.0000,0.2670
stemming,bm25,2,0.75,9,0.2000,0.6667,0.3077,0.3627,0.3333,0.5000,0.4982
stemming,bm25,2,0.75,10,0.3000,0.3750,0.3333,0.2728,0.2083,1.0000,0.3849
stemming,bm25,2,0.75,11,0.2000,0.2857,0.2353,0.1689,0.0929,0.2500,0.1943
stemming,bm25,2,0.75,12,0.1000,0.2000,0.1333,0.0968,0.0500,0.2500,0.1601
stemming,bm25,2,0.75,13,0.0000,0.0000,0.0000,0.0030,0.0000,0.0025,0.0000
stemming,bm25,2,0.75,14,0.1000,0.5000,0.1667,0.0741,0.0556,0.1111,0.2600
stemming,bm25,2,0.75,15,0.2000,1.0000,0.3333,1.0000,1.0000,1.0000,0.8597
stemming,bm25,2,0.75,16,0.2000,0.6667,0.3077,0.2365,0.2222,0.3333,0.3931
stemming,bm25,2,0.75,17,0.1000,0.5000,0.1667,0.2622,0.2500,0.5000,0.4441
stemming,bm25,2,0.75,18,0.1000,0.3333,0.1538,0.3623,0.3333,1.0000,0.4693
stemming,bm25,2,0.75,19,0.0000,0.0000,0.0000,0.0167,0.0000,0.0667,0.0000
stemming,bm25,2,0.75,20,0.6000,0.6667,0.6316,0.5276,0.4331,0.5000,0.5930
stemming,bm25,2,0.75,21,0.0000,0.0000,0.0000,0.0604,0.0000,0.0667,0.0000
stemming,bm25,2,0.75,22,0.0000,0.0000,0.0000,0.0017,0.0000,0.0017,0.0000
stemming,bm25,2,0.75,23,0.2000,0.0625,0.0952,0.1366,0.0208,0.3333,0.1777
stemming,bm25,2,0.75,24,0.2000,0.6667,0.3077,0.3041,0.2778,0.5000,0.5025
stemming,bm25,2,0.75,25,0.5000,0.5556,0.5263,0.6440,0.5148,1.0000,0.6452
stemming,bm25,2,0.75,26,0.2000,0.3333,0.2500,0.2927,0.2500,1.0000,0.4957
stemming,bm25,2,0.75,27,0.1000,0.3333,0.1538,0.0672,0.0476,0.1429,0.1900
stemming,bm25,2,0.75,28,0.0000,0.0000,0.0000,0.0047,0.0000,0.0032,0.0000
stemming,bm25,2,0.75,29,0.4000,0.4444,0.4211,0.3813,0.2963,1.0000,0.3838
stemming,bm25,2,0.75,30,0.1000,0.1429,0.1176,0.0522,0.0143,0.1000,0.0956
stemming,bm25,2,0.75,31,0.0000,0.0000,0.0000,0.0007,0.0000,0.0007,0.0000
stemming,bm25,2,0.75,32,0.0000,0.0000,0.0000,0.0157,0.0000,0.0137,0.0000
stemming,bm25,2,0.75,33,0.2000,0.6667,0.3077,0.4514,0.3889,0.5000,0.4335
stemming,bm25,2,0.75,34,0.3000,0.5000,0.3750,0.2590,0.1611,0.3333,0.3332
stemming,bm25,2,0.75,35,0.0000,0.0000,0.0000,0.0160,0.0000,0.0270,0.0000
stemming,bm25,2,0.75,36,0.1000,0.5000,0.1667,0.2635,0.2500,0.5000,0.2961
stemming,bm25,2,0.75,37,0.0000,0.0000,0.0000,0.0655,0.0000,0.0625,0.0000
stemming,bm25,2,0.75,38,0.0000,0.0000,0.0000,0.0594,0.0000,0.0714,0.0000
stemming,bm25,2,0.75,39,0.2000,0.1538,0.1739,0.1293,0.0564,0.3333,0.1774
stemming,bm25,2,0.75,40,0.2000,0.1667,0.1818,0.0800,0.0446,0.2500,0.1201
stemming,bm25,2,0.75,41,0.3000,1.0000,0.4615,0.8333,0.8333,1.0000,0.9120
stemming,bm25,2,0.75,42,0.3000,0.6000,0.4000,0.1970,0.1821,0.2500,0.3828
stemming,bm25,2,0.75,43,0.4000,0.6667,0.5000,0.6445,0.5833,1.0000,0.8082
stemming,bm25,2,0.75,44,0.0000,0.0000,0.0000,0.0024,0.0000,0.0014,0.0000
stemming,bm25,2,0.75,45,0.1000,0.0833,0.0909,0.1710,0.0833,1.0000,0.2799
stemming,bm25,2,0.75,46,0.6000,0.4000,0.4800,0.3236,0.2498,0.5000,0.4486
stemming,bm25,2,0.75,47,0.4000,0.2857,0.3333,0.3192,0.1230,0.2500,0.3215
stemming,bm25,2,0.75,48,0.2000,0.1818,0.1905,0.1557,0.1061,0.5000,0.2556
stemming,bm25,2,0.75,49,0.1000,0.5000,0.1667,0.1377,0.1250,0.2500,0.3274
stemming,bm25,2,0.75,50,0.1000,0.1667,0.1250,0.1012,0.0833,0.5000,0.2882
stemming,bm25,2,0.75,51,0.6000,0.6000,0.6000,0.5781,0.5050,1.0000,0.5717
stemming,bm25,2,0.75,52,0.4000,1.0000,0.5714,0.8125,0.8125,1.0000,0.7520
stemming,bm25,2,0.75,53,0.2000,0.2000,0.2000,0.2292,0.1200,1.0000,0.2088
stemming,bm25,2,0.75,54,0.1000,0.1111,0.1053,0.1327,0.0556,0.5000,0.2129
stemming,bm25,2,0.75,55,0.3000,0.3000,0.3000,0.3042,0.1700,1.0000,0.2477
stemming,bm25,2,0.75,56,0.2000,0.2000,0.2000,0.1378,0.0786,0.5000,0.1691
stemming,bm25,2,0.75,57,0.0000,0.0000,0.0000,0.0807,0.0000,0.0588,0.0000
stemming,bm25,2,0.75,58,0.1000,0.1111,0.1053,0.1512,0.0370,0.3333,0.1919
stemming,bm25,2,0.75,59,0.0000,0.0000,0.0000,0.1042,0.0000,0.0909,0.0000
stemming,bm25,2,0.75,60,0.3000,0.6000,0.4000,0.4374,0.4200,1.0000,0.5271
stemming,bm25,2,0.75,61,0.3000,0.6000,0.4000,0.5389,0.4600,1.0000,0.6261
stemming,bm25,2,0.75,62,0.0000,0.0000,0.0000,0.0253,0.0000,0.0500,0.0000
stemming,bm25,2,0.75,63,0.0000,0.0000,0.0000,0.0278,0.0000,0.0303,0.0000
stemming,bm25,2,0.75,64,0.1000,0.5000,0.1667,0.5196,0.5000,1.0000,0.6788
stemming,bm25,2,0.75,65,0.5000,0.3333,0.4000,0.2603,0.1928,0.5000,0.4369
stemming,bm25,2,0.75,66,0.0000,0.0000,0.0000,0.0909,0.0000,0.0769,0.0000
stemming,bm25,2,0.75,67,0.6000,0.4286,0.5000,0.5303,0.4107,1.0000,0.6559
stemming,bm25,2,0.75,68,0.1000,0.2000,0.1333,0.0972,0.0667,0.3333,0.2175
stemming,bm25,2,0.75,69,0.1000,0.2000,0.1333,0.0930,0.0667,0.3333,0.2101
stemming,bm25,2,0.75,70,0.1000,0.1000,0.1000,0.0993,0.0500,0.5000,0.1531
stemming,bm25,2,0.75,71,0.0000,0.0000,0.0000,0.0428,0.0000,0.0625,0.0000
stemming,bm25,2,0.75,72,0.1000,0.0588,0.0741,0.0714,0.0294,0.5000,0.1781
stemming,bm25,2,0.75,73,0.7000,0.3500,0.4667,0.3455,0.2549,1.0000,0.6681
stemming,bm25,2,0.75,74,0.2000,0.3333,0.2500,0.1139,0.0648,0.1667,0.2790
stemming,bm25,2,0.75,75,0.0000,0.0000,0.0000,0.0283,0.0000,0.0208,0.0000
stemming,bm25,2,0.75,76,0.3000,0.4286,0.3529,0.2997,0.2381,0.5000,0.3901
stemming,bm25,2,0.75,77,0.4000,0.6667,0.5000,0.4060,0.3519,0.5000,0.4400
stemming,bm25,2,0.75,78,0.2000,0.6667,0.3077,0.5076,0.4167,1.0000,0.5600
stemming,bm25,2,0.75,79,0.1000,0.2000,0.1333,0.0559,0.0333,0.1667,0.1556
stemming,bm25,2,0.75,80,0.0000,0.0000,0.0000,0.0157,0.0000,0.0286,0.0000
stemming,bm25,2,0.75,81,0.2000,1.0000,0.3333,0.8333,0.8333,1.0000,0.6478
stemming,bm25,2,0.75,82,0.3000,0.6000,0.4000,0.3076,0.2857,0.5000,0.4721
stemming,bm25,2,0.75,83,0.1000,0.2500,0.1429,0.2612,0.2500,1.0000,0.3904
stemming,bm25,2,0.75,84,0.4000,0.3636,0.3810,0.4318,0.3636,1.0000,0.3942
stemming,bm25,2,0.75,85,0.1000,0.2500,0.1429,0.0954,0.0833,0.3333,0.1290
stemming,bm25,2,0.75,86,0.2000,1.0000,0.3333,0.5833,0.5833,0.5000,0.6934
stemming,bm25,2,0.75,87,0.0000,0.0000,0.0000,0.0149,0.0000,0.0200,0.0000
stemming,bm25,2,0.75,88,0.6000,1.0000,0.7500,0.6746,0.6746,0.5000,0.7609
stemming,bm25,2,0.75,89,0.2000,0.3333,0.2500,0.2382,0.1310,0.5000,0.3150
stemming,bm25,2,0.75,90,0.3000,0.2308,0.2609,0.1887,0.1128,0.5000,0.1896
stemming,bm25,2,0.75,91,0.3000,0.3333,0.3158,0.3499,0.2083,1.0000,0.4545
stemming,bm25,2,0.75,92,0.5000,0.3846,0.4348,0.5189,0.3626,1.0000,0.3389
stemming,bm25,2,0.75,93,0.1000,1.0000,0.1818,0.5000,0.5000,0.5000,0.6309
stemming,bm25,2,0.75,94,0.6000,0.5000,0.5455,0.4839,0.3776,1.0000,0.5029
stemming,bm25,2,0.75,95,0.1000,0.5000,0.1667,0.5455,0.5000,1.0000,0.2159
stemming,bm25,2,0.75,96,0.6000,0.4615,0.5217,0.3837,0.2929,0.5000,0.5084
stemming,bm25,2,0.75,97,0.2000,0.2000,0.2000,0.1801,0.1167,0.5000,0.1993
stemming,bm25,2,0.75,98,0.0000,0.0000,0.0000,0.0233,0.0000,0.0286,0.0000
stemming,bm25,2,0.75,99,0.2000,0.5000,0.2857,0.1791,0.1667,0.3333,0.3803
stemming,bm25,2,0.75,100,0.2000,0.2222,0.2105,0.2693,0.1852,1.0000,0.4065
stemming,bm25,2,0.75,101,0.5000,0.8333,0.6250,0.7074,0.6486,1.0000,0.7766
stemming,bm25,2,0.75,102,0.2000,0.5000,0.2857,0.3726,0.3333,1.0000,0.4677
stemming,bm25,2,0.75,103,0.0000,0.0000,0.0000,0.0056,0.0000,0.0089,0.0000
stemming,bm25,2,0.75,104,0.1000,0.2000,0.1333,0.0656,0.0400,0.2000,0.1312
stemming,bm25,2,0.75,105,0.3000,0.6000,0.4000,0.4239,0.3833,0.5000,0.5553
stemming,bm25,2,0.75,106,0.3000,0.6000,0.4000,0.4036,0.3524,1.0000,0.6617
stemming,bm25,2,0.75,107,0.4000,0.5714,0.4706,0.3182,0.2476,0.5000,0.4090
stemming,bm25,2,0.75,108,0.5000,0.7143,0.5882,0.7942,0.6449,1.0000,0.8201
stemming,bm25,2,0.75,109,0.0000,0.0000,0.0000,0.0375,0.0000,0.0286,0.0000
stemming,bm25,2,0.75,110,0.1000,0.2500,0.1429,0.1502,0.1250,0.5000,0.3173
stemming,bm25,2,0.75,111,0.3000,0.4286,0.3529,0.2934,0.1565,0.3333,0.2529
stemming,bm25,2,0.75,112,0.1000,0.5000,0.1667,0.3056,0.2500,0.5000,0.2398
stemming,bm25,2,0.75,113,0.2000,0.5000,0.2857,0.2292,0.2083,0.5000,0.3854
stemming,bm25,2,0.75,114,0.0000,0.0000,0.0000,0.0655,0.0000,0.0909,0.0000
stemming,bm25,2,0.75,115,0.1000,0.2500,0.1429,0.0691,0.0625,0.2500,0.2043
stemming,bm25,2,0.75,116,0.0000,0.0000,0.0000,0.0265,0.0000,0.0370,0.0000
stemming,bm25,2,0.75,117,0.0000,0.0000,0.0000,0.0417,0.0000,0.0625,0.0000
stemming,bm25,2,0.75,118,0.2000,0.6667,0.3077,0.4028,0.3889,0.5000,0.5498
stemming,bm25,2,0.75,119,0.1000,1.0000,0.1818,0.2500,0.2500,0.2500,0.4307
stemming,bm25,2,0.75,120,0.5000,0.5556,0.5263,0.4315,0.2963,0.5000,0.5203
stemming,bm25,2,0.75,121,0.4000,0.5714,0.4706,0.5124,0.3690,0.5000,0.5044
stemming,bm25,2,0.75,122,0.2000,0.2222,0.2105,0.1324,0.0437,0.1429,0.0641
stemming,bm25,2,0.75,123,0.0000,0.0000,0.0000,0.0564,0.0000,0.0588,0.0000
stemming,bm25,2,0.75,124,0.0000,0.0000,0.0000,0.0033,0.0000,0.0041,0.0000
stemming,bm25,2,0.75,125,0.3000,0.1765,0.2222,0.3036,0.1333,1.0000,0.4164
stemming,bm25,2,0.75,126,0.2000,0.2500,0.2222,0.2241,0.2083,1.0000,0.4718
stemming,bm25,2,0.75,127,0.1000,0.2000,0.1333,0.1082,0.0500,0.2500,0.1284
stemming,bm25,2,0.75,128,0.0000,0.0000,0.0000,0.0342,0.0000,0.0625,0.0000
stemming,bm25,2,0.75,129,0.4000,0.5714,0.4706,0.3895,0.3690,0.5000,0.5392
stemming,bm25,2,0.75,130,0.4000,0.8000,0.5333,0.5205,0.5167,0.5000,0.6286
stemming,bm25,2,0.75,131,0.2000,0.2500,0.2222,0.2636,0.0486,0.1667,0.1039
stemming,bm25,2,0.75,132,0.8000,0.5333,0.6400,0.7385,0.4323,1.0000,0.6919
stemming,bm25,2,0.75,133,0.1000,0.1429,0.1176,0.2238,0.0179,0.1250,0.1014
stemming,bm25,2,0.75,134,0.1000,0.5000,0.1667,0.2885,0.2500,0.5000,0.2961
stemming,bm25,2,0.75,135,0.5000,0.6250,0.5556,0.6631,0.4708,1.0000,0.5367
stemming,bm25,2,0.75,136,0.1000,0.3333,0.1538,0.3904,0.3333,1.0000,0.7796
stemming,bm25,2,0.75,137,0.2000,0.5000,0.2857,0.1874,0.1339,0.2500,0.2495
stemming,bm25,2,0.75,138,0.1000,0.5000,0.1667,0.1500,0.1000,0.2000,0.2372
stemming,bm25,2,0.75,139,0.0000,0.0000,0.0000,0.0075,0.0000,0.0098,0.0000
stemming,bm25,2,0.75,140,0.2000,0.3333,0.2500,0.1644,0.1389,0.5000,0.3925
stemming,bm25,2,0.75,141,0.2000,0.3333,0.2500,0.4393,0.3333,1.0000,0.5455
stemming,bm25,2,0.75,142,0.0000,0.0000,0.0000,0.0833,0.0000,0.0833,0.0000
stemming,bm25,2,0.75,143,0.2000,1.0000,0.3333,0.6111,0.6111,1.0000,0.7977
stemming,bm25,2,0.75,144,0.5000,0.8333,0.6250,0.4452,0.4286,0.5000,0.5789
stemming,bm25,2,0.75,145,0.2000,0.2857,0.2353,0.2143,0.1190,0.3333,0.2412
stemming,bm25,2,0.75,146,0.2000,1.0000,0.3333,0.5833,0.5833,0.5000,0.6199
stemming,bm25,2,0.75,147,0.3000,0.3000,0.3000,0.2440,0.1595,0.5000,0.3241
stemming,bm25,2,0.75,148,0.2000,0.3333,0.2500,0.2194,0.1667,0.5000,0.3644
stemming,bm25,2,0.75,149,0.4000,0.3636,0.3810,0.3481,0.2359,1.0000,0.4729
stemming,bm25,2,0.75,150,0.2000,1.0000,0.3333,0.5833,0.5833,0.5000,0.6934
stemming,bm25,2,0.75,151,0.0000,0.0000,0.0000,0.0294,0.0000,0.0357,0.0000
stemming,bm25,2,0.75,152,0.0000,0.0000,0.0000,0.0073,0.0000,0.0048,0.0000
stemming,bm25,2,0.75,153,0.3000,0.4286,0.3529,0.1793,0.1660,0.3333,0.2592
stemming,bm25,2,0.75,154,0.2000,1.0000,0.3333,0.8333,0.8333,1.0000,0.8212
stemming,bm25,2,0.75,155,0.2000,0.3333,0.2500,0.2473,0.2037,1.0000,0.2590
stemming,bm25,2,0.75,156,0.7000,0.5000,0.5833,0.5518,0.4786,1.0000,0.5860
stemming,bm25,2,0.75,157,0.6000,0.1538,0.2449,0.2771,0.1121,1.0000,0.5307
stemming,bm25,2,0.75,158,0.2000,0.2500,0.2222,0.2229,0.1500,1.0000,0.4679
stemming,bm25,2,0.75,159,0.2000,0.2500,0.2222,0.0778,0.0491,0.1429,0.1353
stemming,bm25,2,0.75,160,0.1000,0.2000,0.1333,0.0852,0.0667,0.3333,0.1969
stemming,bm25,2,0.75,161,0.3000,0.5000,0.3750,0.5001,0.4583,1.0000,0.7101
stemming,bm25,2,0.75,162,0.2000,0.2500,0.2222,0.1958,0.0903,0.5000,0.1811
stemming,bm25,2,0.75,163,0.2000,0.6667,0.3077,0.2908,0.2778,0.3333,0.4367
stemming,bm25,2,0.75,164,0.4000,0.5000,0.4444,0.5047,0.4583,1.0000,0.6629
stemming,bm25,2,0.75,165,0.2000,1.0000,0.3333,0.4500,0.4500,0.5000,0.6241
stemming,bm25,2,0.75,166,0.0000,0.0000,0.0000,0.0437,0.0000,0.0909,0.0000
stemming,bm25,2,0.75,167,0.2000,1.0000,0.3333,0.4500,0.4500,0.5000,0.6257
stemming,bm25,2,0.75,168,0.1000,0.5000,0.1667,0.1218,0.0833,0.1667,0.2184
stemming,bm25,2,0.75,169,0.2000,0.5000,0.2857,0.2560,0.2250,0.5000,0.3973
stemming,bm25,2,0.75,170,0.4000,0.6667,0.5000,0.4804,0.4769,1.0000,0.6995
stemming,bm25,2,0.75,171,0.2000,0.6667,0.3077,0.5956,0.5556,1.0000,0.6407
stemming,bm25,2,0.75,172,0.4000,1.0000,0.5714,0.6792,0.6792,0.5000,0.7180
stemming,bm25,2,0.75,173,0.2000,1.0000,0.3333,1.0000,1.0000,1.0000,1.0000
stemming,bm25,2,0.75,174,0.1000,0.2000,0.1333,0.0960,0.0500,0.2500,0.1688
stemming,bm25,2,0.75,175,0.0000,0.0000,0.0000,0.0423,0.0000,0.0588,0.0000
stemming,bm25,2,0.75,176,0.1000,0.1429,0.1176,0.0608,0.0159,0.1111,0.0998
stemming,bm25,2,0.75,177,0.4000,0.8000,0.5333,0.7109,0.6200,1.0000,0.8277
stemming,bm25,2,0.75,178,0.2000,0.5000,0.2857,0.4347,0.3500,1.0000,0.7084
stemming,bm25,2,0.75,179,0.2000,0.5000,0.2857,0.3847,0.3750,1.0000,0.5585
stemming,bm25,2,0.75,180,0.3000,0.4286,0.3529,0.4206,0.2738,0.5000,0.3922
stemming,bm25,2,0.75,181,0.2000,0.4000,0.2667,0.2786,0.2500,1.0000,0.3670
stemming,bm25,2,0.75,182,0.2000,1.0000,0.3333,0.5833,0.5833,0.5000,0.6697
stemming,bm25,2,0.75,183,0.4000,0.3077,0.3478,0.3093,0.1722,0.5000,0.2632
stemming,bm25,2,0.75,184,0.1000,0.1429,0.1176,0.2514,0.1429,1.0000,0.2881
stemming,bm25,2,0.75,185,0.6000,0.6667,0.6316,0.8416,0.6508,1.0000,0.8246
stemming,bm25,2,0.75,186,0.5000,0.3125,0.3846,0.2149,0.1927,0.5000,0.4857
stemming,bm25,2,0.75,187,0.2000,0.3333,0.2500,0.1608,0.1111,0.3333,0.2738
stemming,bm25,2,0.75,188,0.4000,0.3636,0.3810,0.4447,0.3019,1.0000,0.5509
stemming,bm25,2,0.75,189,0.2000,0.2222,0.2105,0.1136,0.0525,0.2500,0.1124
stemming,bm25,2,0.75,190,0.3000,0.6000,0.4000,0.3649,0.3267,1.0000,0.4743
stemming,bm25,2,0.75,191,0.3000,0.2308,0.2609,0.4042,0.0830,0.2500,0.1928
stemming,bm25,2,0.75,192,0.3000,0.7500,0.4286,0.5944,0.5667,1.0000,0.7366
stemming,bm25,2,0.75,193,0.7000,0.7778,0.7368,0.7568,0.6795,1.0000,0.7733
stemming,bm25,2,0.75,194,0.1000,0.1667,0.1250,0.1740,0.0417,0.2500,0.0977
stemming,bm25,2,0.75,195,0.0000,0.0000,0.0000,0.0581,0.0000,0.0714,0.0000
stemming,bm25,2,0.75,196,0.3000,0.2500,0.2727,0.2118,0.1583,1.0000,0.3514
stemming,bm25,2,0.75,197,0.2000,0.6667,0.3077,0.6325,0.5556,1.0000,0.6652
stemming,bm25,2,0.75,198,0.2000,0.5000,0.2857,0.5710,0.5000,1.0000,0.6745
stemming,bm25,2,0.75,199,0.2000,0.2500,0.2222,0.0854,0.0434,0.1250,0.1371
stemming,bm25,2,0.75,200,0.2000,0.6667,0.3077,0.4048,0.3333,0.5000,0.4982
stemming,bm25,2,0.75,201,0.5000,0.3125,0.3846,0.3537,0.2358,1.0000,0.6061
stemming,bm25,2,0.75,202,0.4000,0.2857,0.3333,0.2405,0.1726,0.5000,0.2843
stemming,bm25,2,0.75,203,0.2000,0.1429,0.1667,0.1233,0.0714,0.5000,0.2595
stemming,bm25,2,0.75,204,0.1000,0.0714,0.0833,0.0421,0.0102,0.1429,0.1145
stemming,bm25,2,0.75,205,0.2000,1.0000,0.3333,0.6667,0.6667,1.0000,0.8316
stemming,bm25,2,0.75,206,0.2000,0.6667,0.3077,0.1963,0.1944,0.3333,0.4152
stemming,bm25,2,0.75,207,0.0000,0.0000,0.0000,0.0070,0.0000,0.0132,0.0000
stemming,bm25,2,0.75,208,0.3000,0.5000,0.3750,0.4225,0.3194,0.5000,0.5324
stemming,bm25,2,0.75,209,0.1000,0.0833,0.0909,0.1383,0.0083,0.1000,0.0295
stemming,bm25,2,0.75,210,0.2000,0.3333,0.2500,0.3403,0.2778,1.0000,0.4826
stemming,bm25,2,0.75,211,0.1000,0.0909,0.0952,0.1944,0.0909,1.0000,0.1096
stemming,bm25,2,0.75,212,0.6000,0.4286,0.5000,0.5237,0.3589,1.0000,0.5402
stemming,bm25,2,0.75,213,0.6000,0.5455,0.5714,0.6206,0.4811,1.0000,0.6564
stemming,bm25,2,0.75,214,0.1000,0.2500,0.1429,0.1549,0.1250,0.5000,0.2463
stemming,bm25,2,0.75,215,0.0000,0.0000,0.0000,0.0529,0.0000,0.0667,0.0000
stemming,bm25,2,0.75,216,0.0000,0.0000,0.0000,0.0016,0.0000,0.0016,0.0000
stemming,bm25,2,0.75,217,0.2000,0.1333,0.1600,0.1414,0.0389,0.2500,0.1614
stemming,bm25,2,0.75,218,0.2000,0.1333,0.1600,0.2422,0.0833,1.0000,0.1971
stemming,bm25,2,0.75,219,0.0000,0.0000,0.0000,0.0353,0.0000,0.0161,0.0000
stemming,bm25,2,0.75,220,0.2000,0.1053,0.1379,0.2133,0.1053,1.0000,0.2110
stemming,bm25,2,0.75,221,0.4000,0.2222,0.2857,0.2132,0.1389,1.0000,0.3498
stemming,bm25,2,0.75,222,0.6000,0.6667,0.6316,0.7497,0.5806,1.0000,0.7499
stemming,bm25,2,0.75,223,0.3000,0.7500,0.4286,0.4325,0.4167,0.5000,0.5805
stemming,bm25,2,0.75,224,0.2000,0.2500,0.2222,0.1857,0.0694,0.3333,0.1714
stemming,bm25,2,0.75,225,0.2000,0.0833,0.1176,0.0687,0.0417,0.5000,0.1330
stemming,bm25,2,1,1,0.4000,0.1429,0.2105,0.2243,0.0821,1.0000,0.3421
stemming,bm25,2,1,2,0.3000,0.1250,0.1765,0.1814,0.1250,1.0000,0.5241
stemming,bm25,2,1,3,0.6000,0.7500,0.6667,0.6466,0.5509,0.5000,0.6673
stemming,bm25,2,1,4,0.1000,0.5000,0.1667,0.5294,0.5000,1.0000,0.6131
stemming,bm25,2,1,5,0.3000,0.7500,0.4286,0.2577,0.2405,0.2000,0.4285
stemming,bm25,2,1,6,0.1000,0.2500,0.1429,0.1661,0.1250,0.5000,0.2061
stemming,bm25,2,1,7,0.2000,0.4000,0.2667,0.2644,0.2333,0.5000,0.3474
stemming,bm25,2,1,8,0.1000,0.0909,0.0952,0.1321,0.0455,0.5000,0.1684
stemming,bm25,2,1,9,0.2000,0.6667,0.3077,0.5868,0.5556,1.0000,0.7039
stemming,bm25,2,1,10,0.3000,0.3750,0.3333,0.3187,0.2375,1.0000,0.4061
stemming,bm25,2,1,11,0.2000,0.2857,0.2353,0.1576,0.0929,0.2500,0.1943
stemming,bm25,2,1,12,0.2000,0.4000,0.2667,0.1667,0.1444,0.5000,0.3464
stemming,bm25,2,1,13,0.0000,0.0000,0.0000,0.0031,0.0000,0.0032,0.0000
stemming,bm25,2,1,14,0.1000,0.5000,0.1667,0.0748,0.0556,0.1111,0.2600
stemming,bm25,2,1,15,0.2000,1.0000,0.3333,0.8333,0.8333,1.0000,0.7602
stemming,bm25,2,1,16,0.2000,0.6667,0.3077,0.2762,0.2619,0.5000,0.4299
stemming,bm25,2,1,17,0.1000,0.5000,0.1667,0.2620,0.2500,0.5000,0.4441
stemming,bm25,2,1,18,0.1000,0.3333,0.1538,0.1389,0.1111,0.3333,0.2346
stemming,bm25,2,1,19,0.1000,0.1111,0.1053,0.0204,0.0111,0.1000,0.0577
stemming,bm25,2,1,20,0.7000,0.7778,0.7368,0.5415,0.5108,0.5000,0.6609
stemming,bm25,2,1,21,0.0000,0.0000,0.0000,0.0796,0.0000,0.0667,0.0000
stemming,bm25,2,1,22,0.0000,0.0000,0.0000,0.0018,0.0000,0.0018,0.0000
stemming,bm25,2,1,23,0.3000,0.0938,0.1429,0.1374,0.0297,0.2500,0.2204
stemming,bm25,2,1,24,0.2000,0.6667,0.3077,0.2846,0.2619,0.5000,0.4909
stemming,bm25,2,1,25,0.5000,0.5556,0.5263,0.6191,0.5148,1.0000,0.6419
stemming,bm25,2,1,26,0.2000,0.3333,0.2500,0.2133,0.1667,0.5000,0.3678
stemming,bm25,2,1,27,0.1000,0.3333,0.1538,0.0757,0.0556,0.1667,0.2031
stemming,bm25,2,1,28,0.0000,0.0000,0.0000,0.0052,0.0000,0.0042,0.0000
stemming,bm25,2,1,29,0.5000,0.5556,0.5263,0.4913,0.4506,1.0000,0.5544
stemming,bm25,2,1,30,0.1000,0.1429,0.1176,0.0516,0.0143,0.1000,0.0956
stemming,bm25,2,1,31,0.0000,0.0000,0.0000,0.0007,0.0000,0.0007,0.0000
stemming,bm25,2,1,32,0.0000,0.0000,0.0000,0.0172,0.0000,0.0233,0.0000
stemming,bm25,2,1,33,0.2000,0.6667,0.3077,0.4324,0.3889,0.5000,0.4335
stemming,bm25,2,1,34,0.1000,0.1667,0.1250,0.2211,0.0556,0.3333,0.1162
stemming,bm25,2,1,35,0.0000,0.0000,0.0000,0.0133,0.0000,0.0200,0.0000
stemming,bm25,2,1,36,0.1000,0.5000,0.1667,0.2643,0.2500,0.5000,0.2961
stemming,bm25,2,1,37,0.0000,0.0000,0.0000,0.0719,0.0000,0.0833,0.0000
stemming,bm25,2,1,38,0.0000,0.0000,0.0000,0.0547,0.0000,0.0588,0.0000
stemming,bm25,2,1,39,0.2000,0.1538,0.1739,0.1314,0.0604,0.5000,0.1808
stemming,bm25,2,1,40,0.2000,0.1667,0.1818,0.0661,0.0333,0.2000,0.1062
stemming,bm25,2,1,41,0.3000,1.0000,0.4615,0.8095,0.8095,1.0000,0.9006
stemming,bm25,2,1,42,0.3000,0.6000,0.4000,0.1987,0.1821,0.2500,0.3828
stemming,bm25,2,1,43,0.4000,0.6667,0.5000,0.6575,0.5952,1.0000,0.8147
stemming,bm25,2,1,44,0.0000,0.0000,0.0000,0.0026,0.0000,0.0016,0.0000
stemming,bm25,2,1,45,0.1000,0.0833,0.0909,0.1680,0.0833,1.0000,0.2799
stemming,bm25,2,1,46,0.5000,0.3333,0.4000,0.2688,0.1753,0.3333,0.3652
stemming,bm25,2,1,47,0.4000,0.2857,0.3333,0.3112,0.1238,0.3333,0.3370
stemming,bm25,2,1,48,0.2000,0.1818,0.1905,0.1492,0.1061,0.5000,0.2556
stemming,bm25,2,1,49,0.1000,0.5000,0.1667,0.1855,0.1667,0.3333,0.3801
stemming,bm25,2,1,50,0.1000,0.1667,0.1250,0.1885,0.1667,1.0000,0.4569
stemming,bm25,2,1,51,0.5000,0.5000,0.5000,0.5392,0.4383,1.0000,0.4162
stemming,bm25,2,1,52,0.4000,1.0000,0.5714,0.8125,0.8125,1.0000,0.7520
stemming,bm25,2,1,53,0.2000,0.2000,0.2000,0.2340,0.1333,1.0000,0.2196
stemming,bm25,2,1,54,0.1000,0.1111,0.1053,0.1212,0.0556,0.5000,0.2129
stemming,bm25,2,1,55,0.3000,0.3000,0.3000,0.2969,0.1633,1.0000,0.2132
stemming,bm25,2,1,56,0.2000,0.2000,0.2000,0.1146,0.0500,0.2500,0.1383
stemming,bm25,2,1,57,0.0000,0.0000,0.0000,0.0729,0.0000,0.0526,0.0000
stemming,bm25,2,1,58,0.1000,0.1111,0.1053,0.1319,0.0159,0.1429,0.1279
stemming,bm25,2,1,59,0.0000,0.0000,0.0000,0.0920,0.0000,0.0769,0.0000
stemming,bm25,2,1,60,0.3000,0.6000,0.4000,0.5301,0.5000,1.0000,0.5499
stemming,bm25,2,1,61,0.3000,0.6000,0.4000,0.3607,0.2933,0.5000,0.4677
stemming,bm25,2,1,62,0.0000,0.0000,0.0000,0.0263,0.0000,0.0526,0.0000
stemming,bm25,2,1,63,0.0000,0.0000,0.0000,0.0241,0.0000,0.0263,0.0000
stemming,bm25,2,1,64,0.1000,0.5000,0.1667,0.5263,0.5000,1.0000,0.6788
stemming,bm25,2,1,65,0.5000,0.3333,0.4000,0.2963,0.2287,0.5000,0.4674
stemming,bm25,2,1,66,0.2000,0.4000,0.2667,0.1553,0.1071,0.2500,0.3045
stemming,bm25,2,1,67,0.7000,0.5000,0.5833,0.6040,0.4841,1.0000,0.7070
stemming,bm25,2,1,68,0.1000,0.2000,0.1333,0.0928,0.0667,0.3333,0.2175
stemming,bm25,2,1,69,0.1000,0.2000,0.1333,0.0471,0.0200,0.1000,0.1214
stemming,bm25,2,1,70,0.1000,0.1000,0.1000,0.0798,0.0333,0.3333,0.1214
stemming,bm25,2,1,71,0.0000,0.0000,0.0000,0.0339,0.0000,0.0357,0.0000
stemming,bm25,2,1,72,0.1000,0.0588,0.0741,0.1042,0.0588,1.0000,0.2823
stemming,bm25,2,1,73,0.6000,0.3000,0.4000,0.3219,0.2199,1.0000,0.5880
stemming,bm25,2,1,74,0.0000,0.0000,0.0000,0.0798,0.0000,0.0833,0.0000
stemming,bm25,2,1,75,0.0000,0.0000,0.0000,0.0398,0.0000,0.0588,0.0000
stemming,bm25,2,1,76,0.3000,0.4286,0.3529,0.3015,0.2202,0.5000,0.3809
stemming,bm25,2,1,77,0.4000,0.6667,0.5000,0.3875,0.3048,0.5000,0.4317
stemming,bm25,2,1,78,0.2000,0.6667,0.3077,0.3316,0.2407,0.5000,0.3542
stemming,bm25,2,1,79,0.1000,0.2000,0.1333,0.0657,0.0400,0.2000,0.1690
stemming,bm25,2,1,80,0.0000,0.0000,0.0000,0.0229,0.0000,0.0400,0.0000
stemming,bm25,2,1,81,0.2000,1.0000,0.3333,1.0000,1.0000,1.0000,0.7609
stemming,bm25,2,1,82,0.3000,0.6000,0.4000,0.3993,0.3800,1.0000,0.5618
stemming,bm25,2,1,83,0.1000,0.2500,0.1429,0.2604,0.2500,1.0000,0.3904
stemming,bm25,2,1,84,0.4000,0.3636,0.3810,0.4252,0.3636,1.0000,0.3942
stemming,bm25,2,1,85,0.1000,0.2500,0.1429,0.0746,0.0625,0.2500,0.1111
stemming,bm25,2,1,86,0.2000,1.0000,0.3333,0.5833,0.5833,0.5000,0.6934
stemming,bm25,2,1,87,0.0000,0.0000,0.0000,0.0158,0.0000,0.0182,0.0000
stemming,bm25,2,1,88,0.6000,1.0000,0.7500,0.6968,0.6968,0.5000,0.7682
stemming,bm25,2,1,89,0.2000,0.3333,0.2500,0.2484,0.1389,0.5000,0.3183
stemming,bm25,2,1,90,0.3000,0.2308,0.2609,0.1922,0.1128,0.5000,0.1896
stemming,bm25,2,1,91,0.3000,0.3333,0.3158,0.3102,0.1898,1.0000,0.4339
stemming,bm25,2,1,92,0.5000,0.3846,0.4348,0.5205,0.3718,1.0000,0.3412
stemming,bm25,2,1,93,0.1000,1.0000,0.1818,0.5000,0.5000,0.5000,0.6309
stemming,bm25,2,1,94,0.5000,0.4167,0.4545,0.4149,0.2747,1.0000,0.4457
stemming,bm25,2,1,95,0.1000,0.5000,0.1667,0.2900,0.2500,0.5000,0.1362
stemming,bm25,2,1,96,0.6000,0.4615,0.5217,0.3312,0.2536,0.5000,0.4616
stemming,bm25,2,1,97,0.2000,0.2000,0.2000,0.1318,0.0733,0.3333,0.1557
stemming,bm25,2,1,98,0.0000,0.0000,0.0000,0.0245,0.0000,0.0294,0.0000
stemming,bm25,2,1,99,0.2000,0.5000,0.2857,0.1711,0.1548,0.3333,0.3701
stemming,bm25,2,1,100,0.2000,0.2222,0.2105,0.2361,0.1556,1.0000,0.3758
stemming,bm25,2,1,101,0.5000,0.8333,0.6250,0.7458,0.6958,1.0000,0.8276
stemming,bm25,2,1,102,0.2000,0.5000,0.2857,0.3910,0.3500,1.0000,0.4844
stemming,bm25,2,1,103,0.0000,0.0000,0.0000,0.0043,0.0000,0.0064,0.0000
stemming,bm25,2,1,104,0.1000,0.2000,0.1333,0.0684,0.0333,0.1667,0.1208
stemming,bm25,2,1,105,0.3000,0.6000,0.4000,0.4868,0.4533,1.0000,0.7311
stemming,bm25,2,1,106,0.3000,0.6000,0.4000,0.3697,0.3171,1.0000,0.6434
stemming,bm25,2,1,107,0.4000,0.5714,0.4706,0.3402,0.2476,0.5000,0.4090
stemming,bm25,2,1,108,0.6000,0.8571,0.7059,0.7711,0.7044,1.0000,0.8229
stemming,bm25,2,1,109,0.0000,0.0000,0.0000,0.0386,0.0000,0.0303,0.0000
stemming,bm25,2,1,110,0.1000,0.2500,0.1429,0.2807,0.2500,1.0000,0.5029
stemming,bm25,2,1,111,0.3000,0.4286,0.3529,0.3009,0.1524,0.3333,0.2526
stemming,bm25,2,1,112,0.1000,0.5000,0.1667,0.2885,0.2500,0.5000,0.2398
stemming,bm25,2,1,113,0.2000,0.5000,0.2857,0.2758,0.2500,0.5000,0.4144
stemming,bm25,2,1,114,0.0000,0.0000,0.0000,0.0583,0.0000,0.0909,0.0000
stemming,bm25,2,1,115,0.1000,0.2500,0.1429,0.0415,0.0357,0.1429,0.1581
stemming,bm25,2,1,116,0.0000,0.0000,0.0000,0.0239,0.0000,0.0303,0.0000
stemming,bm25,2,1,117,0.0000,0.0000,0.0000,0.0403,0.0000,0.0588,0.0000
stemming,bm25,2,1,118,0.2000,0.6667,0.3077,0.4127,0.3889,0.5000,0.5498
stemming,bm25,2,1,119,0.1000,1.0000,0.1818,0.2500,0.2500,0.2500,0.4307
stemming,bm25,2,1,120,0.5000,0.5556,0.5263,0.4990,0.3812,0.5000,0.5688
stemming,bm25,2,1,121,0.4000,0.5714,0.4706,0.5336,0.3881,0.5000,0.5038
stemming,bm25,2,1,122,0.3000,0.3333,0.3158,0.1606,0.0858,0.2500,0.1580
stemming,bm25,2,1,123,0.0000,0.0000,0.0000,0.0533,0.0000,0.0526,0.0000
stemming,bm25,2,1,124,0.0000,0.0000,0.0000,0.0034,0.0000,0.0043,0.0000
stemming,bm25,2,1,125,0.3000,0.1765,0.2222,0.2591,0.0980,0.5000,0.3197
stemming,bm25,2,1,126,0.2000,0.2500,0.2222,0.2240,0.2083,1.0000,0.4718
stemming,bm25,2,1,127,0.1000,0.2000,0.1333,0.0960,0.0500,0.2500,0.1284
stemming,bm25,2,1,128,0.0000,0.0000,0.0000,0.0342,0.0000,0.0625,0.0000
stemming,bm25,2,1,129,0.4000,0.5714,0.4706,0.3881,0.3690,0.5000,0.5392
stemming,bm25,2,1,130,0.4000,0.8000,0.5333,0.5017,0.4976,0.5000,0.6119
stemming,bm25,2,1,131,0.2000,0.2500,0.2222,0.2702,0.0458,0.1667,0.1013
stemming,bm25,2,1,132,0.7000,0.4667,0.5600,0.6575,0.3278,0.5000,0.6021
stemming,bm25,2,1,133,0.0000,0.0000,0.0000,0.2135,0.0000,0.0909,0.0000
stemming,bm25,2,1,134,0.1000,0.5000,0.1667,0.2067,0.1667,0.3333,0.2346
stemming,bm25,2,1,135,0.5000,0.6250,0.5556,0.6838,0.5089,1.0000,0.5207
stemming,bm25,2,1,136,0.1000,0.3333,0.1538,0.3803,0.3333,1.0000,0.7796
stemming,bm25,2,1,137,0.2000,0.5000,0.2857,0.2222,0.1625,0.2500,0.2670
stemming,bm25,2,1,138,0.1000,0.5000,0.1667,0.1214,0.0714,0.1429,0.2044
stemming,bm25,2,1,139,0.0000,0.0000,0.0000,0.0081,0.0000,0.0076,0.0000
stemming,bm25,2,1,140,0.2000,0.3333,0.2500,0.1661,0.1389,0.5000,0.3925
stemming,bm25,2,1,141,0.2000,0.3333,0.2500,0.4391,0.3333,1.0000,0.5455
stemming,bm25,2,1,142,0.1000,1.0000,0.1818,0.1000,0.1000,0.1000,0.2891
stemming,bm25,2,1,143,0.2000,1.0000,0.3333,0.6429,0.6429,1.0000,0.8175
stemming,bm25,2,1,144,0.5000,0.8333,0.6250,0.5073,0.4823,0.5000,0.6394
stemming,bm25,2,1,145,0.3000,0.4286,0.3529,0.3089,0.2476,1.0000,0.4276
stemming,bm25,2,1,146,0.2000,1.0000,0.3333,0.8333,0.8333,1.0000,0.7602
stemming,bm25,2,1,147,0.3000,0.3000,0.3000,0.2211,0.1500,0.5000,0.3155
stemming,bm25,2,1,148,0.2000,0.3333,0.2500,0.3069,0.2500,1.0000,0.4911
stemming,bm25,2,1,149,0.4000,0.3636,0.3810,0.3764,0.2652,1.0000,0.4944
stemming,bm25,2,1,150,0.2000,1.0000,0.3333,0.5833,0.5833,0.5000,0.6934
stemming,bm25,2,1,151,0.0000,0.0000,0.0000,0.0285,0.0000,0.0357,0.0000
stemming,bm25,2,1,152,0.0000,0.0000,0.0000,0.0077,0.0000,0.0065,0.0000
stemming,bm25,2,1,153,0.3000,0.4286,0.3529,0.1581,0.1446,0.2500,0.2502
stemming,bm25,2,1,154,0.2000,1.0000,0.3333,0.8333,0.8333,1.0000,0.8212
stemming,bm25,2,1,155,0.2000,0.3333,0.2500,0.2469,0.2000,1.0000,0.2577
stemming,bm25,2,1,156,0.6000,0.4286,0.5000,0.5375,0.4286,1.0000,0.5336
stemming,bm25,2,1,157,0.7000,0.1795,0.2857,0.2731,0.1115,0.5000,0.5160
stemming,bm25,2,1,158,0.2000,0.2500,0.2222,0.2259,0.1562,1.0000,0.4775
stemming,bm25,2,1,159,0.2000,0.2500,0.2222,0.0840,0.0521,0.1667,0.1416
stemming,bm25,2,1,160,0.1000,0.2000,0.1333,0.0470,0.0286,0.1429,0.1312
stemming,bm25,2,1,161,0.3000,0.5000,0.3750,0.4465,0.4028,1.0000,0.6392
stemming,bm25,2,1,162,0.2000,0.2500,0.2222,0.1936,0.0875,0.5000,0.2004
stemming,bm25,2,1,163,0.2000,0.6667,0.3077,0.2921,0.2778,0.3333,0.4367
stemming,bm25,2,1,164,0.4000,0.5000,0.4444,0.4564,0.4152,1.0000,0.6490
stemming,bm25,2,1,165,0.2000,1.0000,0.3333,0.6667,0.6667,1.0000,0.8316
stemming,bm25,2,1,166,0.0000,0.0000,0.0000,0.0378,0.0000,0.0667,0.0000
stemming,bm25,2,1,167,0.2000,1.0000,0.3333,0.2250,0.2250,0.2000,0.4204
stemming,bm25,2,1,168,0.1000,0.5000,0.1667,0.1833,0.1000,0.2000,0.2372
stemming,bm25,2,1,169,0.2000,0.5000,0.2857,0.2719,0.2083,0.5000,0.3854
stemming,bm25,2,1,170,0.3000,0.5000,0.3750,0.4676,0.4028,1.0000,0.5900
stemming,bm25,2,1,171,0.2000,0.6667,0.3077,0.5926,0.5556,1.0000,0.6407
stemming,bm25,2,1,172,0.4000,1.0000,0.5714,0.8042,0.8042,1.0000,0.8940
stemming,bm25,2,1,173,0.2000,1.0000,0.3333,1.0000,1.0000,1.0000,1.0000
stemming,bm25,2,1,174,0.1000,0.2000,0.1333,0.1154,0.0667,0.3333,0.1960
stemming,bm25,2,1,175,0.0000,0.0000,0.0000,0.0482,0.0000,0.0714,0.0000
stemming,bm25,2,1,176,0.1000,0.1429,0.1176,0.0746,0.0204,0.1429,0.1105
stemming,bm25,2,1,177,0.4000,0.8000,0.5333,0.7742,0.6833,1.0000,0.8452
stemming,bm25,2,1,178,0.3000,0.7500,0.4286,0.4160,0.3964,1.0000,0.7931
stemming,bm25,2,1,179,0.2000,0.5000,0.2857,0.3297,0.3214,1.0000,0.5205
stemming,bm25,2,1,180,0.4000,0.5714,0.4706,0.4350,0.3310,0.5000,0.4323
stemming,bm25,2,1,181,0.2000,0.4000,0.2667,0.3266,0.3000,1.0000,0.4101
stemming,bm25,2,1,182,0.2000,1.0000,0.3333,0.5833,0.5833,0.5000,0.6697
stemming,bm25,2,1,183,0.4000,0.3077,0.3478,0.2607,0.1484,0.5000,0.2350
stemming,bm25,2,1,184,0.2000,0.2857,0.2353,0.2532,0.1714,1.0000,0.3713
stemming,bm25,2,1,185,0.7000,0.7778,0.7368,0.8292,0.7074,1.0000,0.8306
stemming,bm25,2,1,186,0.4000,0.2500,0.3077,0.2037,0.1521,0.5000,0.4124
stemming,bm25,2,1,187,0.2000,0.3333,0.2500,0.1487,0.0972,0.2500,0.2517
stemming,bm25,2,1,188,0.4000,0.3636,0.3810,0.4672,0.3247,1.0000,0.5677
stemming,bm25,2,1,189,0.1000,0.1111,0.1053,0.1159,0.0370,0.3333,0.0967
stemming,bm25,2,1,190,0.3000,0.6000,0.4000,0.3942,0.3400,1.0000,0.4870
stemming,bm25,2,1,191,0.4000,0.3077,0.3478,0.4062,0.1041,0.2000,0.1937
stemming,bm25,2,1,192,0.3000,0.7500,0.4286,0.4294,0.4000,0.5000,0.5654
stemming,bm25,2,1,193,0.7000,0.7778,0.7368,0.7508,0.6795,1.0000,0.7688
stemming,bm25,2,1,194,0.1000,0.1667,0.1250,0.1550,0.0333,0.2000,0.0878
stemming,bm25,2,1,195,0.0000,0.0000,0.0000,0.0506,0.0000,0.0435,0.0000
stemming,bm25,2,1,196,0.4000,0.3333,0.3636,0.2561,0.2312,1.0000,0.4261
stemming,bm25,2,1,197,0.2000,0.6667,0.3077,0.6465,0.5556,1.0000,0.6652
stemming,bm25,2,1,198,0.2000,0.5000,0.2857,0.5711,0.5000,1.0000,0.6745
stemming,bm25,2,1,199,0.2000,0.2500,0.2222,0.0867,0.0434,0.1250,0.1371
stemming,bm25,2,1,200,0.3000,1.0000,0.4615,0.4762,0.4762,0.5000,0.6546
stemming,bm25,2,1,201,0.5000,0.3125,0.3846,0.3179,0.2076,1.0000,0.5850
stemming,bm25,2,1,202,0.3000,0.2143,0.2500,0.2166,0.1139,0.5000,0.1984
stemming,bm25,2,1,203,0.2000,0.1429,0.1667,0.1014,0.0476,0.3333,0.2093
stemming,bm25,2,1,204,0.1000,0.0714,0.0833,0.0441,0.0119,0.1667,0.1223
stemming,bm25,2,1,205,0.2000,1.0000,0.3333,0.6429,0.6429,1.0000,0.8175
stemming,bm25,2,1,206,0.1000,0.3333,0.1538,0.1548,0.1111,0.3333,0.2545
stemming,bm25,2,1,207,0.0000,0.0000,0.0000,0.0070,0.0000,0.0125,0.0000
stemming,bm25,2,1,208,0.3000,0.5000,0.3750,0.4256,0.3194,0.5000,0.5324
stemming,bm25,2,1,209,0.1000,0.0833,0.0909,0.1337,0.0104,0.1250,0.0321
stemming,bm25,2,1,210,0.2000,0.3333,0.2500,0.3419,0.2778,1.0000,0.4826
stemming,bm25,2,1,211,0.1000,0.0909,0.0952,0.1957,0.0909,1.0000,0.1096
stemming,bm25,2,1,212,0.7000,0.5000,0.5833,0.5310,0.4201,1.0000,0.5955
stemming,bm25,2,1,213,0.6000,0.5455,0.5714,0.5706,0.4402,1.0000,0.6275
stemming,bm25,2,1,214,0.1000,0.2500,0.1429,0.1617,0.1250,0.5000,0.2463
stemming,bm25,2,1,215,0.0000,0.0000,0.0000,0.0621,0.0000,0.0833,0.0000
stemming,bm25,2,1,216,0.0000,0.0000,0.0000,0.0015,0.0000,0.0015,0.0000
stemming,bm25,2,1,217,0.3000,0.2000,0.2400,0.1471,0.0606,0.2000,0.2041
stemming,bm25,2,1,218,0.2000,0.1333,0.1600,0.2134,0.0815,1.0000,0.1949
stemming,bm25,2,1,219,0.0000,0.0000,0.0000,0.0349,0.0000,0.0135,0.0000
stemming,bm25,2,1,220,0.2000,0.1053,0.1379,0.1669,0.0614,0.5000,0.1522
stemming,bm25,2,1,221,0.3000,0.1667,0.2143,0.1749,0.0923,1.0000,0.2940
stemming,bm25,2,1,222,0.6000,0.6667,0.6316,0.7012,0.5506,1.0000,0.7398
stemming,bm25,2,1,223,0.3000,0.7500,0.4286,0.4099,0.3988,0.5000,0.5716
stemming,bm25,2,1,224,0.1000,0.1250,0.1111,0.1663,0.0312,0.2500,0.1135
stemming,bm25,2,1,225,0.2000,0.0833,0.1176,0.0601,0.0312,0.5000,0.1125
stopwords+stemming,vector,,,1,0.3000,0.1071,0.1579,0.2061,0.0714,1.0000,0.2831
stopwords+stemming,vector,,,2,0.4000,0.1667,0.2353,0.2045,0.1435,1.0000,0.5450
stopwords+stemming,vector,,,3,0.7000,0.8750,0.7778,0.6348,0.6250,0.5000,0.7359
stopwords+stemming,vector,,,4,0.1000,0.5000,0.1667,0.5333,0.5000,1.0000,0.6131
stopwords+stemming,vector,,,5,0.2000,0.5000,0.2857,0.2083,0.1333,0.2000,0.2695
stopwords+stemming,vector,,,6,0.1000,0.2500,0.1429,0.0500,0.0312,0.1250,0.1030
stopwords+stemming,vector,,,7,0.2000,0.4000,0.2667,0.2578,0.2333,0.5000,0.3474
stopwords+stemming,vector,,,8,0.1000,0.0909,0.0952,0.1217,0.0182,0.2000,0.1033
stopwords+stemming,vector,,,9,0.2000,0.6667,0.3077,0.4765,0.4667,1.0000,0.6508
stopwords+stemming,vector,,,10,0.3000,0.3750,0.3333,0.1988,0.1577,0.5000,0.3142
stopwords+stemming,vector,,,11,0.1000,0.1429,0.1176,0.1363,0.0476,0.3333,0.0807
stopwords+stemming,vector,,,12,0.2000,0.4000,0.2667,0.1382,0.1071,0.2500,0.2840
stopwords+stemming,vector,,,13,0.0000,0.0000,0.0000,0.0000,0.0000,0.0000,0.0000
stopwords+stemming,vector,,,14,0.0000,0.0000,0.0000,0.0758,0.0000,0.0909,0.0000
stopwords+stemming,vector,,,15,0.2000,1.0000,0.3333,0.7000,0.7000,1.0000,0.6742
stopwords+stemming,vector,,,16,0.1000,0.3333,0.1538,0.2001,0.1667,0.5000,0.2398
stopwords+stemming,vector,,,17,0.1000,0.5000,0.1667,0.5083,0.5000,1.0000,0.7039
stopwords+stemming,vector,,,18,0.1000,0.3333,0.1538,0.0992,0.0833,0.2500,0.2021
stopwords+stemming,vector,,,19,0.1000,0.1111,0.1053,0.0258,0.0139,0.1250,0.0629
stopwords+stemming,vector,,,20,0.6000,0.6667,0.6316,0.4593,0.3478,0.3333,0.5229
stopwords+stemming,vector,,,21,0.1000,0.2500,0.1429,0.1112,0.0278,0.1111,0.1094
stopwords+stemming,vector,,,22,0.0000,0.0000,0.0000,0.0000,0.0000,0.0000,0.0000
stopwords+stemming,vector,,,23,0.4000,0.1250,0.1905,0.1667,0.0573,0.3333,0.3056
stopwords+stemming,vector,,,24,0.2000,0.6667,0.3077,0.3093,0.3000,0.5000,0.5181
stopwords+stemming,vector,,,25,0.5000,0.5556,0.5263,0.6307,0.5148,1.0000,0.6419
stopwords+stemming,vector,,,26,0.1000,0.1667,0.1250,0.1462,0.0556,0.3333,0.1732
stopwords+stemming,vector,,,27,0.1000,0.3333,0.1538,0.0810,0.0667,0.2000,0.2206
stopwords+stemming,vector,,,28,0.0000,0.0000,0.0000,0.0050,0.0000,0.0042,0.0000
stopwords+stemming,vector,,,29,0.4000,0.4444,0.4211,0.4381,0.3549,1.0000,0.5027
stopwords+stemming,vector,,,30,0.0000,0.0000,0.0000,0.0451,0.0000,0.0455,0.0000
stopwords+stemming,vector,,,31,0.0000,0.0000,0.0000,0.0000,0.0000,0.0000,0.0000
stopwords+stemming,vector,,,32,0.0000,0.0000,0.0000,0.0161,0.0000,0.0204,0.0000
stopwords+stemming,vector,,,33,0.2000,0.6667,0.3077,0.4175,0.3889,0.5000,0.4335
stopwords+stemming,vector,,,34,0.2000,0.3333,0.2500,0.2129,0.0704,0.2000,0.1598
stopwords+stemming,vector,,,35,0.0000,0.0000,0.0000,0.0252,0.0000,0.0357,0.0000
stopwords+stemming,vector,,,36,0.2000,1.0000,0.3333,0.3611,0.3611,0.5000,0.5080
stopwords+stemming,vector,,,37,0.2000,0.2222,0.2105,0.0913,0.0593,0.2000,0.1466
stopwords+stemming,vector,,,38,0.0000,0.0000,0.0000,0.0396,0.0000,0.0385,0.0000
stopwords+stemming,vector,,,39,0.2000,0.1538,0.1739,0.1448,0.0604,0.5000,0.1343
stopwords+stemming,vector,,,40,0.0000,0.0000,0.0000,0.0330,0.0000,0.0526,0.0000
stopwords+stemming,vector,,,41,0.3000,1.0000,0.4615,0.7917,0.7917,1.0000,0.8917
stopwords+stemming,vector,,,42,0.3000,0.6000,0.4000,0.1917,0.1721,0.2000,0.3666
stopwords+stemming,vector,,,43,0.3000,0.5000,0.3750,0.4301,0.3194,0.5000,0.4954
stopwords+stemming,vector,,,44,0.0000,0.0000,0.0000,0.0000,0.0000,0.0000,0.0000
stopwords+stemming,vector,,,45,0.3000,0.2500,0.2727,0.2346,0.1750,1.0000,0.4685
stopwords+stemming,vector,,,46,0.4000,0.2667,0.3200,0.2451,0.1511,0.5000,0.2904
stopwords+stemming,vector,,,47,0.4000,0.2857,0.3333,0.2886,0.1381,0.3333,0.3511
stopwords+stemming,vector,,,48,0.2000,0.1818,0.1905,0.1218,0.0758,0.3333,0.2104
stopwords+stemming,vector,,,49,0.1000,0.5000,0.1667,0.2639,0.2500,0.5000,0.4796
stopwords+stemming,vector,,,50,0.1000,0.1667,0.1250,0.0954,0.0833,0.5000,0.2882
stopwords+stemming,vector,,,51,0.4000,0.4000,0.4000,0.4591,0.3250,1.0000,0.4195
stopwords+stemming,vector,,,52,0.4000,1.0000,0.5714,0.8542,0.8542,1.0000,0.7699
stopwords+stemming,vector,,,53,0.2000,0.2000,0.2000,0.2686,0.1667,1.0000,0.2429
stopwords+stemming,vector,,,54,0.2000,0.2222,0.2105,0.1535,0.0926,0.5000,0.2930
stopwords+stemming,vector,,,55,0.2000,0.2000,0.2000,0.2021,0.1167,0.5000,0.1927
stopwords+stemming,vector,,,56,0.1000,0.1000,0.1000,0.0783,0.0200,0.2000,0.0504
stopwords+stemming,vector,,,57,0.1000,0.0714,0.0833,0.0964,0.0238,0.3333,0.0617
stopwords+stemming,vector,,,58,0.2000,0.2222,0.2105,0.2323,0.0926,0.5000,0.3333
stopwords+stemming,vector,,,59,0.1000,0.2500,0.1429,0.0920,0.0417,0.1667,0.1163
stopwords+stemming,vector,,,60,0.3000,0.6000,0.4000,0.5383,0.5200,1.0000,0.5600
stopwords+stemming,vector,,,61,0.3000,0.6000,0.4000,0.3031,0.2524,0.3333,0.4707
stopwords+stemming,vector,,,62,0.0000,0.0000,0.0000,0.0335,0.0000,0.0667,0.0000
stopwords+stemming,vector,,,63,0.0000,0.0000,0.0000,0.0209,0.0000,0.0169,0.0000
stopwords+stemming,vector,,,64,0.2000,1.0000,0.3333,0.6250,0.6250,1.0000,0.8394
stopwords+stemming,vector,,,65,0.5000,0.3333,0.4000,0.3693,0.2922,1.0000,0.5813
stopwords+stemming,vector,,,66,0.2000,0.4000,0.2667,0.1482,0.1067,0.3333,0.3145
stopwords+stemming,vector,,,67,0.7000,0.5000,0.5833,0.6102,0.4911,1.0000,0.7436
stopwords+stemming,vector,,,68,0.1000,0.2000,0.1333,0.0780,0.0400,0.2000,0.1683
stopwords+stemming,vector,,,69,0.0000,0.0000,0.0000,0.0272,0.0000,0.0500,0.0000
stopwords+stemming,vector,,,70,0.1000,0.1000,0.1000,0.0575,0.0167,0.1667,0.0865
stopwords+stemming,vector,,,71,0.0000,0.0000,0.0000,0.0332,0.0000,0.0270,0.0000
stopwords+stemming,vector,,,72,0.1000,0.0588,0.0741,0.0887,0.0084,0.1429,0.0627
stopwords+stemming,vector,,,73,0.5000,0.2500,0.3333,0.3123,0.1986,1.0000,0.5661
stopwords+stemming,vector,,,74,0.1000,0.1667,0.1250,0.0962,0.0208,0.1250,0.1339
stopwords+stemming,vector,,,75,0.0000,0.0000,0.0000,0.0376,0.0000,0.0833,0.0000
stopwords+stemming,vector,,,76,0.2000,0.2857,0.2353,0.1755,0.1000,0.5000,0.2066
stopwords+stemming,vector,,,77,0.4000,0.6667,0.5000,0.5452,0.4069,1.0000,0.4635
stopwords+stemming,vector,,,78,0.3000,1.0000,0.4615,0.3869,0.3869,0.5000,0.5464
stopwords+stemming,vector,,,79,0.0000,0.0000,0.0000,0.0409,0.0000,0.0667,0.0000
stopwords+stemming,vector,,,80,0.0000,0.0000,0.0000,0.0178,0.0000,0.0208,0.0000
stopwords+stemming,vector,,,81,0.2000,1.0000,0.3333,0.6667,0.6667,1.0000,0.5236
stopwords+stemming,vector,,,82,0.3000,0.6000,0.4000,0.5251,0.5000,1.0000,0.6591
stopwords+stemming,vector,,,83,0.1000,0.2500,0.1429,0.2606,0.2500,1.0000,0.3904
stopwords+stemming,vector,,,84,0.3000,0.2727,0.2857,0.2999,0.1970,1.0000,0.2820
stopwords+stemming,vector,,,85,0.1000,0.2500,0.1429,0.0782,0.0625,0.2500,0.1111
stopwords+stemming,vector,,,86,0.2000,1.0000,0.3333,0.5833,0.5833,0.5000,0.6934
stopwords+stemming,vector,,,87,0.0000,0.0000,0.0000,0.0160,0.0000,0.0132,0.0000
stopwords+stemming,vector,,,88,0.6000,1.0000,0.7500,0.8556,0.8556,1.0000,0.9526
stopwords+stemming,vector,,,89,0.1000,0.1667,0.1250,0.1572,0.0556,0.3333,0.2123
stopwords+stemming,vector,,,90,0.3000,0.2308,0.2609,0.2456,0.1359,0.5000,0.2064
stopwords+stemming,vector,,,91,0.3000,0.3333,0.3158,0.2076,0.1157,0.3333,0.2751
stopwords+stemming,vector,,,92,0.7000,0.5385,0.6087,0.6162,0.4769,1.0000,0.4686
stopwords+stemming,vector,,,93,0.1000,1.0000,0.1818,0.5000,0.5000,0.5000,0.6309
stopwords+stemming,vector,,,94,0.4000,0.3333,0.3636,0.4347,0.2847,1.0000,0.4641
stopwords+stemming,vector,,,95,0.1000,0.5000,0.1667,0.1961,0.1667,0.3333,0.1080
stopwords+stemming,vector,,,96,0.3000,0.2308,0.2609,0.2458,0.0949,0.5000,0.2277
stopwords+stemming,vector,,,97,0.2000,0.2000,0.2000,0.1539,0.0833,0.3333,0.1664
stopwords+stemming,vector,,,98,0.0000,0.0000,0.0000,0.0136,0.0000,0.0119,0.0000
stopwords+stemming,vector,,,99,0.2000,0.5000,0.2857,0.2306,0.1806,0.5000,0.4140
stopwords+stemming,vector,,,100,0.2000,0.2222,0.2105,0.1852,0.0926,0.3333,0.2522
stopwords+stemming,vector,,,101,0.5000,0.8333,0.6250,0.5903,0.5347,0.5000,0.6573
stopwords+stemming,vector,,,102,0.2000,0.5000,0.2857,0.4418,0.4167,1.0000,0.5462
stopwords+stemming,vector,,,103,0.0000,0.0000,0.0000,0.0106,0.0000,0.0213,0.0000
stopwords+stemming,vector,,,104,0.1000,0.2000,0.1333,0.0591,0.0200,0.1000,0.0980
stopwords+stemming,vector,,,105,0.3000,0.6000,0.4000,0.5140,0.4833,1.0000,0.7422
stopwords+stemming,vector,,,106,0.2000,0.4000,0.2667,0.3832,0.2667,1.0000,0.5521
stopwords+stemming,vector,,,107,0.3000,0.4286,0.3529,0.2776,0.1964,0.5000,0.2859
stopwords+stemming,vector,,,108,0.6000,0.8571,0.7059,0.8393,0.7560,1.0000,0.8440
stopwords+stemming,vector,,,109,0.0000,0.0000,0.0000,0.0287,0.0000,0.0270,0.0000
stopwords+stemming,vector,,,110,0.1000,0.2500,0.1429,0.2806,0.2500,1.0000,0.5029
stopwords+stemming,vector,,,111,0.4000,0.5714,0.4706,0.3231,0.1813,0.2500,0.3691
stopwords+stemming,vector,,,112,0.1000,0.5000,0.1667,0.1845,0.1667,0.3333,0.1900
stopwords+stemming,vector,,,113,0.2000,0.5000,0.2857,0.1472,0.1333,0.3333,0.3080
stopwords+stemming,vector,,,114,0.1000,0.2500,0.1429,0.0821,0.0500,0.2000,0.1996
stopwords+stemming,vector,,,115,0.0000,0.0000,0.0000,0.0177,0.0000,0.0556,0.0000
stopwords+stemming,vector,,,116,0.0000,0.0000,0.0000,0.0292,0.0000,0.0476,0.0000
stopwords+stemming,vector,,,117,0.0000,0.0000,0.0000,0.0336,0.0000,0.0435,0.0000
stopwords+stemming,vector,,,118,0.2000,0.6667,0.3077,0.1932,0.1619,0.2000,0.3473
stopwords+stemming,vector,,,119,0.1000,1.0000,0.1818,0.2000,0.2000,0.2000,0.3869
stopwords+stemming,vector,,,120,0.6000,0.6667,0.6316,0.5559,0.4778,0.5000,0.6316
stopwords+stemming,vector,,,121,0.5000,0.7143,0.5882,0.6710,0.5595,1.0000,0.6912
stopwords+stemming,vector,,,122,0.3000,0.3333,0.3158,0.1841,0.1019,0.3333,0.2091
stopwords+stemming,vector,,,123,0.1000,0.5000,0.1667,0.1083,0.0833,0.1667,0.2507
stopwords+stemming,vector,,,124,0.0000,0.0000,0.0000,0.0033,0.0000,0.0038,0.0000
stopwords+stemming,vector,,,125,0.3000,0.1765,0.2222,0.2307,0.0882,0.5000,0.3063
stopwords+stemming,vector,,,126,0.2000,0.2500,0.2222,0.1405,0.1250,0.5000,0.3339
stopwords+stemming,vector,,,127,0.1000,0.2000,0.1333,0.0632,0.0400,0.2000,0.1153
stopwords+stemming,vector,,,128,0.0000,0.0000,0.0000,0.0141,0.0000,0.0233,0.0000
stopwords+stemming,vector,,,129,0.4000,0.5714,0.4706,0.4172,0.3690,0.5000,0.5392
stopwords+stemming,vector,,,130,0.3000,0.6000,0.4000,0.4090,0.3333,0.5000,0.4829
stopwords+stemming,vector,,,131,0.1000,0.1250,0.1111,0.2373,0.0179,0.1429,0.0361
stopwords+stemming,vector,,,132,0.8000,0.5333,0.6400,0.7304,0.4546,1.0000,0.7435
stopwords+stemming,vector,,,133,0.1000,0.1429,0.1176,0.1915,0.0143,0.1000,0.0310
stopwords+stemming,vector,,,134,0.1000,0.5000,0.1667,0.1270,0.0714,0.1429,0.1564
stopwords+stemming,vector,,,135,0.3000,0.3750,0.3333,0.5686,0.3250,1.0000,0.2902
stopwords+stemming,vector,,,136,0.1000,0.3333,0.1538,0.2097,0.1667,0.5000,0.4919
stopwords+stemming,vector,,,137,0.2000,0.5000,0.2857,0.3076,0.1625,0.2500,0.2670
stopwords+stemming,vector,,,138,0.1000,0.5000,0.1667,0.1156,0.0833,0.1667,0.2184
stopwords+stemming,vector,,,139,0.0000,0.0000,0.0000,0.0098,0.0000,0.0112,0.0000
stopwords+stemming,vector,,,140,0.2000,0.3333,0.2500,0.1549,0.1310,0.5000,0.3835
stopwords+stemming,vector,,,141,0.2000,0.3333,0.2500,0.3269,0.2500,1.0000,0.4899
stopwords+stemming,vector,,,142,0.0000,0.0000,0.0000,0.0714,0.0000,0.0714,0.0000
stopwords+stemming,vector,,,143,0.1000,0.5000,0.1667,0.2436,0.1667,0.3333,0.3066
stopwords+stemming,vector,,,144,0.5000,0.8333,0.6250,0.6354,0.5444,1.0000,0.7867
stopwords+stemming,vector,,,145,0.4000,0.5714,0.4706,0.4309,0.3873,1.0000,0.5854
stopwords+stemming,vector,,,146,0.2000,1.0000,0.3333,0.8333,0.8333,1.0000,0.7602
stopwords+stemming,vector,,,147,0.3000,0.3000,0.3000,0.2463,0.1500,0.5000,0.2980
stopwords+stemming,vector,,,148,0.3000,0.5000,0.3750,0.4615,0.4167,1.0000,0.6413
stopwords+stemming,vector,,,149,0.4000,0.3636,0.3810,0.3846,0.2182,1.0000,0.4600
stopwords+stemming,vector,,,150,0.2000,1.0000,0.3333,0.5833,0.5833,0.5000,0.6934
stopwords+stemming,vector,,,151,0.0000,0.0000,0.0000,0.0248,0.0000,0.0278,0.0000
stopwords+stemming,vector,,,152,0.0000,0.0000,0.0000,0.0096,0.0000,0.0156,0.0000
stopwords+stemming,vector,,,153,0.3000,0.4286,0.3529,0.1996,0.1762,0.3333,0.2812
stopwords+stemming,vector,,,154,0.2000,1.0000,0.3333,0.5833,0.5833,0.5000,0.6480
stopwords+stemming,vector,,,155,0.3000,0.5000,0.3750,0.4049,0.4028,1.0000,0.3784
stopwords+stemming,vector,,,156,0.6000,0.4286,0.5000,0.5391,0.4286,1.0000,0.5500
stopwords+stemming,vector,,,157,0.5000,0.1282,0.2041,0.2107,0.0587,0.3333,0.3577
stopwords+stemming,vector,,,158,0.1000,0.1250,0.1111,0.1815,0.1250,1.0000,0.3630
stopwords+stemming,vector,,,159,0.1000,0.1250,0.1111,0.0586,0.0125,0.1000,0.0398
stopwords+stemming,vector,,,160,0.1000,0.2000,0.1333,0.0714,0.0500,0.2500,0.1696
stopwords+stemming,vector,,,161,0.3000,0.5000,0.3750,0.5444,0.5000,1.0000,0.6844
stopwords+stemming,vector,,,162,0.3000,0.3750,0.3333,0.1814,0.1104,0.3333,0.2177
stopwords+stemming,vector,,,163,0.2000,0.6667,0.3077,0.3955,0.3889,0.5000,0.5307
stopwords+stemming,vector,,,164,0.3000,0.3750,0.3333,0.3401,0.2396,0.5000,0.4024
stopwords+stemming,vector,,,165,0.2000,1.0000,0.3333,0.3929,0.3929,0.5000,0.5912
stopwords+stemming,vector,,,166,0.0000,0.0000,0.0000,0.0272,0.0000,0.0588,0.0000
stopwords+stemming,vector,,,167,0.1000,0.5000,0.1667,0.1484,0.0714,0.1429,0.2346
stopwords+stemming,vector,,,168,0.2000,1.0000,0.3333,0.2250,0.2250,0.2000,0.4306
stopwords+stemming,vector,,,169,0.3000,0.7500,0.4286,0.2095,0.2083,0.2500,0.4088
stopwords+stemming,vector,,,170,0.3000,0.5000,0.3750,0.4653,0.4028,1.0000,0.5900
stopwords+stemming,vector,,,171,0.2000,0.6667,0.3077,0.4930,0.4667,1.0000,0.6246
stopwords+stemming,vector,,,172,0.4000,1.0000,0.5714,0.6792,0.6792,0.5000,0.7180
stopwords+stemming,vector,,,173,0.2000,1.0000,0.3333,0.5833,0.5833,0.5000,0.6934
stopwords+stemming,vector,,,174,0.2000,0.4000,0.2667,0.1932,0.1667,0.5000,0.3870
stopwords+stemming,vector,,,175,0.1000,0.2000,0.1333,0.0751,0.0250,0.1250,0.1179
stopwords+stemming,vector,,,176,0.0000,0.0000,0.0000,0.0412,0.0000,0.0526,0.0000
stopwords+stemming,vector,,,177,0.5000,1.0000,0.6667,0.8529,0.8529,1.0000,0.8911
stopwords+stemming,vector,,,178,0.3000,0.7500,0.4286,0.4511,0.4167,1.0000,0.8096
stopwords+stemming,vector,,,179,0.2000,0.5000,0.2857,0.3043,0.2917,0.5000,0.4415
stopwords+stemming,vector,,,180,0.3000,0.4286,0.3529,0.3374,0.2524,0.5000,0.3497
stopwords+stemming,vector,,,181,0.1000,0.2000,0.1333,0.2677,0.2000,1.0000,0.2491
stopwords+stemming,vector,,,182,0.2000,1.0000,0.3333,0.5833,0.5833,0.5000,0.6697
stopwords+stemming,vector,,,183,0.8000,0.6154,0.6957,0.6471,0.6068,1.0000,0.4364
stopwords+stemming,vector,,,184,0.2000,0.2857,0.2353,0.1674,0.1000,0.5000,0.2650
stopwords+stemming,vector,,,185,0.6000,0.6667,0.6316,0.6687,0.4720,1.0000,0.6308
stopwords+stemming,vector,,,186,0.5000,0.3125,0.3846,0.2500,0.2258,1.0000,0.5677
stopwords+stemming,vector,,,187,0.2000,0.3333,0.2500,0.1816,0.1222,0.3333,0.2837
stopwords+stemming,vector,,,188,0.3000,0.2727,0.2857,0.4231,0.2727,1.0000,0.4633
stopwords+stemming,vector,,,189,0.0000,0.0000,0.0000,0.0635,0.0000,0.0833,0.0000
stopwords+stemming,vector,,,190,0.4000,0.8000,0.5333,0.6367,0.5533,1.0000,0.6194
stopwords+stemming,vector,,,191,0.6000,0.4615,0.5217,0.5660,0.3417,1.0000,0.3545
stopwords+stemming,vector,,,192,0.3000,0.7500,0.4286,0.4687,0.4417,0.5000,0.5925
stopwords+stemming,vector,,,193,0.7000,0.7778,0.7368,0.7184,0.6565,1.0000,0.6761
stopwords+stemming,vector,,,194,0.0000,0.0000,0.0000,0.1008,0.0000,0.0769,0.0000
stopwords+stemming,vector,,,195,0.0000,0.0000,0.0000,0.0523,0.0000,0.0909,0.0000
stopwords+stemming,vector,,,196,0.3000,0.2500,0.2727,0.2501,0.2014,1.0000,0.3151
stopwords+stemming,vector,,,197,0.3000,1.0000,0.4615,0.7917,0.7917,1.0000,0.8597
stopwords+stemming,vector,,,198,0.3000,0.7500,0.4286,0.5927,0.5833,1.0000,0.7575
stopwords+stemming,vector,,,199,0.3000,0.3750,0.3333,0.1654,0.1302,0.3333,0.2605
stopwords+stemming,vector,,,200,0.2000,0.6667,0.3077,0.3254,0.2778,0.5000,0.4632
stopwords+stemming,vector,,,201,0.4000,0.2500,0.3077,0.3293,0.2153,1.0000,0.5365
stopwords+stemming,vector,,,202,0.3000,0.2143,0.2500,0.1812,0.0655,0.3333,0.1039
stopwords+stemming,vector,,,203,0.2000,0.1429,0.1667,0.0945,0.0417,0.3333,0.1993
stopwords+stemming,vector,,,204,0.1000,0.0714,0.0833,0.0396,0.0119,0.1667,0.1223
stopwords+stemming,vector,,,205,0.2000,1.0000,0.3333,0.3611,0.3611,0.5000,0.5714
stopwords+stemming,vector,,,206,0.2000,0.6667,0.3077,0.1633,0.1619,0.2000,0.3666
stopwords+stemming,vector,,,207,0.0000,0.0000,0.0000,0.0046,0.0000,0.0065,0.0000
stopwords+stemming,vector,,,208,0.3000,0.5000,0.3750,0.3394,0.2944,0.5000,0.5175
stopwords+stemming,vector,,,209,0.1000,0.0833,0.0909,0.1153,0.0208,0.2500,0.0439
stopwords+stemming,vector,,,210,0.2000,0.3333,0.2500,0.3893,0.3333,1.0000,0.5367
stopwords+stemming,vector,,,211,0.1000,0.0909,0.0952,0.1798,0.0909,1.0000,0.1096
stopwords+stemming,vector,,,212,0.5000,0.3571,0.4167,0.4954,0.3304,1.0000,0.5754
stopwords+stemming,vector,,,213,0.6000,0.5455,0.5714,0.4675,0.3312,0.5000,0.5586
stopwords+stemming,vector,,,214,0.1000,0.2500,0.1429,0.1750,0.1250,0.5000,0.2463
stopwords+stemming,vector,,,215,0.0000,0.0000,0.0000,0.0429,0.0000,0.0500,0.0000
stopwords+stemming,vector,,,216,0.0000,0.0000,0.0000,0.0018,0.0000,0.0018,0.0000
stopwords+stemming,vector,,,217,0.2000,0.1333,0.1600,0.1351,0.0556,0.5000,0.1897
stopwords+stemming,vector,,,218,0.2000,0.1333,0.1600,0.1334,0.0500,0.5000,0.1418
stopwords+stemming,vector,,,219,0.0000,0.0000,0.0000,0.0367,0.0000,0.0233,0.0000
stopwords+stemming,vector,,,220,0.1000,0.0526,0.0690,0.1046,0.0066,0.1250,0.0589
stopwords+stemming,vector,,,221,0.3000,0.1667,0.2143,0.1466,0.0645,0.5000,0.1984
stopwords+stemming,vector,,,222,0.5000,0.5556,0.5263,0.6637,0.5016,1.0000,0.6504
stopwords+stemming,vector,,,223,0.2000,0.5000,0.2857,0.4407,0.3750,1.0000,0.5585
stopwords+stemming,vector,,,224,0.1000,0.1250,0.1111,0.0810,0.0125,0.1000,0.0762
stopwords+stemming,vector,,,225,0.2000,0.0833,0.1176,0.0537,0.0347,0.5000,0.1197
stopwords+stemming,bm25,0.5,0,1,0.3000,0.1071,0.1579,0.1174,0.0432,0.5000,0.1767
stopwords+stemming,bm25,0.5,0,2,0.4000,0.1667,0.2353,0.1748,0.1141,1.0000,0.4591
stopwords+stemming,bm25,0.5,0,3,0.4000,0.5000,0.4444,0.2885,0.1765,0.2500,0.3565
stopwords+stemming,bm25,0.5,0,4,0.1000,0.5000,0.1667,0.2672,0.2500,0.5000,0.3869
stopwords+stemming,bm25,0.5,0,5,0.3000,0.7500,0.4286,0.4245,0.4083,1.0000,0.5463
stopwords+stemming,bm25,0.5,0,6,0.1000,0.2500,0.1429,0.1090,0.0833,0.3333,0.1633
stopwords+stemming,bm25,0.5,0,7,0.2000,0.4000,0.2667,0.1473,0.1300,0.2500,0.2512
stopwords+stemming,bm25,0.5,0,8,0.1000,0.0909,0.0952,0.0949,0.0455,0.5000,0.1684
stopwords+stemming,bm25,0.5,0,9,0.2000,0.6667,0.3077,0.2352,0.2167,0.2500,0.3836
stopwords+stemming,bm25,0.5,0,10,0.1000,0.1250,0.1111,0.1170,0.0625,0.5000,0.1323
stopwords+stemming,bm25,0.5,0,11,0.2000,0.2857,0.2353,0.1420,0.0603,0.2000,0.2219
stopwords+stemming,bm25,0.5,0,12,0.0000,0.0000,0.0000,0.0417,0.0000,0.0909,0.0000
stopwords+stemming,bm25,0.5,0,13,0.0000,0.0000,0.0000,0.0000,0.0000,0.0000,0.0000
stopwords+stemming,bm25,0.5,0,14,0.0000,0.0000,0.0000,0.0504,0.0000,0.0833,0.0000
stopwords+stemming,bm25,0.5,0,15,0.2000,1.0000,0.3333,0.7500,0.7500,1.0000,0.7075
stopwords+stemming,bm25,0.5,0,16,0.2000,0.6667,0.3077,0.1336,0.1222,0.1667,0.3002
stopwords+stemming,bm25,0.5,0,17,0.0000,0.0000,0.0000,0.0377,0.0000,0.0588,0.0000
stopwords+stemming,bm25,0.5,0,18,0.1000,0.3333,0.1538,0.3530,0.3333,1.0000,0.4693
stopwords+stemming,bm25,0.5,0,19,0.0000,0.0000,0.0000,0.0124,0.0000,0.0200,0.0000
stopwords+stemming,bm25,0.5,0,20,0.5000,0.5556,0.5263,0.3091,0.2667,0.5000,0.4650
stopwords+stemming,bm25,0.5,0,21,0.0000,0.0000,0.0000,0.0238,0.0000,0.0286,0.0000
stopwords+stemming,bm25,0.5,0,22,0.0000,0.0000,0.0000,0.0000,0.0000,0.0000,0.0000
stopwords+stemming,bm25,0.5,0,23,0.1000,0.0312,0.0476,0.1095,0.0156,0.5000,0.1654
stopwords+stemming,bm25,0.5,0,24,0.2000,0.6667,0.3077,0.2932,0.2778,0.3333,0.4738
stopwords+stemming,bm25,0.5,0,25,0.6000,0.6667,0.6316,0.6523,0.6111,1.0000,0.7822
stopwords+stemming,bm25,0.5,0,26,0.2000,0.3333,0.2500,0.1528,0.1222,0.3333,0.3073
stopwords+stemming,bm25,0.5,0,27,0.1000,0.3333,0.1538,0.0608,0.0417,0.1250,0.1799
stopwords+stemming,bm25,0.5,0,28,0.0000,0.0000,0.0000,0.0032,0.0000,0.0025,0.0000
stopwords+stemming,bm25,0.5,0,29,0.3000,0.3333,0.3158,0.3166,0.2328,1.0000,0.2800
stopwords+stemming,bm25,0.5,0,30,0.1000,0.1429,0.1176,0.0497,0.0159,0.1111,0.0664
stopwords+stemming,bm25,0.5,0,31,0.0000,0.0000,0.0000,0.0000,0.0000,0.0000,0.0000
stopwords+stemming,bm25,0.5,0,32,0.0000,0.0000,0.0000,0.0096,0.0000,0.0061,0.0000
stopwords+stemming,bm25,0.5,0,33,0.2000,0.6667,0.3077,0.4722,0.3889,0.5000,0.4335
stopwords+stemming,bm25,0.5,0,34,0.1000,0.1667,0.1250,0.1484,0.0208,0.1250,0.0733
stopwords+stemming,bm25,0.5,0,35,0.0000,0.0000,0.0000,0.0293,0.0000,0.0556,0.0000
stopwords+stemming,bm25,0.5,0,36,0.1000,0.5000,0.1667,0.2614,0.2500,0.5000,0.2961
stopwords+stemming,bm25,0.5,0,37,0.0000,0.0000,0.0000,0.0355,0.0000,0.0185,0.0000
stopwords+stemming,bm25,0.5,0,38,0.1000,0.1000,0.1000,0.0653,0.0100,0.1000,0.0715
stopwords+stemming,bm25,0.5,0,39,0.2000,0.1538,0.1739,0.1010,0.0449,0.3333,0.1833
stopwords+stemming,bm25,0.5,0,40,0.2000,0.1667,0.1818,0.1436,0.0972,0.5000,0.1777
stopwords+stemming,bm25,0.5,0,41,0.2000,0.6667,0.3077,0.7576,0.6667,1.0000,0.7344
stopwords+stemming,bm25,0.5,0,42,0.2000,0.4000,0.2667,0.1433,0.0900,0.2000,0.2158
stopwords+stemming,bm25,0.5,0,43,0.3000,0.5000,0.3750,0.3649,0.3125,1.0000,0.5844
stopwords+stemming,bm25,0.5,0,44,0.0000,0.0000,0.0000,0.0000,0.0000,0.0000,0.0000
stopwords+stemming,bm25,0.5,0,45,0.1000,0.0833,0.0909,0.1033,0.0278,0.3333,0.1400
stopwords+stemming,bm25,0.5,0,46,0.5000,0.3333,0.4000,0.3195,0.2159,1.0000,0.4153
stopwords+stemming,bm25,0.5,0,47,0.4000,0.2857,0.3333,0.3485,0.1538,1.0000,0.4403
stopwords+stemming,bm25,0.5,0,48,0.4000,0.3636,0.3810,0.2460,0.1768,0.5000,0.3483
stopwords+stemming,bm25,0.5,0,49,0.0000,0.0000,0.0000,0.0488,0.0000,0.0833,0.0000
stopwords+stemming,bm25,0.5,0,50,0.0000,0.0000,0.0000,0.0236,0.0000,0.0435,0.0000
stopwords+stemming,bm25,0.5,0,51,0.3000,0.3000,0.3000,0.3278,0.1929,1.0000,0.3815
stopwords+stemming,bm25,0.5,0,52,0.2000,0.5000,0.2857,0.1622,0.0868,0.1250,0.1828
stopwords+stemming,bm25,0.5,0,53,0.2000,0.2000,0.2000,0.2215,0.1222,1.0000,0.2595
stopwords+stemming,bm25,0.5,0,54,0.3000,0.3333,0.3158,0.2203,0.1630,0.5000,0.3903
stopwords+stemming,bm25,0.5,0,55,0.1000,0.1000,0.1000,0.1489,0.0125,0.1250,0.0285
stopwords+stemming,bm25,0.5,0,56,0.1000,0.1000,0.1000,0.0933,0.0500,0.5000,0.0822
stopwords+stemming,bm25,0.5,0,57,0.0000,0.0000,0.0000,0.0502,0.0000,0.0476,0.0000
stopwords+stemming,bm25,0.5,0,58,0.1000,0.1111,0.1053,0.1310,0.0370,0.3333,0.1919
stopwords+stemming,bm25,0.5,0,59,0.1000,0.2500,0.1429,0.0652,0.0250,0.1000,0.0944
stopwords+stemming,bm25,0.5,0,60,0.3000,0.6000,0.4000,0.4635,0.4533,1.0000,0.5571
stopwords+stemming,bm25,0.5,0,61,0.2000,0.4000,0.2667,0.5063,0.4000,1.0000,0.5451
stopwords+stemming,bm25,0.5,0,62,0.0000,0.0000,0.0000,0.0158,0.0000,0.0256,0.0000
stopwords+stemming,bm25,0.5,0,63,0.0000,0.0000,0.0000,0.0225,0.0000,0.0147,0.0000
stopwords+stemming,bm25,0.5,0,64,0.1000,0.5000,0.1667,0.5088,0.5000,1.0000,0.6788
stopwords+stemming,bm25,0.5,0,65,0.1000,0.0667,0.0800,0.0813,0.0067,0.1000,0.0721
stopwords+stemming,bm25,0.5,0,66,0.0000,0.0000,0.0000,0.0400,0.0000,0.0556,0.0000
stopwords+stemming,bm25,0.5,0,67,0.1000,0.0714,0.0833,0.1504,0.0357,0.5000,0.1688
stopwords+stemming,bm25,0.5,0,68,0.1000,0.2000,0.1333,0.0683,0.0286,0.1429,0.1450
stopwords+stemming,bm25,0.5,0,69,0.1000,0.2000,0.1333,0.0381,0.0200,0.1000,0.1214
stopwords+stemming,bm25,0.5,0,70,0.1000,0.1000,0.1000,0.1585,0.1000,1.0000,0.2427
stopwords+stemming,bm25,0.5,0,71,0.1000,0.1250,0.1111,0.0703,0.0312,0.2500,0.1402
stopwords+stemming,bm25,0.5,0,72,0.1000,0.0588,0.0741,0.0395,0.0059,0.1000,0.0816
stopwords+stemming,bm25,0.5,0,73,0.4000,0.2000,0.2667,0.3400,0.1833,1.0000,0.6199
stopwords+stemming,bm25,0.5,0,74,0.1000,0.1667,0.1250,0.1280,0.0556,0.3333,0.2123
stopwords+stemming,bm25,0.5,0,75,0.0000,0.0000,0.0000,0.0110,0.0000,0.0078,0.0000
stopwords+stemming,bm25,0.5,0,76,0.3000,0.4286,0.3529,0.2133,0.1643,0.2500,0.3119
stopwords+stemming,bm25,0.5,0,77,0.3000,0.5000,0.3750,0.2676,0.2222,0.3333,0.2501
stopwords+stemming,bm25,0.5,0,78,0.2000,0.6667,0.3077,0.5588,0.5000,1.0000,0.6256
stopwords+stemming,bm25,0.5,0,79,0.0000,0.0000,0.0000,0.0218,0.0000,0.0244,0.0000
stopwords+stemming,bm25,0.5,0,80,0.0000,0.0000,0.0000,0.0070,0.0000,0.0086,0.0000
stopwords+stemming,bm25,0.5,0,81,0.2000,1.0000,0.3333,0.6667,0.6667,1.0000,0.5236
stopwords+stemming,bm25,0.5,0,82,0.2000,0.4000,0.2667,0.2899,0.2400,1.0000,0.4753
stopwords+stemming,bm25,0.5,0,83,0.1000,0.2500,0.1429,0.1346,0.1250,0.5000,0.2463
stopwords+stemming,bm25,0.5,0,84,0.3000,0.2727,0.2857,0.3595,0.2727,1.0000,0.3091
stopwords+stemming,bm25,0.5,0,85,0.1000,0.2500,0.1429,0.0934,0.0833,0.3333,0.1290
stopwords+stemming,bm25,0.5,0,86,0.2000,1.0000,0.3333,0.5833,0.5833,0.5000,0.6934
stopwords+stemming,bm25,0.5,0,87,0.0000,0.0000,0.0000,0.0137,0.0000,0.0270,0.0000
stopwords+stemming,bm25,0.5,0,88,0.6000,1.0000,0.7500,0.6607,0.6607,0.5000,0.7592
stopwords+stemming,bm25,0.5,0,89,0.2000,0.3333,0.2500,0.1670,0.0608,0.1429,0.2267
stopwords+stemming,bm25,0.5,0,90,0.3000,0.2308,0.2609,0.2068,0.0971,0.3333,0.2087
stopwords+stemming,bm25,0.5,0,91,0.4000,0.4444,0.4211,0.3501,0.2778,1.0000,0.5663
stopwords+stemming,bm25,0.5,0,92,0.5000,0.3846,0.4348,0.3375,0.2678,1.0000,0.3258
stopwords+stemming,bm25,0.5,0,93,0.1000,1.0000,0.1818,0.5000,0.5000,0.5000,0.6309
stopwords+stemming,bm25,0.5,0,94,0.5000,0.4167,0.4545,0.4410,0.2861,1.0000,0.3570
stopwords+stemming,bm25,0.5,0,95,0.1000,0.5000,0.1667,0.5909,0.5000,1.0000,0.2159
stopwords+stemming,bm25,0.5,0,96,0.6000,0.4615,0.5217,0.3925,0.2998,0.5000,0.5553
stopwords+stemming,bm25,0.5,0,97,0.3000,0.3000,0.3000,0.1916,0.1595,0.5000,0.2808
stopwords+stemming,bm25,0.5,0,98,0.0000,0.0000,0.0000,0.0201,0.0000,0.0263,0.0000
stopwords+stemming,bm25,0.5,0,99,0.2000,0.5000,0.2857,0.2351,0.2083,0.3333,0.4134
stopwords+stemming,bm25,0.5,0,100,0.3000,0.3333,0.3158,0.3367,0.2778,1.0000,0.5063
stopwords+stemming,bm25,0.5,0,101,0.5000,0.8333,0.6250,0.4233,0.3677,0.3333,0.5373
stopwords+stemming,bm25,0.5,0,102,0.1000,0.2500,0.1429,0.0643,0.0278,0.1111,0.0822
stopwords+stemming,bm25,0.5,0,103,0.0000,0.0000,0.0000,0.0357,0.0000,0.0714,0.0000
stopwords+stemming,bm25,0.5,0,104,0.1000,0.2000,0.1333,0.1166,0.1000,0.5000,0.2140
stopwords+stemming,bm25,0.5,0,105,0.3000,0.6000,0.4000,0.4291,0.3833,0.5000,0.5553
stopwords+stemming,bm25,0.5,0,106,0.3000,0.6000,0.4000,0.3261,0.2667,0.3333,0.4348
stopwords+stemming,bm25,0.5,0,107,0.2000,0.2857,0.2353,0.2301,0.1048,0.3333,0.2410
stopwords+stemming,bm25,0.5,0,108,0.5000,0.7143,0.5882,0.6639,0.5687,1.0000,0.7776
stopwords+stemming,bm25,0.5,0,109,0.0000,0.0000,0.0000,0.0354,0.0000,0.0323,0.0000
stopwords+stemming,bm25,0.5,0,110,0.0000,0.0000,0.0000,0.0292,0.0000,0.0556,0.0000
stopwords+stemming,bm25,0.5,0,111,0.2000,0.2857,0.2353,0.1854,0.0884,0.3333,0.1772
stopwords+stemming,bm25,0.5,0,112,0.1000,0.5000,0.1667,0.2935,0.2500,0.5000,0.2398
stopwords+stemming,bm25,0.5,0,113,0.1000,0.2500,0.1429,0.0636,0.0278,0.1111,0.1175
stopwords+stemming,bm25,0.5,0,114,0.1000,0.2500,0.1429,0.0475,0.0278,0.1111,0.1553
stopwords+stemming,bm25,0.5,0,115,0.1000,0.2500,0.1429,0.0497,0.0417,0.1667,0.1690
stopwords+stemming,bm25,0.5,0,116,0.1000,0.2000,0.1333,0.0381,0.0222,0.1111,0.0802
stopwords+stemming,bm25,0.5,0,117,0.0000,0.0000,0.0000,0.0210,0.0000,0.0294,0.0000
stopwords+stemming,bm25,0.5,0,118,0.2000,0.6667,0.3077,0.2251,0.2167,0.2500,0.3843
stopwords+stemming,bm25,0.5,0,119,0.1000,1.0000,0.1818,0.1667,0.1667,0.1667,0.3562
stopwords+stemming,bm25,0.5,0,120,0.3000,0.3333,0.3158,0.2960,0.1417,0.5000,0.3421
stopwords+stemming,bm25,0.5,0,121,0.4000,0.5714,0.4706,0.4379,0.3476,0.5000,0.5021
stopwords+stemming,bm25,0.5,0,122,0.0000,0.0000,0.0000,0.0484,0.0000,0.0833,0.0000
stopwords+stemming,bm25,0.5,0,123,0.0000,0.0000,0.0000,0.0367,0.0000,0.0435,0.0000
stopwords+stemming,bm25,0.5,0,124,0.0000,0.0000,0.0000,0.0030,0.0000,0.0026,0.0000
stopwords+stemming,bm25,0.5,0,125,0.3000,0.1765,0.2222,0.2447,0.1118,1.0000,0.3932
stopwords+stemming,bm25,0.5,0,126,0.2000,0.2500,0.2222,0.2624,0.2500,1.0000,0.5130
stopwords+stemming,bm25,0.5,0,127,0.2000,0.4000,0.2667,0.1347,0.0900,0.2000,0.2563
stopwords+stemming,bm25,0.5,0,128,0.0000,0.0000,0.0000,0.0202,0.0000,0.0357,0.0000
stopwords+stemming,bm25,0.5,0,129,0.4000,0.5714,0.4706,0.3654,0.3452,0.5000,0.5249
stopwords+stemming,bm25,0.5,0,130,0.4000,0.8000,0.5333,0.5115,0.5079,1.0000,0.6914
stopwords+stemming,bm25,0.5,0,131,0.2000,0.2500,0.2222,0.1929,0.0486,0.1667,0.1039
stopwords+stemming,bm25,0.5,0,132,0.6000,0.4000,0.4800,0.6911,0.3075,1.0000,0.4591
stopwords+stemming,bm25,0.5,0,133,0.2000,0.2857,0.2353,0.3948,0.2000,1.0000,0.4459
stopwords+stemming,bm25,0.5,0,134,0.1000,0.5000,0.1667,0.5103,0.5000,1.0000,0.4693
stopwords+stemming,bm25,0.5,0,135,0.4000,0.5000,0.4444,0.4687,0.2202,0.5000,0.3714
stopwords+stemming,bm25,0.5,0,136,0.2000,0.6667,0.3077,0.2585,0.2444,0.3333,0.4652
stopwords+stemming,bm25,0.5,0,137,0.1000,0.2500,0.1429,0.1693,0.1250,0.5000,0.2061
stopwords+stemming,bm25,0.5,0,138,0.1000,0.5000,0.1667,0.2770,0.2500,0.5000,0.3869
stopwords+stemming,bm25,0.5,0,139,0.0000,0.0000,0.0000,0.0094,0.0000,0.0222,0.0000
stopwords+stemming,bm25,0.5,0,140,0.2000,0.3333,0.2500,0.1139,0.0889,0.2000,0.2955
stopwords+stemming,bm25,0.5,0,141,0.2000,0.3333,0.2500,0.3307,0.2500,1.0000,0.4899
stopwords+stemming,bm25,0.5,0,142,0.0000,0.0000,0.0000,0.0500,0.0000,0.0500,0.0000
stopwords+stemming,bm25,0.5,0,143,0.1000,0.5000,0.1667,0.5769,0.5000,1.0000,0.6131
stopwords+stemming,bm25,0.5,0,144,0.1000,0.1667,0.1250,0.1628,0.0333,0.2000,0.0939
stopwords+stemming,bm25,0.5,0,145,0.0000,0.0000,0.0000,0.0678,0.0000,0.0526,0.0000
stopwords+stemming,bm25,0.5,0,146,0.2000,1.0000,0.3333,0.2667,0.2667,0.2000,0.4178
stopwords+stemming,bm25,0.5,0,147,0.4000,0.4000,0.4000,0.3052,0.2583,0.5000,0.4452
stopwords+stemming,bm25,0.5,0,148,0.2000,0.3333,0.2500,0.1837,0.1389,0.3333,0.3194
stopwords+stemming,bm25,0.5,0,149,0.1000,0.0909,0.0952,0.1937,0.0909,1.0000,0.2201
stopwords+stemming,bm25,0.5,0,150,0.2000,1.0000,0.3333,1.0000,1.0000,1.0000,1.0000
stopwords+stemming,bm25,0.5,0,151,0.0000,0.0000,0.0000,0.0212,0.0000,0.0256,0.0000
stopwords+stemming,bm25,0.5,0,152,0.0000,0.0000,0.0000,0.0076,0.0000,0.0067,0.0000
stopwords+stemming,bm25,0.5,0,153,0.1000,0.1429,0.1176,0.0953,0.0476,0.3333,0.0807
stopwords+stemming,bm25,0.5,0,154,0.2000,1.0000,0.3333,0.6111,0.6111,1.0000,0.6812
stopwords+stemming,bm25,0.5,0,155,0.1000,0.1667,0.1250,0.0652,0.0333,0.2000,0.0871
stopwords+stemming,bm25,0.5,0,156,0.8000,0.5714,0.6667,0.5834,0.5571,1.0000,0.6482
stopwords+stemming,bm25,0.5,0,157,0.5000,0.1282,0.2041,0.1988,0.0926,1.0000,0.4603
stopwords+stemming,bm25,0.5,0,158,0.1000,0.1250,0.1111,0.1798,0.1250,1.0000,0.3630
stopwords+stemming,bm25,0.5,0,159,0.1000,0.1250,0.1111,0.0512,0.0139,0.1111,0.0415
stopwords+stemming,bm25,0.5,0,160,0.1000,0.2000,0.1333,0.2188,0.2000,1.0000,0.3937
stopwords+stemming,bm25,0.5,0,161,0.3000,0.5000,0.3750,0.4274,0.4048,1.0000,0.6971
stopwords+stemming,bm25,0.5,0,162,0.1000,0.1250,0.1111,0.2414,0.1250,1.0000,0.1452
stopwords+stemming,bm25,0.5,0,163,0.2000,0.6667,0.3077,0.1940,0.1786,0.2500,0.3585
stopwords+stemming,bm25,0.5,0,164,0.5000,0.6250,0.5556,0.5664,0.5444,1.0000,0.7569
stopwords+stemming,bm25,0.5,0,165,0.2000,1.0000,0.3333,0.5000,0.5000,0.5000,0.6509
stopwords+stemming,bm25,0.5,0,166,0.1000,0.1250,0.1111,0.0454,0.0139,0.1111,0.0761
stopwords+stemming,bm25,0.5,0,167,0.2000,1.0000,0.3333,1.0000,1.0000,1.0000,1.0000
stopwords+stemming,bm25,0.5,0,168,0.0000,0.0000,0.0000,0.0557,0.0000,0.0909,0.0000
stopwords+stemming,bm25,0.5,0,169,0.2000,0.5000,0.2857,0.2153,0.2083,0.3333,0.3633
stopwords+stemming,bm25,0.5,0,170,0.3000,0.5000,0.3750,0.2266,0.1917,0.2500,0.3318
stopwords+stemming,bm25,0.5,0,171,0.2000,0.6667,0.3077,0.4337,0.4074,1.0000,0.6124
stopwords+stemming,bm25,0.5,0,172,0.4000,1.0000,0.5714,0.6792,0.6792,0.5000,0.6867
stopwords+stemming,bm25,0.5,0,173,0.2000,1.0000,0.3333,1.0000,1.0000,1.0000,1.0000
stopwords+stemming,bm25,0.5,0,174,0.0000,0.0000,0.0000,0.0349,0.0000,0.0769,0.0000
stopwords+stemming,bm25,0.5,0,175,0.0000,0.0000,0.0000,0.0431,0.0000,0.0909,0.0000
stopwords+stemming,bm25,0.5,0,176,0.0000,0.0000,0.0000,0.0230,0.0000,0.0263,0.0000
stopwords+stemming,bm25,0.5,0,177,0.4000,0.8000,0.5333,0.6460,0.5746,1.0000,0.8162
stopwords+stemming,bm25,0.5,0,178,0.2000,0.5000,0.2857,0.3863,0.3500,1.0000,0.7084
stopwords+stemming,bm25,0.5,0,179,0.2000,0.5000,0.2857,0.5088,0.5000,1.0000,0.6367
stopwords+stemming,bm25,0.5,0,180,0.2000,0.2857,0.2353,0.2742,0.1429,0.5000,0.3227
stopwords+stemming,bm25,0.5,0,181,0.1000,0.2000,0.1333,0.2463,0.2000,1.0000,0.2491
stopwords+stemming,bm25,0.5,0,182,0.2000,1.0000,0.3333,0.5833,0.5833,0.5000,0.6697
stopwords+stemming,bm25,0.5,0,183,0.4000,0.3077,0.3478,0.2336,0.1526,1.0000,0.2958
stopwords+stemming,bm25,0.5,0,184,0.1000,0.1429,0.1176,0.2170,0.1429,1.0000,0.2881
stopwords+stemming,bm25,0.5,0,185,0.6000,0.6667,0.6316,0.8033,0.6204,1.0000,0.8244
stopwords+stemming,bm25,0.5,0,186,0.4000,0.2500,0.3077,0.1472,0.1021,0.3333,0.3372
stopwords+stemming,bm25,0.5,0,187,0.1000,0.1667,0.1250,0.1509,0.0833,0.5000,0.2018
stopwords+stemming,bm25,0.5,0,188,0.3000,0.2727,0.2857,0.2791,0.1515,0.5000,0.3587
stopwords+stemming,bm25,0.5,0,189,0.1000,0.1111,0.1053,0.0799,0.0185,0.1667,0.0689
stopwords+stemming,bm25,0.5,0,190,0.2000,0.4000,0.2667,0.3463,0.3000,1.0000,0.3854
stopwords+stemming,bm25,0.5,0,191,0.3000,0.2308,0.2609,0.2379,0.0636,0.1667,0.1992
stopwords+stemming,bm25,0.5,0,192,0.3000,0.7500,0.4286,0.6223,0.6071,1.0000,0.7668
stopwords+stemming,bm25,0.5,0,193,0.7000,0.7778,0.7368,0.7890,0.7295,1.0000,0.8283
stopwords+stemming,bm25,0.5,0,194,0.2000,0.3333,0.2500,0.2901,0.1944,0.5000,0.3282
stopwords+stemming,bm25,0.5,0,195,0.1000,0.3333,0.1538,0.1071,0.0833,0.2500,0.2021
stopwords+stemming,bm25,0.5,0,196,0.1000,0.0833,0.0909,0.0709,0.0278,0.3333,0.0831
stopwords+stemming,bm25,0.5,0,197,0.2000,0.6667,0.3077,0.4289,0.3889,0.5000,0.5249
stopwords+stemming,bm25,0.5,0,198,0.3000,0.7500,0.4286,0.3827,0.3806,1.0000,0.6161
stopwords+stemming,bm25,0.5,0,199,0.0000,0.0000,0.0000,0.0510,0.0000,0.0833,0.0000
stopwords+stemming,bm25,0.5,0,200,0.2000,0.6667,0.3077,0.4411,0.4167,1.0000,0.6173
stopwords+stemming,bm25,0.5,0,201,0.4000,0.2500,0.3077,0.3259,0.1868,1.0000,0.5452
stopwords+stemming,bm25,0.5,0,202,0.3000,0.2143,0.2500,0.1828,0.1378,1.0000,0.2444
stopwords+stemming,bm25,0.5,0,203,0.3000,0.2143,0.2500,0.1370,0.1101,0.5000,0.3536
stopwords+stemming,bm25,0.5,0,204,0.0000,0.0000,0.0000,0.0295,0.0000,0.0147,0.0000
stopwords+stemming,bm25,0.5,0,205,0.2000,1.0000,0.3333,0.6429,0.6429,1.0000,0.8175
stopwords+stemming,bm25,0.5,0,206,0.2000,0.6667,0.3077,0.2081,0.2063,0.3333,0.4242
stopwords+stemming,bm25,0.5,0,207,0.0000,0.0000,0.0000,0.0050,0.0000,0.0094,0.0000
stopwords+stemming,bm25,0.5,0,208,0.3000,0.5000,0.3750,0.3894,0.2944,0.5000,0.5175
stopwords+stemming,bm25,0.5,0,209,0.1000,0.0833,0.0909,0.0807,0.0104,0.1250,0.0643
stopwords+stemming,bm25,0.5,0,210,0.2000,0.3333,0.2500,0.3426,0.2778,1.0000,0.4826
stopwords+stemming,bm25,0.5,0,211,0.1000,0.0909,0.0952,0.1332,0.0455,0.5000,0.0692
stopwords+stemming,bm25,0.5,0,212,0.4000,0.2857,0.3333,0.4211,0.2500,1.0000,0.4478
stopwords+stemming,bm25,0.5,0,213,0.5000,0.4545,0.4762,0.5326,0.4091,1.0000,0.5812
stopwords+stemming,bm25,0.5,0,214,0.1000,0.2500,0.1429,0.0859,0.0625,0.2500,0.1681
stopwords+stemming,bm25,0.5,0,215,0.0000,0.0000,0.0000,0.0310,0.0000,0.0370,0.0000
stopwords+stemming,bm25,0.5,0,216,0.0000,0.0000,0.0000,0.0017,0.0000,0.0017,0.0000
stopwords+stemming,bm25,0.5,0,217,0.3000,0.2000,0.2400,0.1599,0.0822,0.3333,0.2258
stopwords+stemming,bm25,0.5,0,218,0.4000,0.2667,0.3200,0.2221,0.0846,0.2500,0.2029
stopwords+stemming,bm25,0.5,0,219,0.0000,0.0000,0.0000,0.0313,0.0000,0.0156,0.0000
stopwords+stemming,bm25,0.5,0,220,0.2000,0.1053,0.1379,0.1450,0.0614,0.5000,0.1644
stopwords+stemming,bm25,0.5,0,221,0.3000,0.1667,0.2143,0.2045,0.1164,1.0000,0.3269
stopwords+stemming,bm25,0.5,0,222,0.6000,0.6667,0.6316,0.7838,0.6111,1.0000,0.7228
stopwords+stemming,bm25,0.5,0,223,0.4000,1.0000,0.5714,0.5903,0.5903,0.5000,0.7271
stopwords+stemming,bm25,0.5,0,224,0.1000,0.1250,0.1111,0.1675,0.0625,0.5000,0.1662
stopwords+stemming,bm25,0.5,0,225,0.2000,0.0833,0.1176,0.0598,0.0417,0.5000,0.1330
stopwords+stemming,bm25,0.5,0.75,1,0.3000,0.1071,0.1579,0.1614,0.0643,1.0000,0.2476
stopwords+stemming,bm25,0.5,0.75,2,0.4000,0.1667,0.2353,0.1901,0.1354,1.0000,0.5364
stopwords+stemming,bm25,0.5,0.75,3,0.5000,0.6250,0.5556,0.4370,0.3200,0.3333,0.4937
stopwords+stemming,bm25,0.5,0.75,4,0.1000,0.5000,0.1667,0.5217,0.5000,1.0000,0.6131
stopwords+stemming,bm25,0.5,0.75,5,0.3000,0.7500,0.4286,0.4379,0.4167,1.0000,0.5520
stopwords+stemming,bm25,0.5,0.75,6,0.1000,0.2500,0.1429,0.1085,0.0833,0.3333,0.1633
stopwords+stemming,bm25,0.5,0.75,7,0.2000,0.4000,0.2667,0.1879,0.1667,0.3333,0.2859
stopwords+stemming,bm25,0.5,0.75,8,0.1000,0.0909,0.0952,0.1038,0.0455,0.5000,0.1684
stopwords+stemming,bm25,0.5,0.75,9,0.2000,0.6667,0.3077,0.3604,0.3333,0.5000,0.4982
stopwords+stemming,bm25,0.5,0.75,10,0.3000,0.3750,0.3333,0.2394,0.1982,1.0000,0.3705
stopwords+stemming,bm25,0.5,0.75,11,0.2000,0.2857,0.2353,0.1443,0.0522,0.1429,0.1561
stopwords+stemming,bm25,0.5,0.75,12,0.1000,0.2000,0.1333,0.0994,0.0667,0.3333,0.1858
stopwords+stemming,bm25,0.5,0.75,13,0.0000,0.0000,0.0000,0.0000,0.0000,0.0000,0.0000
stopwords+stemming,bm25,0.5,0.75,14,0.1000,0.5000,0.1667,0.0659,0.0556,0.1111,0.2600
stopwords+stemming,bm25,0.5,0.75,15,0.2000,1.0000,0.3333,1.0000,1.0000,1.0000,0.8597
stopwords+stemming,bm25,0.5,0.75,16,0.2000,0.6667,0.3077,0.2071,0.1944,0.3333,0.3699
stopwords+stemming,bm25,0.5,0.75,17,0.1000,0.5000,0.1667,0.1338,0.1250,0.2500,0.3032
stopwords+stemming,bm25,0.5,0.75,18,0.1000,0.3333,0.1538,0.3552,0.3333,1.0000,0.4693
stopwords+stemming,bm25,0.5,0.75,19,0.0000,0.0000,0.0000,0.0162,0.0000,0.0556,0.0000
stopwords+stemming,bm25,0.5,0.75,20,0.5000,0.5556,0.5263,0.4277,0.3398,0.5000,0.5146
stopwords+stemming,bm25,0.5,0.75,21,0.0000,0.0000,0.0000,0.0333,0.0000,0.0385,0.0000
stopwords+stemming,bm25,0.5,0.75,22,0.0000,0.0000,0.0000,0.0000,0.0000,0.0000,0.0000
stopwords+stemming,bm25,0.5,0.75,23,0.1000,0.0312,0.0476,0.1181,0.0104,0.3333,0.1310
stopwords+stemming,bm25,0.5,0.75,24,0.2000,0.6667,0.3077,0.3492,0.3333,0.5000,0.5405
stopwords+stemming,bm25,0.5,0.75,25,0.6000,0.6667,0.6316,0.6528,0.6101,1.0000,0.7272
stopwords+stemming,bm25,0.5,0.75,26,0.2000,0.3333,0.2500,0.1424,0.1083,0.2500,0.2833
stopwords+stemming,bm25,0.5,0.75,27,0.1000,0.3333,0.1538,0.1057,0.0833,0.2500,0.2455
stopwords+stemming,bm25,0.5,0.75,28,0.0000,0.0000,0.0000,0.0036,0.0000,0.0030,0.0000
stopwords+stemming,bm25,0.5,0.75,29,0.4000,0.4444,0.4211,0.3628,0.2852,1.0000,0.3679
stopwords+stemming,bm25,0.5,0.75,30,0.1000,0.1429,0.1176,0.0498,0.0143,0.1000,0.0637
stopwords+stemming,bm25,0.5,0.75,31,0.0000,0.0000,0.0000,0.0000,0.0000,0.0000,0.0000
stopwords+stemming,bm25,0.5,0.75,32,0.0000,0.0000,0.0000,0.0109,0.0000,0.0089,0.0000
stopwords+stemming,bm25,0.5,0.75,33,0.2000,0.6667,0.3077,0.4603,0.3889,0.5000,0.4335
stopwords+stemming,bm25,0.5,0.75,34,0.2000,0.3333,0.2500,0.1750,0.0648,0.1667,0.1527
stopwords+stemming,bm25,0.5,0.75,35,0.0000,0.0000,0.0000,0.0224,0.0000,0.0323,0.0000
stopwords+stemming,bm25,0.5,0.75,36,0.1000,0.5000,0.1667,0.2643,0.2500,0.5000,0.2961
stopwords+stemming,bm25,0.5,0.75,37,0.0000,0.0000,0.0000,0.0394,0.0000,0.0263,0.0000
stopwords+stemming,bm25,0.5,0.75,38,0.0000,0.0000,0.0000,0.0649,0.0000,0.0714,0.0000
stopwords+stemming,bm25,0.5,0.75,39,0.3000,0.2308,0.2609,0.1180,0.0778,0.2500,0.2025
stopwords+stemming,bm25,0.5,0.75,40,0.2000,0.1667,0.1818,0.0849,0.0394,0.2500,0.1150
stopwords+stemming,bm25,0.5,0.75,41,0.3000,1.0000,0.4615,0.7667,0.7667,1.0000,0.8785
stopwords+stemming,bm25,0.5,0.75,42,0.3000,0.6000,0.4000,0.1850,0.1721,0.2000,0.3666
stopwords+stemming,bm25,0.5,0.75,43,0.3000,0.5000,0.3750,0.4558,0.3778,1.0000,0.6231
stopwords+stemming,bm25,0.5,0.75,44,0.0000,0.0000,0.0000,0.0000,0.0000,0.0000,0.0000
stopwords+stemming,bm25,0.5,0.75,45,0.1000,0.0833,0.0909,0.1230,0.0417,0.5000,0.1766
stopwords+stemming,bm25,0.5,0.75,46,0.4000,0.2667,0.3200,0.3452,0.2144,1.0000,0.4702
stopwords+stemming,bm25,0.5,0.75,47,0.5000,0.3571,0.4167,0.3692,0.1973,1.0000,0.5160
stopwords+stemming,bm25,0.5,0.75,48,0.2000,0.1818,0.1905,0.1916,0.1061,0.5000,0.2556
stopwords+stemming,bm25,0.5,0.75,49,0.1000,0.5000,0.1667,0.0823,0.0714,0.1429,0.2534
stopwords+stemming,bm25,0.5,0.75,50,0.1000,0.1667,0.1250,0.1003,0.0833,0.5000,0.2882
stopwords+stemming,bm25,0.5,0.75,51,0.4000,0.4000,0.4000,0.4474,0.3044,1.0000,0.4182
stopwords+stemming,bm25,0.5,0.75,52,0.3000,0.7500,0.4286,0.5726,0.5250,1.0000,0.5060
stopwords+stemming,bm25,0.5,0.75,53,0.3000,0.3000,0.3000,0.2500,0.1522,1.0000,0.3531
stopwords+stemming,bm25,0.5,0.75,54,0.3000,0.3333,0.3158,0.1639,0.1136,0.5000,0.3456
stopwords+stemming,bm25,0.5,0.75,55,0.2000,0.2000,0.2000,0.1964,0.0472,0.2500,0.1206
stopwords+stemming,bm25,0.5,0.75,56,0.2000,0.2000,0.2000,0.1057,0.0722,0.5000,0.1607
stopwords+stemming,bm25,0.5,0.75,57,0.0000,0.0000,0.0000,0.0517,0.0000,0.0714,0.0000
stopwords+stemming,bm25,0.5,0.75,58,0.2000,0.2222,0.2105,0.1535,0.0500,0.2500,0.2023
stopwords+stemming,bm25,0.5,0.75,59,0.1000,0.2500,0.1429,0.0993,0.0417,0.1667,0.1163
stopwords+stemming,bm25,0.5,0.75,60,0.3000,0.6000,0.4000,0.4345,0.4200,1.0000,0.5271
stopwords+stemming,bm25,0.5,0.75,61,0.2000,0.4000,0.2667,0.5206,0.4000,1.0000,0.5451
stopwords+stemming,bm25,0.5,0.75,62,0.0000,0.0000,0.0000,0.0189,0.0000,0.0370,0.0000
stopwords+stemming,bm25,0.5,0.75,63,0.0000,0.0000,0.0000,0.0215,0.0000,0.0161,0.0000
stopwords+stemming,bm25,0.5,0.75,64,0.1000,0.5000,0.1667,0.5110,0.5000,1.0000,0.6788
stopwords+stemming,bm25,0.5,0.75,65,0.1000,0.0667,0.0800,0.1578,0.0333,0.5000,0.1573
stopwords+stemming,bm25,0.5,0.75,66,0.1000,0.2000,0.1333,0.0674,0.0250,0.1250,0.1257
stopwords+stemming,bm25,0.5,0.75,67,0.4000,0.2857,0.3333,0.2721,0.1378,0.5000,0.3577
stopwords+stemming,bm25,0.5,0.75,68,0.1000,0.2000,0.1333,0.0681,0.0333,0.1667,0.1549
stopwords+stemming,bm25,0.5,0.75,69,0.1000,0.2000,0.1333,0.0482,0.0286,0.1429,0.1400
stopwords+stemming,bm25,0.5,0.75,70,0.1000,0.1000,0.1000,0.1016,0.0500,0.5000,0.1531
stopwords+stemming,bm25,0.5,0.75,71,0.0000,0.0000,0.0000,0.0427,0.0000,0.0714,0.0000
stopwords+stemming,bm25,0.5,0.75,72,0.1000,0.0588,0.0741,0.0662,0.0294,0.5000,0.1781
stopwords+stemming,bm25,0.5,0.75,73,0.6000,0.3000,0.4000,0.3253,0.2072,1.0000,0.6357
stopwords+stemming,bm25,0.5,0.75,74,0.1000,0.1667,0.1250,0.1140,0.0417,0.2500,0.1828
stopwords+stemming,bm25,0.5,0.75,75,0.0000,0.0000,0.0000,0.0134,0.0000,0.0103,0.0000
stopwords+stemming,bm25,0.5,0.75,76,0.3000,0.4286,0.3529,0.3113,0.2738,0.5000,0.4068
stopwords+stemming,bm25,0.5,0.75,77,0.3000,0.5000,0.3750,0.3016,0.2103,0.3333,0.2569
stopwords+stemming,bm25,0.5,0.75,78,0.2000,0.6667,0.3077,0.5111,0.4444,1.0000,0.5832
stopwords+stemming,bm25,0.5,0.75,79,0.0000,0.0000,0.0000,0.0320,0.0000,0.0714,0.0000
stopwords+stemming,bm25,0.5,0.75,80,0.0000,0.0000,0.0000,0.0091,0.0000,0.0128,0.0000
stopwords+stemming,bm25,0.5,0.75,81,0.2000,1.0000,0.3333,0.8333,0.8333,1.0000,0.6478
stopwords+stemming,bm25,0.5,0.75,82,0.3000,0.6000,0.4000,0.3817,0.3600,1.0000,0.6281
stopwords+stemming,bm25,0.5,0.75,83,0.1000,0.2500,0.1429,0.2589,0.2500,1.0000,0.3904
stopwords+stemming,bm25,0.5,0.75,84,0.4000,0.3636,0.3810,0.3952,0.3333,1.0000,0.3795
stopwords+stemming,bm25,0.5,0.75,85,0.1000,0.2500,0.1429,0.1366,0.1250,0.5000,0.1627
stopwords+stemming,bm25,0.5,0.75,86,0.2000,1.0000,0.3333,0.5833,0.5833,0.5000,0.6934
stopwords+stemming,bm25,0.5,0.75,87,0.0000,0.0000,0.0000,0.0144,0.0000,0.0294,0.0000
stopwords+stemming,bm25,0.5,0.75,88,0.6000,1.0000,0.7500,0.6746,0.6746,0.5000,0.7609
stopwords+stemming,bm25,0.5,0.75,89,0.1000,0.1667,0.1250,0.2014,0.0556,0.3333,0.2123
stopwords+stemming,bm25,0.5,0.75,90,0.3000,0.2308,0.2609,0.2087,0.1128,0.5000,0.1896
stopwords+stemming,bm25,0.5,0.75,91,0.4000,0.4444,0.4211,0.3255,0.2402,1.0000,0.5394
stopwords+stemming,bm25,0.5,0.75,92,0.5000,0.3846,0.4348,0.4240,0.3301,1.0000,0.3541
stopwords+stemming,bm25,0.5,0.75,93,0.1000,1.0000,0.1818,0.5000,0.5000,0.5000,0.6309
stopwords+stemming,bm25,0.5,0.75,94,0.5000,0.4167,0.4545,0.4801,0.3164,1.0000,0.4603
stopwords+stemming,bm25,0.5,0.75,95,0.2000,1.0000,0.3333,0.3500,0.3500,0.5000,0.3859
stopwords+stemming,bm25,0.5,0.75,96,0.4000,0.3077,0.3478,0.3530,0.1722,0.5000,0.4018
stopwords+stemming,bm25,0.5,0.75,97,0.3000,0.3000,0.3000,0.1901,0.1542,0.5000,0.2765
stopwords+stemming,bm25,0.5,0.75,98,0.0000,0.0000,0.0000,0.0224,0.0000,0.0333,0.0000
stopwords+stemming,bm25,0.5,0.75,99,0.2000,0.5000,0.2857,0.2478,0.2083,0.3333,0.4134
stopwords+stemming,bm25,0.5,0.75,100,0.3000,0.3333,0.3158,0.3306,0.2778,1.0000,0.5063
stopwords+stemming,bm25,0.5,0.75,101,0.5000,0.8333,0.6250,0.5028,0.4259,0.5000,0.5982
stopwords+stemming,bm25,0.5,0.75,102,0.1000,0.2500,0.1429,0.1963,0.1250,0.5000,0.1723
stopwords+stemming,bm25,0.5,0.75,103,0.0000,0.0000,0.0000,0.0147,0.0000,0.0294,0.0000
stopwords+stemming,bm25,0.5,0.75,104,0.1000,0.2000,0.1333,0.1227,0.1000,0.5000,0.2140
stopwords+stemming,bm25,0.5,0.75,105,0.3000,0.6000,0.4000,0.4304,0.3833,0.5000,0.5553
stopwords+stemming,bm25,0.5,0.75,106,0.3000,0.6000,0.4000,0.5397,0.4833,1.0000,0.7174
stopwords+stemming,bm25,0.5,0.75,107,0.3000,0.4286,0.3529,0.2719,0.1619,0.5000,0.3610
stopwords+stemming,bm25,0.5,0.75,108,0.5000,0.7143,0.5882,0.8267,0.7143,1.0000,0.8012
stopwords+stemming,bm25,0.5,0.75,109,0.0000,0.0000,0.0000,0.0408,0.0000,0.0294,0.0000
stopwords+stemming,bm25,0.5,0.75,110,0.1000,0.2500,0.1429,0.0702,0.0500,0.2000,0.1945
stopwords+stemming,bm25,0.5,0.75,111,0.3000,0.4286,0.3529,0.2715,0.1821,0.5000,0.2835
stopwords+stemming,bm25,0.5,0.75,112,0.1000,0.5000,0.1667,0.2900,0.2500,0.5000,0.2398
stopwords+stemming,bm25,0.5,0.75,113,0.1000,0.2500,0.1429,0.1118,0.0357,0.1429,0.1301
stopwords+stemming,bm25,0.5,0.75,114,0.1000,0.2500,0.1429,0.0587,0.0357,0.1429,0.1720
stopwords+stemming,bm25,0.5,0.75,115,0.1000,0.2500,0.1429,0.0890,0.0833,0.3333,0.2372
stopwords+stemming,bm25,0.5,0.75,116,0.0000,0.0000,0.0000,0.0292,0.0000,0.0476,0.0000
stopwords+stemming,bm25,0.5,0.75,117,0.0000,0.0000,0.0000,0.0361,0.0000,0.0588,0.0000
stopwords+stemming,bm25,0.5,0.75,118,0.2000,0.6667,0.3077,0.2908,0.2778,0.3333,0.4488
stopwords+stemming,bm25,0.5,0.75,119,0.1000,1.0000,0.1818,0.1667,0.1667,0.1667,0.3562
stopwords+stemming,bm25,0.5,0.75,120,0.3000,0.3333,0.3158,0.3436,0.1667,0.5000,0.3709
stopwords+stemming,bm25,0.5,0.75,121,0.4000,0.5714,0.4706,0.4921,0.3881,0.5000,0.5130
stopwords+stemming,bm25,0.5,0.75,122,0.0000,0.0000,0.0000,0.0858,0.0000,0.0833,0.0000
stopwords+stemming,bm25,0.5,0.75,123,0.0000,0.0000,0.0000,0.0417,0.0000,0.0417,0.0000
stopwords+stemming,bm25,0.5,0.75,124,0.0000,0.0000,0.0000,0.0031,0.0000,0.0029,0.0000
stopwords+stemming,bm25,0.5,0.75,125,0.3000,0.1765,0.2222,0.2236,0.0882,0.5000,0.3085
stopwords+stemming,bm25,0.5,0.75,126,0.2000,0.2500,0.2222,0.2206,0.2083,1.0000,0.4718
stopwords+stemming,bm25,0.5,0.75,127,0.1000,0.2000,0.1333,0.1143,0.0500,0.2500,0.1284
stopwords+stemming,bm25,0.5,0.75,128,0.0000,0.0000,0.0000,0.0215,0.0000,0.0385,0.0000
stopwords+stemming,bm25,0.5,0.75,129,0.4000,0.5714,0.4706,0.3591,0.3373,0.5000,0.5198
stopwords+stemming,bm25,0.5,0.75,130,0.4000,0.8000,0.5333,0.4042,0.4000,0.5000,0.5651
stopwords+stemming,bm25,0.5,0.75,131,0.1000,0.1250,0.1111,0.2236,0.0208,0.1667,0.0386
stopwords+stemming,bm25,0.5,0.75,132,0.7000,0.4667,0.5600,0.6997,0.3442,1.0000,0.5365
stopwords+stemming,bm25,0.5,0.75,133,0.3000,0.4286,0.3529,0.3823,0.2279,0.5000,0.3993
stopwords+stemming,bm25,0.5,0.75,134,0.1000,0.5000,0.1667,0.2639,0.2500,0.5000,0.2961
stopwords+stemming,bm25,0.5,0.75,135,0.6000,0.7500,0.6667,0.5669,0.4329,0.5000,0.4849
stopwords+stemming,bm25,0.5,0.75,136,0.2000,0.6667,0.3077,0.4855,0.4667,1.0000,0.8550
stopwords+stemming,bm25,0.5,0.75,137,0.2000,0.5000,0.2857,0.2087,0.1806,0.5000,0.3044
stopwords+stemming,bm25,0.5,0.75,138,0.1000,0.5000,0.1667,0.1303,0.1000,0.2000,0.2372
stopwords+stemming,bm25,0.5,0.75,139,0.0000,0.0000,0.0000,0.0091,0.0000,0.0175,0.0000
stopwords+stemming,bm25,0.5,0.75,140,0.2000,0.3333,0.2500,0.1797,0.1500,0.5000,0.4047
stopwords+stemming,bm25,0.5,0.75,141,0.2000,0.3333,0.2500,0.3582,0.2778,1.0000,0.5092
stopwords+stemming,bm25,0.5,0.75,142,0.0000,0.0000,0.0000,0.0769,0.0000,0.0769,0.0000
stopwords+stemming,bm25,0.5,0.75,143,0.2000,1.0000,0.3333,0.6111,0.6111,1.0000,0.7977
stopwords+stemming,bm25,0.5,0.75,144,0.3000,0.5000,0.3750,0.2463,0.1333,0.2500,0.3246
stopwords+stemming,bm25,0.5,0.75,145,0.1000,0.1429,0.1176,0.0976,0.0238,0.1667,0.0750
stopwords+stemming,bm25,0.5,0.75,146,0.2000,1.0000,0.3333,0.7500,0.7500,1.0000,0.7075
stopwords+stemming,bm25,0.5,0.75,147,0.4000,0.4000,0.4000,0.2866,0.2433,0.5000,0.4335
stopwords+stemming,bm25,0.5,0.75,148,0.2000,0.3333,0.2500,0.1844,0.1389,0.3333,0.3194
stopwords+stemming,bm25,0.5,0.75,149,0.3000,0.2727,0.2857,0.2659,0.1515,1.0000,0.3647
stopwords+stemming,bm25,0.5,0.75,150,0.2000,1.0000,0.3333,0.8333,0.8333,1.0000,0.9197
stopwords+stemming,bm25,0.5,0.75,151,0.0000,0.0000,0.0000,0.0267,0.0000,0.0323,0.0000
stopwords+stemming,bm25,0.5,0.75,152,0.0000,0.0000,0.0000,0.0081,0.0000,0.0114,0.0000
stopwords+stemming,bm25,0.5,0.75,153,0.1000,0.1429,0.1176,0.1302,0.0714,0.5000,0.1018
stopwords+stemming,bm25,0.5,0.75,154,0.1000,0.5000,0.1667,0.5833,0.5000,1.0000,0.4693
stopwords+stemming,bm25,0.5,0.75,155,0.1000,0.1667,0.1250,0.0912,0.0556,0.3333,0.1126
stopwords+stemming,bm25,0.5,0.75,156,0.7000,0.5000,0.5833,0.5626,0.4841,1.0000,0.5855
stopwords+stemming,bm25,0.5,0.75,157,0.6000,0.1538,0.2449,0.2506,0.1271,1.0000,0.5394
stopwords+stemming,bm25,0.5,0.75,158,0.1000,0.1250,0.1111,0.1924,0.1250,1.0000,0.3630
stopwords+stemming,bm25,0.5,0.75,159,0.1000,0.1250,0.1111,0.0646,0.0179,0.1429,0.0459
stopwords+stemming,bm25,0.5,0.75,160,0.1000,0.2000,0.1333,0.1195,0.1000,0.5000,0.2484
stopwords+stemming,bm25,0.5,0.75,161,0.3000,0.5000,0.3750,0.5259,0.5000,1.0000,0.7193
stopwords+stemming,bm25,0.5,0.75,162,0.2000,0.2500,0.2222,0.3187,0.2083,1.0000,0.2541
stopwords+stemming,bm25,0.5,0.75,163,0.2000,0.6667,0.3077,0.2367,0.2167,0.2500,0.3836
stopwords+stemming,bm25,0.5,0.75,164,0.4000,0.5000,0.4444,0.5418,0.5000,1.0000,0.6809
stopwords+stemming,bm25,0.5,0.75,165,0.2000,1.0000,0.3333,0.5833,0.5833,0.5000,0.6934
stopwords+stemming,bm25,0.5,0.75,166,0.1000,0.1250,0.1111,0.0472,0.0125,0.1000,0.0731
stopwords+stemming,bm25,0.5,0.75,167,0.2000,1.0000,0.3333,0.8333,0.8333,1.0000,0.9386
stopwords+stemming,bm25,0.5,0.75,168,0.1000,0.5000,0.1667,0.0878,0.0714,0.1429,0.2044
stopwords+stemming,bm25,0.5,0.75,169,0.2000,0.5000,0.2857,0.2218,0.2083,0.3333,0.3633
stopwords+stemming,bm25,0.5,0.75,170,0.3000,0.5000,0.3750,0.5482,0.5000,1.0000,0.6386
stopwords+stemming,bm25,0.5,0.75,171,0.2000,0.6667,0.3077,0.5841,0.5556,1.0000,0.6407
stopwords+stemming,bm25,0.5,0.75,172,0.4000,1.0000,0.5714,0.6792,0.6792,0.5000,0.7180
stopwords+stemming,bm25,0.5,0.75,173,0.2000,1.0000,0.3333,1.0000,1.0000,1.0000,1.0000
stopwords+stemming,bm25,0.5,0.75,174,0.1000,0.2000,0.1333,0.0465,0.0222,0.1111,0.1180
stopwords+stemming,bm25,0.5,0.75,175,0.1000,0.2000,0.1333,0.0488,0.0200,0.1000,0.1080
stopwords+stemming,bm25,0.5,0.75,176,0.0000,0.0000,0.0000,0.0385,0.0000,0.0588,0.0000
stopwords+stemming,bm25,0.5,0.75,177,0.4000,0.8000,0.5333,0.6766,0.5857,1.0000,0.8202
stopwords+stemming,bm25,0.5,0.75,178,0.2000,0.5000,0.2857,0.3704,0.3214,1.0000,0.6998
stopwords+stemming,bm25,0.5,0.75,179,0.2000,0.5000,0.2857,0.4262,0.4167,1.0000,0.5856
stopwords+stemming,bm25,0.5,0.75,180,0.3000,0.4286,0.3529,0.3571,0.2524,0.5000,0.3861
stopwords+stemming,bm25,0.5,0.75,181,0.1000,0.2000,0.1333,0.2577,0.2000,1.0000,0.2491
stopwords+stemming,bm25,0.5,0.75,182,0.2000,1.0000,0.3333,0.5833,0.5833,0.5000,0.6697
stopwords+stemming,bm25,0.5,0.75,183,0.4000,0.3077,0.3478,0.2643,0.1663,1.0000,0.3144
stopwords+stemming,bm25,0.5,0.75,184,0.1000,0.1429,0.1176,0.2221,0.1429,1.0000,0.2881
stopwords+stemming,bm25,0.5,0.75,185,0.6000,0.6667,0.6316,0.8075,0.6296,1.0000,0.8219
stopwords+stemming,bm25,0.5,0.75,186,0.5000,0.3125,0.3846,0.1725,0.1528,0.5000,0.4419
stopwords+stemming,bm25,0.5,0.75,187,0.3000,0.5000,0.3750,0.1929,0.1865,0.5000,0.3566
stopwords+stemming,bm25,0.5,0.75,188,0.4000,0.3636,0.3810,0.3540,0.2374,1.0000,0.5204
stopwords+stemming,bm25,0.5,0.75,189,0.1000,0.1111,0.1053,0.0831,0.0222,0.2000,0.0748
stopwords+stemming,bm25,0.5,0.75,190,0.2000,0.4000,0.2667,0.4602,0.4000,1.0000,0.4684
stopwords+stemming,bm25,0.5,0.75,191,0.3000,0.2308,0.2609,0.2810,0.0630,0.2000,0.1982
stopwords+stemming,bm25,0.5,0.75,192,0.3000,0.7500,0.4286,0.5613,0.5417,1.0000,0.7246
stopwords+stemming,bm25,0.5,0.75,193,0.6000,0.6667,0.6316,0.7988,0.6508,1.0000,0.7403
stopwords+stemming,bm25,0.5,0.75,194,0.2000,0.3333,0.2500,0.1987,0.1111,0.3333,0.2347
stopwords+stemming,bm25,0.5,0.75,195,0.1000,0.3333,0.1538,0.0643,0.0370,0.1111,0.1413
stopwords+stemming,bm25,0.5,0.75,196,0.2000,0.1667,0.1818,0.1208,0.0694,0.5000,0.1936
stopwords+stemming,bm25,0.5,0.75,197,0.2000,0.6667,0.3077,0.4444,0.3889,0.5000,0.5249
stopwords+stemming,bm25,0.5,0.75,198,0.3000,0.7500,0.4286,0.5023,0.5000,1.0000,0.6899
stopwords+stemming,bm25,0.5,0.75,199,0.2000,0.2500,0.2222,0.0775,0.0429,0.1429,0.1384
stopwords+stemming,bm25,0.5,0.75,200,0.2000,0.6667,0.3077,0.2379,0.1944,0.3333,0.3827
stopwords+stemming,bm25,0.5,0.75,201,0.5000,0.3125,0.3846,0.3733,0.2545,1.0000,0.6531
stopwords+stemming,bm25,0.5,0.75,202,0.3000,0.2143,0.2500,0.1912,0.1369,0.5000,0.2384
stopwords+stemming,bm25,0.5,0.75,203,0.3000,0.2143,0.2500,0.1770,0.1500,1.0000,0.4443
stopwords+stemming,bm25,0.5,0.75,204,0.0000,0.0000,0.0000,0.0322,0.0000,0.0233,0.0000
stopwords+stemming,bm25,0.5,0.75,205,0.2000,1.0000,0.3333,0.6667,0.6667,1.0000,0.8316
stopwords+stemming,bm25,0.5,0.75,206,0.2000,0.6667,0.3077,0.2639,0.2619,0.5000,0.4909
stopwords+stemming,bm25,0.5,0.75,207,0.0000,0.0000,0.0000,0.0052,0.0000,0.0095,0.0000
stopwords+stemming,bm25,0.5,0.75,208,0.3000,0.5000,0.3750,0.3948,0.2944,0.5000,0.5175
stopwords+stemming,bm25,0.5,0.75,209,0.1000,0.0833,0.0909,0.1070,0.0119,0.1429,0.0679
stopwords+stemming,bm25,0.5,0.75,210,0.2000,0.3333,0.2500,0.3454,0.2778,1.0000,0.4826
stopwords+stemming,bm25,0.5,0.75,211,0.1000,0.0909,0.0952,0.1848,0.0909,1.0000,0.1096
stopwords+stemming,bm25,0.5,0.75,212,0.5000,0.3571,0.4167,0.4849,0.3016,1.0000,0.4819
stopwords+stemming,bm25,0.5,0.75,213,0.5000,0.4545,0.4762,0.5335,0.4091,1.0000,0.5916
stopwords+stemming,bm25,0.5,0.75,214,0.1000,0.2500,0.1429,0.1602,0.1250,0.5000,0.2463
stopwords+stemming,bm25,0.5,0.75,215,0.0000,0.0000,0.0000,0.0442,0.0000,0.0625,0.0000
stopwords+stemming,bm25,0.5,0.75,216,0.0000,0.0000,0.0000,0.0016,0.0000,0.0016,0.0000
stopwords+stemming,bm25,0.5,0.75,217,0.2000,0.1333,0.1600,0.2014,0.1000,1.0000,0.2628
stopwords+stemming,bm25,0.5,0.75,218,0.3000,0.2000,0.2400,0.2011,0.0663,0.3333,0.1721
stopwords+stemming,bm25,0.5,0.75,219,0.0000,0.0000,0.0000,0.0310,0.0000,0.0175,0.0000
stopwords+stemming,bm25,0.5,0.75,220,0.2000,0.1053,0.1379,0.1858,0.0877,1.0000,0.2333
stopwords+stemming,bm25,0.5,0.75,221,0.3000,0.1667,0.2143,0.2236,0.1343,1.0000,0.3442
stopwords+stemming,bm25,0.5,0.75,222,0.6000,0.6667,0.6316,0.7709,0.6071,1.0000,0.7622
stopwords+stemming,bm25,0.5,0.75,223,0.3000,0.7500,0.4286,0.5246,0.4792,0.5000,0.6096
stopwords+stemming,bm25,0.5,0.75,224,0.2000,0.2500,0.2222,0.1537,0.0563,0.2500,0.1515
stopwords+stemming,bm25,0.5,0.75,225,0.2000,0.0833,0.1176,0.0606,0.0417,0.5000,0.1330
stopwords+stemming,bm25,0.5,1,1,0.2000,0.0714,0.1053,0.1635,0.0500,1.0000,0.2180
stopwords+stemming,bm25,0.5,1,2,0.4000,0.1667,0.2353,0.1979,0.1458,1.0000,0.5461
stopwords+stemming,bm25,0.5,1,3,0.6000,0.7500,0.6667,0.4905,0.4329,0.5000,0.6066
stopwords+stemming,bm25,0.5,1,4,0.1000,0.5000,0.1667,0.5227,0.5000,1.0000,0.6131
stopwords+stemming,bm25,0.5,1,5,0.3000,0.7500,0.4286,0.3217,0.3000,0.5000,0.4729
stopwords+stemming,bm25,0.5,1,6,0.1000,0.2500,0.1429,0.1486,0.1250,0.5000,0.2061
stopwords+stemming,bm25,0.5,1,7,0.2000,0.4000,0.2667,0.1898,0.1667,0.3333,0.2859
stopwords+stemming,bm25,0.5,1,8,0.1000,0.0909,0.0952,0.1057,0.0455,0.5000,0.1684
stopwords+stemming,bm25,0.5,1,9,0.2000,0.6667,0.3077,0.3636,0.3333,0.5000,0.4982
stopwords+stemming,bm25,0.5,1,10,0.3000,0.3750,0.3333,0.2632,0.2135,1.0000,0.3836
stopwords+stemming,bm25,0.5,1,11,0.2000,0.2857,0.2353,0.1488,0.0643,0.2000,0.1757
stopwords+stemming,bm25,0.5,1,12,0.1000,0.2000,0.1333,0.1060,0.0667,0.3333,0.1858
stopwords+stemming,bm25,0.5,1,13,0.0000,0.0000,0.0000,0.0000,0.0000,0.0000,0.0000
stopwords+stemming,bm25,0.5,1,14,0.1000,0.5000,0.1667,0.0661,0.0556,0.1111,0.2600
stopwords+stemming,bm25,0.5,1,15,0.2000,1.0000,0.3333,0.8333,0.8333,1.0000,0.7602
stopwords+stemming,bm25,0.5,1,16,0.2000,0.6667,0.3077,0.2059,0.1944,0.3333,0.3699
stopwords+stemming,bm25,0.5,1,17,0.1000,0.5000,0.1667,0.1754,0.1667,0.3333,0.3520
stopwords+stemming,bm25,0.5,1,18,0.1000,0.3333,0.1538,0.3546,0.3333,1.0000,0.4693
stopwords+stemming,bm25,0.5,1,19,0.0000,0.0000,0.0000,0.0178,0.0000,0.0714,0.0000
stopwords+stemming,bm25,0.5,1,20,0.5000,0.5556,0.5263,0.4765,0.3565,0.5000,0.5249
stopwords+stemming,bm25,0.5,1,21,0.0000,0.0000,0.0000,0.0357,0.0000,0.0400,0.0000
stopwords+stemming,bm25,0.5,1,22,0.0000,0.0000,0.0000,0.0000,0.0000,0.0000,0.0000
stopwords+stemming,bm25,0.5,1,23,0.1000,0.0312,0.0476,0.1205,0.0104,0.3333,0.1310
stopwords+stemming,bm25,0.5,1,24,0.2000,0.6667,0.3077,0.3490,0.3333,0.5000,0.5405
stopwords+stemming,bm25,0.5,1,25,0.6000,0.6667,0.6316,0.6249,0.5823,1.0000,0.7053
stopwords+stemming,bm25,0.5,1,26,0.2000,0.3333,0.2500,0.1437,0.1083,0.2500,0.2833
stopwords+stemming,bm25,0.5,1,27,0.1000,0.3333,0.1538,0.1058,0.0833,0.2500,0.2455
stopwords+stemming,bm25,0.5,1,28,0.0000,0.0000,0.0000,0.0038,0.0000,0.0035,0.0000
stopwords+stemming,bm25,0.5,1,29,0.4000,0.4444,0.4211,0.3733,0.2901,1.0000,0.3714
stopwords+stemming,bm25,0.5,1,30,0.0000,0.0000,0.0000,0.0467,0.0000,0.0909,0.0000
stopwords+stemming,bm25,0.5,1,31,0.0000,0.0000,0.0000,0.0000,0.0000,0.0000,0.0000
stopwords+stemming,bm25,0.5,1,32,0.0000,0.0000,0.0000,0.0114,0.0000,0.0114,0.0000
stopwords+stemming,bm25,0.5,1,33,0.2000,0.6667,0.3077,0.4556,0.3889,0.5000,0.4335
stopwords+stemming,bm25,0.5,1,34,0.2000,0.3333,0.2500,0.1749,0.0648,0.1667,0.1527
stopwords+stemming,bm25,0.5,1,35,0.0000,0.0000,0.0000,0.0216,0.0000,0.0278,0.0000
stopwords+stemming,bm25,0.5,1,36,0.1000,0.5000,0.1667,0.2652,0.2500,0.5000,0.2961
stopwords+stemming,bm25,0.5,1,37,0.0000,0.0000,0.0000,0.0406,0.0000,0.0333,0.0000
stopwords+stemming,bm25,0.5,1,38,0.0000,0.0000,0.0000,0.0659,0.0000,0.0714,0.0000
stopwords+stemming,bm25,0.5,1,39,0.3000,0.2308,0.2609,0.1231,0.0830,0.2500,0.2068
stopwords+stemming,bm25,0.5,1,40,0.2000,0.1667,0.1818,0.0755,0.0333,0.2000,0.1062
stopwords+stemming,bm25,0.5,1,41,0.3000,1.0000,0.4615,0.7667,0.7667,1.0000,0.8785
stopwords+stemming,bm25,0.5,1,42,0.3000,0.6000,0.4000,0.1861,0.1721,0.2000,0.3694
stopwords+stemming,bm25,0.5,1,43,0.4000,0.6667,0.5000,0.5349,0.5167,1.0000,0.7873
stopwords+stemming,bm25,0.5,1,44,0.0000,0.0000,0.0000,0.0000,0.0000,0.0000,0.0000
stopwords+stemming,bm25,0.5,1,45,0.1000,0.0833,0.0909,0.1246,0.0417,0.5000,0.1766
stopwords+stemming,bm25,0.5,1,46,0.4000,0.2667,0.3200,0.3254,0.2056,1.0000,0.4669
stopwords+stemming,bm25,0.5,1,47,0.4000,0.2857,0.3333,0.3439,0.1357,0.5000,0.3735
stopwords+stemming,bm25,0.5,1,48,0.2000,0.1818,0.1905,0.1796,0.1061,0.5000,0.2556
stopwords+stemming,bm25,0.5,1,49,0.1000,0.5000,0.1667,0.1137,0.1000,0.2000,0.2941
stopwords+stemming,bm25,0.5,1,50,0.1000,0.1667,0.1250,0.1008,0.0833,0.5000,0.2882
stopwords+stemming,bm25,0.5,1,51,0.5000,0.5000,0.5000,0.4851,0.3821,1.0000,0.3926
stopwords+stemming,bm25,0.5,1,52,0.3000,0.7500,0.4286,0.6568,0.6042,1.0000,0.5557
stopwords+stemming,bm25,0.5,1,53,0.1000,0.1000,0.1000,0.2498,0.1000,1.0000,0.1620
stopwords+stemming,bm25,0.5,1,54,0.1000,0.1111,0.1053,0.1459,0.0556,0.5000,0.2129
stopwords+stemming,bm25,0.5,1,55,0.3000,0.3000,0.3000,0.2036,0.0856,0.3333,0.1530
stopwords+stemming,bm25,0.5,1,56,0.2000,0.2000,0.2000,0.1109,0.0750,0.5000,0.1644
stopwords+stemming,bm25,0.5,1,57,0.0000,0.0000,0.0000,0.0520,0.0000,0.0909,0.0000
stopwords+stemming,bm25,0.5,1,58,0.2000,0.2222,0.2105,0.1588,0.0500,0.2500,0.2023
stopwords+stemming,bm25,0.5,1,59,0.1000,0.2500,0.1429,0.1000,0.0357,0.1429,0.1089
stopwords+stemming,bm25,0.5,1,60,0.3000,0.6000,0.4000,0.4372,0.4200,1.0000,0.5271
stopwords+stemming,bm25,0.5,1,61,0.3000,0.6000,0.4000,0.4658,0.4000,1.0000,0.5744
stopwords+stemming,bm25,0.5,1,62,0.0000,0.0000,0.0000,0.0197,0.0000,0.0400,0.0000
stopwords+stemming,bm25,0.5,1,63,0.0000,0.0000,0.0000,0.0211,0.0000,0.0156,0.0000
stopwords+stemming,bm25,0.5,1,64,0.1000,0.5000,0.1667,0.5123,0.5000,1.0000,0.6788
stopwords+stemming,bm25,0.5,1,65,0.3000,0.2000,0.2400,0.1703,0.0681,0.5000,0.2793
stopwords+stemming,bm25,0.5,1,66,0.1000,0.2000,0.1333,0.0754,0.0286,0.1429,0.1328
stopwords+stemming,bm25,0.5,1,67,0.5000,0.3571,0.4167,0.3979,0.2744,1.0000,0.5953
stopwords+stemming,bm25,0.5,1,68,0.1000,0.2000,0.1333,0.0707,0.0400,0.2000,0.1683
stopwords+stemming,bm25,0.5,1,69,0.1000,0.2000,0.1333,0.0444,0.0250,0.1250,0.1325
stopwords+stemming,bm25,0.5,1,70,0.1000,0.1000,0.1000,0.0989,0.0500,0.5000,0.1531
stopwords+stemming,bm25,0.5,1,71,0.0000,0.0000,0.0000,0.0395,0.0000,0.0588,0.0000
stopwords+stemming,bm25,0.5,1,72,0.1000,0.0588,0.0741,0.0989,0.0588,1.0000,0.2823
stopwords+stemming,bm25,0.5,1,73,0.6000,0.3000,0.4000,0.3323,0.2119,1.0000,0.6375
stopwords+stemming,bm25,0.5,1,74,0.1000,0.1667,0.1250,0.0956,0.0278,0.1667,0.1512
stopwords+stemming,bm25,0.5,1,75,0.0000,0.0000,0.0000,0.0145,0.0000,0.0147,0.0000
stopwords+stemming,bm25,0.5,1,76,0.3000,0.4286,0.3529,0.3128,0.2738,0.5000,0.4068
stopwords+stemming,bm25,0.5,1,77,0.3000,0.5000,0.3750,0.3291,0.2292,0.5000,0.2924
stopwords+stemming,bm25,0.5,1,78,0.2000,0.6667,0.3077,0.5119,0.4286,1.0000,0.5701
stopwords+stemming,bm25,0.5,1,79,0.1000,0.2000,0.1333,0.0378,0.0200,0.1000,0.1262
stopwords+stemming,bm25,0.5,1,80,0.0000,0.0000,0.0000,0.0102,0.0000,0.0152,0.0000
stopwords+stemming,bm25,0.5,1,81,0.2000,1.0000,0.3333,0.8333,0.8333,1.0000,0.6478
stopwords+stemming,bm25,0.5,1,82,0.3000,0.6000,0.4000,0.4209,0.4000,1.0000,0.6549
stopwords+stemming,bm25,0.5,1,83,0.1000,0.2500,0.1429,0.2588,0.2500,1.0000,0.3904
stopwords+stemming,bm25,0.5,1,84,0.4000,0.3636,0.3810,0.3973,0.3333,1.0000,0.3795
stopwords+stemming,bm25,0.5,1,85,0.1000,0.2500,0.1429,0.1370,0.1250,0.5000,0.1627
stopwords+stemming,bm25,0.5,1,86,0.2000,1.0000,0.3333,0.5833,0.5833,0.5000,0.6934
stopwords+stemming,bm25,0.5,1,87,0.0000,0.0000,0.0000,0.0148,0.0000,0.0303,0.0000
stopwords+stemming,bm25,0.5,1,88,0.6000,1.0000,0.7500,0.6968,0.6968,0.5000,0.7682
stopwords+stemming,bm25,0.5,1,89,0.1000,0.1667,0.1250,0.1984,0.0556,0.3333,0.2123
stopwords+stemming,bm25,0.5,1,90,0.3000,0.2308,0.2609,0.1967,0.1128,0.5000,0.1896
stopwords+stemming,bm25,0.5,1,91,0.3000,0.3333,0.3158,0.3241,0.1958,1.0000,0.4765
stopwords+stemming,bm25,0.5,1,92,0.5000,0.3846,0.4348,0.4276,0.3248,1.0000,0.3511
stopwords+stemming,bm25,0.5,1,93,0.1000,1.0000,0.1818,0.5000,0.5000,0.5000,0.6309
stopwords+stemming,bm25,0.5,1,94,0.5000,0.4167,0.4545,0.3735,0.2164,0.5000,0.3479
stopwords+stemming,bm25,0.5,1,95,0.1000,0.5000,0.1667,0.3409,0.2500,0.5000,0.1362
stopwords+stemming,bm25,0.5,1,96,0.5000,0.3846,0.4348,0.3429,0.1978,0.5000,0.4218
stopwords+stemming,bm25,0.5,1,97,0.3000,0.3000,0.3000,0.1909,0.1542,0.5000,0.2765
stopwords+stemming,bm25,0.5,1,98,0.0000,0.0000,0.0000,0.0243,0.0000,0.0400,0.0000
stopwords+stemming,bm25,0.5,1,99,0.2000,0.5000,0.2857,0.2500,0.2083,0.3333,0.4134
stopwords+stemming,bm25,0.5,1,100,0.3000,0.3333,0.3158,0.3297,0.2778,1.0000,0.5063
stopwords+stemming,bm25,0.5,1,101,0.5000,0.8333,0.6250,0.5306,0.4537,0.5000,0.6209
stopwords+stemming,bm25,0.5,1,102,0.1000,0.2500,0.1429,0.3344,0.2500,1.0000,0.2731
stopwords+stemming,bm25,0.5,1,103,0.0000,0.0000,0.0000,0.0143,0.0000,0.0286,0.0000
stopwords+stemming,bm25,0.5,1,104,0.1000,0.2000,0.1333,0.1251,0.1000,0.5000,0.2140
stopwords+stemming,bm25,0.5,1,105,0.3000,0.6000,0.4000,0.5303,0.4833,1.0000,0.7422
stopwords+stemming,bm25,0.5,1,106,0.3000,0.6000,0.4000,0.5127,0.4533,1.0000,0.7030
stopwords+stemming,bm25,0.5,1,107,0.3000,0.4286,0.3529,0.2898,0.1619,0.5000,0.3610
stopwords+stemming,bm25,0.5,1,108,0.5000,0.7143,0.5882,0.7787,0.6619,1.0000,0.7856
stopwords+stemming,bm25,0.5,1,109,0.0000,0.0000,0.0000,0.0425,0.0000,0.0294,0.0000
stopwords+stemming,bm25,0.5,1,110,0.1000,0.2500,0.1429,0.0848,0.0625,0.2500,0.2166
stopwords+stemming,bm25,0.5,1,111,0.3000,0.4286,0.3529,0.2998,0.2041,0.5000,0.2966
stopwords+stemming,bm25,0.5,1,112,0.1000,0.5000,0.1667,0.2917,0.2500,0.5000,0.2398
stopwords+stemming,bm25,0.5,1,113,0.2000,0.5000,0.2857,0.1271,0.0857,0.1429,0.2430
stopwords+stemming,bm25,0.5,1,114,0.1000,0.2500,0.1429,0.0663,0.0417,0.1667,0.1838
stopwords+stemming,bm25,0.5,1,115,0.1000,0.2500,0.1429,0.0469,0.0417,0.1667,0.1690
stopwords+stemming,bm25,0.5,1,116,0.0000,0.0000,0.0000,0.0272,0.0000,0.0333,0.0000
stopwords+stemming,bm25,0.5,1,117,0.0000,0.0000,0.0000,0.0382,0.0000,0.0625,0.0000
stopwords+stemming,bm25,0.5,1,118,0.2000,0.6667,0.3077,0.2937,0.2778,0.3333,0.4488
stopwords+stemming,bm25,0.5,1,119,0.1000,1.0000,0.1818,0.1667,0.1667,0.1667,0.3562
stopwords+stemming,bm25,0.5,1,120,0.3000,0.3333,0.3158,0.3563,0.1630,0.5000,0.3687
stopwords+stemming,bm25,0.5,1,121,0.4000,0.5714,0.4706,0.4907,0.3881,0.5000,0.5130
stopwords+stemming,bm25,0.5,1,122,0.0000,0.0000,0.0000,0.0981,0.0000,0.0909,0.0000
stopwords+stemming,bm25,0.5,1,123,0.0000,0.0000,0.0000,0.0410,0.0000,0.0385,0.0000
stopwords+stemming,bm25,0.5,1,124,0.0000,0.0000,0.0000,0.0032,0.0000,0.0030,0.0000
stopwords+stemming,bm25,0.5,1,125,0.3000,0.1765,0.2222,0.2401,0.1039,0.5000,0.3271
stopwords+stemming,bm25,0.5,1,126,0.2000,0.2500,0.2222,0.2204,0.2083,1.0000,0.4718
stopwords+stemming,bm25,0.5,1,127,0.1000,0.2000,0.1333,0.1059,0.0500,0.2500,0.1284
stopwords+stemming,bm25,0.5,1,128,0.0000,0.0000,0.0000,0.0215,0.0000,0.0385,0.0000
stopwords+stemming,bm25,0.5,1,129,0.4000,0.5714,0.4706,0.3596,0.3373,0.5000,0.5198
stopwords+stemming,bm25,0.5,1,130,0.4000,0.8000,0.5333,0.3844,0.3800,0.5000,0.5460
stopwords+stemming,bm25,0.5,1,131,0.2000,0.2500,0.2222,0.2371,0.0458,0.1667,0.1013
stopwords+stemming,bm25,0.5,1,132,0.7000,0.4667,0.5600,0.6255,0.2887,0.5000,0.4439
stopwords+stemming,bm25,0.5,1,133,0.3000,0.4286,0.3529,0.4240,0.2738,0.5000,0.4098
stopwords+stemming,bm25,0.5,1,134,0.1000,0.5000,0.1667,0.2647,0.2500,0.5000,0.2961
stopwords+stemming,bm25,0.5,1,135,0.5000,0.6250,0.5556,0.5933,0.4173,1.0000,0.3609
stopwords+stemming,bm25,0.5,1,136,0.2000,0.6667,0.3077,0.4641,0.4444,1.0000,0.8490
stopwords+stemming,bm25,0.5,1,137,0.2000,0.5000,0.2857,0.2116,0.1806,0.5000,0.3044
stopwords+stemming,bm25,0.5,1,138,0.1000,0.5000,0.1667,0.1323,0.1000,0.2000,0.2372
stopwords+stemming,bm25,0.5,1,139,0.0000,0.0000,0.0000,0.0091,0.0000,0.0159,0.0000
stopwords+stemming,bm25,0.5,1,140,0.2000,0.3333,0.2500,0.1807,0.1500,0.5000,0.4047
stopwords+stemming,bm25,0.5,1,141,0.2000,0.3333,0.2500,0.4173,0.3333,1.0000,0.5455
stopwords+stemming,bm25,0.5,1,142,0.0000,0.0000,0.0000,0.0769,0.0000,0.0769,0.0000
stopwords+stemming,bm25,0.5,1,143,0.2000,1.0000,0.3333,0.6111,0.6111,1.0000,0.7977
stopwords+stemming,bm25,0.5,1,144,0.3000,0.5000,0.3750,0.2957,0.1597,0.2500,0.3491
stopwords+stemming,bm25,0.5,1,145,0.1000,0.1429,0.1176,0.1044,0.0286,0.2000,0.0814
stopwords+stemming,bm25,0.5,1,146,0.2000,1.0000,0.3333,0.7500,0.7500,1.0000,0.7075
stopwords+stemming,bm25,0.5,1,147,0.4000,0.4000,0.4000,0.2855,0.2433,0.5000,0.4335
stopwords+stemming,bm25,0.5,1,148,0.2000,0.3333,0.2500,0.1855,0.1389,0.3333,0.3194
stopwords+stemming,bm25,0.5,1,149,0.4000,0.3636,0.3810,0.2952,0.2030,1.0000,0.4448
stopwords+stemming,bm25,0.5,1,150,0.2000,1.0000,0.3333,0.8333,0.8333,1.0000,0.9197
stopwords+stemming,bm25,0.5,1,151,0.0000,0.0000,0.0000,0.0272,0.0000,0.0357,0.0000
stopwords+stemming,bm25,0.5,1,152,0.0000,0.0000,0.0000,0.0084,0.0000,0.0137,0.0000
stopwords+stemming,bm25,0.5,1,153,0.2000,0.2857,0.2353,0.1467,0.1000,0.5000,0.1950
stopwords+stemming,bm25,0.5,1,154,0.1000,0.5000,0.1667,0.5833,0.5000,1.0000,0.4693
stopwords+stemming,bm25,0.5,1,155,0.1000,0.1667,0.1250,0.1188,0.0833,0.5000,0.1420
stopwords+stemming,bm25,0.5,1,156,0.7000,0.5000,0.5833,0.5482,0.4786,1.0000,0.5725
stopwords+stemming,bm25,0.5,1,157,0.6000,0.1538,0.2449,0.2405,0.1081,0.5000,0.4547
stopwords+stemming,bm25,0.5,1,158,0.1000,0.1250,0.1111,0.1966,0.1250,1.0000,0.3630
stopwords+stemming,bm25,0.5,1,159,0.2000,0.2500,0.2222,0.0673,0.0429,0.1429,0.1256
stopwords+stemming,bm25,0.5,1,160,0.1000,0.2000,0.1333,0.1194,0.1000,0.5000,0.2484
stopwords+stemming,bm25,0.5,1,161,0.3000,0.5000,0.3750,0.5273,0.5000,1.0000,0.7193
stopwords+stemming,bm25,0.5,1,162,0.2000,0.2500,0.2222,0.2583,0.1458,0.5000,0.2005
stopwords+stemming,bm25,0.5,1,163,0.2000,0.6667,0.3077,0.2375,0.2167,0.2500,0.3836
stopwords+stemming,bm25,0.5,1,164,0.4000,0.5000,0.4444,0.5386,0.5000,1.0000,0.6809
stopwords+stemming,bm25,0.5,1,165,0.2000,1.0000,0.3333,0.5833,0.5833,0.5000,0.6934
stopwords+stemming,bm25,0.5,1,166,0.0000,0.0000,0.0000,0.0442,0.0000,0.0833,0.0000
stopwords+stemming,bm25,0.5,1,167,0.2000,1.0000,0.3333,0.7500,0.7500,1.0000,0.9060
stopwords+stemming,bm25,0.5,1,168,0.1000,0.5000,0.1667,0.1042,0.0833,0.1667,0.2184
stopwords+stemming,bm25,0.5,1,169,0.2000,0.5000,0.2857,0.2247,0.2083,0.3333,0.3633
stopwords+stemming,bm25,0.5,1,170,0.3000,0.5000,0.3750,0.5432,0.5000,1.0000,0.6386
stopwords+stemming,bm25,0.5,1,171,0.2000,0.6667,0.3077,0.5833,0.5556,1.0000,0.6407
stopwords+stemming,bm25,0.5,1,172,0.4000,1.0000,0.5714,0.8042,0.8042,1.0000,0.8940
stopwords+stemming,bm25,0.5,1,173,0.2000,1.0000,0.3333,1.0000,1.0000,1.0000,1.0000
stopwords+stemming,bm25,0.5,1,174,0.1000,0.2000,0.1333,0.0473,0.0222,0.1111,0.1180
stopwords+stemming,bm25,0.5,1,175,0.1000,0.2000,0.1333,0.0547,0.0250,0.1250,0.1179
stopwords+stemming,bm25,0.5,1,176,0.0000,0.0000,0.0000,0.0448,0.0000,0.0714,0.0000
stopwords+stemming,bm25,0.5,1,177,0.4000,0.8000,0.5333,0.6909,0.6000,1.0000,0.8234
stopwords+stemming,bm25,0.5,1,178,0.2000,0.5000,0.2857,0.3768,0.3214,1.0000,0.6998
stopwords+stemming,bm25,0.5,1,179,0.2000,0.5000,0.2857,0.4265,0.4167,1.0000,0.5856
stopwords+stemming,bm25,0.5,1,180,0.3000,0.4286,0.3529,0.3663,0.2524,0.5000,0.3497
stopwords+stemming,bm25,0.5,1,181,0.1000,0.2000,0.1333,0.2600,0.2000,1.0000,0.2491
stopwords+stemming,bm25,0.5,1,182,0.2000,1.0000,0.3333,0.5833,0.5833,0.5000,0.6697
stopwords+stemming,bm25,0.5,1,183,0.3000,0.2308,0.2609,0.2252,0.0971,0.5000,0.2346
stopwords+stemming,bm25,0.5,1,184,0.1000,0.1429,0.1176,0.2205,0.1429,1.0000,0.2881
stopwords+stemming,bm25,0.5,1,185,0.6000,0.6667,0.6316,0.8110,0.6222,1.0000,0.8115
stopwords+stemming,bm25,0.5,1,186,0.5000,0.3125,0.3846,0.1787,0.1587,0.5000,0.4521
stopwords+stemming,bm25,0.5,1,187,0.3000,0.5000,0.3750,0.2020,0.1944,0.5000,0.3639
stopwords+stemming,bm25,0.5,1,188,0.4000,0.3636,0.3810,0.3625,0.2374,1.0000,0.5204
stopwords+stemming,bm25,0.5,1,189,0.1000,0.1111,0.1053,0.0832,0.0222,0.2000,0.0748
stopwords+stemming,bm25,0.5,1,190,0.2000,0.4000,0.2667,0.4646,0.4000,1.0000,0.4684
stopwords+stemming,bm25,0.5,1,191,0.3000,0.2308,0.2609,0.2886,0.0668,0.2500,0.2046
stopwords+stemming,bm25,0.5,1,192,0.3000,0.7500,0.4286,0.5625,0.5417,1.0000,0.7246
stopwords+stemming,bm25,0.5,1,193,0.6000,0.6667,0.6316,0.7987,0.6508,1.0000,0.6861
stopwords+stemming,bm25,0.5,1,194,0.2000,0.3333,0.2500,0.1875,0.1032,0.3333,0.2269
stopwords+stemming,bm25,0.5,1,195,0.0000,0.0000,0.0000,0.0553,0.0000,0.0833,0.0000
stopwords+stemming,bm25,0.5,1,196,0.3000,0.2500,0.2727,0.1245,0.0903,0.5000,0.2585
stopwords+stemming,bm25,0.5,1,197,0.2000,0.6667,0.3077,0.4477,0.3889,0.5000,0.5249
stopwords+stemming,bm25,0.5,1,198,0.3000,0.7500,0.4286,0.5023,0.5000,1.0000,0.6899
stopwords+stemming,bm25,0.5,1,199,0.2000,0.2500,0.2222,0.0805,0.0429,0.1429,0.1384
stopwords+stemming,bm25,0.5,1,200,0.2000,0.6667,0.3077,0.2492,0.1778,0.3333,0.3703
stopwords+stemming,bm25,0.5,1,201,0.5000,0.3125,0.3846,0.3404,0.2180,1.0000,0.6045
stopwords+stemming,bm25,0.5,1,202,0.3000,0.2143,0.2500,0.1940,0.1369,0.5000,0.2384
stopwords+stemming,bm25,0.5,1,203,0.3000,0.2143,0.2500,0.1281,0.1000,0.5000,0.3359
stopwords+stemming,bm25,0.5,1,204,0.0000,0.0000,0.0000,0.0327,0.0000,0.0244,0.0000
stopwords+stemming,bm25,0.5,1,205,0.2000,1.0000,0.3333,0.6667,0.6667,1.0000,0.8316
stopwords+stemming,bm25,0.5,1,206,0.2000,0.6667,0.3077,0.2639,0.2619,0.5000,0.4909
stopwords+stemming,bm25,0.5,1,207,0.0000,0.0000,0.0000,0.0052,0.0000,0.0095,0.0000
stopwords+stemming,bm25,0.5,1,208,0.3000,0.5000,0.3750,0.3945,0.2944,0.5000,0.5175
stopwords+stemming,bm25,0.5,1,209,0.1000,0.0833,0.0909,0.1108,0.0083,0.1000,0.0589
stopwords+stemming,bm25,0.5,1,210,0.2000,0.3333,0.2500,0.2593,0.1944,0.5000,0.3808
stopwords+stemming,bm25,0.5,1,211,0.1000,0.0909,0.0952,0.1854,0.0909,1.0000,0.1096
stopwords+stemming,bm25,0.5,1,212,0.5000,0.3571,0.4167,0.4858,0.3016,1.0000,0.4819
stopwords+stemming,bm25,0.5,1,213,0.5000,0.4545,0.4762,0.4936,0.3682,1.0000,0.5668
stopwords+stemming,bm25,0.5,1,214,0.1000,0.2500,0.1429,0.1621,0.1250,0.5000,0.2463
stopwords+stemming,bm25,0.5,1,215,0.0000,0.0000,0.0000,0.0492,0.0000,0.0714,0.0000
stopwords+stemming,bm25,0.5,1,216,0.0000,0.0000,0.0000,0.0016,0.0000,0.0016,0.0000
stopwords+stemming,bm25,0.5,1,217,0.2000,0.1333,0.1600,0.1756,0.0778,0.5000,0.2303
stopwords+stemming,bm25,0.5,1,218,0.2000,0.1333,0.1600,0.1833,0.0370,0.3333,0.1200
stopwords+stemming,bm25,0.5,1,219,0.0000,0.0000,0.0000,0.0307,0.0000,0.0169,0.0000
stopwords+stemming,bm25,0.5,1,220,0.2000,0.1053,0.1379,0.2061,0.1053,1.0000,0.2455
stopwords+stemming,bm25,0.5,1,221,0.3000,0.1667,0.2143,0.2193,0.1343,1.0000,0.3442
stopwords+stemming,bm25,0.5,1,222,0.6000,0.6667,0.6316,0.7545,0.5979,1.0000,0.7582
stopwords+stemming,bm25,0.5,1,223,0.3000,0.7500,0.4286,0.5162,0.4792,0.5000,0.6096
stopwords+stemming,bm25,0.5,1,224,0.2000,0.2500,0.2222,0.1557,0.0563,0.2500,0.1896
stopwords+stemming,bm25,0.5,1,225,0.2000,0.0833,0.1176,0.0677,0.0486,0.5000,0.1454
stopwords+stemming,bm25,1.2,0,1,0.3000,0.1071,0.1579,0.1453,0.0629,1.0000,0.2376
stopwords+stemming,bm25,1.2,0,2,0.4000,0.1667,0.2353,0.1921,0.1340,1.0000,0.4812
stopwords+stemming,bm25,1.2,0,3,0.4000,0.5000,0.4444,0.3443,0.2216,0.5000,0.4179
stopwords+stemming,bm25,1.2,0,4,0.1000,0.5000,0.1667,0.2704,0.2500,0.5000,0.3869
stopwords+stemming,bm25,1.2,0,5,0.3000,0.7500,0.4286,0.4542,0.4405,1.0000,0.5675
stopwords+stemming,bm25,1.2,0,6,0.1000,0.2500,0.1429,0.0998,0.0625,0.2500,0.1407
stopwords+stemming,bm25,1.2,0,7,0.2000,0.4000,0.2667,0.1671,0.1467,0.3333,0.2725
stopwords+stemming,bm25,1.2,0,8,0.1000,0.0909,0.0952,0.1467,0.0909,1.0000,0.2670
stopwords+stemming,bm25,1.2,0,9,0.2000,0.6667,0.3077,0.1929,0.1778,0.2000,0.3487
stopwords+stemming,bm25,1.2,0,10,0.1000,0.1250,0.1111,0.1126,0.0625,0.5000,0.1323
stopwords+stemming,bm25,1.2,0,11,0.2000,0.2857,0.2353,0.1485,0.0524,0.1667,0.2082
stopwords+stemming,bm25,1.2,0,12,0.0000,0.0000,0.0000,0.0369,0.0000,0.0526,0.0000
stopwords+stemming,bm25,1.2,0,13,0.0000,0.0000,0.0000,0.0000,0.0000,0.0000,0.0000
stopwords+stemming,bm25,1.2,0,14,0.0000,0.0000,0.0000,0.0537,0.0000,0.0833,0.0000
stopwords+stemming,bm25,1.2,0,15,0.2000,1.0000,0.3333,0.7500,0.7500,1.0000,0.7075
stopwords+stemming,bm25,1.2,0,16,0.2000,0.6667,0.3077,0.1635,0.1508,0.1667,0.3298
stopwords+stemming,bm25,1.2,0,17,0.0000,0.0000,0.0000,0.0349,0.0000,0.0526,0.0000
stopwords+stemming,bm25,1.2,0,18,0.1000,0.3333,0.1538,0.3530,0.3333,1.0000,0.4693
stopwords+stemming,bm25,1.2,0,19,0.0000,0.0000,0.0000,0.0122,0.0000,0.0167,0.0000
stopwords+stemming,bm25,1.2,0,20,0.5000,0.5556,0.5263,0.3351,0.2885,0.5000,0.4754
stopwords+stemming,bm25,1.2,0,21,0.0000,0.0000,0.0000,0.0285,0.0000,0.0345,0.0000
stopwords+stemming,bm25,1.2,0,22,0.0000,0.0000,0.0000,0.0000,0.0000,0.0000,0.0000
stopwords+stemming,bm25,1.2,0,23,0.1000,0.0312,0.0476,0.1131,0.0156,0.5000,0.1654
stopwords+stemming,bm25,1.2,0,24,0.2000,0.6667,0.3077,0.3522,0.3333,0.5000,0.5405
stopwords+stemming,bm25,1.2,0,25,0.6000,0.6667,0.6316,0.6804,0.6323,1.0000,0.7502
stopwords+stemming,bm25,1.2,0,26,0.2000,0.3333,0.2500,0.1545,0.1222,0.3333,0.3073
stopwords+stemming,bm25,1.2,0,27,0.0000,0.0000,0.0000,0.0421,0.0000,0.0714,0.0000
stopwords+stemming,bm25,1.2,0,28,0.0000,0.0000,0.0000,0.0034,0.0000,0.0023,0.0000
stopwords+stemming,bm25,1.2,0,29,0.3000,0.3333,0.3158,0.2774,0.1972,1.0000,0.2446
stopwords+stemming,bm25,1.2,0,30,0.0000,0.0000,0.0000,0.0478,0.0000,0.0714,0.0000
stopwords+stemming,bm25,1.2,0,31,0.0000,0.0000,0.0000,0.0000,0.0000,0.0000,0.0000
stopwords+stemming,bm25,1.2,0,32,0.0000,0.0000,0.0000,0.0104,0.0000,0.0074,0.0000
stopwords+stemming,bm25,1.2,0,33,0.3000,1.0000,0.4615,0.5000,0.5000,0.5000,0.6284
stopwords+stemming,bm25,1.2,0,34,0.2000,0.3333,0.2500,0.2085,0.0972,0.2500,0.1828
stopwords+stemming,bm25,1.2,0,35,0.0000,0.0000,0.0000,0.0274,0.0000,0.0556,0.0000
stopwords+stemming,bm25,1.2,0,36,0.1000,0.5000,0.1667,0.2603,0.2500,0.5000,0.2961
stopwords+stemming,bm25,1.2,0,37,0.0000,0.0000,0.0000,0.0415,0.0000,0.0294,0.0000
stopwords+stemming,bm25,1.2,0,38,0.0000,0.0000,0.0000,0.0627,0.0000,0.0667,0.0000
stopwords+stemming,bm25,1.2,0,39,0.2000,0.1538,0.1739,0.1166,0.0641,0.5000,0.2254
stopwords+stemming,bm25,1.2,0,40,0.2000,0.1667,0.1818,0.1398,0.0972,0.5000,0.1777
stopwords+stemming,bm25,1.2,0,41,0.3000,1.0000,0.4615,0.7778,0.7778,1.0000,0.8845
stopwords+stemming,bm25,1.2,0,42,0.3000,0.6000,0.4000,0.1766,0.1667,0.2000,0.3615
stopwords+stemming,bm25,1.2,0,43,0.3000,0.5000,0.3750,0.3442,0.2768,1.0000,0.5486
stopwords+stemming,bm25,1.2,0,44,0.0000,0.0000,0.0000,0.0000,0.0000,0.0000,0.0000
stopwords+stemming,bm25,1.2,0,45,0.1000,0.0833,0.0909,0.1220,0.0417,0.5000,0.1766
stopwords+stemming,bm25,1.2,0,46,0.6000,0.4000,0.4800,0.3962,0.3139,1.0000,0.5111
stopwords+stemming,bm25,1.2,0,47,0.4000,0.2857,0.3333,0.3508,0.1592,1.0000,0.4475
stopwords+stemming,bm25,1.2,0,48,0.3000,0.2727,0.2857,0.2046,0.1273,0.5000,0.2703
stopwords+stemming,bm25,1.2,0,49,0.0000,0.0000,0.0000,0.0347,0.0000,0.0556,0.0000
stopwords+stemming,bm25,1.2,0,50,0.0000,0.0000,0.0000,0.0211,0.0000,0.0323,0.0000
stopwords+stemming,bm25,1.2,0,51,0.5000,0.5000,0.5000,0.3609,0.2844,1.0000,0.4631
stopwords+stemming,bm25,1.2,0,52,0.2000,0.5000,0.2857,0.2073,0.1181,0.2500,0.2335
stopwords+stemming,bm25,1.2,0,53,0.3000,0.3000,0.3000,0.2319,0.1700,1.0000,0.3809
stopwords+stemming,bm25,1.2,0,54,0.2000,0.2222,0.2105,0.1900,0.1000,0.5000,0.2999
stopwords+stemming,bm25,1.2,0,55,0.1000,0.1000,0.1000,0.1551,0.0125,0.1250,0.0285
stopwords+stemming,bm25,1.2,0,56,0.2000,0.2000,0.2000,0.1155,0.0786,0.5000,0.1691
stopwords+stemming,bm25,1.2,0,57,0.0000,0.0000,0.0000,0.0598,0.0000,0.0435,0.0000
stopwords+stemming,bm25,1.2,0,58,0.1000,0.1111,0.1053,0.1296,0.0370,0.3333,0.1919
stopwords+stemming,bm25,1.2,0,59,0.0000,0.0000,0.0000,0.0689,0.0000,0.0833,0.0000
stopwords+stemming,bm25,1.2,0,60,0.3000,0.6000,0.4000,0.4428,0.4333,1.0000,0.5521
stopwords+stemming,bm25,1.2,0,61,0.3000,0.6000,0.4000,0.5192,0.4600,1.0000,0.6666
stopwords+stemming,bm25,1.2,0,62,0.0000,0.0000,0.0000,0.0187,0.0000,0.0323,0.0000
stopwords+stemming,bm25,1.2,0,63,0.0000,0.0000,0.0000,0.0264,0.0000,0.0222,0.0000
stopwords+stemming,bm25,1.2,0,64,0.1000,0.5000,0.1667,0.2614,0.2500,0.5000,0.4283
stopwords+stemming,bm25,1.2,0,65,0.0000,0.0000,0.0000,0.0830,0.0000,0.0526,0.0000
stopwords+stemming,bm25,1.2,0,66,0.0000,0.0000,0.0000,0.0429,0.0000,0.0417,0.0000
stopwords+stemming,bm25,1.2,0,67,0.1000,0.0714,0.0833,0.1414,0.0238,0.3333,0.1337
stopwords+stemming,bm25,1.2,0,68,0.1000,0.2000,0.1333,0.1050,0.0667,0.3333,0.2175
stopwords+stemming,bm25,1.2,0,69,0.1000,0.2000,0.1333,0.0615,0.0400,0.2000,0.1625
stopwords+stemming,bm25,1.2,0,70,0.1000,0.1000,0.1000,0.1605,0.1000,1.0000,0.2427
stopwords+stemming,bm25,1.2,0,71,0.1000,0.1250,0.1111,0.0704,0.0208,0.1667,0.1160
stopwords+stemming,bm25,1.2,0,72,0.0000,0.0000,0.0000,0.0369,0.0000,0.0909,0.0000
stopwords+stemming,bm25,1.2,0,73,0.5000,0.2500,0.3333,0.3257,0.1854,1.0000,0.6225
stopwords+stemming,bm25,1.2,0,74,0.1000,0.1667,0.1250,0.1446,0.0556,0.3333,0.2123
stopwords+stemming,bm25,1.2,0,75,0.0000,0.0000,0.0000,0.0118,0.0000,0.0093,0.0000
stopwords+stemming,bm25,1.2,0,76,0.4000,0.5714,0.4706,0.2861,0.2816,0.5000,0.4542
stopwords+stemming,bm25,1.2,0,77,0.3000,0.5000,0.3750,0.2727,0.2222,0.3333,0.2501
stopwords+stemming,bm25,1.2,0,78,0.2000,0.6667,0.3077,0.6144,0.5556,1.0000,0.6652
stopwords+stemming,bm25,1.2,0,79,0.0000,0.0000,0.0000,0.0245,0.0000,0.0312,0.0000
stopwords+stemming,bm25,1.2,0,80,0.0000,0.0000,0.0000,0.0081,0.0000,0.0114,0.0000
stopwords+stemming,bm25,1.2,0,81,0.2000,1.0000,0.3333,0.6429,0.6429,1.0000,0.5039
stopwords+stemming,bm25,1.2,0,82,0.2000,0.4000,0.2667,0.2904,0.2400,1.0000,0.4753
stopwords+stemming,bm25,1.2,0,83,0.1000,0.2500,0.1429,0.0936,0.0833,0.3333,0.1952
stopwords+stemming,bm25,1.2,0,84,0.3000,0.2727,0.2857,0.3370,0.2500,1.0000,0.2659
stopwords+stemming,bm25,1.2,0,85,0.1000,0.2500,0.1429,0.0730,0.0625,0.2500,0.1111
stopwords+stemming,bm25,1.2,0,86,0.2000,1.0000,0.3333,0.5833,0.5833,0.5000,0.6934
stopwords+stemming,bm25,1.2,0,87,0.0000,0.0000,0.0000,0.0134,0.0000,0.0227,0.0000
stopwords+stemming,bm25,1.2,0,88,0.6000,1.0000,0.7500,0.6357,0.6357,0.5000,0.7435
stopwords+stemming,bm25,1.2,0,89,0.2000,0.3333,0.2500,0.1756,0.0694,0.1667,0.2347
stopwords+stemming,bm25,1.2,0,90,0.3000,0.2308,0.2609,0.2094,0.1099,0.5000,0.2311
stopwords+stemming,bm25,1.2,0,91,0.4000,0.4444,0.4211,0.3586,0.2716,1.0000,0.5632
stopwords+stemming,bm25,1.2,0,92,0.5000,0.3846,0.4348,0.3936,0.3062,1.0000,0.3462
stopwords+stemming,bm25,1.2,0,93,0.1000,1.0000,0.1818,0.5000,0.5000,0.5000,0.6309
stopwords+stemming,bm25,1.2,0,94,0.6000,0.5000,0.5455,0.4809,0.3644,1.0000,0.5180
stopwords+stemming,bm25,1.2,0,95,0.1000,0.5000,0.1667,0.5588,0.5000,1.0000,0.2159
stopwords+stemming,bm25,1.2,0,96,0.6000,0.4615,0.5217,0.4227,0.3244,0.5000,0.5712
stopwords+stemming,bm25,1.2,0,97,0.3000,0.3000,0.3000,0.2089,0.1767,0.5000,0.2939
stopwords+stemming,bm25,1.2,0,98,0.0000,0.0000,0.0000,0.0249,0.0000,0.0455,0.0000
stopwords+stemming,bm25,1.2,0,99,0.2000,0.5000,0.2857,0.2742,0.2500,0.5000,0.4715
stopwords+stemming,bm25,1.2,0,100,0.3000,0.3333,0.3158,0.3418,0.2778,1.0000,0.5063
stopwords+stemming,bm25,1.2,0,101,0.5000,0.8333,0.6250,0.4763,0.4175,0.3333,0.5437
stopwords+stemming,bm25,1.2,0,102,0.1000,0.2500,0.1429,0.0702,0.0357,0.1429,0.0910
stopwords+stemming,bm25,1.2,0,103,0.0000,0.0000,0.0000,0.0227,0.0000,0.0455,0.0000
stopwords+stemming,bm25,1.2,0,104,0.1000,0.2000,0.1333,0.1154,0.1000,0.5000,0.2140
stopwords+stemming,bm25,1.2,0,105,0.3000,0.6000,0.4000,0.4335,0.3833,0.5000,0.5553
stopwords+stemming,bm25,1.2,0,106,0.3000,0.6000,0.4000,0.4046,0.3333,0.5000,0.5108
stopwords+stemming,bm25,1.2,0,107,0.2000,0.2857,0.2353,0.2167,0.1048,0.3333,0.2410
stopwords+stemming,bm25,1.2,0,108,0.5000,0.7143,0.5882,0.7015,0.5901,1.0000,0.7756
stopwords+stemming,bm25,1.2,0,109,0.0000,0.0000,0.0000,0.0325,0.0000,0.0294,0.0000
stopwords+stemming,bm25,1.2,0,110,0.0000,0.0000,0.0000,0.0252,0.0000,0.0400,0.0000
stopwords+stemming,bm25,1.2,0,111,0.2000,0.2857,0.2353,0.1943,0.0929,0.2500,0.1738
stopwords+stemming,bm25,1.2,0,112,0.1000,0.5000,0.1667,0.3214,0.2500,0.5000,0.2398
stopwords+stemming,bm25,1.2,0,113,0.1000,0.2500,0.1429,0.0789,0.0500,0.2000,0.1510
stopwords+stemming,bm25,1.2,0,114,0.1000,0.2500,0.1429,0.0544,0.0278,0.1111,0.1553
stopwords+stemming,bm25,1.2,0,115,0.1000,0.2500,0.1429,0.0575,0.0500,0.2000,0.1835
stopwords+stemming,bm25,1.2,0,116,0.1000,0.2000,0.1333,0.0385,0.0200,0.1000,0.0770
stopwords+stemming,bm25,1.2,0,117,0.0000,0.0000,0.0000,0.0225,0.0000,0.0312,0.0000
stopwords+stemming,bm25,1.2,0,118,0.2000,0.6667,0.3077,0.2237,0.2167,0.2500,0.3843
stopwords+stemming,bm25,1.2,0,119,0.1000,1.0000,0.1818,0.1667,0.1667,0.1667,0.3562
stopwords+stemming,bm25,1.2,0,120,0.3000,0.3333,0.3158,0.3137,0.1417,0.5000,0.3421
stopwords+stemming,bm25,1.2,0,121,0.4000,0.5714,0.4706,0.4357,0.3340,0.5000,0.4973
stopwords+stemming,bm25,1.2,0,122,0.1000,0.1111,0.1053,0.0525,0.0123,0.1111,0.0297
stopwords+stemming,bm25,1.2,0,123,0.0000,0.0000,0.0000,0.0479,0.0000,0.0588,0.0000
stopwords+stemming,bm25,1.2,0,124,0.0000,0.0000,0.0000,0.0031,0.0000,0.0031,0.0000
stopwords+stemming,bm25,1.2,0,125,0.3000,0.1765,0.2222,0.2738,0.1118,1.0000,0.3908
stopwords+stemming,bm25,1.2,0,126,0.2000,0.2500,0.2222,0.2631,0.2500,1.0000,0.5130
stopwords+stemming,bm25,1.2,0,127,0.2000,0.4000,0.2667,0.1457,0.0900,0.2000,0.2563
stopwords+stemming,bm25,1.2,0,128,0.0000,0.0000,0.0000,0.0225,0.0000,0.0400,0.0000
stopwords+stemming,bm25,1.2,0,129,0.4000,0.5714,0.4706,0.3642,0.3452,0.5000,0.5249
stopwords+stemming,bm25,1.2,0,130,0.4000,0.8000,0.5333,0.5754,0.5722,1.0000,0.7197
stopwords+stemming,bm25,1.2,0,131,0.2000,0.2500,0.2222,0.2293,0.0667,0.2000,0.1225
stopwords+stemming,bm25,1.2,0,132,0.7000,0.4667,0.5600,0.7017,0.3754,1.0000,0.5658
stopwords+stemming,bm25,1.2,0,133,0.3000,0.4286,0.3529,0.3459,0.2175,1.0000,0.4493
stopwords+stemming,bm25,1.2,0,134,0.1000,0.5000,0.1667,0.5123,0.5000,1.0000,0.4693
stopwords+stemming,bm25,1.2,0,135,0.4000,0.5000,0.4444,0.5603,0.3250,1.0000,0.4429
stopwords+stemming,bm25,1.2,0,136,0.2000,0.6667,0.3077,0.1740,0.1619,0.2000,0.3666
stopwords+stemming,bm25,1.2,0,137,0.1000,0.2500,0.1429,0.1808,0.1250,0.5000,0.2061
stopwords+stemming,bm25,1.2,0,138,0.1000,0.5000,0.1667,0.2770,0.2500,0.5000,0.3869
stopwords+stemming,bm25,1.2,0,139,0.0000,0.0000,0.0000,0.0083,0.0000,0.0189,0.0000
stopwords+stemming,bm25,1.2,0,140,0.2000,0.3333,0.2500,0.1125,0.0889,0.2000,0.2955
stopwords+stemming,bm25,1.2,0,141,0.2000,0.3333,0.2500,0.2280,0.1389,0.3333,0.3048
stopwords+stemming,bm25,1.2,0,142,0.0000,0.0000,0.0000,0.0417,0.0000,0.0417,0.0000
stopwords+stemming,bm25,1.2,0,143,0.1000,0.5000,0.1667,0.5714,0.5000,1.0000,0.6131
stopwords+stemming,bm25,1.2,0,144,0.1000,0.1667,0.1250,0.2970,0.1667,1.0000,0.2427
stopwords+stemming,bm25,1.2,0,145,0.0000,0.0000,0.0000,0.0800,0.0000,0.0909,0.0000
stopwords+stemming,bm25,1.2,0,146,0.2000,1.0000,0.3333,0.2679,0.2679,0.2500,0.4541
stopwords+stemming,bm25,1.2,0,147,0.4000,0.4000,0.4000,0.3001,0.2488,0.5000,0.4391
stopwords+stemming,bm25,1.2,0,148,0.2000,0.3333,0.2500,0.1387,0.0889,0.2000,0.2550
stopwords+stemming,bm25,1.2,0,149,0.2000,0.1818,0.1905,0.2151,0.1212,1.0000,0.2985
stopwords+stemming,bm25,1.2,0,150,0.2000,1.0000,0.3333,1.0000,1.0000,1.0000,1.0000
stopwords+stemming,bm25,1.2,0,151,0.0000,0.0000,0.0000,0.0216,0.0000,0.0323,0.0000
stopwords+stemming,bm25,1.2,0,152,0.0000,0.0000,0.0000,0.0074,0.0000,0.0053,0.0000
stopwords+stemming,bm25,1.2,0,153,0.1000,0.1429,0.1176,0.0826,0.0357,0.2500,0.0695
stopwords+stemming,bm25,1.2,0,154,0.2000,1.0000,0.3333,0.7500,0.7500,1.0000,0.7724
stopwords+stemming,bm25,1.2,0,155,0.1000,0.1667,0.1250,0.0827,0.0417,0.2500,0.0970
stopwords+stemming,bm25,1.2,0,156,0.7000,0.5000,0.5833,0.5842,0.5000,1.0000,0.6147
stopwords+stemming,bm25,1.2,0,157,0.5000,0.1282,0.2041,0.2119,0.1059,1.0000,0.4825
stopwords+stemming,bm25,1.2,0,158,0.1000,0.1250,0.1111,0.1873,0.1250,1.0000,0.3630
stopwords+stemming,bm25,1.2,0,159,0.1000,0.1250,0.1111,0.0579,0.0156,0.1250,0.0435
stopwords+stemming,bm25,1.2,0,160,0.1000,0.2000,0.1333,0.2188,0.2000,1.0000,0.3937
stopwords+stemming,bm25,1.2,0,161,0.3000,0.5000,0.3750,0.4169,0.3889,1.0000,0.6928
stopwords+stemming,bm25,1.2,0,162,0.1000,0.1250,0.1111,0.2435,0.1250,1.0000,0.1452
stopwords+stemming,bm25,1.2,0,163,0.2000,0.6667,0.3077,0.2341,0.2222,0.3333,0.4018
stopwords+stemming,bm25,1.2,0,164,0.5000,0.6250,0.5556,0.5747,0.5531,1.0000,0.7604
stopwords+stemming,bm25,1.2,0,165,0.2000,1.0000,0.3333,0.4167,0.4167,0.5000,0.6053
stopwords+stemming,bm25,1.2,0,166,0.1000,0.1250,0.1111,0.0540,0.0156,0.1250,0.0798
stopwords+stemming,bm25,1.2,0,167,0.2000,1.0000,0.3333,1.0000,1.0000,1.0000,1.0000
stopwords+stemming,bm25,1.2,0,168,0.1000,0.5000,0.1667,0.0739,0.0625,0.1250,0.1934
stopwords+stemming,bm25,1.2,0,169,0.2000,0.5000,0.2857,0.2166,0.2083,0.3333,0.3633
stopwords+stemming,bm25,1.2,0,170,0.3000,0.5000,0.3750,0.2257,0.1778,0.3333,0.3248
stopwords+stemming,bm25,1.2,0,171,0.1000,0.3333,0.1538,0.4374,0.3333,1.0000,0.5695
stopwords+stemming,bm25,1.2,0,172,0.4000,1.0000,0.5714,0.6792,0.6792,0.5000,0.6867
stopwords+stemming,bm25,1.2,0,173,0.2000,1.0000,0.3333,1.0000,1.0000,1.0000,1.0000
stopwords+stemming,bm25,1.2,0,174,0.0000,0.0000,0.0000,0.0397,0.0000,0.0909,0.0000
stopwords+stemming,bm25,1.2,0,175,0.0000,0.0000,0.0000,0.0428,0.0000,0.0588,0.0000
stopwords+stemming,bm25,1.2,0,176,0.0000,0.0000,0.0000,0.0235,0.0000,0.0286,0.0000
stopwords+stemming,bm25,1.2,0,177,0.4000,0.8000,0.5333,0.6408,0.5639,1.0000,0.8137
stopwords+stemming,bm25,1.2,0,178,0.2000,0.5000,0.2857,0.4029,0.3500,1.0000,0.7084
stopwords+stemming,bm25,1.2,0,179,0.2000,0.5000,0.2857,0.5110,0.5000,1.0000,0.6367
stopwords+stemming,bm25,1.2,0,180,0.2000,0.2857,0.2353,0.2983,0.1667,0.5000,0.3324
stopwords+stemming,bm25,1.2,0,181,0.1000,0.2000,0.1333,0.2523,0.2000,1.0000,0.2491
stopwords+stemming,bm25,1.2,0,182,0.2000,1.0000,0.3333,0.5833,0.5833,0.5000,0.6697
stopwords+stemming,bm25,1.2,0,183,0.4000,0.3077,0.3478,0.2768,0.1707,1.0000,0.3034
stopwords+stemming,bm25,1.2,0,184,0.1000,0.1429,0.1176,0.2226,0.1429,1.0000,0.2881
stopwords+stemming,bm25,1.2,0,185,0.6000,0.6667,0.6316,0.7998,0.6323,1.0000,0.8297
stopwords+stemming,bm25,1.2,0,186,0.5000,0.3125,0.3846,0.1669,0.1458,0.3333,0.4163
stopwords+stemming,bm25,1.2,0,187,0.1000,0.1667,0.1250,0.1460,0.0833,0.5000,0.2018
stopwords+stemming,bm25,1.2,0,188,0.3000,0.2727,0.2857,0.2793,0.1515,0.5000,0.3587
stopwords+stemming,bm25,1.2,0,189,0.2000,0.2222,0.2105,0.0927,0.0444,0.2000,0.1587
stopwords+stemming,bm25,1.2,0,190,0.2000,0.4000,0.2667,0.3343,0.2667,1.0000,0.3546
stopwords+stemming,bm25,1.2,0,191,0.2000,0.1538,0.1739,0.2968,0.0325,0.2000,0.1447
stopwords+stemming,bm25,1.2,0,192,0.3000,0.7500,0.4286,0.6089,0.5938,1.0000,0.7598
stopwords+stemming,bm25,1.2,0,193,0.7000,0.7778,0.7368,0.7857,0.7073,1.0000,0.8215
stopwords+stemming,bm25,1.2,0,194,0.3000,0.5000,0.3750,0.2800,0.2167,0.5000,0.4108
stopwords+stemming,bm25,1.2,0,195,0.1000,0.3333,0.1538,0.1100,0.0833,0.2500,0.2021
stopwords+stemming,bm25,1.2,0,196,0.2000,0.1667,0.1818,0.0728,0.0486,0.3333,0.1617
stopwords+stemming,bm25,1.2,0,197,0.2000,0.6667,0.3077,0.4514,0.3889,0.5000,0.5249
stopwords+stemming,bm25,1.2,0,198,0.3000,0.7500,0.4286,0.3987,0.3958,1.0000,0.6250
stopwords+stemming,bm25,1.2,0,199,0.0000,0.0000,0.0000,0.0551,0.0000,0.0909,0.0000
stopwords+stemming,bm25,1.2,0,200,0.2000,0.6667,0.3077,0.4524,0.4286,1.0000,0.6257
stopwords+stemming,bm25,1.2,0,201,0.4000,0.2500,0.3077,0.3317,0.2010,1.0000,0.5550
stopwords+stemming,bm25,1.2,0,202,0.3000,0.2143,0.2500,0.2232,0.1726,1.0000,0.2599
stopwords+stemming,bm25,1.2,0,203,0.3000,0.2143,0.2500,0.1565,0.1262,0.5000,0.3710
stopwords+stemming,bm25,1.2,0,204,0.0000,0.0000,0.0000,0.0299,0.0000,0.0179,0.0000
stopwords+stemming,bm25,1.2,0,205,0.2000,1.0000,0.3333,0.6667,0.6667,1.0000,0.8316
stopwords+stemming,bm25,1.2,0,206,0.2000,0.6667,0.3077,0.2239,0.2222,0.3333,0.4359
stopwords+stemming,bm25,1.2,0,207,0.0000,0.0000,0.0000,0.0052,0.0000,0.0099,0.0000
stopwords+stemming,bm25,1.2,0,208,0.3000,0.5000,0.3750,0.3654,0.2778,0.5000,0.5070
stopwords+stemming,bm25,1.2,0,209,0.1000,0.0833,0.0909,0.0881,0.0119,0.1429,0.0679
stopwords+stemming,bm25,1.2,0,210,0.2000,0.3333,0.2500,0.3426,0.2778,1.0000,0.4826
stopwords+stemming,bm25,1.2,0,211,0.1000,0.0909,0.0952,0.1784,0.0909,1.0000,0.1096
stopwords+stemming,bm25,1.2,0,212,0.4000,0.2857,0.3333,0.4418,0.2551,1.0000,0.5168
stopwords+stemming,bm25,1.2,0,213,0.5000,0.4545,0.4762,0.5631,0.4091,1.0000,0.5812
stopwords+stemming,bm25,1.2,0,214,0.1000,0.2500,0.1429,0.0854,0.0625,0.2500,0.1681
stopwords+stemming,bm25,1.2,0,215,0.0000,0.0000,0.0000,0.0319,0.0000,0.0357,0.0000
stopwords+stemming,bm25,1.2,0,216,0.0000,0.0000,0.0000,0.0020,0.0000,0.0020,0.0000
stopwords+stemming,bm25,1.2,0,217,0.2000,0.1333,0.1600,0.1439,0.0489,0.3333,0.1252
stopwords+stemming,bm25,1.2,0,218,0.5000,0.3333,0.4000,0.2564,0.1386,0.2500,0.3103
stopwords+stemming,bm25,1.2,0,219,0.0000,0.0000,0.0000,0.0348,0.0000,0.0169,0.0000
stopwords+stemming,bm25,1.2,0,220,0.2000,0.1053,0.1379,0.1491,0.0614,0.5000,0.1644
stopwords+stemming,bm25,1.2,0,221,0.3000,0.1667,0.2143,0.2270,0.1349,1.0000,0.3502
stopwords+stemming,bm25,1.2,0,222,0.6000,0.6667,0.6316,0.7745,0.5815,1.0000,0.6968
stopwords+stemming,bm25,1.2,0,223,0.3000,0.7500,0.4286,0.6951,0.6042,1.0000,0.7537
stopwords+stemming,bm25,1.2,0,224,0.1000,0.1250,0.1111,0.2474,0.1250,1.0000,0.2635
stopwords+stemming,bm25,1.2,0,225,0.2000,0.0833,0.1176,0.0603,0.0417,0.5000,0.1330
stopwords+stemming,bm25,1.2,0.75,1,0.2000,0.0714,0.1053,0.1831,0.0500,1.0000,0.2180
stopwords+stemming,bm25,1.2,0.75,2,0.3000,0.1250,0.1765,0.1891,0.1250,1.0000,0.5241
stopwords+stemming,bm25,1.2,0.75,3,0.6000,0.7500,0.6667,0.5623,0.4955,0.5000,0.6456
stopwords+stemming,bm25,1.2,0.75,4,0.1000,0.5000,0.1667,0.5263,0.5000,1.0000,0.6131
stopwords+stemming,bm25,1.2,0.75,5,0.3000,0.7500,0.4286,0.3276,0.3083,0.3333,0.4737
stopwords+stemming,bm25,1.2,0.75,6,0.1000,0.2500,0.1429,0.1604,0.1250,0.5000,0.2061
stopwords+stemming,bm25,1.2,0.75,7,0.2000,0.4000,0.2667,0.2596,0.2333,0.5000,0.3474
stopwords+stemming,bm25,1.2,0.75,8,0.1000,0.0909,0.0952,0.1662,0.0909,1.0000,0.2670
stopwords+stemming,bm25,1.2,0.75,9,0.2000,0.6667,0.3077,0.3604,0.3333,0.5000,0.4982
stopwords+stemming,bm25,1.2,0.75,10,0.3000,0.3750,0.3333,0.2739,0.2202,1.0000,0.3892
stopwords+stemming,bm25,1.2,0.75,11,0.2000,0.2857,0.2353,0.1643,0.0833,0.2500,0.1844
stopwords+stemming,bm25,1.2,0.75,12,0.1000,0.2000,0.1333,0.0962,0.0500,0.2500,0.1601
stopwords+stemming,bm25,1.2,0.75,13,0.0000,0.0000,0.0000,0.0000,0.0000,0.0000,0.0000
stopwords+stemming,bm25,1.2,0.75,14,0.1000,0.5000,0.1667,0.0707,0.0556,0.1111,0.2600
stopwords+stemming,bm25,1.2,0.75,15,0.2000,1.0000,0.3333,1.0000,1.0000,1.0000,0.8597
stopwords+stemming,bm25,1.2,0.75,16,0.2000,0.6667,0.3077,0.2359,0.2222,0.3333,0.3931
stopwords+stemming,bm25,1.2,0.75,17,0.1000,0.5000,0.1667,0.2598,0.2500,0.5000,0.4441
stopwords+stemming,bm25,1.2,0.75,18,0.1000,0.3333,0.1538,0.3559,0.3333,1.0000,0.4693
stopwords+stemming,bm25,1.2,0.75,19,0.0000,0.0000,0.0000,0.0192,0.0000,0.0833,0.0000
stopwords+stemming,bm25,1.2,0.75,20,0.6000,0.6667,0.6316,0.5386,0.4553,0.5000,0.6071
stopwords+stemming,bm25,1.2,0.75,21,0.0000,0.0000,0.0000,0.0461,0.0000,0.0556,0.0000
stopwords+stemming,bm25,1.2,0.75,22,0.0000,0.0000,0.0000,0.0000,0.0000,0.0000,0.0000
stopwords+stemming,bm25,1.2,0.75,23,0.2000,0.0625,0.0952,0.1254,0.0182,0.3333,0.1724
stopwords+stemming,bm25,1.2,0.75,24,0.2000,0.6667,0.3077,0.3533,0.3333,0.5000,0.5405
stopwords+stemming,bm25,1.2,0.75,25,0.5000,0.5556,0.5263,0.6100,0.4870,1.0000,0.6306
stopwords+stemming,bm25,1.2,0.75,26,0.2000,0.3333,0.2500,0.2076,0.1667,0.5000,0.3678
stopwords+stemming,bm25,1.2,0.75,27,0.1000,0.3333,0.1538,0.0772,0.0556,0.1667,0.2031
stopwords+stemming,bm25,1.2,0.75,28,0.0000,0.0000,0.0000,0.0042,0.0000,0.0033,0.0000
stopwords+stemming,bm25,1.2,0.75,29,0.4000,0.4444,0.4211,0.4078,0.3272,1.0000,0.4212
stopwords+stemming,bm25,1.2,0.75,30,0.0000,0.0000,0.0000,0.0422,0.0000,0.0588,0.0000
stopwords+stemming,bm25,1.2,0.75,31,0.0000,0.0000,0.0000,0.0000,0.0000,0.0000,0.0000
stopwords+stemming,bm25,1.2,0.75,32,0.0000,0.0000,0.0000,0.0134,0.0000,0.0122,0.0000
stopwords+stemming,bm25,1.2,0.75,33,0.2000,0.6667,0.3077,0.4658,0.3889,0.5000,0.4335
stopwords+stemming,bm25,1.2,0.75,34,0.2000,0.3333,0.2500,0.2247,0.0893,0.2500,0.1775
stopwords+stemming,bm25,1.2,0.75,35,0.0000,0.0000,0.0000,0.0206,0.0000,0.0294,0.0000
stopwords+stemming,bm25,1.2,0.75,36,0.1000,0.5000,0.1667,0.5130,0.5000,1.0000,0.4693
stopwords+stemming,bm25,1.2,0.75,37,0.0000,0.0000,0.0000,0.0541,0.0000,0.0588,0.0000
stopwords+stemming,bm25,1.2,0.75,38,0.0000,0.0000,0.0000,0.0617,0.0000,0.0556,0.0000
stopwords+stemming,bm25,1.2,0.75,39,0.3000,0.2308,0.2609,0.1323,0.0853,0.3333,0.2214
stopwords+stemming,bm25,1.2,0.75,40,0.2000,0.1667,0.1818,0.0818,0.0446,0.2500,0.1201
stopwords+stemming,bm25,1.2,0.75,41,0.3000,1.0000,0.4615,0.7778,0.7778,1.0000,0.8845
stopwords+stemming,bm25,1.2,0.75,42,0.3000,0.6000,0.4000,0.1875,0.1721,0.2000,0.3694
stopwords+stemming,bm25,1.2,0.75,43,0.4000,0.6667,0.5000,0.5893,0.5536,1.0000,0.8020
stopwords+stemming,bm25,1.2,0.75,44,0.0000,0.0000,0.0000,0.0000,0.0000,0.0000,0.0000
stopwords+stemming,bm25,1.2,0.75,45,0.1000,0.0833,0.0909,0.1718,0.0833,1.0000,0.2799
stopwords+stemming,bm25,1.2,0.75,46,0.6000,0.4000,0.4800,0.3010,0.2281,0.5000,0.4249
stopwords+stemming,bm25,1.2,0.75,47,0.5000,0.3571,0.4167,0.3206,0.1587,0.2500,0.3973
stopwords+stemming,bm25,1.2,0.75,48,0.2000,0.1818,0.1905,0.1574,0.1061,0.5000,0.2556
stopwords+stemming,bm25,1.2,0.75,49,0.1000,0.5000,0.1667,0.1143,0.1000,0.2000,0.2941
stopwords+stemming,bm25,1.2,0.75,50,0.1000,0.1667,0.1250,0.1014,0.0833,0.5000,0.2882
stopwords+stemming,bm25,1.2,0.75,51,0.6000,0.6000,0.6000,0.5854,0.5133,1.0000,0.5764
stopwords+stemming,bm25,1.2,0.75,52,0.3000,0.7500,0.4286,0.7644,0.6875,1.0000,0.6133
stopwords+stemming,bm25,1.2,0.75,53,0.2000,0.2000,0.2000,0.2395,0.1222,1.0000,0.2595
stopwords+stemming,bm25,1.2,0.75,54,0.1000,0.1111,0.1053,0.1395,0.0556,0.5000,0.2129
stopwords+stemming,bm25,1.2,0.75,55,0.3000,0.3000,0.3000,0.2993,0.1619,1.0000,0.2081
stopwords+stemming,bm25,1.2,0.75,56,0.2000,0.2000,0.2000,0.1211,0.0750,0.5000,0.1644
stopwords+stemming,bm25,1.2,0.75,57,0.0000,0.0000,0.0000,0.0632,0.0000,0.0625,0.0000
stopwords+stemming,bm25,1.2,0.75,58,0.2000,0.2222,0.2105,0.1768,0.0648,0.3333,0.2323
stopwords+stemming,bm25,1.2,0.75,59,0.1000,0.2500,0.1429,0.1187,0.0357,0.1429,0.1089
stopwords+stemming,bm25,1.2,0.75,60,0.3000,0.6000,0.4000,0.4381,0.4200,1.0000,0.5271
stopwords+stemming,bm25,1.2,0.75,61,0.3000,0.6000,0.4000,0.5449,0.4667,1.0000,0.6294
stopwords+stemming,bm25,1.2,0.75,62,0.0000,0.0000,0.0000,0.0248,0.0000,0.0526,0.0000
stopwords+stemming,bm25,1.2,0.75,63,0.0000,0.0000,0.0000,0.0245,0.0000,0.0233,0.0000
stopwords+stemming,bm25,1.2,0.75,64,0.1000,0.5000,0.1667,0.5196,0.5000,1.0000,0.6788
stopwords+stemming,bm25,1.2,0.75,65,0.5000,0.3333,0.4000,0.2226,0.1546,0.5000,0.4043
stopwords+stemming,bm25,1.2,0.75,66,0.1000,0.2000,0.1333,0.0825,0.0222,0.1111,0.1200
stopwords+stemming,bm25,1.2,0.75,67,0.6000,0.4286,0.5000,0.5396,0.4286,1.0000,0.6595
stopwords+stemming,bm25,1.2,0.75,68,0.1000,0.2000,0.1333,0.0939,0.0667,0.3333,0.2175
stopwords+stemming,bm25,1.2,0.75,69,0.1000,0.2000,0.1333,0.0565,0.0333,0.1667,0.1496
stopwords+stemming,bm25,1.2,0.75,70,0.1000,0.1000,0.1000,0.1003,0.0500,0.5000,0.1531
stopwords+stemming,bm25,1.2,0.75,71,0.0000,0.0000,0.0000,0.0406,0.0000,0.0588,0.0000
stopwords+stemming,bm25,1.2,0.75,72,0.1000,0.0588,0.0741,0.0693,0.0294,0.5000,0.1781
stopwords+stemming,bm25,1.2,0.75,73,0.6000,0.3000,0.4000,0.3434,0.2199,1.0000,0.6340
stopwords+stemming,bm25,1.2,0.75,74,0.2000,0.3333,0.2500,0.1122,0.0608,0.1429,0.2693
stopwords+stemming,bm25,1.2,0.75,75,0.0000,0.0000,0.0000,0.0188,0.0000,0.0152,0.0000
stopwords+stemming,bm25,1.2,0.75,76,0.3000,0.4286,0.3529,0.3033,0.2524,0.5000,0.3969
stopwords+stemming,bm25,1.2,0.75,77,0.3000,0.5000,0.3750,0.3483,0.2381,0.5000,0.2950
stopwords+stemming,bm25,1.2,0.75,78,0.2000,0.6667,0.3077,0.5000,0.4167,1.0000,0.5600
stopwords+stemming,bm25,1.2,0.75,79,0.1000,0.2000,0.1333,0.0479,0.0286,0.1429,0.1456
stopwords+stemming,bm25,1.2,0.75,80,0.0000,0.0000,0.0000,0.0143,0.0000,0.0250,0.0000
stopwords+stemming,bm25,1.2,0.75,81,0.2000,1.0000,0.3333,0.8333,0.8333,1.0000,0.6478
stopwords+stemming,bm25,1.2,0.75,82,0.3000,0.6000,0.4000,0.3770,0.3533,0.5000,0.5384
stopwords+stemming,bm25,1.2,0.75,83,0.1000,0.2500,0.1429,0.2602,0.2500,1.0000,0.3904
stopwords+stemming,bm25,1.2,0.75,84,0.4000,0.3636,0.3810,0.4118,0.3455,1.0000,0.3855
stopwords+stemming,bm25,1.2,0.75,85,0.1000,0.2500,0.1429,0.1375,0.1250,0.5000,0.1627
stopwords+stemming,bm25,1.2,0.75,86,0.2000,1.0000,0.3333,0.5833,0.5833,0.5000,0.6934
stopwords+stemming,bm25,1.2,0.75,87,0.0000,0.0000,0.0000,0.0148,0.0000,0.0250,0.0000
stopwords+stemming,bm25,1.2,0.75,88,0.6000,1.0000,0.7500,0.6746,0.6746,0.5000,0.7609
stopwords+stemming,bm25,1.2,0.75,89,0.1000,0.1667,0.1250,0.2210,0.0833,0.5000,0.2679
stopwords+stemming,bm25,1.2,0.75,90,0.2000,0.1538,0.1739,0.1839,0.0897,0.5000,0.1400
stopwords+stemming,bm25,1.2,0.75,91,0.4000,0.4444,0.4211,0.3237,0.2296,1.0000,0.5324
stopwords+stemming,bm25,1.2,0.75,92,0.4000,0.3077,0.3478,0.4644,0.2923,1.0000,0.2960
stopwords+stemming,bm25,1.2,0.75,93,0.1000,1.0000,0.1818,0.5000,0.5000,0.5000,0.6309
stopwords+stemming,bm25,1.2,0.75,94,0.5000,0.4167,0.4545,0.4938,0.3375,1.0000,0.4851
stopwords+stemming,bm25,1.2,0.75,95,0.1000,0.5000,0.1667,0.3214,0.2500,0.5000,0.1362
stopwords+stemming,bm25,1.2,0.75,96,0.6000,0.4615,0.5217,0.3690,0.2687,0.5000,0.4887
stopwords+stemming,bm25,1.2,0.75,97,0.3000,0.3000,0.3000,0.1860,0.1467,0.5000,0.2700
stopwords+stemming,bm25,1.2,0.75,98,0.0000,0.0000,0.0000,0.0285,0.0000,0.0526,0.0000
stopwords+stemming,bm25,1.2,0.75,99,0.2000,0.5000,0.2857,0.2583,0.2083,0.3333,0.4134
stopwords+stemming,bm25,1.2,0.75,100,0.3000,0.3333,0.3158,0.3131,0.2593,1.0000,0.4963
stopwords+stemming,bm25,1.2,0.75,101,0.5000,0.8333,0.6250,0.6438,0.5772,1.0000,0.7529
stopwords+stemming,bm25,1.2,0.75,102,0.2000,0.5000,0.2857,0.3433,0.3056,1.0000,0.4375
stopwords+stemming,bm25,1.2,0.75,103,0.0000,0.0000,0.0000,0.0098,0.0000,0.0196,0.0000
stopwords+stemming,bm25,1.2,0.75,104,0.1000,0.2000,0.1333,0.0740,0.0500,0.2500,0.1461
stopwords+stemming,bm25,1.2,0.75,105,0.3000,0.6000,0.4000,0.4267,0.3833,0.5000,0.5553
stopwords+stemming,bm25,1.2,0.75,106,0.3000,0.6000,0.4000,0.4506,0.3857,1.0000,0.6740
stopwords+stemming,bm25,1.2,0.75,107,0.3000,0.4286,0.3529,0.2776,0.1599,0.5000,0.3227
stopwords+stemming,bm25,1.2,0.75,108,0.5000,0.7143,0.5882,0.7878,0.6449,1.0000,0.7777
stopwords+stemming,bm25,1.2,0.75,109,0.0000,0.0000,0.0000,0.0363,0.0000,0.0270,0.0000
stopwords+stemming,bm25,1.2,0.75,110,0.1000,0.2500,0.1429,0.1070,0.0833,0.3333,0.2514
stopwords+stemming,bm25,1.2,0.75,111,0.3000,0.4286,0.3529,0.2869,0.1762,0.3333,0.2643
stopwords+stemming,bm25,1.2,0.75,112,0.1000,0.5000,0.1667,0.3125,0.2500,0.5000,0.2398
stopwords+stemming,bm25,1.2,0.75,113,0.2000,0.5000,0.2857,0.1759,0.1458,0.3333,0.3183
stopwords+stemming,bm25,1.2,0.75,114,0.1000,0.2500,0.1429,0.0738,0.0417,0.1667,0.1838
stopwords+stemming,bm25,1.2,0.75,115,0.1000,0.2500,0.1429,0.0670,0.0625,0.2500,0.2043
stopwords+stemming,bm25,1.2,0.75,116,0.0000,0.0000,0.0000,0.0279,0.0000,0.0370,0.0000
stopwords+stemming,bm25,1.2,0.75,117,0.0000,0.0000,0.0000,0.0399,0.0000,0.0625,0.0000
stopwords+stemming,bm25,1.2,0.75,118,0.2000,0.6667,0.3077,0.2908,0.2778,0.3333,0.4488
stopwords+stemming,bm25,1.2,0.75,119,0.1000,1.0000,0.1818,0.2000,0.2000,0.2000,0.3869
stopwords+stemming,bm25,1.2,0.75,120,0.5000,0.5556,0.5263,0.4247,0.2884,0.5000,0.5160
stopwords+stemming,bm25,1.2,0.75,121,0.4000,0.5714,0.4706,0.5089,0.3690,0.5000,0.5044
stopwords+stemming,bm25,1.2,0.75,122,0.1000,0.1111,0.1053,0.1145,0.0139,0.1250,0.0312
stopwords+stemming,bm25,1.2,0.75,123,0.0000,0.0000,0.0000,0.0524,0.0000,0.0476,0.0000
stopwords+stemming,bm25,1.2,0.75,124,0.0000,0.0000,0.0000,0.0033,0.0000,0.0036,0.0000
stopwords+stemming,bm25,1.2,0.75,125,0.3000,0.1765,0.2222,0.2664,0.1134,1.0000,0.3923
stopwords+stemming,bm25,1.2,0.75,126,0.2000,0.2500,0.2222,0.2215,0.2083,1.0000,0.4718
stopwords+stemming,bm25,1.2,0.75,127,0.1000,0.2000,0.1333,0.1156,0.0500,0.2500,0.1284
stopwords+stemming,bm25,1.2,0.75,128,0.0000,0.0000,0.0000,0.0235,0.0000,0.0417,0.0000
stopwords+stemming,bm25,1.2,0.75,129,0.4000,0.5714,0.4706,0.3760,0.3554,0.5000,0.5312
stopwords+stemming,bm25,1.2,0.75,130,0.4000,0.8000,0.5333,0.5205,0.5167,0.5000,0.6286
stopwords+stemming,bm25,1.2,0.75,131,0.2000,0.2500,0.2222,0.2548,0.0486,0.1667,0.1039
stopwords+stemming,bm25,1.2,0.75,132,0.8000,0.5333,0.6400,0.7232,0.4172,1.0000,0.6278
stopwords+stemming,bm25,1.2,0.75,133,0.2000,0.2857,0.2353,0.2525,0.0643,0.2500,0.2314
stopwords+stemming,bm25,1.2,0.75,134,0.1000,0.5000,0.1667,0.2727,0.2500,0.5000,0.2961
stopwords+stemming,bm25,1.2,0.75,135,0.5000,0.6250,0.5556,0.6572,0.4746,1.0000,0.5273
stopwords+stemming,bm25,1.2,0.75,136,0.2000,0.6667,0.3077,0.4196,0.4000,1.0000,0.8359
stopwords+stemming,bm25,1.2,0.75,137,0.2000,0.5000,0.2857,0.2353,0.1964,0.5000,0.3150
stopwords+stemming,bm25,1.2,0.75,138,0.1000,0.5000,0.1667,0.1345,0.1000,0.2000,0.2372
stopwords+stemming,bm25,1.2,0.75,139,0.0000,0.0000,0.0000,0.0085,0.0000,0.0137,0.0000
stopwords+stemming,bm25,1.2,0.75,140,0.2000,0.3333,0.2500,0.1699,0.1389,0.5000,0.3925
stopwords+stemming,bm25,1.2,0.75,141,0.2000,0.3333,0.2500,0.4319,0.3333,1.0000,0.5455
stopwords+stemming,bm25,1.2,0.75,142,0.0000,0.0000,0.0000,0.0769,0.0000,0.0769,0.0000
stopwords+stemming,bm25,1.2,0.75,143,0.2000,1.0000,0.3333,0.6250,0.6250,1.0000,0.8066
stopwords+stemming,bm25,1.2,0.75,144,0.5000,0.8333,0.6250,0.3853,0.3677,0.3333,0.5388
stopwords+stemming,bm25,1.2,0.75,145,0.2000,0.2857,0.2353,0.1667,0.0833,0.3333,0.2048
stopwords+stemming,bm25,1.2,0.75,146,0.2000,1.0000,0.3333,0.5833,0.5833,0.5000,0.6199
stopwords+stemming,bm25,1.2,0.75,147,0.4000,0.4000,0.4000,0.2783,0.2338,0.5000,0.4274
stopwords+stemming,bm25,1.2,0.75,148,0.2000,0.3333,0.2500,0.1888,0.1389,0.3333,0.3194
stopwords+stemming,bm25,1.2,0.75,149,0.4000,0.3636,0.3810,0.3313,0.2220,1.0000,0.4632
stopwords+stemming,bm25,1.2,0.75,150,0.2000,1.0000,0.3333,0.8333,0.8333,1.0000,0.9197
stopwords+stemming,bm25,1.2,0.75,151,0.0000,0.0000,0.0000,0.0296,0.0000,0.0417,0.0000
stopwords+stemming,bm25,1.2,0.75,152,0.0000,0.0000,0.0000,0.0080,0.0000,0.0108,0.0000
stopwords+stemming,bm25,1.2,0.75,153,0.3000,0.4286,0.3529,0.1914,0.1762,0.5000,0.2751
stopwords+stemming,bm25,1.2,0.75,154,0.2000,1.0000,0.3333,0.7500,0.7500,1.0000,0.7724
stopwords+stemming,bm25,1.2,0.75,155,0.1000,0.1667,0.1250,0.2185,0.1667,1.0000,0.2251
stopwords+stemming,bm25,1.2,0.75,156,0.7000,0.5000,0.5833,0.5532,0.4786,1.0000,0.5860
stopwords+stemming,bm25,1.2,0.75,157,0.7000,0.1795,0.2857,0.2828,0.1523,1.0000,0.6307
stopwords+stemming,bm25,1.2,0.75,158,0.1000,0.1250,0.1111,0.2063,0.1250,1.0000,0.3630
stopwords+stemming,bm25,1.2,0.75,159,0.2000,0.2500,0.2222,0.0723,0.0456,0.1429,0.1289
stopwords+stemming,bm25,1.2,0.75,160,0.1000,0.2000,0.1333,0.1194,0.1000,0.5000,0.2484
stopwords+stemming,bm25,1.2,0.75,161,0.3000,0.5000,0.3750,0.5355,0.5000,1.0000,0.7193
stopwords+stemming,bm25,1.2,0.75,162,0.2000,0.2500,0.2222,0.2624,0.1458,0.5000,0.2100
stopwords+stemming,bm25,1.2,0.75,163,0.2000,0.6667,0.3077,0.2620,0.2444,0.3333,0.4162
stopwords+stemming,bm25,1.2,0.75,164,0.4000,0.5000,0.4444,0.5163,0.4750,1.0000,0.6703
stopwords+stemming,bm25,1.2,0.75,165,0.2000,1.0000,0.3333,0.5000,0.5000,0.5000,0.6509
stopwords+stemming,bm25,1.2,0.75,166,0.1000,0.1250,0.1111,0.0491,0.0139,0.1111,0.0761
stopwords+stemming,bm25,1.2,0.75,167,0.2000,1.0000,0.3333,0.5000,0.5000,0.5000,0.6462
stopwords+stemming,bm25,1.2,0.75,168,0.1000,0.5000,0.1667,0.1167,0.0833,0.1667,0.2184
stopwords+stemming,bm25,1.2,0.75,169,0.2000,0.5000,0.2857,0.2719,0.2500,0.5000,0.4144
stopwords+stemming,bm25,1.2,0.75,170,0.3000,0.5000,0.3750,0.4680,0.4028,1.0000,0.5900
stopwords+stemming,bm25,1.2,0.75,171,0.2000,0.6667,0.3077,0.5889,0.5556,1.0000,0.6407
stopwords+stemming,bm25,1.2,0.75,172,0.4000,1.0000,0.5714,0.6792,0.6792,0.5000,0.7180
stopwords+stemming,bm25,1.2,0.75,173,0.2000,1.0000,0.3333,1.0000,1.0000,1.0000,1.0000
stopwords+stemming,bm25,1.2,0.75,174,0.1000,0.2000,0.1333,0.0624,0.0250,0.1250,0.1237
stopwords+stemming,bm25,1.2,0.75,175,0.1000,0.2000,0.1333,0.0565,0.0200,0.1000,0.1080
stopwords+stemming,bm25,1.2,0.75,176,0.0000,0.0000,0.0000,0.0496,0.0000,0.0667,0.0000
stopwords+stemming,bm25,1.2,0.75,177,0.4000,0.8000,0.5333,0.6909,0.6000,1.0000,0.8234
stopwords+stemming,bm25,1.2,0.75,178,0.2000,0.5000,0.2857,0.4258,0.3500,1.0000,0.7084
stopwords+stemming,bm25,1.2,0.75,179,0.2000,0.5000,0.2857,0.4282,0.4167,1.0000,0.5856
stopwords+stemming,bm25,1.2,0.75,180,0.3000,0.4286,0.3529,0.3793,0.2524,0.5000,0.3861
stopwords+stemming,bm25,1.2,0.75,181,0.2000,0.4000,0.2667,0.2695,0.2400,1.0000,0.3572
stopwords+stemming,bm25,1.2,0.75,182,0.2000,1.0000,0.3333,0.5833,0.5833,0.5000,0.6697
stopwords+stemming,bm25,1.2,0.75,183,0.4000,0.3077,0.3478,0.2918,0.1670,0.5000,0.2776
stopwords+stemming,bm25,1.2,0.75,184,0.1000,0.1429,0.1176,0.2430,0.1429,1.0000,0.2881
stopwords+stemming,bm25,1.2,0.75,185,0.6000,0.6667,0.6316,0.8204,0.6296,1.0000,0.8219
stopwords+stemming,bm25,1.2,0.75,186,0.5000,0.3125,0.3846,0.2002,0.1788,0.5000,0.4736
stopwords+stemming,bm25,1.2,0.75,187,0.3000,0.5000,0.3750,0.2022,0.1944,0.5000,0.3639
stopwords+stemming,bm25,1.2,0.75,188,0.4000,0.3636,0.3810,0.3754,0.2424,1.0000,0.4985
stopwords+stemming,bm25,1.2,0.75,189,0.1000,0.1111,0.1053,0.0907,0.0278,0.2500,0.0833
stopwords+stemming,bm25,1.2,0.75,190,0.2000,0.4000,0.2667,0.5024,0.4000,1.0000,0.4684
stopwords+stemming,bm25,1.2,0.75,191,0.2000,0.1538,0.1739,0.3650,0.0513,0.3333,0.1253
stopwords+stemming,bm25,1.2,0.75,192,0.3000,0.7500,0.4286,0.5911,0.5667,1.0000,0.7366
stopwords+stemming,bm25,1.2,0.75,193,0.8000,0.8889,0.8421,0.8319,0.8283,1.0000,0.8704
stopwords+stemming,bm25,1.2,0.75,194,0.2000,0.3333,0.2500,0.1892,0.0889,0.3333,0.2118
stopwords+stemming,bm25,1.2,0.75,195,0.0000,0.0000,0.0000,0.0593,0.0000,0.0833,0.0000
stopwords+stemming,bm25,1.2,0.75,196,0.3000,0.2500,0.2727,0.1907,0.1479,1.0000,0.3412
stopwords+stemming,bm25,1.2,0.75,197,0.2000,0.6667,0.3077,0.6270,0.5556,1.0000,0.6652
stopwords+stemming,bm25,1.2,0.75,198,0.3000,0.7500,0.4286,0.5970,0.5938,1.0000,0.7615
stopwords+stemming,bm25,1.2,0.75,199,0.2000,0.2500,0.2222,0.0822,0.0406,0.1250,0.1344
stopwords+stemming,bm25,1.2,0.75,200,0.2000,0.6667,0.3077,0.4000,0.3333,0.5000,0.4982
stopwords+stemming,bm25,1.2,0.75,201,0.5000,0.3125,0.3846,0.3687,0.2531,1.0000,0.6319
stopwords+stemming,bm25,1.2,0.75,202,0.3000,0.2143,0.2500,0.2065,0.1369,0.5000,0.2255
stopwords+stemming,bm25,1.2,0.75,203,0.2000,0.1429,0.1667,0.1346,0.0833,0.5000,0.2765
stopwords+stemming,bm25,1.2,0.75,204,0.0000,0.0000,0.0000,0.0352,0.0000,0.0588,0.0000
stopwords+stemming,bm25,1.2,0.75,205,0.2000,1.0000,0.3333,0.7000,0.7000,1.0000,0.8503
stopwords+stemming,bm25,1.2,0.75,206,0.2000,0.6667,0.3077,0.2798,0.2778,0.5000,0.5025
stopwords+stemming,bm25,1.2,0.75,207,0.0000,0.0000,0.0000,0.0055,0.0000,0.0110,0.0000
stopwords+stemming,bm25,1.2,0.75,208,0.3000,0.5000,0.3750,0.3970,0.2944,0.5000,0.5175
stopwords+stemming,bm25,1.2,0.75,209,0.2000,0.1667,0.1818,0.1293,0.0259,0.1111,0.0896
stopwords+stemming,bm25,1.2,0.75,210,0.2000,0.3333,0.2500,0.3373,0.2778,1.0000,0.4826
stopwords+stemming,bm25,1.2,0.75,211,0.1000,0.0909,0.0952,0.1865,0.0909,1.0000,0.1096
stopwords+stemming,bm25,1.2,0.75,212,0.5000,0.3571,0.4167,0.5189,0.3111,1.0000,0.4874
stopwords+stemming,bm25,1.2,0.75,213,0.5000,0.4545,0.4762,0.5877,0.4205,1.0000,0.6088
stopwords+stemming,bm25,1.2,0.75,214,0.1000,0.2500,0.1429,0.1606,0.1250,0.5000,0.2463
stopwords+stemming,bm25,1.2,0.75,215,0.0000,0.0000,0.0000,0.0500,0.0000,0.0667,0.0000
stopwords+stemming,bm25,1.2,0.75,216,0.0000,0.0000,0.0000,0.0017,0.0000,0.0017,0.0000
stopwords+stemming,bm25,1.2,0.75,217,0.2000,0.1333,0.1600,0.1598,0.0556,0.3333,0.2020
stopwords+stemming,bm25,1.2,0.75,218,0.2000,0.1333,0.1600,0.2145,0.0556,0.5000,0.1479
stopwords+stemming,bm25,1.2,0.75,219,0.0000,0.0000,0.0000,0.0341,0.0000,0.0156,0.0000
stopwords+stemming,bm25,1.2,0.75,220,0.2000,0.1053,0.1379,0.2147,0.1053,1.0000,0.2455
stopwords+stemming,bm25,1.2,0.75,221,0.3000,0.1667,0.2143,0.2364,0.1444,1.0000,0.3597
stopwords+stemming,bm25,1.2,0.75,222,0.6000,0.6667,0.6316,0.7819,0.6071,1.0000,0.7622
stopwords+stemming,bm25,1.2,0.75,223,0.3000,0.7500,0.4286,0.5014,0.4792,0.5000,0.6096
stopwords+stemming,bm25,1.2,0.75,224,0.3000,0.3750,0.3333,0.1756,0.0979,0.2000,0.2247
stopwords+stemming,bm25,1.2,0.75,225,0.2000,0.0833,0.1176,0.0624,0.0417,0.5000,0.1330
stopwords+stemming,bm25,1.2,1,1,0.3000,0.1071,0.1579,0.2056,0.0689,1.0000,0.2772
stopwords+stemming,bm25,1.2,1,2,0.3000,0.1250,0.1765,0.1817,0.1250,1.0000,0.5241
stopwords+stemming,bm25,1.2,1,3,0.6000,0.7500,0.6667,0.6233,0.5509,0.5000,0.6673
stopwords+stemming,bm25,1.2,1,4,0.1000,0.5000,0.1667,0.5270,0.5000,1.0000,0.6131
stopwords+stemming,bm25,1.2,1,5,0.3000,0.7500,0.4286,0.3090,0.2905,0.3333,0.4628
stopwords+stemming,bm25,1.2,1,6,0.1000,0.2500,0.1429,0.1536,0.1250,0.5000,0.2061
stopwords+stemming,bm25,1.2,1,7,0.2000,0.4000,0.2667,0.2607,0.2333,0.5000,0.3474
stopwords+stemming,bm25,1.2,1,8,0.1000,0.0909,0.0952,0.1245,0.0455,0.5000,0.1684
stopwords+stemming,bm25,1.2,1,9,0.2000,0.6667,0.3077,0.3636,0.3333,0.5000,0.4982
stopwords+stemming,bm25,1.2,1,10,0.3000,0.3750,0.3333,0.3021,0.2375,1.0000,0.4061
stopwords+stemming,bm25,1.2,1,11,0.2000,0.2857,0.2353,0.1749,0.0952,0.3333,0.1956
stopwords+stemming,bm25,1.2,1,12,0.1000,0.2000,0.1333,0.1225,0.0667,0.3333,0.1858
stopwords+stemming,bm25,1.2,1,13,0.0000,0.0000,0.0000,0.0000,0.0000,0.0000,0.0000
stopwords+stemming,bm25,1.2,1,14,0.1000,0.5000,0.1667,0.0719,0.0556,0.1111,0.2600
stopwords+stemming,bm25,1.2,1,15,0.2000,1.0000,0.3333,0.8333,0.8333,1.0000,0.7602
stopwords+stemming,bm25,1.2,1,16,0.2000,0.6667,0.3077,0.2627,0.2500,0.5000,0.4197
stopwords+stemming,bm25,1.2,1,17,0.1000,0.5000,0.1667,0.2595,0.2500,0.5000,0.4441
stopwords+stemming,bm25,1.2,1,18,0.1000,0.3333,0.1538,0.1868,0.1667,0.5000,0.2961
stopwords+stemming,bm25,1.2,1,19,0.1000,0.1111,0.1053,0.0222,0.0123,0.1111,0.0601
stopwords+stemming,bm25,1.2,1,20,0.7000,0.7778,0.7368,0.5263,0.5016,0.5000,0.6575
stopwords+stemming,bm25,1.2,1,21,0.0000,0.0000,0.0000,0.0562,0.0000,0.0526,0.0000
stopwords+stemming,bm25,1.2,1,22,0.0000,0.0000,0.0000,0.0000,0.0000,0.0000,0.0000
stopwords+stemming,bm25,1.2,1,23,0.2000,0.0625,0.0952,0.1280,0.0182,0.3333,0.1724
stopwords+stemming,bm25,1.2,1,24,0.2000,0.6667,0.3077,0.3185,0.3000,0.5000,0.5181
stopwords+stemming,bm25,1.2,1,25,0.5000,0.5556,0.5263,0.5935,0.4870,1.0000,0.6306
stopwords+stemming,bm25,1.2,1,26,0.2000,0.3333,0.2500,0.1807,0.1389,0.3333,0.3225
stopwords+stemming,bm25,1.2,1,27,0.1000,0.3333,0.1538,0.0790,0.0556,0.1667,0.2031
stopwords+stemming,bm25,1.2,1,28,0.0000,0.0000,0.0000,0.0047,0.0000,0.0041,0.0000
stopwords+stemming,bm25,1.2,1,29,0.4000,0.4444,0.4211,0.4104,0.3222,1.0000,0.4200
stopwords+stemming,bm25,1.2,1,30,0.0000,0.0000,0.0000,0.0393,0.0000,0.0500,0.0000
stopwords+stemming,bm25,1.2,1,31,0.0000,0.0000,0.0000,0.0000,0.0000,0.0000,0.0000
stopwords+stemming,bm25,1.2,1,32,0.0000,0.0000,0.0000,0.0143,0.0000,0.0169,0.0000
stopwords+stemming,bm25,1.2,1,33,0.2000,0.6667,0.3077,0.4415,0.3889,0.5000,0.4335
stopwords+stemming,bm25,1.2,1,34,0.1000,0.1667,0.1250,0.2045,0.0417,0.2500,0.1000
stopwords+stemming,bm25,1.2,1,35,0.0000,0.0000,0.0000,0.0197,0.0000,0.0278,0.0000
stopwords+stemming,bm25,1.2,1,36,0.1000,0.5000,0.1667,0.5145,0.5000,1.0000,0.4693
stopwords+stemming,bm25,1.2,1,37,0.0000,0.0000,0.0000,0.0621,0.0000,0.0909,0.0000
stopwords+stemming,bm25,1.2,1,38,0.0000,0.0000,0.0000,0.0606,0.0000,0.0588,0.0000
stopwords+stemming,bm25,1.2,1,39,0.3000,0.2308,0.2609,0.1680,0.1218,1.0000,0.2671
stopwords+stemming,bm25,1.2,1,40,0.2000,0.1667,0.1818,0.0708,0.0352,0.2000,0.1081
stopwords+stemming,bm25,1.2,1,41,0.3000,1.0000,0.4615,0.8095,0.8095,1.0000,0.9006
stopwords+stemming,bm25,1.2,1,42,0.3000,0.6000,0.4000,0.1885,0.1721,0.2000,0.3694
stopwords+stemming,bm25,1.2,1,43,0.4000,0.6667,0.5000,0.5924,0.5536,1.0000,0.8020
stopwords+stemming,bm25,1.2,1,44,0.0000,0.0000,0.0000,0.0000,0.0000,0.0000,0.0000
stopwords+stemming,bm25,1.2,1,45,0.1000,0.0833,0.0909,0.1692,0.0833,1.0000,0.2799
stopwords+stemming,bm25,1.2,1,46,0.5000,0.3333,0.4000,0.2623,0.1670,0.3333,0.3596
stopwords+stemming,bm25,1.2,1,47,0.4000,0.2857,0.3333,0.3247,0.1230,0.2500,0.3249
stopwords+stemming,bm25,1.2,1,48,0.2000,0.1818,0.1905,0.1489,0.1061,0.5000,0.2556
stopwords+stemming,bm25,1.2,1,49,0.1000,0.5000,0.1667,0.1833,0.1667,0.3333,0.3801
stopwords+stemming,bm25,1.2,1,50,0.1000,0.1667,0.1250,0.1877,0.1667,1.0000,0.4569
stopwords+stemming,bm25,1.2,1,51,0.5000,0.5000,0.5000,0.5495,0.4383,1.0000,0.4162
stopwords+stemming,bm25,1.2,1,52,0.4000,1.0000,0.5714,0.8500,0.8500,1.0000,0.7709
stopwords+stemming,bm25,1.2,1,53,0.2000,0.2000,0.2000,0.2470,0.1250,1.0000,0.2130
stopwords+stemming,bm25,1.2,1,54,0.1000,0.1111,0.1053,0.1295,0.0556,0.5000,0.2129
stopwords+stemming,bm25,1.2,1,55,0.3000,0.3000,0.3000,0.3027,0.1733,1.0000,0.2226
stopwords+stemming,bm25,1.2,1,56,0.2000,0.2000,0.2000,0.0958,0.0472,0.2500,0.1346
stopwords+stemming,bm25,1.2,1,57,0.0000,0.0000,0.0000,0.0606,0.0000,0.0625,0.0000
stopwords+stemming,bm25,1.2,1,58,0.2000,0.2222,0.2105,0.1627,0.0503,0.1667,0.1794
stopwords+stemming,bm25,1.2,1,59,0.1000,0.2500,0.1429,0.1126,0.0357,0.1429,0.1089
stopwords+stemming,bm25,1.2,1,60,0.3000,0.6000,0.4000,0.4794,0.4533,1.0000,0.5385
stopwords+stemming,bm25,1.2,1,61,0.3000,0.6000,0.4000,0.4778,0.4000,1.0000,0.5744
stopwords+stemming,bm25,1.2,1,62,0.0000,0.0000,0.0000,0.0252,0.0000,0.0526,0.0000
stopwords+stemming,bm25,1.2,1,63,0.0000,0.0000,0.0000,0.0224,0.0000,0.0217,0.0000
stopwords+stemming,bm25,1.2,1,64,0.1000,0.5000,0.1667,0.5233,0.5000,1.0000,0.6788
stopwords+stemming,bm25,1.2,1,65,0.5000,0.3333,0.4000,0.2787,0.2098,0.5000,0.4488
stopwords+stemming,bm25,1.2,1,66,0.2000,0.4000,0.2667,0.1349,0.1000,0.2500,0.2974
stopwords+stemming,bm25,1.2,1,67,0.6000,0.4286,0.5000,0.5598,0.4286,1.0000,0.7161
stopwords+stemming,bm25,1.2,1,68,0.1000,0.2000,0.1333,0.0924,0.0667,0.3333,0.2175
stopwords+stemming,bm25,1.2,1,69,0.1000,0.2000,0.1333,0.0437,0.0200,0.1000,0.1214
stopwords+stemming,bm25,1.2,1,70,0.1000,0.1000,0.1000,0.0795,0.0333,0.3333,0.1214
stopwords+stemming,bm25,1.2,1,71,0.0000,0.0000,0.0000,0.0347,0.0000,0.0435,0.0000
stopwords+stemming,bm25,1.2,1,72,0.1000,0.0588,0.0741,0.1046,0.0588,1.0000,0.2823
stopwords+stemming,bm25,1.2,1,73,0.5000,0.2500,0.3333,0.3281,0.1899,1.0000,0.5400
stopwords+stemming,bm25,1.2,1,74,0.1000,0.1667,0.1250,0.0934,0.0185,0.1111,0.1278
stopwords+stemming,bm25,1.2,1,75,0.0000,0.0000,0.0000,0.0244,0.0000,0.0357,0.0000
stopwords+stemming,bm25,1.2,1,76,0.3000,0.4286,0.3529,0.3296,0.2738,0.5000,0.4068
stopwords+stemming,bm25,1.2,1,77,0.4000,0.6667,0.5000,0.3520,0.2792,0.5000,0.4124
stopwords+stemming,bm25,1.2,1,78,0.2000,0.6667,0.3077,0.3242,0.2333,0.5000,0.4046
stopwords+stemming,bm25,1.2,1,79,0.1000,0.2000,0.1333,0.0530,0.0333,0.1667,0.1556
stopwords+stemming,bm25,1.2,1,80,0.0000,0.0000,0.0000,0.0170,0.0000,0.0286,0.0000
stopwords+stemming,bm25,1.2,1,81,0.2000,1.0000,0.3333,0.8333,0.8333,1.0000,0.6478
stopwords+stemming,bm25,1.2,1,82,0.3000,0.6000,0.4000,0.4431,0.4200,1.0000,0.5915
stopwords+stemming,bm25,1.2,1,83,0.1000,0.2500,0.1429,0.2598,0.2500,1.0000,0.3904
stopwords+stemming,bm25,1.2,1,84,0.4000,0.3636,0.3810,0.4071,0.3455,1.0000,0.3855
stopwords+stemming,bm25,1.2,1,85,0.1000,0.2500,0.1429,0.1389,0.1250,0.5000,0.1627
stopwords+stemming,bm25,1.2,1,86,0.2000,1.0000,0.3333,0.5833,0.5833,0.5000,0.6934
stopwords+stemming,bm25,1.2,1,87,0.0000,0.0000,0.0000,0.0149,0.0000,0.0233,0.0000
stopwords+stemming,bm25,1.2,1,88,0.6000,1.0000,0.7500,0.7167,0.7167,0.5000,0.7737
stopwords+stemming,bm25,1.2,1,89,0.1000,0.1667,0.1250,0.1986,0.0556,0.3333,0.2123
stopwords+stemming,bm25,1.2,1,90,0.3000,0.2308,0.2609,0.1841,0.1128,0.5000,0.1896
stopwords+stemming,bm25,1.2,1,91,0.3000,0.3333,0.3158,0.3120,0.1852,1.0000,0.4367
stopwords+stemming,bm25,1.2,1,92,0.4000,0.3077,0.3478,0.4728,0.3077,1.0000,0.3049
stopwords+stemming,bm25,1.2,1,93,0.1000,1.0000,0.1818,0.5000,0.5000,0.5000,0.6309
stopwords+stemming,bm25,1.2,1,94,0.5000,0.4167,0.4545,0.3973,0.2536,0.5000,0.3856
stopwords+stemming,bm25,1.2,1,95,0.1000,0.5000,0.1667,0.3214,0.2500,0.5000,0.1362
stopwords+stemming,bm25,1.2,1,96,0.6000,0.4615,0.5217,0.3159,0.2295,0.5000,0.4394
stopwords+stemming,bm25,1.2,1,97,0.2000,0.2000,0.2000,0.1835,0.1167,0.5000,0.2153
stopwords+stemming,bm25,1.2,1,98,0.0000,0.0000,0.0000,0.0294,0.0000,0.0588,0.0000
stopwords+stemming,bm25,1.2,1,99,0.2000,0.5000,0.2857,0.2410,0.1833,0.3333,0.3939
stopwords+stemming,bm25,1.2,1,100,0.2000,0.2222,0.2105,0.2642,0.1852,1.0000,0.4065
stopwords+stemming,bm25,1.2,1,101,0.5000,0.8333,0.6250,0.7104,0.6577,1.0000,0.8159
stopwords+stemming,bm25,1.2,1,102,0.2000,0.5000,0.2857,0.3781,0.3333,1.0000,0.4677
stopwords+stemming,bm25,1.2,1,103,0.0000,0.0000,0.0000,0.0067,0.0000,0.0133,0.0000
stopwords+stemming,bm25,1.2,1,104,0.1000,0.2000,0.1333,0.0624,0.0333,0.1667,0.1208
stopwords+stemming,bm25,1.2,1,105,0.3000,0.6000,0.4000,0.5235,0.4833,1.0000,0.7422
stopwords+stemming,bm25,1.2,1,106,0.3000,0.6000,0.4000,0.4049,0.3417,1.0000,0.6558
stopwords+stemming,bm25,1.2,1,107,0.3000,0.4286,0.3529,0.3289,0.1905,0.5000,0.3352
stopwords+stemming,bm25,1.2,1,108,0.5000,0.7143,0.5882,0.7585,0.6092,1.0000,0.7539
stopwords+stemming,bm25,1.2,1,109,0.0000,0.0000,0.0000,0.0386,0.0000,0.0278,0.0000
stopwords+stemming,bm25,1.2,1,110,0.1000,0.2500,0.1429,0.2770,0.2500,1.0000,0.5029
stopwords+stemming,bm25,1.2,1,111,0.3000,0.4286,0.3529,0.2948,0.1667,0.3333,0.2619
stopwords+stemming,bm25,1.2,1,112,0.1000,0.5000,0.1667,0.3000,0.2500,0.5000,0.2398
stopwords+stemming,bm25,1.2,1,113,0.2000,0.5000,0.2857,0.1948,0.1625,0.2500,0.3191
stopwords+stemming,bm25,1.2,1,114,0.1000,0.2500,0.1429,0.0822,0.0500,0.2000,0.1996
stopwords+stemming,bm25,1.2,1,115,0.1000,0.2500,0.1429,0.0399,0.0357,0.1429,0.1581
stopwords+stemming,bm25,1.2,1,116,0.0000,0.0000,0.0000,0.0260,0.0000,0.0312,0.0000
stopwords+stemming,bm25,1.2,1,117,0.0000,0.0000,0.0000,0.0405,0.0000,0.0625,0.0000
stopwords+stemming,bm25,1.2,1,118,0.2000,0.6667,0.3077,0.5185,0.5000,1.0000,0.7338
stopwords+stemming,bm25,1.2,1,119,0.1000,1.0000,0.1818,0.2000,0.2000,0.2000,0.3869
stopwords+stemming,bm25,1.2,1,120,0.5000,0.5556,0.5263,0.4619,0.3426,0.5000,0.5479
stopwords+stemming,bm25,1.2,1,121,0.4000,0.5714,0.4706,0.5964,0.4595,1.0000,0.5816
stopwords+stemming,bm25,1.2,1,122,0.2000,0.2222,0.2105,0.1453,0.0406,0.1429,0.0627
stopwords+stemming,bm25,1.2,1,123,0.0000,0.0000,0.0000,0.0503,0.0000,0.0435,0.0000
stopwords+stemming,bm25,1.2,1,124,0.0000,0.0000,0.0000,0.0033,0.0000,0.0037,0.0000
stopwords+stemming,bm25,1.2,1,125,0.3000,0.1765,0.2222,0.2504,0.0980,0.5000,0.3197
stopwords+stemming,bm25,1.2,1,126,0.2000,0.2500,0.2222,0.2220,0.2083,1.0000,0.4718
stopwords+stemming,bm25,1.2,1,127,0.1000,0.2000,0.1333,0.1005,0.0500,0.2500,0.1284
stopwords+stemming,bm25,1.2,1,128,0.0000,0.0000,0.0000,0.0264,0.0000,0.0476,0.0000
stopwords+stemming,bm25,1.2,1,129,0.4000,0.5714,0.4706,0.3651,0.3452,0.5000,0.5249
stopwords+stemming,bm25,1.2,1,130,0.4000,0.8000,0.5333,0.4874,0.4833,0.5000,0.6068
stopwords+stemming,bm25,1.2,1,131,0.2000,0.2500,0.2222,0.2618,0.0486,0.1667,0.1039
stopwords+stemming,bm25,1.2,1,132,0.7000,0.4667,0.5600,0.6714,0.3385,0.5000,0.5676
stopwords+stemming,bm25,1.2,1,133,0.2000,0.2857,0.2353,0.2394,0.0603,0.2000,0.1566
stopwords+stemming,bm25,1.2,1,134,0.1000,0.5000,0.1667,0.1879,0.1667,0.3333,0.2346
stopwords+stemming,bm25,1.2,1,135,0.5000,0.6250,0.5556,0.6072,0.4360,1.0000,0.4919
stopwords+stemming,bm25,1.2,1,136,0.1000,0.3333,0.1538,0.4059,0.3333,1.0000,0.7796
stopwords+stemming,bm25,1.2,1,137,0.2000,0.5000,0.2857,0.1887,0.1458,0.2500,0.2570
stopwords+stemming,bm25,1.2,1,138,0.1000,0.5000,0.1667,0.1357,0.1000,0.2000,0.2372
stopwords+stemming,bm25,1.2,1,139,0.0000,0.0000,0.0000,0.0087,0.0000,0.0115,0.0000
stopwords+stemming,bm25,1.2,1,140,0.2000,0.3333,0.2500,0.1724,0.1389,0.5000,0.3925
stopwords+stemming,bm25,1.2,1,141,0.2000,0.3333,0.2500,0.4400,0.3333,1.0000,0.5455
stopwords+stemming,bm25,1.2,1,142,0.0000,0.0000,0.0000,0.0909,0.0000,0.0909,0.0000
stopwords+stemming,bm25,1.2,1,143,0.2000,1.0000,0.3333,0.6250,0.6250,1.0000,0.8066
stopwords+stemming,bm25,1.2,1,144,0.5000,0.8333,0.6250,0.4305,0.4101,0.3333,0.5674
stopwords+stemming,bm25,1.2,1,145,0.2000,0.2857,0.2353,0.1987,0.1071,0.5000,0.2323
stopwords+stemming,bm25,1.2,1,146,0.2000,1.0000,0.3333,0.8333,0.8333,1.0000,0.7602
stopwords+stemming,bm25,1.2,1,147,0.3000,0.3000,0.3000,0.2401,0.1667,0.5000,0.3303
stopwords+stemming,bm25,1.2,1,148,0.2000,0.3333,0.2500,0.2171,0.1667,0.5000,0.3644
stopwords+stemming,bm25,1.2,1,149,0.4000,0.3636,0.3810,0.3489,0.2309,1.0000,0.4698
stopwords+stemming,bm25,1.2,1,150,0.2000,1.0000,0.3333,0.5833,0.5833,0.5000,0.6934
stopwords+stemming,bm25,1.2,1,151,0.0000,0.0000,0.0000,0.0293,0.0000,0.0435,0.0000
stopwords+stemming,bm25,1.2,1,152,0.0000,0.0000,0.0000,0.0087,0.0000,0.0128,0.0000
stopwords+stemming,bm25,1.2,1,153,0.3000,0.4286,0.3529,0.1821,0.1660,0.3333,0.2592
stopwords+stemming,bm25,1.2,1,154,0.2000,1.0000,0.3333,0.6429,0.6429,1.0000,0.7039
stopwords+stemming,bm25,1.2,1,155,0.1000,0.1667,0.1250,0.2203,0.1667,1.0000,0.2251
stopwords+stemming,bm25,1.2,1,156,0.6000,0.4286,0.5000,0.5412,0.4286,1.0000,0.5336
stopwords+stemming,bm25,1.2,1,157,0.7000,0.1795,0.2857,0.2662,0.1252,0.5000,0.5470
stopwords+stemming,bm25,1.2,1,158,0.1000,0.1250,0.1111,0.2102,0.1250,1.0000,0.3630
stopwords+stemming,bm25,1.2,1,159,0.2000,0.2500,0.2222,0.0760,0.0491,0.1429,0.1329
stopwords+stemming,bm25,1.2,1,160,0.1000,0.2000,0.1333,0.0692,0.0500,0.2500,0.1696
stopwords+stemming,bm25,1.2,1,161,0.3000,0.5000,0.3750,0.5347,0.5000,1.0000,0.7193
stopwords+stemming,bm25,1.2,1,162,0.2000,0.2500,0.2222,0.2481,0.1250,0.5000,0.2000
stopwords+stemming,bm25,1.2,1,163,0.2000,0.6667,0.3077,0.2960,0.2778,0.3333,0.4367
stopwords+stemming,bm25,1.2,1,164,0.4000,0.5000,0.4444,0.4955,0.4583,1.0000,0.6629
stopwords+stemming,bm25,1.2,1,165,0.2000,1.0000,0.3333,0.4500,0.4500,0.5000,0.6241
stopwords+stemming,bm25,1.2,1,166,0.0000,0.0000,0.0000,0.0452,0.0000,0.0833,0.0000
stopwords+stemming,bm25,1.2,1,167,0.2000,1.0000,0.3333,0.5000,0.5000,0.5000,0.6462
stopwords+stemming,bm25,1.2,1,168,0.1000,0.5000,0.1667,0.1288,0.0833,0.1667,0.2184
stopwords+stemming,bm25,1.2,1,169,0.2000,0.5000,0.2857,0.2602,0.2250,0.5000,0.3973
stopwords+stemming,bm25,1.2,1,170,0.3000,0.5000,0.3750,0.4636,0.4028,1.0000,0.5900
stopwords+stemming,bm25,1.2,1,171,0.2000,0.6667,0.3077,0.5850,0.5556,1.0000,0.6407
stopwords+stemming,bm25,1.2,1,172,0.4000,1.0000,0.5714,0.8042,0.8042,1.0000,0.8940
stopwords+stemming,bm25,1.2,1,173,0.2000,1.0000,0.3333,1.0000,1.0000,1.0000,1.0000
stopwords+stemming,bm25,1.2,1,174,0.1000,0.2000,0.1333,0.0947,0.0500,0.2500,0.1688
stopwords+stemming,bm25,1.2,1,175,0.1000,0.2000,0.1333,0.0593,0.0222,0.1111,0.1125
stopwords+stemming,bm25,1.2,1,176,0.0000,0.0000,0.0000,0.0666,0.0000,0.0833,0.0000
stopwords+stemming,bm25,1.2,1,177,0.5000,1.0000,0.6667,0.7500,0.7500,1.0000,0.9148
stopwords+stemming,bm25,1.2,1,178,0.2000,0.5000,0.2857,0.4081,0.3214,1.0000,0.6998
stopwords+stemming,bm25,1.2,1,179,0.2000,0.5000,0.2857,0.4280,0.4167,1.0000,0.5856
stopwords+stemming,bm25,1.2,1,180,0.3000,0.4286,0.3529,0.4128,0.2738,0.5000,0.3558
stopwords+stemming,bm25,1.2,1,181,0.2000,0.4000,0.2667,0.2796,0.2500,1.0000,0.3670
stopwords+stemming,bm25,1.2,1,182,0.2000,1.0000,0.3333,0.5833,0.5833,0.5000,0.6697
stopwords+stemming,bm25,1.2,1,183,0.4000,0.3077,0.3478,0.2766,0.1615,0.5000,0.2440
stopwords+stemming,bm25,1.2,1,184,0.1000,0.1429,0.1176,0.2492,0.1429,1.0000,0.2881
stopwords+stemming,bm25,1.2,1,185,0.6000,0.6667,0.6316,0.8189,0.6222,1.0000,0.8115
stopwords+stemming,bm25,1.2,1,186,0.5000,0.3125,0.3846,0.2091,0.1868,0.5000,0.4807
stopwords+stemming,bm25,1.2,1,187,0.3000,0.5000,0.3750,0.1995,0.1889,0.5000,0.3620
stopwords+stemming,bm25,1.2,1,188,0.4000,0.3636,0.3810,0.4347,0.3019,1.0000,0.5509
stopwords+stemming,bm25,1.2,1,189,0.1000,0.1111,0.1053,0.0872,0.0278,0.2500,0.0833
stopwords+stemming,bm25,1.2,1,190,0.2000,0.4000,0.2667,0.5099,0.4000,1.0000,0.4684
stopwords+stemming,bm25,1.2,1,191,0.2000,0.1538,0.1739,0.3566,0.0427,0.3333,0.1172
stopwords+stemming,bm25,1.2,1,192,0.3000,0.7500,0.4286,0.5952,0.5667,1.0000,0.7366
stopwords+stemming,bm25,1.2,1,193,0.7000,0.7778,0.7368,0.8196,0.7480,1.0000,0.7967
stopwords+stemming,bm25,1.2,1,194,0.1000,0.1667,0.1250,0.1715,0.0556,0.3333,0.1134
stopwords+stemming,bm25,1.2,1,195,0.0000,0.0000,0.0000,0.0549,0.0000,0.0588,0.0000
stopwords+stemming,bm25,1.2,1,196,0.3000,0.2500,0.2727,0.2057,0.1562,1.0000,0.3522
stopwords+stemming,bm25,1.2,1,197,0.2000,0.6667,0.3077,0.6325,0.5556,1.0000,0.6652
stopwords+stemming,bm25,1.2,1,198,0.3000,0.7500,0.4286,0.5970,0.5938,1.0000,0.7615
stopwords+stemming,bm25,1.2,1,199,0.2000,0.2500,0.2222,0.0862,0.0434,0.1250,0.1371
stopwords+stemming,bm25,1.2,1,200,0.3000,1.0000,0.4615,0.4028,0.4028,0.5000,0.6113
stopwords+stemming,bm25,1.2,1,201,0.5000,0.3125,0.3846,0.3083,0.2017,1.0000,0.5756
stopwords+stemming,bm25,1.2,1,202,0.3000,0.2143,0.2500,0.2147,0.1369,0.5000,0.2255
stopwords+stemming,bm25,1.2,1,203,0.2000,0.1429,0.1667,0.1127,0.0643,0.5000,0.2488
stopwords+stemming,bm25,1.2,1,204,0.1000,0.0714,0.0833,0.0386,0.0071,0.1000,0.0993
stopwords+stemming,bm25,1.2,1,205,0.2000,1.0000,0.3333,0.6667,0.6667,1.0000,0.8316
stopwords+stemming,bm25,1.2,1,206,0.2000,0.6667,0.3077,0.2085,0.2063,0.3333,0.4242
stopwords+stemming,bm25,1.2,1,207,0.0000,0.0000,0.0000,0.0054,0.0000,0.0104,0.0000
stopwords+stemming,bm25,1.2,1,208,0.4000,0.6667,0.5000,0.4300,0.3861,0.5000,0.6310
stopwords+stemming,bm25,1.2,1,209,0.1000,0.0833,0.0909,0.1306,0.0119,0.1429,0.0340
stopwords+stemming,bm25,1.2,1,210,0.2000,0.3333,0.2500,0.3411,0.2778,1.0000,0.4826
stopwords+stemming,bm25,1.2,1,211,0.1000,0.0909,0.0952,0.1875,0.0909,1.0000,0.1096
stopwords+stemming,bm25,1.2,1,212,0.5000,0.3571,0.4167,0.5320,0.3310,1.0000,0.4923
stopwords+stemming,bm25,1.2,1,213,0.5000,0.4545,0.4762,0.5428,0.3795,1.0000,0.5799
stopwords+stemming,bm25,1.2,1,214,0.1000,0.2500,0.1429,0.1626,0.1250,0.5000,0.2463
stopwords+stemming,bm25,1.2,1,215,0.0000,0.0000,0.0000,0.0581,0.0000,0.0833,0.0000
stopwords+stemming,bm25,1.2,1,216,0.0000,0.0000,0.0000,0.0016,0.0000,0.0016,0.0000
stopwords+stemming,bm25,1.2,1,217,0.3000,0.2000,0.2400,0.1499,0.0639,0.2500,0.2164
stopwords+stemming,bm25,1.2,1,218,0.2000,0.1333,0.1600,0.1852,0.0481,0.5000,0.1396
stopwords+stemming,bm25,1.2,1,219,0.0000,0.0000,0.0000,0.0338,0.0000,0.0143,0.0000
stopwords+stemming,bm25,1.2,1,220,0.2000,0.1053,0.1379,0.1707,0.0614,0.5000,0.1644
stopwords+stemming,bm25,1.2,1,221,0.3000,0.1667,0.2143,0.2212,0.1389,1.0000,0.3543
stopwords+stemming,bm25,1.2,1,222,0.6000,0.6667,0.6316,0.7294,0.5728,1.0000,0.7459
stopwords+stemming,bm25,1.2,1,223,0.3000,0.7500,0.4286,0.4352,0.4167,0.5000,0.5805
stopwords+stemming,bm25,1.2,1,224,0.1000,0.1250,0.1111,0.1525,0.0250,0.2000,0.1019
stopwords+stemming,bm25,1.2,1,225,0.2000,0.0833,0.1176,0.0557,0.0347,0.5000,0.1197
stopwords+stemming,bm25,2,0,1,0.3000,0.1071,0.1579,0.1521,0.0653,1.0000,0.2400
stopwords+stemming,bm25,2,0,2,0.4000,0.1667,0.2353,0.1914,0.1340,1.0000,0.4861
stopwords+stemming,bm25,2,0,3,0.4000,0.5000,0.4444,0.3831,0.2556,0.5000,0.4425
stopwords+stemming,bm25,2,0,4,0.1000,0.5000,0.1667,0.2717,0.2500,0.5000,0.3869
stopwords+stemming,bm25,2,0,5,0.3000,0.7500,0.4286,0.4518,0.4405,1.0000,0.5675
stopwords+stemming,bm25,2,0,6,0.1000,0.2500,0.1429,0.1203,0.0625,0.2500,0.1407
stopwords+stemming,bm25,2,0,7,0.2000,0.4000,0.2667,0.1886,0.1667,0.3333,0.2859
stopwords+stemming,bm25,2,0,8,0.1000,0.0909,0.0952,0.1522,0.0909,1.0000,0.2670
stopwords+stemming,bm25,2,0,9,0.2000,0.6667,0.3077,0.1893,0.1778,0.2000,0.3487
stopwords+stemming,bm25,2,0,10,0.1000,0.1250,0.1111,0.1093,0.0625,0.5000,0.1323
stopwords+stemming,bm25,2,0,11,0.1000,0.1429,0.1176,0.1407,0.0143,0.1000,0.0933
stopwords+stemming,bm25,2,0,12,0.0000,0.0000,0.0000,0.0360,0.0000,0.0385,0.0000
stopwords+stemming,bm25,2,0,13,0.0000,0.0000,0.0000,0.0000,0.0000,0.0000,0.0000
stopwords+stemming,bm25,2,0,14,0.1000,0.5000,0.1667,0.0664,0.0500,0.1000,0.2497
stopwords+stemming,bm25,2,0,15,0.2000,1.0000,0.3333,0.7000,0.7000,1.0000,0.6742
stopwords+stemming,bm25,2,0,16,0.2000,0.6667,0.3077,0.1637,0.1500,0.2000,0.3405
stopwords+stemming,bm25,2,0,17,0.0000,0.0000,0.0000,0.0370,0.0000,0.0556,0.0000
stopwords+stemming,bm25,2,0,18,0.1000,0.3333,0.1538,0.3527,0.3333,1.0000,0.4693
stopwords+stemming,bm25,2,0,19,0.0000,0.0000,0.0000,0.0120,0.0000,0.0145,0.0000
stopwords+stemming,bm25,2,0,20,0.5000,0.5556,0.5263,0.3155,0.2667,0.5000,0.4650
stopwords+stemming,bm25,2,0,21,0.0000,0.0000,0.0000,0.0307,0.0000,0.0333,0.0000
stopwords+stemming,bm25,2,0,22,0.0000,0.0000,0.0000,0.0000,0.0000,0.0000,0.0000
stopwords+stemming,bm25,2,0,23,0.2000,0.0625,0.0952,0.1187,0.0234,0.5000,0.2067
stopwords+stemming,bm25,2,0,24,0.2000,0.6667,0.3077,0.3546,0.3333,0.5000,0.5405
stopwords+stemming,bm25,2,0,25,0.6000,0.6667,0.6316,0.6613,0.6037,1.0000,0.7408
stopwords+stemming,bm25,2,0,26,0.2000,0.3333,0.2500,0.1571,0.1222,0.3333,0.3073
stopwords+stemming,bm25,2,0,27,0.0000,0.0000,0.0000,0.0369,0.0000,0.0625,0.0000
stopwords+stemming,bm25,2,0,28,0.0000,0.0000,0.0000,0.0034,0.0000,0.0026,0.0000
stopwords+stemming,bm25,2,0,29,0.3000,0.3333,0.3158,0.2066,0.1290,0.5000,0.1923
stopwords+stemming,bm25,2,0,30,0.0000,0.0000,0.0000,0.0469,0.0000,0.0667,0.0000
stopwords+stemming,bm25,2,0,31,0.0000,0.0000,0.0000,0.0000,0.0000,0.0000,0.0000
stopwords+stemming,bm25,2,0,32,0.0000,0.0000,0.0000,0.0112,0.0000,0.0082,0.0000
stopwords+stemming,bm25,2,0,33,0.3000,1.0000,0.4615,0.4762,0.4762,0.5000,0.6271
stopwords+stemming,bm25,2,0,34,0.3000,0.5000,0.3750,0.2768,0.2103,0.3333,0.3711
stopwords+stemming,bm25,2,0,35,0.0000,0.0000,0.0000,0.0286,0.0000,0.0625,0.0000
stopwords+stemming,bm25,2,0,36,0.1000,0.5000,0.1667,0.5091,0.5000,1.0000,0.4693
stopwords+stemming,bm25,2,0,37,0.0000,0.0000,0.0000,0.0464,0.0000,0.0588,0.0000
stopwords+stemming,bm25,2,0,38,0.0000,0.0000,0.0000,0.0598,0.0000,0.0909,0.0000
stopwords+stemming,bm25,2,0,39,0.3000,0.2308,0.2609,0.1216,0.0923,0.5000,0.2901
stopwords+stemming,bm25,2,0,40,0.2000,0.1667,0.1818,0.1356,0.0972,0.5000,0.1777
stopwords+stemming,bm25,2,0,41,0.3000,1.0000,0.4615,0.7917,0.7917,1.0000,0.8917
stopwords+stemming,bm25,2,0,42,0.3000,0.6000,0.4000,0.1834,0.1738,0.2500,0.3734
stopwords+stemming,bm25,2,0,43,0.3000,0.5000,0.3750,0.3716,0.2698,1.0000,0.5400
stopwords+stemming,bm25,2,0,44,0.0000,0.0000,0.0000,0.0000,0.0000,0.0000,0.0000
stopwords+stemming,bm25,2,0,45,0.1000,0.0833,0.0909,0.1240,0.0417,0.5000,0.1766
stopwords+stemming,bm25,2,0,46,0.6000,0.4000,0.4800,0.4027,0.3287,1.0000,0.5170
stopwords+stemming,bm25,2,0,47,0.4000,0.2857,0.3333,0.3499,0.1643,1.0000,0.4511
stopwords+stemming,bm25,2,0,48,0.3000,0.2727,0.2857,0.1846,0.1121,0.5000,0.2641
stopwords+stemming,bm25,2,0,49,0.0000,0.0000,0.0000,0.0306,0.0000,0.0476,0.0000
stopwords+stemming,bm25,2,0,50,0.0000,0.0000,0.0000,0.0194,0.0000,0.0244,0.0000
stopwords+stemming,bm25,2,0,51,0.4000,0.4000,0.4000,0.3852,0.2567,1.0000,0.4753
stopwords+stemming,bm25,2,0,52,0.2000,0.5000,0.2857,0.2051,0.1181,0.2500,0.2335
stopwords+stemming,bm25,2,0,53,0.2000,0.2000,0.2000,0.2336,0.1500,1.0000,0.3015
stopwords+stemming,bm25,2,0,54,0.2000,0.2222,0.2105,0.1690,0.0833,0.5000,0.2838
stopwords+stemming,bm25,2,0,55,0.1000,0.1000,0.1000,0.1465,0.0143,0.1429,0.0301
stopwords+stemming,bm25,2,0,56,0.2000,0.2000,0.2000,0.1257,0.0833,0.5000,0.1750
stopwords+stemming,bm25,2,0,57,0.0000,0.0000,0.0000,0.0708,0.0000,0.0625,0.0000
stopwords+stemming,bm25,2,0,58,0.1000,0.1111,0.1053,0.1267,0.0370,0.3333,0.1919
stopwords+stemming,bm25,2,0,59,0.0000,0.0000,0.0000,0.0697,0.0000,0.0769,0.0000
stopwords+stemming,bm25,2,0,60,0.3000,0.6000,0.4000,0.4176,0.4083,1.0000,0.5454
stopwords+stemming,bm25,2,0,61,0.3000,0.6000,0.4000,0.5237,0.4667,1.0000,0.6716
stopwords+stemming,bm25,2,0,62,0.0000,0.0000,0.0000,0.0197,0.0000,0.0323,0.0000
stopwords+stemming,bm25,2,0,63,0.0000,0.0000,0.0000,0.0295,0.0000,0.0278,0.0000
stopwords+stemming,bm25,2,0,64,0.1000,0.5000,0.1667,0.1391,0.1250,0.2500,0.2923
stopwords+stemming,bm25,2,0,65,0.0000,0.0000,0.0000,0.0776,0.0000,0.0588,0.0000
stopwords+stemming,bm25,2,0,66,0.0000,0.0000,0.0000,0.0483,0.0000,0.0333,0.0000
stopwords+stemming,bm25,2,0,67,0.1000,0.0714,0.0833,0.1437,0.0238,0.3333,0.1337
stopwords+stemming,bm25,2,0,68,0.1000,0.2000,0.1333,0.1034,0.0667,0.3333,0.2175
stopwords+stemming,bm25,2,0,69,0.1000,0.2000,0.1333,0.2251,0.2000,1.0000,0.4201
stopwords+stemming,bm25,2,0,70,0.1000,0.1000,0.1000,0.1604,0.1000,1.0000,0.2427
stopwords+stemming,bm25,2,0,71,0.1000,0.1250,0.1111,0.0725,0.0208,0.1667,0.1160
stopwords+stemming,bm25,2,0,72,0.0000,0.0000,0.0000,0.0349,0.0000,0.0769,0.0000
stopwords+stemming,bm25,2,0,73,0.6000,0.3000,0.4000,0.3328,0.2154,1.0000,0.6705
stopwords+stemming,bm25,2,0,74,0.1000,0.1667,0.1250,0.1790,0.0833,0.5000,0.2679
stopwords+stemming,bm25,2,0,75,0.0000,0.0000,0.0000,0.0125,0.0000,0.0098,0.0000
stopwords+stemming,bm25,2,0,76,0.4000,0.5714,0.4706,0.2891,0.2850,0.5000,0.4645
stopwords+stemming,bm25,2,0,77,0.3000,0.5000,0.3750,0.2804,0.2292,0.5000,0.2633
stopwords+stemming,bm25,2,0,78,0.2000,0.6667,0.3077,0.5588,0.5000,1.0000,0.6256
stopwords+stemming,bm25,2,0,79,0.0000,0.0000,0.0000,0.0248,0.0000,0.0312,0.0000
stopwords+stemming,bm25,2,0,80,0.0000,0.0000,0.0000,0.0087,0.0000,0.0130,0.0000
stopwords+stemming,bm25,2,0,81,0.2000,1.0000,0.3333,0.6111,0.6111,1.0000,0.4760
stopwords+stemming,bm25,2,0,82,0.2000,0.4000,0.2667,0.2914,0.2444,1.0000,0.4785
stopwords+stemming,bm25,2,0,83,0.1000,0.2500,0.1429,0.0739,0.0625,0.2500,0.1681
stopwords+stemming,bm25,2,0,84,0.3000,0.2727,0.2857,0.3393,0.2500,1.0000,0.2659
stopwords+stemming,bm25,2,0,85,0.1000,0.2500,0.1429,0.0733,0.0625,0.2500,0.1111
stopwords+stemming,bm25,2,0,86,0.2000,1.0000,0.3333,0.5833,0.5833,0.5000,0.6934
stopwords+stemming,bm25,2,0,87,0.0000,0.0000,0.0000,0.0135,0.0000,0.0217,0.0000
stopwords+stemming,bm25,2,0,88,0.6000,1.0000,0.7500,0.6218,0.6218,0.5000,0.7183
stopwords+stemming,bm25,2,0,89,0.2000,0.3333,0.2500,0.1780,0.0704,0.2000,0.2373
stopwords+stemming,bm25,2,0,90,0.3000,0.2308,0.2609,0.2093,0.1227,0.5000,0.2371
stopwords+stemming,bm25,2,0,91,0.3000,0.3333,0.3158,0.3644,0.2407,1.0000,0.5128
stopwords+stemming,bm25,2,0,92,0.5000,0.3846,0.4348,0.4090,0.3062,1.0000,0.3462
stopwords+stemming,bm25,2,0,93,0.1000,1.0000,0.1818,0.5000,0.5000,0.5000,0.6309
stopwords+stemming,bm25,2,0,94,0.6000,0.5000,0.5455,0.5412,0.4276,1.0000,0.5730
stopwords+stemming,bm25,2,0,95,0.1000,0.5000,0.1667,0.5435,0.5000,1.0000,0.2159
stopwords+stemming,bm25,2,0,96,0.6000,0.4615,0.5217,0.4262,0.3383,1.0000,0.5964
stopwords+stemming,bm25,2,0,97,0.3000,0.3000,0.3000,0.1994,0.1667,0.5000,0.2864
stopwords+stemming,bm25,2,0,98,0.0000,0.0000,0.0000,0.0265,0.0000,0.0526,0.0000
stopwords+stemming,bm25,2,0,99,0.2000,0.5000,0.2857,0.3151,0.2917,0.5000,0.5023
stopwords+stemming,bm25,2,0,100,0.3000,0.3333,0.3158,0.3364,0.2698,1.0000,0.5022
stopwords+stemming,bm25,2,0,101,0.5000,0.8333,0.6250,0.5008,0.4452,0.5000,0.5664
stopwords+stemming,bm25,2,0,102,0.1000,0.2500,0.1429,0.0648,0.0357,0.1429,0.0910
stopwords+stemming,bm25,2,0,103,0.0000,0.0000,0.0000,0.0192,0.0000,0.0385,0.0000
stopwords+stemming,bm25,2,0,104,0.1000,0.2000,0.1333,0.0816,0.0667,0.3333,0.1696
stopwords+stemming,bm25,2,0,105,0.3000,0.6000,0.4000,0.4154,0.3533,0.5000,0.5442
stopwords+stemming,bm25,2,0,106,0.3000,0.6000,0.4000,0.3877,0.3000,0.5000,0.4335
stopwords+stemming,bm25,2,0,107,0.2000,0.2857,0.2353,0.2380,0.1286,0.5000,0.2911
stopwords+stemming,bm25,2,0,108,0.5000,0.7143,0.5882,0.7274,0.6262,1.0000,0.7940
stopwords+stemming,bm25,2,0,109,0.0000,0.0000,0.0000,0.0302,0.0000,0.0312,0.0000
stopwords+stemming,bm25,2,0,110,0.0000,0.0000,0.0000,0.0236,0.0000,0.0345,0.0000
stopwords+stemming,bm25,2,0,111,0.2000,0.2857,0.2353,0.2034,0.0929,0.2500,0.1738
stopwords+stemming,bm25,2,0,112,0.1000,0.5000,0.1667,0.3409,0.2500,0.5000,0.2398
stopwords+stemming,bm25,2,0,113,0.1000,0.2500,0.1429,0.1076,0.0833,0.3333,0.1952
stopwords+stemming,bm25,2,0,114,0.1000,0.2500,0.1429,0.0556,0.0250,0.1000,0.1491
stopwords+stemming,bm25,2,0,115,0.1000,0.2500,0.1429,0.0571,0.0500,0.2000,0.1835
stopwords+stemming,bm25,2,0,116,0.0000,0.0000,0.0000,0.0374,0.0000,0.0769,0.0000
stopwords+stemming,bm25,2,0,117,0.0000,0.0000,0.0000,0.0242,0.0000,0.0333,0.0000
stopwords+stemming,bm25,2,0,118,0.2000,0.6667,0.3077,0.2005,0.1944,0.2500,0.3668
stopwords+stemming,bm25,2,0,119,0.1000,1.0000,0.1818,0.1667,0.1667,0.1667,0.3562
stopwords+stemming,bm25,2,0,120,0.3000,0.3333,0.3158,0.3162,0.1370,0.5000,0.3115
stopwords+stemming,bm25,2,0,121,0.3000,0.4286,0.3529,0.4918,0.3469,1.0000,0.5526
stopwords+stemming,bm25,2,0,122,0.1000,0.1111,0.1053,0.0589,0.0185,0.1667,0.0352
stopwords+stemming,bm25,2,0,123,0.0000,0.0000,0.0000,0.0530,0.0000,0.0625,0.0000
stopwords+stemming,bm25,2,0,124,0.0000,0.0000,0.0000,0.0031,0.0000,0.0034,0.0000
stopwords+stemming,bm25,2,0,125,0.4000,0.2353,0.2963,0.2875,0.1379,1.0000,0.4394
stopwords+stemming,bm25,2,0,126,0.2000,0.2500,0.2222,0.2633,0.2500,1.0000,0.5130
stopwords+stemming,bm25,2,0,127,0.3000,0.6000,0.4000,0.1788,0.1671,0.2500,0.4066
stopwords+stemming,bm25,2,0,128,0.0000,0.0000,0.0000,0.0261,0.0000,0.0455,0.0000
stopwords+stemming,bm25,2,0,129,0.4000,0.5714,0.4706,0.3555,0.3373,0.5000,0.5279
stopwords+stemming,bm25,2,0,130,0.4000,0.8000,0.5333,0.5863,0.5833,1.0000,0.7238
stopwords+stemming,bm25,2,0,131,0.2000,0.2500,0.2222,0.2349,0.0670,0.2500,0.1295
stopwords+stemming,bm25,2,0,132,0.6000,0.4000,0.4800,0.6949,0.3394,1.0000,0.5513
stopwords+stemming,bm25,2,0,133,0.2000,0.2857,0.2353,0.2231,0.0643,0.2500,0.1695
stopwords+stemming,bm25,2,0,134,0.1000,0.5000,0.1667,0.5133,0.5000,1.0000,0.4693
stopwords+stemming,bm25,2,0,135,0.5000,0.6250,0.5556,0.5653,0.3819,1.0000,0.4817
stopwords+stemming,bm25,2,0,136,0.2000,0.6667,0.3077,0.1414,0.1310,0.1429,0.3213
stopwords+stemming,bm25,2,0,137,0.1000,0.2500,0.1429,0.1855,0.1250,0.5000,0.2061
stopwords+stemming,bm25,2,0,138,0.1000,0.5000,0.1667,0.1930,0.1667,0.3333,0.3066
stopwords+stemming,bm25,2,0,139,0.0000,0.0000,0.0000,0.0078,0.0000,0.0169,0.0000
stopwords+stemming,bm25,2,0,140,0.2000,0.3333,0.2500,0.1122,0.0889,0.2000,0.2955
stopwords+stemming,bm25,2,0,141,0.2000,0.3333,0.2500,0.2327,0.1389,0.3333,0.2983
stopwords+stemming,bm25,2,0,142,0.0000,0.0000,0.0000,0.0370,0.0000,0.0370,0.0000
stopwords+stemming,bm25,2,0,143,0.2000,1.0000,0.3333,0.6111,0.6111,1.0000,0.7977
stopwords+stemming,bm25,2,0,144,0.2000,0.3333,0.2500,0.3103,0.2143,1.0000,0.3236
stopwords+stemming,bm25,2,0,145,0.1000,0.1429,0.1176,0.0973,0.0286,0.2000,0.1221
stopwords+stemming,bm25,2,0,146,0.2000,1.0000,0.3333,0.2500,0.2500,0.2500,0.4473
stopwords+stemming,bm25,2,0,147,0.4000,0.4000,0.4000,0.3008,0.2488,0.5000,0.4391
stopwords+stemming,bm25,2,0,148,0.2000,0.3333,0.2500,0.1366,0.0810,0.2000,0.2472
stopwords+stemming,bm25,2,0,149,0.2000,0.1818,0.1905,0.2362,0.1364,1.0000,0.3149
stopwords+stemming,bm25,2,0,150,0.2000,1.0000,0.3333,1.0000,1.0000,1.0000,1.0000
stopwords+stemming,bm25,2,0,151,0.0000,0.0000,0.0000,0.0216,0.0000,0.0345,0.0000
stopwords+stemming,bm25,2,0,152,0.0000,0.0000,0.0000,0.0072,0.0000,0.0046,0.0000
stopwords+stemming,bm25,2,0,153,0.1000,0.1429,0.1176,0.0873,0.0357,0.2500,0.0695
stopwords+stemming,bm25,2,0,154,0.2000,1.0000,0.3333,0.7500,0.7500,1.0000,0.7724
stopwords+stemming,bm25,2,0,155,0.1000,0.1667,0.1250,0.0832,0.0278,0.1667,0.0802
stopwords+stemming,bm25,2,0,156,0.7000,0.5000,0.5833,0.5859,0.5000,1.0000,0.6235
stopwords+stemming,bm25,2,0,157,0.4000,0.1026,0.1633,0.1984,0.0833,1.0000,0.4035
stopwords+stemming,bm25,2,0,158,0.1000,0.1250,0.1111,0.1851,0.1250,1.0000,0.3630
stopwords+stemming,bm25,2,0,159,0.1000,0.1250,0.1111,0.0650,0.0156,0.1250,0.0435
stopwords+stemming,bm25,2,0,160,0.1000,0.2000,0.1333,0.2187,0.2000,1.0000,0.3937
stopwords+stemming,bm25,2,0,161,0.3000,0.5000,0.3750,0.4153,0.3833,1.0000,0.6912
stopwords+stemming,bm25,2,0,162,0.1000,0.1250,0.1111,0.1445,0.0312,0.2500,0.0625
stopwords+stemming,bm25,2,0,163,0.2000,0.6667,0.3077,0.2165,0.2063,0.3333,0.3911
stopwords+stemming,bm25,2,0,164,0.5000,0.6250,0.5556,0.5281,0.5052,1.0000,0.7399
stopwords+stemming,bm25,2,0,165,0.2000,1.0000,0.3333,0.2679,0.2679,0.2500,0.4685
stopwords+stemming,bm25,2,0,166,0.1000,0.1250,0.1111,0.0510,0.0139,0.1111,0.0761
stopwords+stemming,bm25,2,0,167,0.2000,1.0000,0.3333,0.5833,0.5833,0.5000,0.6788
stopwords+stemming,bm25,2,0,168,0.1000,0.5000,0.1667,0.0744,0.0625,0.1250,0.1934
stopwords+stemming,bm25,2,0,169,0.2000,0.5000,0.2857,0.2169,0.2083,0.3333,0.3633
stopwords+stemming,bm25,2,0,170,0.3000,0.5000,0.3750,0.2456,0.1944,0.3333,0.3355
stopwords+stemming,bm25,2,0,171,0.1000,0.3333,0.1538,0.4556,0.3333,1.0000,0.5695
stopwords+stemming,bm25,2,0,172,0.4000,1.0000,0.5714,0.6792,0.6792,0.5000,0.6867
stopwords+stemming,bm25,2,0,173,0.2000,1.0000,0.3333,0.8333,0.8333,1.0000,0.9197
stopwords+stemming,bm25,2,0,174,0.1000,0.2000,0.1333,0.0462,0.0222,0.1111,0.1180
stopwords+stemming,bm25,2,0,175,0.0000,0.0000,0.0000,0.0415,0.0000,0.0588,0.0000
stopwords+stemming,bm25,2,0,176,0.0000,0.0000,0.0000,0.0236,0.0000,0.0294,0.0000
stopwords+stemming,bm25,2,0,177,0.4000,0.8000,0.5333,0.6353,0.5639,1.0000,0.8137
stopwords+stemming,bm25,2,0,178,0.2000,0.5000,0.2857,0.4482,0.3750,1.0000,0.7155
stopwords+stemming,bm25,2,0,179,0.2000,0.5000,0.2857,0.5124,0.5000,1.0000,0.6367
stopwords+stemming,bm25,2,0,180,0.2000,0.2857,0.2353,0.2896,0.1667,0.5000,0.3324
stopwords+stemming,bm25,2,0,181,0.1000,0.2000,0.1333,0.2516,0.2000,1.0000,0.2491
stopwords+stemming,bm25,2,0,182,0.2000,1.0000,0.3333,0.5833,0.5833,0.5000,0.6697
stopwords+stemming,bm25,2,0,183,0.4000,0.3077,0.3478,0.3189,0.1784,1.0000,0.3068
stopwords+stemming,bm25,2,0,184,0.1000,0.1429,0.1176,0.2412,0.1429,1.0000,0.2881
stopwords+stemming,bm25,2,0,185,0.6000,0.6667,0.6316,0.7940,0.6323,1.0000,0.8320
stopwords+stemming,bm25,2,0,186,0.5000,0.3125,0.3846,0.1736,0.1521,0.3333,0.4230
stopwords+stemming,bm25,2,0,187,0.1000,0.1667,0.1250,0.1400,0.0833,0.5000,0.2018
stopwords+stemming,bm25,2,0,188,0.3000,0.2727,0.2857,0.2786,0.1515,0.5000,0.3587
stopwords+stemming,bm25,2,0,189,0.2000,0.2222,0.2105,0.0975,0.0500,0.2000,0.1664
stopwords+stemming,bm25,2,0,190,0.2000,0.4000,0.2667,0.3242,0.2500,1.0000,0.3377
stopwords+stemming,bm25,2,0,191,0.4000,0.3077,0.3478,0.3571,0.1163,0.2500,0.2592
stopwords+stemming,bm25,2,0,192,0.3000,0.7500,0.4286,0.5985,0.5833,1.0000,0.7542
stopwords+stemming,bm25,2,0,193,0.7000,0.7778,0.7368,0.7751,0.6965,1.0000,0.8193
stopwords+stemming,bm25,2,0,194,0.3000,0.5000,0.3750,0.2587,0.1944,0.5000,0.3980
stopwords+stemming,bm25,2,0,195,0.1000,0.3333,0.1538,0.1381,0.1111,0.3333,0.2346
stopwords+stemming,bm25,2,0,196,0.2000,0.1667,0.1818,0.0978,0.0750,0.5000,0.2013
stopwords+stemming,bm25,2,0,197,0.2000,0.6667,0.3077,0.6222,0.5556,1.0000,0.6652
stopwords+stemming,bm25,2,0,198,0.3000,0.7500,0.4286,0.4000,0.3964,1.0000,0.6311
stopwords+stemming,bm25,2,0,199,0.0000,0.0000,0.0000,0.0559,0.0000,0.0833,0.0000
stopwords+stemming,bm25,2,0,200,0.2000,0.6667,0.3077,0.4863,0.4667,1.0000,0.6508
stopwords+stemming,bm25,2,0,201,0.4000,0.2500,0.3077,0.3351,0.2042,1.0000,0.5585
stopwords+stemming,bm25,2,0,202,0.3000,0.2143,0.2500,0.2520,0.1964,1.0000,0.2721
stopwords+stemming,bm25,2,0,203,0.3000,0.2143,0.2500,0.1559,0.1190,0.5000,0.3635
stopwords+stemming,bm25,2,0,204,0.0000,0.0000,0.0000,0.0295,0.0000,0.0200,0.0000
stopwords+stemming,bm25,2,0,205,0.2000,1.0000,0.3333,0.6429,0.6429,1.0000,0.8175
stopwords+stemming,bm25,2,0,206,0.2000,0.6667,0.3077,0.2238,0.2222,0.3333,0.4359
stopwords+stemming,bm25,2,0,207,0.0000,0.0000,0.0000,0.0055,0.0000,0.0106,0.0000
stopwords+stemming,bm25,2,0,208,0.3000,0.5000,0.3750,0.3642,0.2778,0.5000,0.5070
stopwords+stemming,bm25,2,0,209,0.1000,0.0833,0.0909,0.0888,0.0104,0.1250,0.0643
stopwords+stemming,bm25,2,0,210,0.2000,0.3333,0.2500,0.3409,0.2778,1.0000,0.4826
stopwords+stemming,bm25,2,0,211,0.1000,0.0909,0.0952,0.1378,0.0455,0.5000,0.0692
stopwords+stemming,bm25,2,0,212,0.4000,0.2857,0.3333,0.4592,0.2619,1.0000,0.5209
stopwords+stemming,bm25,2,0,213,0.6000,0.5455,0.5714,0.5964,0.4750,1.0000,0.6628
stopwords+stemming,bm25,2,0,214,0.1000,0.2500,0.1429,0.0831,0.0625,0.2500,0.1681
stopwords+stemming,bm25,2,0,215,0.0000,0.0000,0.0000,0.0303,0.0000,0.0294,0.0000
stopwords+stemming,bm25,2,0,216,0.0000,0.0000,0.0000,0.0021,0.0000,0.0021,0.0000
stopwords+stemming,bm25,2,0,217,0.2000,0.1333,0.1600,0.1387,0.0481,0.5000,0.1316
stopwords+stemming,bm25,2,0,218,0.5000,0.3333,0.4000,0.2900,0.1656,0.5000,0.3513
stopwords+stemming,bm25,2,0,219,0.0000,0.0000,0.0000,0.0362,0.0000,0.0192,0.0000
stopwords+stemming,bm25,2,0,220,0.2000,0.1053,0.1379,0.1962,0.1053,1.0000,0.2455
stopwords+stemming,bm25,2,0,221,0.3000,0.1667,0.2143,0.2257,0.1319,1.0000,0.3470
stopwords+stemming,bm25,2,0,222,0.5000,0.5556,0.5263,0.7704,0.5148,1.0000,0.6610
stopwords+stemming,bm25,2,0,223,0.3000,0.7500,0.4286,0.7589,0.6875,1.0000,0.8048
stopwords+stemming,bm25,2,0,224,0.1000,0.1250,0.1111,0.2607,0.1250,1.0000,0.2635
stopwords+stemming,bm25,2,0,225,0.2000,0.0833,0.1176,0.0677,0.0486,0.5000,0.1454
stopwords+stemming,bm25,2,0.75,1,0.4000,0.1429,0.2105,0.2114,0.0813,1.0000,0.2951
stopwords+stemming,bm25,2,0.75,2,0.3000,0.1250,0.1765,0.1825,0.1250,1.0000,0.5058
stopwords+stemming,bm25,2,0.75,3,0.6000,0.7500,0.6667,0.6236,0.5509,0.5000,0.6673
stopwords+stemming,bm25,2,0.75,4,0.1000,0.5000,0.1667,0.5323,0.5000,1.0000,0.6131
stopwords+stemming,bm25,2,0.75,5,0.3000,0.7500,0.4286,0.2881,0.2738,0.3333,0.4482
stopwords+stemming,bm25,2,0.75,6,0.1000,0.2500,0.1429,0.1686,0.1250,0.5000,0.2061
stopwords+stemming,bm25,2,0.75,7,0.2000,0.4000,0.2667,0.2601,0.2333,0.5000,0.3474
stopwords+stemming,bm25,2,0.75,8,0.1000,0.0909,0.0952,0.1350,0.0455,0.5000,0.1684
stopwords+stemming,bm25,2,0.75,9,0.2000,0.6667,0.3077,0.3222,0.3000,0.5000,0.4776
stopwords+stemming,bm25,2,0.75,10,0.3000,0.3750,0.3333,0.2808,0.2219,1.0000,0.3975
stopwords+stemming,bm25,2,0.75,11,0.2000,0.2857,0.2353,0.1905,0.1122,0.5000,0.2093
stopwords+stemming,bm25,2,0.75,12,0.1000,0.2000,0.1333,0.1068,0.0500,0.2500,0.1601
stopwords+stemming,bm25,2,0.75,13,0.0000,0.0000,0.0000,0.0000,0.0000,0.0000,0.0000
stopwords+stemming,bm25,2,0.75,14,0.1000,0.5000,0.1667,0.0794,0.0556,0.1111,0.2600
stopwords+stemming,bm25,2,0.75,15,0.2000,1.0000,0.3333,1.0000,1.0000,1.0000,0.8597
stopwords+stemming,bm25,2,0.75,16,0.2000,0.6667,0.3077,0.2374,0.2222,0.3333,0.3931
stopwords+stemming,bm25,2,0.75,17,0.1000,0.5000,0.1667,0.2601,0.2500,0.5000,0.4441
stopwords+stemming,bm25,2,0.75,18,0.1000,0.3333,0.1538,0.3546,0.3333,1.0000,0.4693
stopwords+stemming,bm25,2,0.75,19,0.0000,0.0000,0.0000,0.0199,0.0000,0.0909,0.0000
stopwords+stemming,bm25,2,0.75,20,0.7000,0.7778,0.7368,0.5472,0.5108,0.5000,0.6609
stopwords+stemming,bm25,2,0.75,21,0.0000,0.0000,0.0000,0.0612,0.0000,0.0625,0.0000
stopwords+stemming,bm25,2,0.75,22,0.0000,0.0000,0.0000,0.0000,0.0000,0.0000,0.0000
stopwords+stemming,bm25,2,0.75,23,0.2000,0.0625,0.0952,0.1365,0.0260,0.3333,0.1875
stopwords+stemming,bm25,2,0.75,24,0.2000,0.6667,0.3077,0.3005,0.2778,0.5000,0.5025
stopwords+stemming,bm25,2,0.75,25,0.5000,0.5556,0.5263,0.6335,0.5148,1.0000,0.6419
stopwords+stemming,bm25,2,0.75,26,0.2000,0.3333,0.2500,0.2133,0.1667,0.5000,0.3678
stopwords+stemming,bm25,2,0.75,27,0.1000,0.3333,0.1538,0.0764,0.0556,0.1667,0.2031
stopwords+stemming,bm25,2,0.75,28,0.0000,0.0000,0.0000,0.0047,0.0000,0.0033,0.0000
stopwords+stemming,bm25,2,0.75,29,0.3000,0.3333,0.3158,0.3731,0.2519,1.0000,0.3617
stopwords+stemming,bm25,2,0.75,30,0.0000,0.0000,0.0000,0.0431,0.0000,0.0625,0.0000
stopwords+stemming,bm25,2,0.75,31,0.0000,0.0000,0.0000,0.0000,0.0000,0.0000,0.0000
stopwords+stemming,bm25,2,0.75,32,0.0000,0.0000,0.0000,0.0152,0.0000,0.0137,0.0000
stopwords+stemming,bm25,2,0.75,33,0.2000,0.6667,0.3077,0.4514,0.3889,0.5000,0.4683
stopwords+stemming,bm25,2,0.75,34,0.2000,0.3333,0.2500,0.2620,0.1111,0.3333,0.1989
stopwords+stemming,bm25,2,0.75,35,0.0000,0.0000,0.0000,0.0206,0.0000,0.0333,0.0000
stopwords+stemming,bm25,2,0.75,36,0.1000,0.5000,0.1667,0.5135,0.5000,1.0000,0.4693
stopwords+stemming,bm25,2,0.75,37,0.1000,0.1111,0.1053,0.0738,0.0123,0.1111,0.0594
stopwords+stemming,bm25,2,0.75,38,0.0000,0.0000,0.0000,0.0613,0.0000,0.0625,0.0000
stopwords+stemming,bm25,2,0.75,39,0.2000,0.1538,0.1739,0.1805,0.1077,1.0000,0.2471
stopwords+stemming,bm25,2,0.75,40,0.2000,0.1667,0.1818,0.0812,0.0486,0.2500,0.1237
stopwords+stemming,bm25,2,0.75,41,0.3000,1.0000,0.4615,0.8333,0.8333,1.0000,0.9120
stopwords+stemming,bm25,2,0.75,42,0.3000,0.6000,0.4000,0.1899,0.1721,0.2000,0.3694
stopwords+stemming,bm25,2,0.75,43,0.4000,0.6667,0.5000,0.6487,0.5952,1.0000,0.8147
stopwords+stemming,bm25,2,0.75,44,0.0000,0.0000,0.0000,0.0000,0.0000,0.0000,0.0000
stopwords+stemming,bm25,2,0.75,45,0.1000,0.0833,0.0909,0.1710,0.0833,1.0000,0.2799
stopwords+stemming,bm25,2,0.75,46,0.5000,0.3333,0.4000,0.2952,0.1928,0.5000,0.3591
stopwords+stemming,bm25,2,0.75,47,0.4000,0.2857,0.3333,0.3146,0.1230,0.2500,0.3249
stopwords+stemming,bm25,2,0.75,48,0.2000,0.1818,0.1905,0.1474,0.1061,0.5000,0.2556
stopwords+stemming,bm25,2,0.75,49,0.1000,0.5000,0.1667,0.1406,0.1250,0.2500,0.3274
stopwords+stemming,bm25,2,0.75,50,0.1000,0.1667,0.1250,0.1025,0.0833,0.5000,0.2882
stopwords+stemming,bm25,2,0.75,51,0.6000,0.6000,0.6000,0.6077,0.5240,1.0000,0.5821
stopwords+stemming,bm25,2,0.75,52,0.4000,1.0000,0.5714,0.7986,0.7986,1.0000,0.7456
stopwords+stemming,bm25,2,0.75,53,0.2000,0.2000,0.2000,0.2356,0.1222,1.0000,0.2107
stopwords+stemming,bm25,2,0.75,54,0.1000,0.1111,0.1053,0.1285,0.0556,0.5000,0.2129
stopwords+stemming,bm25,2,0.75,55,0.3000,0.3000,0.3000,0.3062,0.1800,1.0000,0.2857
stopwords+stemming,bm25,2,0.75,56,0.2000,0.2000,0.2000,0.1373,0.0786,0.5000,0.1691
stopwords+stemming,bm25,2,0.75,57,0.0000,0.0000,0.0000,0.0760,0.0000,0.0588,0.0000
stopwords+stemming,bm25,2,0.75,58,0.2000,0.2222,0.2105,0.1830,0.0688,0.3333,0.2346
stopwords+stemming,bm25,2,0.75,59,0.1000,0.2500,0.1429,0.1130,0.0312,0.1250,0.1030
stopwords+stemming,bm25,2,0.75,60,0.3000,0.6000,0.4000,0.4400,0.4200,1.0000,0.5271
stopwords+stemming,bm25,2,0.75,61,0.3000,0.6000,0.4000,0.5388,0.4600,1.0000,0.6261
stopwords+stemming,bm25,2,0.75,62,0.0000,0.0000,0.0000,0.0277,0.0000,0.0556,0.0000
stopwords+stemming,bm25,2,0.75,63,0.0000,0.0000,0.0000,0.0260,0.0000,0.0286,0.0000
stopwords+stemming,bm25,2,0.75,64,0.1000,0.5000,0.1667,0.5357,0.5000,1.0000,0.6788
stopwords+stemming,bm25,2,0.75,65,0.5000,0.3333,0.4000,0.2697,0.1987,0.5000,0.4373
stopwords+stemming,bm25,2,0.75,66,0.2000,0.4000,0.2667,0.1086,0.0622,0.1111,0.2352
stopwords+stemming,bm25,2,0.75,67,0.7000,0.5000,0.5833,0.5587,0.4786,1.0000,0.7126
stopwords+stemming,bm25,2,0.75,68,0.1000,0.2000,0.1333,0.0934,0.0667,0.3333,0.2175
stopwords+stemming,bm25,2,0.75,69,0.1000,0.2000,0.1333,0.0769,0.0500,0.2500,0.1809
stopwords+stemming,bm25,2,0.75,70,0.1000,0.1000,0.1000,0.0832,0.0333,0.3333,0.1214
stopwords+stemming,bm25,2,0.75,71,0.0000,0.0000,0.0000,0.0379,0.0000,0.0526,0.0000
stopwords+stemming,bm25,2,0.75,72,0.1000,0.0588,0.0741,0.0710,0.0294,0.5000,0.1781
stopwords+stemming,bm25,2,0.75,73,0.6000,0.3000,0.4000,0.3349,0.2157,1.0000,0.6165
stopwords+stemming,bm25,2,0.75,74,0.2000,0.3333,0.2500,0.1253,0.0754,0.1667,0.2927
stopwords+stemming,bm25,2,0.75,75,0.0000,0.0000,0.0000,0.0264,0.0000,0.0185,0.0000
stopwords+stemming,bm25,2,0.75,76,0.4000,0.5714,0.4706,0.3110,0.2952,0.5000,0.4550
stopwords+stemming,bm25,2,0.75,77,0.4000,0.6667,0.5000,0.3802,0.3241,0.5000,0.4299
stopwords+stemming,bm25,2,0.75,78,0.2000,0.6667,0.3077,0.5076,0.4167,1.0000,0.5600
stopwords+stemming,bm25,2,0.75,79,0.1000,0.2000,0.1333,0.0544,0.0333,0.1667,0.1556
stopwords+stemming,bm25,2,0.75,80,0.0000,0.0000,0.0000,0.0191,0.0000,0.0323,0.0000
stopwords+stemming,bm25,2,0.75,81,0.2000,1.0000,0.3333,0.7500,0.7500,1.0000,0.5879
stopwords+stemming,bm25,2,0.75,82,0.3000,0.6000,0.4000,0.4452,0.4200,1.0000,0.5915
stopwords+stemming,bm25,2,0.75,83,0.1000,0.2500,0.1429,0.2609,0.2500,1.0000,0.3904
stopwords+stemming,bm25,2,0.75,84,0.4000,0.3636,0.3810,0.3911,0.3247,1.0000,0.3750
stopwords+stemming,bm25,2,0.75,85,0.1000,0.2500,0.1429,0.0972,0.0833,0.3333,0.1290
stopwords+stemming,bm25,2,0.75,86,0.2000,1.0000,0.3333,0.5833,0.5833,0.5000,0.6934
stopwords+stemming,bm25,2,0.75,87,0.0000,0.0000,0.0000,0.0153,0.0000,0.0244,0.0000
stopwords+stemming,bm25,2,0.75,88,0.6000,1.0000,0.7500,0.6746,0.6746,0.5000,0.7609
stopwords+stemming,bm25,2,0.75,89,0.1000,0.1667,0.1250,0.2229,0.0833,0.5000,0.2679
stopwords+stemming,bm25,2,0.75,90,0.2000,0.1538,0.1739,0.1779,0.0897,0.5000,0.1400
stopwords+stemming,bm25,2,0.75,91,0.3000,0.3333,0.3158,0.3243,0.1972,1.0000,0.4450
stopwords+stemming,bm25,2,0.75,92,0.5000,0.3846,0.4348,0.5104,0.3462,1.0000,0.3639
stopwords+stemming,bm25,2,0.75,93,0.1000,1.0000,0.1818,0.5000,0.5000,0.5000,0.6309
stopwords+stemming,bm25,2,0.75,94,0.6000,0.5000,0.5455,0.5245,0.4153,1.0000,0.5353
stopwords+stemming,bm25,2,0.75,95,0.1000,0.5000,0.1667,0.5417,0.5000,1.0000,0.2159
stopwords+stemming,bm25,2,0.75,96,0.5000,0.3846,0.4348,0.3609,0.2353,0.5000,0.4582
stopwords+stemming,bm25,2,0.75,97,0.2000,0.2000,0.2000,0.1813,0.1167,0.5000,0.2153
stopwords+stemming,bm25,2,0.75,98,0.0000,0.0000,0.0000,0.0283,0.0000,0.0500,0.0000
stopwords+stemming,bm25,2,0.75,99,0.2000,0.5000,0.2857,0.2660,0.2083,0.3333,0.4134
stopwords+stemming,bm25,2,0.75,100,0.2000,0.2222,0.2105,0.2645,0.1852,1.0000,0.4065
stopwords+stemming,bm25,2,0.75,101,0.5000,0.8333,0.6250,0.7778,0.7153,1.0000,0.8279
stopwords+stemming,bm25,2,0.75,102,0.2000,0.5000,0.2857,0.3575,0.3214,1.0000,0.4552
stopwords+stemming,bm25,2,0.75,103,0.0000,0.0000,0.0000,0.0049,0.0000,0.0098,0.0000
stopwords+stemming,bm25,2,0.75,104,0.1000,0.2000,0.1333,0.0543,0.0286,0.1429,0.1131
stopwords+stemming,bm25,2,0.75,105,0.3000,0.6000,0.4000,0.4232,0.3833,0.5000,0.5553
stopwords+stemming,bm25,2,0.75,106,0.3000,0.6000,0.4000,0.4296,0.3657,1.0000,0.6668
stopwords+stemming,bm25,2,0.75,107,0.3000,0.4286,0.3529,0.3138,0.1905,0.5000,0.3352
stopwords+stemming,bm25,2,0.75,108,0.5000,0.7143,0.5882,0.7932,0.6449,1.0000,0.7777
stopwords+stemming,bm25,2,0.75,109,0.0000,0.0000,0.0000,0.0363,0.0000,0.0294,0.0000
stopwords+stemming,bm25,2,0.75,110,0.1000,0.2500,0.1429,0.1511,0.1250,0.5000,0.3173
stopwords+stemming,bm25,2,0.75,111,0.3000,0.4286,0.3529,0.2943,0.1565,0.3333,0.2529
stopwords+stemming,bm25,2,0.75,112,0.1000,0.5000,0.1667,0.3088,0.2500,0.5000,0.2398
stopwords+stemming,bm25,2,0.75,113,0.2000,0.5000,0.2857,0.3588,0.3333,1.0000,0.5294
stopwords+stemming,bm25,2,0.75,114,0.1000,0.2500,0.1429,0.0862,0.0500,0.2000,0.1996
stopwords+stemming,bm25,2,0.75,115,0.1000,0.2500,0.1429,0.0540,0.0500,0.2000,0.1835
stopwords+stemming,bm25,2,0.75,116,0.0000,0.0000,0.0000,0.0294,0.0000,0.0455,0.0000
stopwords+stemming,bm25,2,0.75,117,0.0000,0.0000,0.0000,0.0365,0.0000,0.0526,0.0000
stopwords+stemming,bm25,2,0.75,118,0.2000,0.6667,0.3077,0.4020,0.3889,0.5000,0.5498
stopwords+stemming,bm25,2,0.75,119,0.1000,1.0000,0.1818,0.2500,0.2500,0.2500,0.4307
stopwords+stemming,bm25,2,0.75,120,0.6000,0.6667,0.6316,0.4581,0.3802,0.5000,0.5830
stopwords+stemming,bm25,2,0.75,121,0.4000,0.5714,0.4706,0.5189,0.3690,0.5000,0.5044
stopwords+stemming,bm25,2,0.75,122,0.2000,0.2222,0.2105,0.1415,0.0437,0.1429,0.0641
stopwords+stemming,bm25,2,0.75,123,0.0000,0.0000,0.0000,0.0590,0.0000,0.0556,0.0000
stopwords+stemming,bm25,2,0.75,124,0.0000,0.0000,0.0000,0.0034,0.0000,0.0043,0.0000
stopwords+stemming,bm25,2,0.75,125,0.3000,0.1765,0.2222,0.2898,0.1232,1.0000,0.4035
stopwords+stemming,bm25,2,0.75,126,0.2000,0.2500,0.2222,0.2229,0.2083,1.0000,0.4718
stopwords+stemming,bm25,2,0.75,127,0.1000,0.2000,0.1333,0.1220,0.0500,0.2500,0.1284
stopwords+stemming,bm25,2,0.75,128,0.0000,0.0000,0.0000,0.0267,0.0000,0.0476,0.0000
stopwords+stemming,bm25,2,0.75,129,0.4000,0.5714,0.4706,0.3749,0.3554,0.5000,0.5312
stopwords+stemming,bm25,2,0.75,130,0.4000,0.8000,0.5333,0.5203,0.5167,0.5000,0.6286
stopwords+stemming,bm25,2,0.75,131,0.2000,0.2500,0.2222,0.2630,0.0486,0.1667,0.1039
stopwords+stemming,bm25,2,0.75,132,0.8000,0.5333,0.6400,0.7372,0.4388,1.0000,0.7225
stopwords+stemming,bm25,2,0.75,133,0.1000,0.1429,0.1176,0.2198,0.0159,0.1111,0.0968
stopwords+stemming,bm25,2,0.75,134,0.1000,0.5000,0.1667,0.2763,0.2500,0.5000,0.2961
stopwords+stemming,bm25,2,0.75,135,0.5000,0.6250,0.5556,0.6416,0.4589,1.0000,0.5235
stopwords+stemming,bm25,2,0.75,136,0.1000,0.3333,0.1538,0.3877,0.3333,1.0000,0.7796
stopwords+stemming,bm25,2,0.75,137,0.2000,0.5000,0.2857,0.2089,0.1625,0.2500,0.2670
stopwords+stemming,bm25,2,0.75,138,0.1000,0.5000,0.1667,0.1417,0.1000,0.2000,0.2372
stopwords+stemming,bm25,2,0.75,139,0.0000,0.0000,0.0000,0.0077,0.0000,0.0105,0.0000
stopwords+stemming,bm25,2,0.75,140,0.2000,0.3333,0.2500,0.1828,0.1500,0.5000,0.4047
stopwords+stemming,bm25,2,0.75,141,0.2000,0.3333,0.2500,0.4458,0.3333,1.0000,0.5455
stopwords+stemming,bm25,2,0.75,142,0.0000,0.0000,0.0000,0.0833,0.0000,0.0833,0.0000
stopwords+stemming,bm25,2,0.75,143,0.2000,1.0000,0.3333,0.6429,0.6429,1.0000,0.8175
stopwords+stemming,bm25,2,0.75,144,0.5000,0.8333,0.6250,0.4905,0.4661,0.5000,0.5996
stopwords+stemming,bm25,2,0.75,145,0.2000,0.2857,0.2353,0.2326,0.1286,0.5000,0.2549
stopwords+stemming,bm25,2,0.75,146,0.2000,1.0000,0.3333,0.5833,0.5833,0.5000,0.6199
stopwords+stemming,bm25,2,0.75,147,0.4000,0.4000,0.4000,0.2532,0.2067,0.5000,0.4074
stopwords+stemming,bm25,2,0.75,148,0.2000,0.3333,0.2500,0.2195,0.1667,0.5000,0.3644
stopwords+stemming,bm25,2,0.75,149,0.4000,0.3636,0.3810,0.3573,0.2359,1.0000,0.4729
stopwords+stemming,bm25,2,0.75,150,0.2000,1.0000,0.3333,0.5833,0.5833,0.5000,0.6934
stopwords+stemming,bm25,2,0.75,151,0.0000,0.0000,0.0000,0.0290,0.0000,0.0357,0.0000
stopwords+stemming,bm25,2,0.75,152,0.0000,0.0000,0.0000,0.0081,0.0000,0.0103,0.0000
stopwords+stemming,bm25,2,0.75,153,0.3000,0.4286,0.3529,0.1865,0.1726,0.3333,0.2705
stopwords+stemming,bm25,2,0.75,154,0.2000,1.0000,0.3333,0.8333,0.8333,1.0000,0.8212
stopwords+stemming,bm25,2,0.75,155,0.2000,0.3333,0.2500,0.2433,0.2083,1.0000,0.2606
stopwords+stemming,bm25,2,0.75,156,0.7000,0.5000,0.5833,0.5486,0.4786,1.0000,0.5860
stopwords+stemming,bm25,2,0.75,157,0.7000,0.1795,0.2857,0.2891,0.1421,1.0000,0.6194
stopwords+stemming,bm25,2,0.75,158,0.1000,0.1250,0.1111,0.2111,0.1250,1.0000,0.3630
stopwords+stemming,bm25,2,0.75,159,0.2000,0.2500,0.2222,0.0766,0.0491,0.1429,0.1329
stopwords+stemming,bm25,2,0.75,160,0.1000,0.2000,0.1333,0.0857,0.0667,0.3333,0.1969
stopwords+stemming,bm25,2,0.75,161,0.3000,0.5000,0.3750,0.5405,0.5000,1.0000,0.7193
stopwords+stemming,bm25,2,0.75,162,0.2000,0.2500,0.2222,0.2150,0.0982,0.5000,0.1858
stopwords+stemming,bm25,2,0.75,163,0.2000,0.6667,0.3077,0.2927,0.2778,0.3333,0.4367
stopwords+stemming,bm25,2,0.75,164,0.4000,0.5000,0.4444,0.4928,0.4464,1.0000,0.6574
stopwords+stemming,bm25,2,0.75,165,0.2000,1.0000,0.3333,0.5000,0.5000,0.5000,0.6509
stopwords+stemming,bm25,2,0.75,166,0.1000,0.1250,0.1111,0.0481,0.0125,0.1000,0.0731
stopwords+stemming,bm25,2,0.75,167,0.2000,1.0000,0.3333,0.3333,0.3333,0.3333,0.5191
stopwords+stemming,bm25,2,0.75,168,0.1000,0.5000,0.1667,0.1218,0.0833,0.1667,0.2184
stopwords+stemming,bm25,2,0.75,169,0.2000,0.5000,0.2857,0.2602,0.2250,0.5000,0.3973
stopwords+stemming,bm25,2,0.75,170,0.4000,0.6667,0.5000,0.4748,0.4694,1.0000,0.6952
stopwords+stemming,bm25,2,0.75,171,0.2000,0.6667,0.3077,0.5940,0.5556,1.0000,0.6407
stopwords+stemming,bm25,2,0.75,172,0.4000,1.0000,0.5714,0.6792,0.6792,0.5000,0.7180
stopwords+stemming,bm25,2,0.75,173,0.2000,1.0000,0.3333,1.0000,1.0000,1.0000,1.0000
stopwords+stemming,bm25,2,0.75,174,0.1000,0.2000,0.1333,0.0951,0.0500,0.2500,0.1688
stopwords+stemming,bm25,2,0.75,175,0.0000,0.0000,0.0000,0.0563,0.0000,0.0714,0.0000
stopwords+stemming,bm25,2,0.75,176,0.0000,0.0000,0.0000,0.0576,0.0000,0.0833,0.0000
stopwords+stemming,bm25,2,0.75,177,0.4000,0.8000,0.5333,0.7109,0.6200,1.0000,0.8277
stopwords+stemming,bm25,2,0.75,178,0.2000,0.5000,0.2857,0.4669,0.3750,1.0000,0.7155
stopwords+stemming,bm25,2,0.75,179,0.2000,0.5000,0.2857,0.4291,0.4167,1.0000,0.5856
stopwords+stemming,bm25,2,0.75,180,0.3000,0.4286,0.3529,0.4040,0.2738,0.5000,0.3922
stopwords+stemming,bm25,2,0.75,181,0.2000,0.4000,0.2667,0.2697,0.2400,1.0000,0.3572
stopwords+stemming,bm25,2,0.75,182,0.2000,1.0000,0.3333,0.5833,0.5833,0.5000,0.6697
stopwords+stemming,bm25,2,0.75,183,0.4000,0.3077,0.3478,0.3349,0.1799,0.5000,0.2603
stopwords+stemming,bm25,2,0.75,184,0.1000,0.1429,0.1176,0.2618,0.1429,1.0000,0.2881
stopwords+stemming,bm25,2,0.75,185,0.6000,0.6667,0.6316,0.8416,0.6508,1.0000,0.8246
stopwords+stemming,bm25,2,0.75,186,0.5000,0.3125,0.3846,0.2181,0.1962,0.5000,0.4883
stopwords+stemming,bm25,2,0.75,187,0.2000,0.3333,0.2500,0.1931,0.1389,0.5000,0.3157
stopwords+stemming,bm25,2,0.75,188,0.4000,0.3636,0.3810,0.4299,0.2883,1.0000,0.5404
stopwords+stemming,bm25,2,0.75,189,0.1000,0.1111,0.1053,0.0894,0.0278,0.2500,0.0833
stopwords+stemming,bm25,2,0.75,190,0.3000,0.6000,0.4000,0.4693,0.4083,1.0000,0.5448
stopwords+stemming,bm25,2,0.75,191,0.5000,0.3846,0.4348,0.4475,0.1675,0.3333,0.3177
stopwords+stemming,bm25,2,0.75,192,0.3000,0.7500,0.4286,0.5937,0.5667,1.0000,0.7366
stopwords+stemming,bm25,2,0.75,193,0.8000,0.8889,0.8421,0.7818,0.7783,1.0000,0.8474
stopwords+stemming,bm25,2,0.75,194,0.2000,0.3333,0.2500,0.1708,0.0667,0.2000,0.1862
stopwords+stemming,bm25,2,0.75,195,0.0000,0.0000,0.0000,0.0582,0.0000,0.0714,0.0000
stopwords+stemming,bm25,2,0.75,196,0.4000,0.3333,0.3636,0.2122,0.1894,1.0000,0.3707
stopwords+stemming,bm25,2,0.75,197,0.2000,0.6667,0.3077,0.6389,0.5556,1.0000,0.6652
stopwords+stemming,bm25,2,0.75,198,0.3000,0.7500,0.4286,0.5795,0.5750,1.0000,0.7542
stopwords+stemming,bm25,2,0.75,199,0.2000,0.2500,0.2222,0.0901,0.0434,0.1250,0.1371
stopwords+stemming,bm25,2,0.75,200,0.2000,0.6667,0.3077,0.4048,0.3333,0.5000,0.4982
stopwords+stemming,bm25,2,0.75,201,0.6000,0.3750,0.4615,0.3454,0.2649,1.0000,0.6506
stopwords+stemming,bm25,2,0.75,202,0.4000,0.2857,0.3333,0.2421,0.1777,0.5000,0.2876
stopwords+stemming,bm25,2,0.75,203,0.2000,0.1429,0.1667,0.1214,0.0714,0.5000,0.2595
stopwords+stemming,bm25,2,0.75,204,0.1000,0.0714,0.0833,0.0398,0.0089,0.1250,0.1083
stopwords+stemming,bm25,2,0.75,205,0.2000,1.0000,0.3333,0.6429,0.6429,1.0000,0.8175
stopwords+stemming,bm25,2,0.75,206,0.2000,0.6667,0.3077,0.1964,0.1944,0.3333,0.4152
stopwords+stemming,bm25,2,0.75,207,0.0000,0.0000,0.0000,0.0060,0.0000,0.0122,0.0000
stopwords+stemming,bm25,2,0.75,208,0.3000,0.5000,0.3750,0.4290,0.3194,0.5000,0.5324
stopwords+stemming,bm25,2,0.75,209,0.1000,0.0833,0.0909,0.1429,0.0083,0.1000,0.0295
stopwords+stemming,bm25,2,0.75,210,0.2000,0.3333,0.2500,0.3373,0.2778,1.0000,0.4826
stopwords+stemming,bm25,2,0.75,211,0.1000,0.0909,0.0952,0.1894,0.0909,1.0000,0.1096
stopwords+stemming,bm25,2,0.75,212,0.6000,0.4286,0.5000,0.5346,0.3653,1.0000,0.6076
stopwords+stemming,bm25,2,0.75,213,0.6000,0.5455,0.5714,0.5907,0.4629,1.0000,0.6786
stopwords+stemming,bm25,2,0.75,214,0.1000,0.2500,0.1429,0.1595,0.1250,0.5000,0.2463
stopwords+stemming,bm25,2,0.75,215,0.0000,0.0000,0.0000,0.0566,0.0000,0.0769,0.0000
stopwords+stemming,bm25,2,0.75,216,0.0000,0.0000,0.0000,0.0018,0.0000,0.0018,0.0000
stopwords+stemming,bm25,2,0.75,217,0.3000,0.2000,0.2400,0.1495,0.0683,0.2500,0.2208
stopwords+stemming,bm25,2,0.75,218,0.2000,0.1333,0.1600,0.2340,0.0857,1.0000,0.1998
stopwords+stemming,bm25,2,0.75,219,0.0000,0.0000,0.0000,0.0366,0.0000,0.0152,0.0000
stopwords+stemming,bm25,2,0.75,220,0.2000,0.1053,0.1379,0.2205,0.1053,1.0000,0.2455
stopwords+stemming,bm25,2,0.75,221,0.4000,0.2222,0.2857,0.2364,0.1636,1.0000,0.3811
stopwords+stemming,bm25,2,0.75,222,0.6000,0.6667,0.6316,0.7524,0.5806,1.0000,0.7499
stopwords+stemming,bm25,2,0.75,223,0.3000,0.7500,0.4286,0.4339,0.4167,0.5000,0.5805
stopwords+stemming,bm25,2,0.75,224,0.3000,0.3750,0.3333,0.1898,0.1104,0.3333,0.2529
stopwords+stemming,bm25,2,0.75,225,0.2000,0.0833,0.1176,0.0590,0.0375,0.5000,0.1252
stopwords+stemming,bm25,2,1,1,0.3000,0.1071,0.1579,0.2273,0.0714,1.0000,0.2808
stopwords+stemming,bm25,2,1,2,0.3000,0.1250,0.1765,0.1774,0.1250,1.0000,0.5241
stopwords+stemming,bm25,2,1,3,0.6000,0.7500,0.6667,0.6449,0.5509,0.5000,0.6673
stopwords+stemming,bm25,2,1,4,0.1000,0.5000,0.1667,0.5286,0.5000,1.0000,0.6131
stopwords+stemming,bm25,2,1,5,0.3000,0.7500,0.4286,0.2686,0.2530,0.2500,0.4317
stopwords+stemming,bm25,2,1,6,0.1000,0.2500,0.1429,0.1588,0.1250,0.5000,0.2061
stopwords+stemming,bm25,2,1,7,0.2000,0.4000,0.2667,0.2624,0.2333,0.5000,0.3474
stopwords+stemming,bm25,2,1,8,0.1000,0.0909,0.0952,0.1392,0.0455,0.5000,0.1684
stopwords+stemming,bm25,2,1,9,0.2000,0.6667,0.3077,0.3250,0.3000,0.5000,0.4776
stopwords+stemming,bm25,2,1,10,0.3000,0.3750,0.3333,0.3141,0.2375,1.0000,0.4061
stopwords+stemming,bm25,2,1,11,0.2000,0.2857,0.2353,0.1844,0.1122,0.5000,0.2093
stopwords+stemming,bm25,2,1,12,0.2000,0.4000,0.2667,0.1704,0.1500,0.5000,0.3517
stopwords+stemming,bm25,2,1,13,0.0000,0.0000,0.0000,0.0000,0.0000,0.0000,0.0000
stopwords+stemming,bm25,2,1,14,0.1000,0.5000,0.1667,0.0794,0.0556,0.1111,0.2600
stopwords+stemming,bm25,2,1,15,0.2000,1.0000,0.3333,0.8333,0.8333,1.0000,0.7602
stopwords+stemming,bm25,2,1,16,0.2000,0.6667,0.3077,0.2550,0.2407,0.5000,0.4114
stopwords+stemming,bm25,2,1,17,0.1000,0.5000,0.1667,0.5090,0.5000,1.0000,0.7039
stopwords+stemming,bm25,2,1,18,0.1000,0.3333,0.1538,0.1873,0.1667,0.5000,0.2961
stopwords+stemming,bm25,2,1,19,0.1000,0.1111,0.1053,0.0258,0.0159,0.1429,0.0665
stopwords+stemming,bm25,2,1,20,0.7000,0.7778,0.7368,0.5536,0.5108,0.5000,0.6609
stopwords+stemming,bm25,2,1,21,0.0000,0.0000,0.0000,0.0834,0.0000,0.0667,0.0000
stopwords+stemming,bm25,2,1,22,0.0000,0.0000,0.0000,0.0000,0.0000,0.0000,0.0000
stopwords+stemming,bm25,2,1,23,0.2000,0.0625,0.0952,0.1335,0.0229,0.3333,0.1817
stopwords+stemming,bm25,2,1,24,0.2000,0.6667,0.3077,0.2832,0.2619,0.5000,0.4909
stopwords+stemming,bm25,2,1,25,0.5000,0.5556,0.5263,0.6105,0.5148,1.0000,0.6419
stopwords+stemming,bm25,2,1,26,0.2000,0.3333,0.2500,0.2004,0.1500,0.5000,0.3526
stopwords+stemming,bm25,2,1,27,0.1000,0.3333,0.1538,0.0884,0.0667,0.2000,0.2206
stopwords+stemming,bm25,2,1,28,0.0000,0.0000,0.0000,0.0053,0.0000,0.0044,0.0000
stopwords+stemming,bm25,2,1,29,0.4000,0.4444,0.4211,0.4318,0.3500,1.0000,0.4992
stopwords+stemming,bm25,2,1,30,0.0000,0.0000,0.0000,0.0405,0.0000,0.0500,0.0000
stopwords+stemming,bm25,2,1,31,0.0000,0.0000,0.0000,0.0000,0.0000,0.0000,0.0000
stopwords+stemming,bm25,2,1,32,0.0000,0.0000,0.0000,0.0161,0.0000,0.0204,0.0000
stopwords+stemming,bm25,2,1,33,0.2000,0.6667,0.3077,0.4306,0.3889,0.5000,0.4335
stopwords+stemming,bm25,2,1,34,0.1000,0.1667,0.1250,0.2267,0.0556,0.3333,0.1162
stopwords+stemming,bm25,2,1,35,0.0000,0.0000,0.0000,0.0188,0.0000,0.0270,0.0000
stopwords+stemming,bm25,2,1,36,0.1000,0.5000,0.1667,0.5139,0.5000,1.0000,0.4693
stopwords+stemming,bm25,2,1,37,0.2000,0.2222,0.2105,0.0961,0.0540,0.2000,0.1420
stopwords+stemming,bm25,2,1,38,0.0000,0.0000,0.0000,0.0556,0.0000,0.0588,0.0000
stopwords+stemming,bm25,2,1,39,0.2000,0.1538,0.1739,0.1678,0.0989,1.0000,0.2322
stopwords+stemming,bm25,2,1,40,0.1000,0.0833,0.0909,0.0609,0.0167,0.2000,0.0608
stopwords+stemming,bm25,2,1,41,0.3000,1.0000,0.4615,0.8333,0.8333,1.0000,0.9120
stopwords+stemming,bm25,2,1,42,0.3000,0.6000,0.4000,0.1900,0.1721,0.2000,0.3694
stopwords+stemming,bm25,2,1,43,0.4000,0.6667,0.5000,0.6529,0.5952,1.0000,0.8147
stopwords+stemming,bm25,2,1,44,0.0000,0.0000,0.0000,0.0000,0.0000,0.0000,0.0000
stopwords+stemming,bm25,2,1,45,0.1000,0.0833,0.0909,0.1670,0.0833,1.0000,0.2799
stopwords+stemming,bm25,2,1,46,0.6000,0.4000,0.4800,0.2546,0.1964,0.2500,0.3941
stopwords+stemming,bm25,2,1,47,0.4000,0.2857,0.3333,0.3315,0.1289,0.3333,0.3412
stopwords+stemming,bm25,2,1,48,0.2000,0.1818,0.1905,0.1422,0.1061,0.5000,0.2556
stopwords+stemming,bm25,2,1,49,0.1000,0.5000,0.1667,0.1863,0.1667,0.3333,0.3801
stopwords+stemming,bm25,2,1,50,0.1000,0.1667,0.1250,0.1891,0.1667,1.0000,0.4569
stopwords+stemming,bm25,2,1,51,0.5000,0.5000,0.5000,0.5680,0.4383,1.0000,0.4232
stopwords+stemming,bm25,2,1,52,0.4000,1.0000,0.5714,0.8125,0.8125,1.0000,0.7520
stopwords+stemming,bm25,2,1,53,0.2000,0.2000,0.2000,0.2384,0.1286,1.0000,0.2159
stopwords+stemming,bm25,2,1,54,0.1000,0.1111,0.1053,0.1198,0.0556,0.5000,0.2129
stopwords+stemming,bm25,2,1,55,0.2000,0.2000,0.2000,0.3155,0.1667,1.0000,0.2261
stopwords+stemming,bm25,2,1,56,0.2000,0.2000,0.2000,0.1084,0.0472,0.2500,0.1346
stopwords+stemming,bm25,2,1,57,0.0000,0.0000,0.0000,0.0685,0.0000,0.0500,0.0000
stopwords+stemming,bm25,2,1,58,0.2000,0.2222,0.2105,0.1550,0.0463,0.1667,0.1667
stopwords+stemming,bm25,2,1,59,0.1000,0.2500,0.1429,0.1011,0.0250,0.1000,0.0944
stopwords+stemming,bm25,2,1,60,0.3000,0.6000,0.4000,0.5268,0.5000,1.0000,0.4892
stopwords+stemming,bm25,2,1,61,0.3000,0.6000,0.4000,0.3783,0.3000,0.5000,0.4711
stopwords+stemming,bm25,2,1,62,0.0000,0.0000,0.0000,0.0295,0.0000,0.0588,0.0000
stopwords+stemming,bm25,2,1,63,0.0000,0.0000,0.0000,0.0227,0.0000,0.0244,0.0000
stopwords+stemming,bm25,2,1,64,0.1000,0.5000,0.1667,0.5417,0.5000,1.0000,0.6788
stopwords+stemming,bm25,2,1,65,0.5000,0.3333,0.4000,0.3421,0.2700,1.0000,0.5595
stopwords+stemming,bm25,2,1,66,0.2000,0.4000,0.2667,0.1627,0.1167,0.2500,0.3136
stopwords+stemming,bm25,2,1,67,0.7000,0.5000,0.5833,0.6017,0.4841,1.0000,0.7765
stopwords+stemming,bm25,2,1,68,0.1000,0.2000,0.1333,0.0899,0.0667,0.3333,0.2175
stopwords+stemming,bm25,2,1,69,0.1000,0.2000,0.1333,0.0467,0.0200,0.1000,0.1214
stopwords+stemming,bm25,2,1,70,0.1000,0.1000,0.1000,0.0777,0.0333,0.3333,0.1214
stopwords+stemming,bm25,2,1,71,0.0000,0.0000,0.0000,0.0296,0.0000,0.0278,0.0000
stopwords+stemming,bm25,2,1,72,0.1000,0.0588,0.0741,0.1048,0.0588,1.0000,0.2823
stopwords+stemming,bm25,2,1,73,0.5000,0.2500,0.3333,0.3158,0.1899,1.0000,0.5400
stopwords+stemming,bm25,2,1,74,0.0000,0.0000,0.0000,0.0803,0.0000,0.0909,0.0000
stopwords+stemming,bm25,2,1,75,0.0000,0.0000,0.0000,0.0356,0.0000,0.0500,0.0000
stopwords+stemming,bm25,2,1,76,0.4000,0.5714,0.4706,0.3099,0.2850,0.5000,0.4498
stopwords+stemming,bm25,2,1,77,0.4000,0.6667,0.5000,0.3782,0.2937,0.5000,0.4272
stopwords+stemming,bm25,2,1,78,0.2000,0.6667,0.3077,0.3316,0.2407,0.5000,0.3542
stopwords+stemming,bm25,2,1,79,0.1000,0.2000,0.1333,0.0635,0.0400,0.2000,0.1690
stopwords+stemming,bm25,2,1,80,0.0000,0.0000,0.0000,0.0279,0.0000,0.0455,0.0000
stopwords+stemming,bm25,2,1,81,0.2000,1.0000,0.3333,0.8333,0.8333,1.0000,0.6478
stopwords+stemming,bm25,2,1,82,0.3000,0.6000,0.4000,0.4423,0.4200,1.0000,0.5915
stopwords+stemming,bm25,2,1,83,0.1000,0.2500,0.1429,0.2604,0.2500,1.0000,0.3904
stopwords+stemming,bm25,2,1,84,0.4000,0.3636,0.3810,0.3951,0.3333,1.0000,0.3430
stopwords+stemming,bm25,2,1,85,0.1000,0.2500,0.1429,0.0649,0.0500,0.2000,0.0998
stopwords+stemming,bm25,2,1,86,0.2000,1.0000,0.3333,0.5833,0.5833,0.5000,0.6934
stopwords+stemming,bm25,2,1,87,0.0000,0.0000,0.0000,0.0157,0.0000,0.0204,0.0000
stopwords+stemming,bm25,2,1,88,0.6000,1.0000,0.7500,0.7167,0.7167,0.5000,0.7737
stopwords+stemming,bm25,2,1,89,0.1000,0.1667,0.1250,0.1996,0.0556,0.3333,0.2123
stopwords+stemming,bm25,2,1,90,0.3000,0.2308,0.2609,0.1831,0.1128,0.5000,0.1896
stopwords+stemming,bm25,2,1,91,0.3000,0.3333,0.3158,0.3008,0.1898,1.0000,0.4339
stopwords+stemming,bm25,2,1,92,0.4000,0.3077,0.3478,0.4988,0.3077,1.0000,0.3049
stopwords+stemming,bm25,2,1,93,0.1000,1.0000,0.1818,0.5000,0.5000,0.5000,0.6309
stopwords+stemming,bm25,2,1,94,0.5000,0.4167,0.4545,0.4248,0.2886,1.0000,0.4603
stopwords+stemming,bm25,2,1,95,0.1000,0.5000,0.1667,0.2885,0.2500,0.5000,0.1362
stopwords+stemming,bm25,2,1,96,0.6000,0.4615,0.5217,0.3075,0.2372,0.5000,0.4452
stopwords+stemming,bm25,2,1,97,0.2000,0.2000,0.2000,0.1278,0.0733,0.3333,0.1695
stopwords+stemming,bm25,2,1,98,0.0000,0.0000,0.0000,0.0314,0.0000,0.0667,0.0000
stopwords+stemming,bm25,2,1,99,0.2000,0.5000,0.2857,0.2410,0.1833,0.3333,0.3939
stopwords+stemming,bm25,2,1,100,0.2000,0.2222,0.2105,0.2398,0.1667,1.0000,0.3877
stopwords+stemming,bm25,2,1,101,0.5000,0.8333,0.6250,0.7875,0.7375,1.0000,0.8502
stopwords+stemming,bm25,2,1,102,0.2000,0.5000,0.2857,0.3873,0.3500,1.0000,0.4844
stopwords+stemming,bm25,2,1,103,0.0000,0.0000,0.0000,0.0037,0.0000,0.0074,0.0000
stopwords+stemming,bm25,2,1,104,0.1000,0.2000,0.1333,0.0538,0.0222,0.1111,0.1021
stopwords+stemming,bm25,2,1,105,0.3000,0.6000,0.4000,0.4894,0.4533,1.0000,0.7311
stopwords+stemming,bm25,2,1,106,0.3000,0.6000,0.4000,0.3880,0.3267,1.0000,0.6472
stopwords+stemming,bm25,2,1,107,0.3000,0.4286,0.3529,0.3285,0.1905,0.5000,0.3352
stopwords+stemming,bm25,2,1,108,0.6000,0.8571,0.7059,0.7663,0.6949,1.0000,0.8202
stopwords+stemming,bm25,2,1,109,0.0000,0.0000,0.0000,0.0373,0.0000,0.0286,0.0000
stopwords+stemming,bm25,2,1,110,0.1000,0.2500,0.1429,0.2798,0.2500,1.0000,0.5029
stopwords+stemming,bm25,2,1,111,0.3000,0.4286,0.3529,0.2995,0.1524,0.3333,0.2526
stopwords+stemming,bm25,2,1,112,0.1000,0.5000,0.1667,0.2935,0.2500,0.5000,0.2398
stopwords+stemming,bm25,2,1,113,0.2000,0.5000,0.2857,0.4453,0.4167,1.0000,0.5856
stopwords+stemming,bm25,2,1,114,0.1000,0.2500,0.1429,0.0760,0.0417,0.1667,0.1838
stopwords+stemming,bm25,2,1,115,0.1000,0.2500,0.1429,0.0351,0.0312,0.1250,0.1497
stopwords+stemming,bm25,2,1,116,0.0000,0.0000,0.0000,0.0280,0.0000,0.0417,0.0000
stopwords+stemming,bm25,2,1,117,0.0000,0.0000,0.0000,0.0368,0.0000,0.0526,0.0000
stopwords+stemming,bm25,2,1,118,0.2000,0.6667,0.3077,0.3526,0.3333,0.5000,0.5234
stopwords+stemming,bm25,2,1,119,0.1000,1.0000,0.1818,0.2500,0.2500,0.2500,0.4307
stopwords+stemming,bm25,2,1,120,0.5000,0.5556,0.5263,0.5036,0.3812,0.5000,0.5647
stopwords+stemming,bm25,2,1,121,0.4000,0.5714,0.4706,0.5879,0.4405,1.0000,0.5730
stopwords+stemming,bm25,2,1,122,0.3000,0.3333,0.3158,0.1780,0.0926,0.2500,0.1630
stopwords+stemming,bm25,2,1,123,0.0000,0.0000,0.0000,0.0583,0.0000,0.0476,0.0000
stopwords+stemming,bm25,2,1,124,0.0000,0.0000,0.0000,0.0035,0.0000,0.0044,0.0000
stopwords+stemming,bm25,2,1,125,0.3000,0.1765,0.2222,0.2486,0.0882,0.5000,0.3063
stopwords+stemming,bm25,2,1,126,0.2000,0.2500,0.2222,0.2234,0.2083,1.0000,0.4718
stopwords+stemming,bm25,2,1,127,0.1000,0.2000,0.1333,0.1005,0.0500,0.2500,0.1284
stopwords+stemming,bm25,2,1,128,0.0000,0.0000,0.0000,0.0256,0.0000,0.0455,0.0000
stopwords+stemming,bm25,2,1,129,0.4000,0.5714,0.4706,0.3554,0.3373,0.5000,0.5198
stopwords+stemming,bm25,2,1,130,0.4000,0.8000,0.5333,0.5205,0.5167,0.5000,0.6186
stopwords+stemming,bm25,2,1,131,0.2000,0.2500,0.2222,0.2702,0.0458,0.1667,0.1013
stopwords+stemming,bm25,2,1,132,0.7000,0.4667,0.5600,0.6619,0.3333,0.5000,0.6048
stopwords+stemming,bm25,2,1,133,0.1000,0.1429,0.1176,0.2122,0.0143,0.1000,0.0929
stopwords+stemming,bm25,2,1,134,0.1000,0.5000,0.1667,0.1917,0.1667,0.3333,0.2346
stopwords+stemming,bm25,2,1,135,0.5000,0.6250,0.5556,0.6432,0.4688,1.0000,0.5081
stopwords+stemming,bm25,2,1,136,0.1000,0.3333,0.1538,0.3803,0.3333,1.0000,0.7796
stopwords+stemming,bm25,2,1,137,0.2000,0.5000,0.2857,0.2188,0.1625,0.2500,0.2670
stopwords+stemming,bm25,2,1,138,0.1000,0.5000,0.1667,0.1169,0.0714,0.1429,0.2044
stopwords+stemming,bm25,2,1,139,0.0000,0.0000,0.0000,0.0083,0.0000,0.0085,0.0000
stopwords+stemming,bm25,2,1,140,0.2000,0.3333,0.2500,0.1665,0.1310,0.5000,0.3835
stopwords+stemming,bm25,2,1,141,0.3000,0.5000,0.3750,0.4583,0.3889,1.0000,0.6291
stopwords+stemming,bm25,2,1,142,0.1000,1.0000,0.1818,0.1111,0.1111,0.1111,0.3010
stopwords+stemming,bm25,2,1,143,0.2000,1.0000,0.3333,0.6429,0.6429,1.0000,0.8175
stopwords+stemming,bm25,2,1,144,0.5000,0.8333,0.6250,0.4994,0.4661,0.5000,0.6239
stopwords+stemming,bm25,2,1,145,0.3000,0.4286,0.3529,0.3195,0.2536,1.0000,0.4321
stopwords+stemming,bm25,2,1,146,0.2000,1.0000,0.3333,0.8333,0.8333,1.0000,0.7602
stopwords+stemming,bm25,2,1,147,0.3000,0.3000,0.3000,0.2324,0.1595,0.5000,0.3241
stopwords+stemming,bm25,2,1,148,0.2000,0.3333,0.2500,0.3339,0.2778,1.0000,0.5149
stopwords+stemming,bm25,2,1,149,0.4000,0.3636,0.3810,0.3842,0.2652,1.0000,0.4944
stopwords+stemming,bm25,2,1,150,0.2000,1.0000,0.3333,0.5833,0.5833,0.5000,0.6934
stopwords+stemming,bm25,2,1,151,0.0000,0.0000,0.0000,0.0280,0.0000,0.0370,0.0000
stopwords+stemming,bm25,2,1,152,0.0000,0.0000,0.0000,0.0090,0.0000,0.0132,0.0000
stopwords+stemming,bm25,2,1,153,0.3000,0.4286,0.3529,0.1803,0.1660,0.3333,0.2775
stopwords+stemming,bm25,2,1,154,0.2000,1.0000,0.3333,0.8333,0.8333,1.0000,0.8212
stopwords+stemming,bm25,2,1,155,0.2000,0.3333,0.2500,0.2433,0.2083,1.0000,0.2606
stopwords+stemming,bm25,2,1,156,0.6000,0.4286,0.5000,0.5327,0.4286,1.0000,0.5336
stopwords+stemming,bm25,2,1,157,0.6000,0.1538,0.2449,0.2702,0.0955,0.5000,0.4622
stopwords+stemming,bm25,2,1,158,0.2000,0.2500,0.2222,0.2239,0.1562,1.0000,0.4775
stopwords+stemming,bm25,2,1,159,0.2000,0.2500,0.2222,0.0821,0.0521,0.1667,0.1416
stopwords+stemming,bm25,2,1,160,0.1000,0.2000,0.1333,0.0587,0.0400,0.2000,0.1523
stopwords+stemming,bm25,2,1,161,0.3000,0.5000,0.3750,0.5015,0.4583,1.0000,0.6566
stopwords+stemming,bm25,2,1,162,0.3000,0.3750,0.3333,0.2242,0.1313,0.5000,0.2462
stopwords+stemming,bm25,2,1,163,0.2000,0.6667,0.3077,0.2927,0.2778,0.3333,0.4367
stopwords+stemming,bm25,2,1,164,0.4000,0.5000,0.4444,0.4893,0.4464,1.0000,0.6574
stopwords+stemming,bm25,2,1,165,0.2000,1.0000,0.3333,0.4500,0.4500,0.5000,0.6241
stopwords+stemming,bm25,2,1,166,0.0000,0.0000,0.0000,0.0411,0.0000,0.0667,0.0000
stopwords+stemming,bm25,2,1,167,0.2000,1.0000,0.3333,0.2500,0.2500,0.2500,0.4512
stopwords+stemming,bm25,2,1,168,0.1000,0.5000,0.1667,0.1833,0.1000,0.2000,0.2372
stopwords+stemming,bm25,2,1,169,0.2000,0.5000,0.2857,0.2720,0.2083,0.5000,0.3854
stopwords+stemming,bm25,2,1,170,0.3000,0.5000,0.3750,0.4703,0.4028,1.0000,0.5900
stopwords+stemming,bm25,2,1,171,0.2000,0.6667,0.3077,0.5841,0.5556,1.0000,0.6407
stopwords+stemming,bm25,2,1,172,0.4000,1.0000,0.5714,0.8042,0.8042,1.0000,0.8940
stopwords+stemming,bm25,2,1,173,0.2000,1.0000,0.3333,1.0000,1.0000,1.0000,1.0000
stopwords+stemming,bm25,2,1,174,0.1000,0.2000,0.1333,0.1502,0.1000,0.5000,0.2474
stopwords+stemming,bm25,2,1,175,0.0000,0.0000,0.0000,0.0549,0.0000,0.0714,0.0000
stopwords+stemming,bm25,2,1,176,0.1000,0.1429,0.1176,0.0758,0.0179,0.1250,0.1046
stopwords+stemming,bm25,2,1,177,0.5000,1.0000,0.6667,0.7643,0.7643,1.0000,0.9198
stopwords+stemming,bm25,2,1,178,0.3000,0.7500,0.4286,0.4301,0.4083,1.0000,0.7968
stopwords+stemming,bm25,2,1,179,0.2000,0.5000,0.2857,0.3043,0.2917,0.5000,0.4415
stopwords+stemming,bm25,2,1,180,0.3000,0.4286,0.3529,0.4174,0.2738,0.5000,0.3558
stopwords+stemming,bm25,2,1,181,0.2000,0.4000,0.2667,0.2964,0.2667,1.0000,0.3822
stopwords+stemming,bm25,2,1,182,0.2000,1.0000,0.3333,0.5833,0.5833,0.5000,0.6697
stopwords+stemming,bm25,2,1,183,0.4000,0.3077,0.3478,0.2911,0.1612,0.5000,0.2376
stopwords+stemming,bm25,2,1,184,0.1000,0.1429,0.1176,0.2707,0.1429,1.0000,0.2881
stopwords+stemming,bm25,2,1,185,0.7000,0.7778,0.7368,0.8292,0.7074,1.0000,0.8306
stopwords+stemming,bm25,2,1,186,0.5000,0.3125,0.3846,0.2184,0.1946,0.5000,0.4865
stopwords+stemming,bm25,2,1,187,0.2000,0.3333,0.2500,0.1631,0.1111,0.3333,0.2738
stopwords+stemming,bm25,2,1,188,0.4000,0.3636,0.3810,0.4484,0.3106,1.0000,0.5546
stopwords+stemming,bm25,2,1,189,0.1000,0.1111,0.1053,0.0868,0.0278,0.2500,0.0833
stopwords+stemming,bm25,2,1,190,0.3000,0.6000,0.4000,0.5476,0.4600,1.0000,0.5881
stopwords+stemming,bm25,2,1,191,0.4000,0.3077,0.3478,0.4372,0.1184,0.3333,0.2141
stopwords+stemming,bm25,2,1,192,0.3000,0.7500,0.4286,0.4323,0.4000,0.5000,0.5654
stopwords+stemming,bm25,2,1,193,0.7000,0.7778,0.7368,0.7740,0.7073,1.0000,0.7692
stopwords+stemming,bm25,2,1,194,0.1000,0.1667,0.1250,0.1540,0.0333,0.2000,0.0878
stopwords+stemming,bm25,2,1,195,0.0000,0.0000,0.0000,0.0523,0.0000,0.0455,0.0000
stopwords+stemming,bm25,2,1,196,0.4000,0.3333,0.3636,0.2569,0.2312,1.0000,0.4261
stopwords+stemming,bm25,2,1,197,0.2000,0.6667,0.3077,0.6389,0.5556,1.0000,0.6652
stopwords+stemming,bm25,2,1,198,0.2000,0.5000,0.2857,0.4895,0.4167,1.0000,0.6203
stopwords+stemming,bm25,2,1,199,0.2000,0.2500,0.2222,0.0904,0.0434,0.1250,0.1371
stopwords+stemming,bm25,2,1,200,0.3000,1.0000,0.4615,0.4206,0.4206,0.5000,0.6197
stopwords+stemming,bm25,2,1,201,0.5000,0.3125,0.3846,0.2885,0.1857,1.0000,0.5549
stopwords+stemming,bm25,2,1,202,0.4000,0.2857,0.3333,0.2245,0.1476,0.5000,0.2586
stopwords+stemming,bm25,2,1,203,0.2000,0.1429,0.1667,0.0978,0.0476,0.3333,0.2093
stopwords+stemming,bm25,2,1,204,0.1000,0.0714,0.0833,0.0429,0.0119,0.1667,0.1223
stopwords+stemming,bm25,2,1,205,0.2000,1.0000,0.3333,0.6429,0.6429,1.0000,0.8175
stopwords+stemming,bm25,2,1,206,0.1000,0.3333,0.1538,0.1646,0.1111,0.3333,0.2545
stopwords+stemming,bm25,2,1,207,0.0000,0.0000,0.0000,0.0057,0.0000,0.0110,0.0000
stopwords+stemming,bm25,2,1,208,0.4000,0.6667,0.5000,0.4286,0.3861,0.5000,0.6310
stopwords+stemming,bm25,2,1,209,0.1000,0.0833,0.0909,0.1441,0.0104,0.1250,0.0321
stopwords+stemming,bm25,2,1,210,0.2000,0.3333,0.2500,0.3410,0.2778,1.0000,0.4826
stopwords+stemming,bm25,2,1,211,0.1000,0.0909,0.0952,0.1907,0.0909,1.0000,0.1096
stopwords+stemming,bm25,2,1,212,0.6000,0.4286,0.5000,0.5401,0.3786,1.0000,0.6118
stopwords+stemming,bm25,2,1,213,0.6000,0.5455,0.5714,0.5116,0.3830,1.0000,0.6257
stopwords+stemming,bm25,2,1,214,0.1000,0.2500,0.1429,0.1630,0.1250,0.5000,0.2463
stopwords+stemming,bm25,2,1,215,0.0000,0.0000,0.0000,0.0560,0.0000,0.0769,0.0000
stopwords+stemming,bm25,2,1,216,0.0000,0.0000,0.0000,0.0016,0.0000,0.0016,0.0000
stopwords+stemming,bm25,2,1,217,0.3000,0.2000,0.2400,0.1391,0.0578,0.2000,0.2020
stopwords+stemming,bm25,2,1,218,0.2000,0.1333,0.1600,0.2106,0.0815,1.0000,0.1949
stopwords+stemming,bm25,2,1,219,0.0000,0.0000,0.0000,0.0358,0.0000,0.0159,0.0000
stopwords+stemming,bm25,2,1,220,0.2000,0.1053,0.1379,0.1587,0.0439,0.3333,0.1270
stopwords+stemming,bm25,2,1,221,0.3000,0.1667,0.2143,0.2070,0.1278,1.0000,0.3165
stopwords+stemming,bm25,2,1,222,0.6000,0.6667,0.6316,0.7176,0.5728,1.0000,0.7459
stopwords+stemming,bm25,2,1,223,0.3000,0.7500,0.4286,0.4115,0.3988,0.5000,0.5716
stopwords+stemming,bm25,2,1,224,0.1000,0.1250,0.1111,0.1514,0.0208,0.1667,0.0938
stopwords+stemming,bm25,2,1,225,0.2000,0.0833,0.1176,0.0524,0.0301,0.5000,0.1099
